--此脚本作为元数据发布时参考使用,以便开发者了解元数据信息在数据库中的记录.
--严禁将此脚本直接或修改后在数据库中执行,如由上述行为引发问题,概不支持.


delete from md_db_relation where startattrid in (select id from md_property where classid in ('0739ecf4-2b69-4f16-81d1-8f0bfc258c19','5b0a8d05-b881-4f55-b3c1-3d7a5e579ba4','6754de13-b3ee-4326-8e15-bc44029e64b2','ad6d6f46-ec1a-418d-a787-2363cb1fad39','@@@@' ) )  and starttableid in ('tbm_psndoc','@@@@')
;delete from md_ORMap where ATTRIBUTEID in(select id from md_property where classid in ('0739ecf4-2b69-4f16-81d1-8f0bfc258c19','5b0a8d05-b881-4f55-b3c1-3d7a5e579ba4','6754de13-b3ee-4326-8e15-bc44029e64b2','ad6d6f46-ec1a-418d-a787-2363cb1fad39','@@@@' ) )  and tableid in ('tbm_psndoc','@@@@') 
;delete from md_table where id not in (select distinct tableid from md_ormap )
;delete from md_column where  tableid in('tbm_psndoc','@@@@') and id not in(select distinct columnid from md_ormap) and (isnull(groupid ,'~')='~' or groupid = id )  and name <> 'extend_bean_tag' 
;delete from md_column where tableid in ('tbm_psndoc','@@@@')and groupid is not null and groupid not in( select distinct id from md_column where tableid in ('tbm_psndoc','@@@@') ) 
;delete from md_db_relation where starttableid not in (select id from md_table)
;delete from md_property where classID in (select distinct id from md_class where componentID='a6042d22-1d86-4456-b8fb-33c9080cd702'  )  
;delete from md_association where componentID = 'a6042d22-1d86-4456-b8fb-33c9080cd702'  
;delete from md_bizItfMap where classID in (select distinct id from md_class where componentID='a6042d22-1d86-4456-b8fb-33c9080cd702'  )
;delete from md_bizItfMap where classID in ( select id from md_opInterface where componentID = 'a6042d22-1d86-4456-b8fb-33c9080cd702'  )
;delete from md_accessorPara where id in (select distinct id from md_class where componentID='a6042d22-1d86-4456-b8fb-33c9080cd702'  )
;delete from md_enumValue where id in (select distinct id from md_class where componentID='a6042d22-1d86-4456-b8fb-33c9080cd702'  ) 
;delete from md_class where componentID = 'a6042d22-1d86-4456-b8fb-33c9080cd702'  
;delete from md_component where id = 'a6042d22-1d86-4456-b8fb-33c9080cd702' 
;delete from md_table where (id='tbm_psndoc')
;delete from md_column where (id='tbm_psndoc@@PK@@')
;delete from md_column where (id='tbm_psndoc@@@pk_psndoc')
;delete from md_column where (id='tbm_psndoc@@@pk_psnorg')
;delete from md_column where (id='tbm_psndoc@@@pk_psnjob')
;delete from md_column where (id='tbm_psndoc@@@pk_group')
;delete from md_column where (id='tbm_psndoc@@@pk_org')
;delete from md_column where (id='tbm_psndoc@@@begindate')
;delete from md_column where (id='tbm_psndoc@@@enddate')
;delete from md_column where (id='tbm_psndoc@@@tbm_prop')
;delete from md_column where (id='tbm_psndoc@@@timecardid')
;delete from md_column where (id='tbm_psndoc@@@secondcardid')
;delete from md_column where (id='tbm_psndoc@@@pk_place')
;delete from md_column where (id='tbm_psndoc@@@pk_team')
;delete from md_column where (id='tbm_psndoc@@@pk_adminorg')
;delete from md_column where (id='tbm_psndoc@@@creator')
;delete from md_column where (id='tbm_psndoc@@@creationtime')
;delete from md_column where (id='tbm_psndoc@@@modifier')
;delete from md_column where (id='tbm_psndoc@@@modifiedtime')
;delete from md_column where (id='tbm_psndoc@@@pk_region')
;delete from md_column where (id='tbm_psndoc@@@signtype')
;delete from md_column where (id='tbm_psndoc@@@weekform')
;delete from md_column where (id='tbm_psndoc@@@overtimecontrol')
;delete from md_column where (id='tbm_psndoc@@@specialrest')



;insert into md_component ( createtime, creator, description, displayname, dr, fromsourcebmf, help, id, industry, isbizmodel, modifier, modifytime, name, namespace, ownmodule, preload, resid, resmodule, ts, version, versiontype ) values (  '2009-11-18 20:27:04', null, null, '考勤档案',0, 'Y', null, 'a6042d22-1d86-4456-b8fb-33c9080cd702', '0', 'N', 'YONYOU NC', '2018-09-28 16:38:59', 'tbmpsndoc', 'hrta', 'hrta', null, '2psndoc-000002', '6017psndoc', '2018-10-13 11:46:12', '97',0 ) 
;insert into md_class ( id, accessorclassname, classtype, componentid, createtime, creator, description, displayname, dr, fullclassname, help, isactive, keyattribute, modifier, modifytime, name, parentclassid, precise, refmodelname, returntype, ts, versiontype, isprimary, defaulttablename, stereotype, isauthen, resid, bizitfimpclassname, modinfoclassname, iscreatesql, isextendbean, userdefclassname, industry, fixedlength ) values (  '6754de13-b3ee-4326-8e15-bc44029e64b2', 'nc.md.model.access.javamap.NCBeanStyle',201, 'a6042d22-1d86-4456-b8fb-33c9080cd702', '2009-11-18 20:27:22', null, null, '考勤档案',0, 'nc.vo.ta.psndoc.TBMPsndocVO', null, null, '97846ee4-cce9-46d0-839d-b5601f737e78', 'YONYOU NC', '2018-09-28 17:04:09', 'tbm_psndoc', null,null, '考勤档案', null, '2018-10-13 11:46:12',0, 'Y', 'tbm_psndoc', null, 'Y', '2psndoc-000002', null, null, 'Y', null, null, '0', null ) 
;insert into md_class ( id, accessorclassname, classtype, componentid, createtime, creator, description, displayname, dr, fullclassname, help, isactive, keyattribute, modifier, modifytime, name, parentclassid, precise, refmodelname, returntype, ts, versiontype, isprimary, defaulttablename, stereotype, isauthen, resid, bizitfimpclassname, modinfoclassname, iscreatesql, isextendbean, userdefclassname, industry, fixedlength ) values (  'ad6d6f46-ec1a-418d-a787-2363cb1fad39', null,203, 'a6042d22-1d86-4456-b8fb-33c9080cd702', '2009-11-18 20:36:23', null, null, '考勤方式枚举',0, 'nc.vo.ta.psndoc.TbmPropEnum', null, null, null, 'YONYOU NC', '2018-09-28 16:39:00', 'TbmPropEnum', null,null, null, 'BS000010000100001004', '2018-10-13 11:46:12',0, 'N', 'TbmPropEnum', null, null, '2psndoc-000003', null, null, null, null, null, '0', null ) 
;insert into md_class ( id, accessorclassname, classtype, componentid, createtime, creator, description, displayname, dr, fullclassname, help, isactive, keyattribute, modifier, modifytime, name, parentclassid, precise, refmodelname, returntype, ts, versiontype, isprimary, defaulttablename, stereotype, isauthen, resid, bizitfimpclassname, modinfoclassname, iscreatesql, isextendbean, userdefclassname, industry, fixedlength ) values (  '5b0a8d05-b881-4f55-b3c1-3d7a5e579ba4', null,203, 'a6042d22-1d86-4456-b8fb-33c9080cd702', '2018-06-09 11:55:25', 'YONYOU NC', null, '工r形B',0, 'nc.vo.ta.psndoc.WorkWeekFormEnum', null, null, null, 'YONYOU NC', '2018-09-28 17:04:09', 'WorkWeekFormEnum', null,null, null, 'BS000010000100001004', '2018-10-13 11:46:12',0, 'N', 'WorkWeekFormEnum', null, null, null, null, null, null, null, null, '0', null ) 
;insert into md_class ( id, accessorclassname, classtype, componentid, createtime, creator, description, displayname, dr, fullclassname, help, isactive, keyattribute, modifier, modifytime, name, parentclassid, precise, refmodelname, returntype, ts, versiontype, isprimary, defaulttablename, stereotype, isauthen, resid, bizitfimpclassname, modinfoclassname, iscreatesql, isextendbean, userdefclassname, industry, fixedlength ) values (  '0739ecf4-2b69-4f16-81d1-8f0bfc258c19', null,203, 'a6042d22-1d86-4456-b8fb-33c9080cd702', '2018-09-21 21:00:31', 'YONYOU NC', null, '加班控管',0, 'nc.vo.hrta.tbmpsndoc.OvertimecontrolEunm', null, null, null, 'YONYOU NC', '2018-09-28 16:39:00', 'overtimecontrolEunm', null,null, null, 'BS000010000100001004', '2018-10-13 11:46:12',0, 'N', 'overtimecontrolEunm', null, null, null, null, null, null, null, null, '0', null ) 
;insert into md_enumValue ( id, description, dr, name, ts, value, versiontype, hidden, resid, enumsequence, industry ) values (  'ad6d6f46-ec1a-418d-a787-2363cb1fad39', 'MANUAL_CHECK',0, '手工考勤', '2018-10-13 11:46:12', '1',0, 'N', '2psndoc-000005',0, '0' ) 
;insert into md_enumValue ( id, description, dr, name, ts, value, versiontype, hidden, resid, enumsequence, industry ) values (  'ad6d6f46-ec1a-418d-a787-2363cb1fad39', 'MACHINE_CHECK',0, '机器考勤', '2018-10-13 11:46:12', '2',0, 'N', '2psndoc-000015',1, '0' ) 
;insert into md_enumValue ( id, description, dr, name, ts, value, versiontype, hidden, resid, enumsequence, industry ) values (  '5b0a8d05-b881-4f55-b3c1-3d7a5e579ba4', null,0, '法定工r', '2018-10-13 11:46:12', '1',0, 'N', null,0, '0' ) 
;insert into md_enumValue ( id, description, dr, name, ts, value, versiontype, hidden, resid, enumsequence, industry ) values (  '5b0a8d05-b881-4f55-b3c1-3d7a5e579ba4', null,0, '二周形工r', '2018-10-13 11:46:12', '2',0, 'N', null,1, '0' ) 
;insert into md_enumValue ( id, description, dr, name, ts, value, versiontype, hidden, resid, enumsequence, industry ) values (  '5b0a8d05-b881-4f55-b3c1-3d7a5e579ba4', null,0, '四周形工r', '2018-10-13 11:46:12', '4',0, 'N', null,2, '0' ) 
;insert into md_enumValue ( id, description, dr, name, ts, value, versiontype, hidden, resid, enumsequence, industry ) values (  '5b0a8d05-b881-4f55-b3c1-3d7a5e579ba4', null,0, '八周形工r', '2018-10-13 11:46:12', '8',0, 'N', null,3, '0' ) 
;insert into md_enumValue ( id, description, dr, name, ts, value, versiontype, hidden, resid, enumsequence, industry ) values (  '5b0a8d05-b881-4f55-b3c1-3d7a5e579ba4', null,0, '其他', '2018-10-13 11:46:12', '99',0, 'N', null,4, '0' ) 
;insert into md_enumValue ( id, description, dr, name, ts, value, versiontype, hidden, resid, enumsequence, industry ) values (  '0739ecf4-2b69-4f16-81d1-8f0bfc258c19', null,0, '一个月', '2018-10-13 11:46:12', '1',0, 'N', '2psndoc-00002013',0, '0' ) 
;insert into md_enumValue ( id, description, dr, name, ts, value, versiontype, hidden, resid, enumsequence, industry ) values (  '0739ecf4-2b69-4f16-81d1-8f0bfc258c19', null,0, '三个月', '2018-10-13 11:46:12', '2',0, 'N', '2psndoc-00002014',1, '0' ) 
;insert into md_property ( id, accessorclassname, classid, createtime, creator, datatype, datatypestyle, defaultvalue, description, displayname, dr, help, isactive, hided, nullable, readonly, attrlength, attrmaxvalue, attrminvalue, modifier, modifytime, name, precise, refmodelname, attrsequence, ts, visibility, versiontype, fixedlength, calculation, isauthen, resid, customattr, notserialize, dynamicattr, dynamictable, accesspower, accesspowergroup, industry ) values (  '97846ee4-cce9-46d0-839d-b5601f737e78', null, '6754de13-b3ee-4326-8e15-bc44029e64b2', null, null, 'BS000010000100001051',300, null, null, '考勤档案主键',0, null, 'Y', 'N', 'N', 'N',20, null, null, null, null, 'pk_tbm_psndoc',0, null,0, '2018-10-13 11:46:12',0,0, 'N', 'N', 'Y', '2psndoc-000013', 'N', 'N', 'N', null, 'N', null, '0' ) 
;insert into md_property ( id, accessorclassname, classid, createtime, creator, datatype, datatypestyle, defaultvalue, description, displayname, dr, help, isactive, hided, nullable, readonly, attrlength, attrmaxvalue, attrminvalue, modifier, modifytime, name, precise, refmodelname, attrsequence, ts, visibility, versiontype, fixedlength, calculation, isauthen, resid, customattr, notserialize, dynamicattr, dynamictable, accesspower, accesspowergroup, industry ) values (  'c16184c8-5f92-4b13-a600-97b60077c9a7', null, '6754de13-b3ee-4326-8e15-bc44029e64b2', null, null, '218971f0-e5dc-408b-9a32-56529dddd4db',305, null, null, '人员基本信息',0, null, 'Y', 'N', 'Y', 'N',20, null, null, null, null, 'pk_psndoc',0, 'HR人员(全职树)',1, '2018-10-13 11:46:12',0,0, 'N', 'N', 'Y', '2psndoc-000018', 'N', 'N', 'N', null, 'N', null, '0' ) 
;insert into md_property ( id, accessorclassname, classid, createtime, creator, datatype, datatypestyle, defaultvalue, description, displayname, dr, help, isactive, hided, nullable, readonly, attrlength, attrmaxvalue, attrminvalue, modifier, modifytime, name, precise, refmodelname, attrsequence, ts, visibility, versiontype, fixedlength, calculation, isauthen, resid, customattr, notserialize, dynamicattr, dynamictable, accesspower, accesspowergroup, industry ) values (  '1010a845-ebc1-4d45-9973-e5bdc96fd6da', null, '6754de13-b3ee-4326-8e15-bc44029e64b2', null, null, '3a521756-6a6b-4027-858e-e64104b7851b',305, null, null, '组织关系主键',0, 'IgnoreRefCheck', 'Y', 'N', 'Y', 'N',20, null, null, null, null, 'pk_psnorg',0, 'HR组织关系',2, '2018-10-13 11:46:12',0,0, 'N', 'N', 'Y', '2UC000-000695', 'N', 'N', 'N', null, 'N', null, '0' ) 
;insert into md_property ( id, accessorclassname, classid, createtime, creator, datatype, datatypestyle, defaultvalue, description, displayname, dr, help, isactive, hided, nullable, readonly, attrlength, attrmaxvalue, attrminvalue, modifier, modifytime, name, precise, refmodelname, attrsequence, ts, visibility, versiontype, fixedlength, calculation, isauthen, resid, customattr, notserialize, dynamicattr, dynamictable, accesspower, accesspowergroup, industry ) values (  '9c6cf545-0947-40ba-b771-d58b6498114e', null, '6754de13-b3ee-4326-8e15-bc44029e64b2', null, null, '7156d223-4531-4337-b192-492ab40098f1',305, null, null, '人员工作记录',0, null, 'Y', 'N', 'Y', 'N',20, null, null, null, null, 'pk_psnjob',0, '人员工作记录全职树(行政树)',3, '2018-10-13 11:46:12',0,0, 'N', 'N', 'Y', '2psndoc-000008', 'N', 'N', 'N', null, 'N', null, '0' ) 
;insert into md_property ( id, accessorclassname, classid, createtime, creator, datatype, datatypestyle, defaultvalue, description, displayname, dr, help, isactive, hided, nullable, readonly, attrlength, attrmaxvalue, attrminvalue, modifier, modifytime, name, precise, refmodelname, attrsequence, ts, visibility, versiontype, fixedlength, calculation, isauthen, resid, customattr, notserialize, dynamicattr, dynamictable, accesspower, accesspowergroup, industry ) values (  'e70c0e76-4d0f-454d-8139-5c2f23f916ae', null, '6754de13-b3ee-4326-8e15-bc44029e64b2', null, null, 'fa902409-20fe-4c49-89ee-85ee9312174b',305, null, null, '人员组织版本',0, null, 'Y', 'N', 'Y', 'N',20, null, null, null, null, 'pk_org_v',0, '行政组织版本',4, '2018-10-13 11:46:12',0,0, 'N', 'Y', 'Y', '2psndoc-000014', 'N', 'N', 'N', null, 'N', null, '0' ) 
;insert into md_property ( id, accessorclassname, classid, createtime, creator, datatype, datatypestyle, defaultvalue, description, displayname, dr, help, isactive, hided, nullable, readonly, attrlength, attrmaxvalue, attrminvalue, modifier, modifytime, name, precise, refmodelname, attrsequence, ts, visibility, versiontype, fixedlength, calculation, isauthen, resid, customattr, notserialize, dynamicattr, dynamictable, accesspower, accesspowergroup, industry ) values (  '4ec2689c-78be-4281-861a-8e873fa3fb80', null, '6754de13-b3ee-4326-8e15-bc44029e64b2', null, null, '66ed0cf6-e260-4f39-8fbb-172260efd677',305, null, null, '人员部门版本',0, null, 'Y', 'N', 'Y', 'N',20, null, null, null, null, 'pk_dept_v',0, '部门版本',5, '2018-10-13 11:46:12',0,0, 'N', 'Y', 'Y', '2psndoc-000016', 'N', 'N', 'N', null, 'N', null, '0' ) 
;insert into md_property ( id, accessorclassname, classid, createtime, creator, datatype, datatypestyle, defaultvalue, description, displayname, dr, help, isactive, hided, nullable, readonly, attrlength, attrmaxvalue, attrminvalue, modifier, modifytime, name, precise, refmodelname, attrsequence, ts, visibility, versiontype, fixedlength, calculation, isauthen, resid, customattr, notserialize, dynamicattr, dynamictable, accesspower, accesspowergroup, industry ) values (  '7cf31e82-700d-4146-86b9-5ba79bd838c7', null, '6754de13-b3ee-4326-8e15-bc44029e64b2', null, null, '3b6dd171-2900-47f3-bfbe-41e4483a2a65',305, null, null, '集团主键',0, null, 'Y', 'N', 'N', 'N',20, null, null, null, null, 'pk_group',0, null,6, '2018-10-13 11:46:12',0,0, 'N', 'N', 'Y', '2UC000-001008', 'N', 'N', 'N', null, 'N', null, '0' ) 
;insert into md_property ( id, accessorclassname, classid, createtime, creator, datatype, datatypestyle, defaultvalue, description, displayname, dr, help, isactive, hided, nullable, readonly, attrlength, attrmaxvalue, attrminvalue, modifier, modifytime, name, precise, refmodelname, attrsequence, ts, visibility, versiontype, fixedlength, calculation, isauthen, resid, customattr, notserialize, dynamicattr, dynamictable, accesspower, accesspowergroup, industry ) values (  '3a2b76bb-018b-4975-a5bf-82f39b619e99', null, '6754de13-b3ee-4326-8e15-bc44029e64b2', null, null, 'f3fed5ea-72f2-4a0a-ad43-d30b1c22c86c',305, null, null, '组织主键',0, null, 'Y', 'N', 'N', 'N',20, null, null, null, null, 'pk_org',0, '人力资源组织',7, '2018-10-13 11:46:12',0,0, 'N', 'N', 'Y', '2UC000-000694', 'N', 'N', 'N', null, 'N', null, '0' ) 
;insert into md_property ( id, accessorclassname, classid, createtime, creator, datatype, datatypestyle, defaultvalue, description, displayname, dr, help, isactive, hided, nullable, readonly, attrlength, attrmaxvalue, attrminvalue, modifier, modifytime, name, precise, refmodelname, attrsequence, ts, visibility, versiontype, fixedlength, calculation, isauthen, resid, customattr, notserialize, dynamicattr, dynamictable, accesspower, accesspowergroup, industry ) values (  'd1193842-2344-4a7c-8124-6df2c4143db4', null, '6754de13-b3ee-4326-8e15-bc44029e64b2', null, null, 'BS000010000100001039',300, null, null, '档案开始日期',0, null, 'Y', 'N', 'Y', 'N',10, null, null, null, null, 'begindate',0, null,8, '2018-10-13 11:46:12',0,0, 'N', 'N', 'Y', '2psndoc-000010', 'N', 'N', 'N', null, 'N', null, '0' ) 
;insert into md_property ( id, accessorclassname, classid, createtime, creator, datatype, datatypestyle, defaultvalue, description, displayname, dr, help, isactive, hided, nullable, readonly, attrlength, attrmaxvalue, attrminvalue, modifier, modifytime, name, precise, refmodelname, attrsequence, ts, visibility, versiontype, fixedlength, calculation, isauthen, resid, customattr, notserialize, dynamicattr, dynamictable, accesspower, accesspowergroup, industry ) values (  '82e12b4f-1d28-4386-a220-8f2879975236', null, '6754de13-b3ee-4326-8e15-bc44029e64b2', null, null, 'BS000010000100001039',300, null, null, '档案结束日期',0, null, 'Y', 'N', 'Y', 'N',10, null, null, null, null, 'enddate',0, null,9, '2018-10-13 11:46:12',0,0, 'N', 'N', 'Y', '2psndoc-000011', 'N', 'N', 'N', null, 'N', null, '0' ) 
;insert into md_property ( id, accessorclassname, classid, createtime, creator, datatype, datatypestyle, defaultvalue, description, displayname, dr, help, isactive, hided, nullable, readonly, attrlength, attrmaxvalue, attrminvalue, modifier, modifytime, name, precise, refmodelname, attrsequence, ts, visibility, versiontype, fixedlength, calculation, isauthen, resid, customattr, notserialize, dynamicattr, dynamictable, accesspower, accesspowergroup, industry ) values (  '26c5cb57-5a16-452a-9499-a31c08908bdf', null, '6754de13-b3ee-4326-8e15-bc44029e64b2', null, null, 'ad6d6f46-ec1a-418d-a787-2363cb1fad39',300, null, null, '考勤方式',0, null, 'Y', 'N', 'Y', 'N',0, null, null, null, null, 'tbm_prop',0, null,10, '2018-10-13 11:46:12',0,0, 'N', 'N', 'Y', '2psndoc-000012', 'N', 'N', 'N', null, 'N', null, '0' ) 
;insert into md_property ( id, accessorclassname, classid, createtime, creator, datatype, datatypestyle, defaultvalue, description, displayname, dr, help, isactive, hided, nullable, readonly, attrlength, attrmaxvalue, attrminvalue, modifier, modifytime, name, precise, refmodelname, attrsequence, ts, visibility, versiontype, fixedlength, calculation, isauthen, resid, customattr, notserialize, dynamicattr, dynamictable, accesspower, accesspowergroup, industry ) values (  '46cb3f18-c6f0-4fb8-b356-93f75d92f72f', null, '6754de13-b3ee-4326-8e15-bc44029e64b2', null, null, 'BS000010000100001001',300, null, null, '考勤卡号',0, null, 'Y', 'N', 'Y', 'N',50, null, null, null, null, 'timecardid',0, null,11, '2018-10-13 11:46:12',0,0, 'N', 'N', 'Y', '2psndoc-000007', 'N', 'N', 'N', null, 'N', null, '0' ) 
;insert into md_property ( id, accessorclassname, classid, createtime, creator, datatype, datatypestyle, defaultvalue, description, displayname, dr, help, isactive, hided, nullable, readonly, attrlength, attrmaxvalue, attrminvalue, modifier, modifytime, name, precise, refmodelname, attrsequence, ts, visibility, versiontype, fixedlength, calculation, isauthen, resid, customattr, notserialize, dynamicattr, dynamictable, accesspower, accesspowergroup, industry ) values (  '55394760-2e71-49c6-bdab-dfb521e4816a', null, '6754de13-b3ee-4326-8e15-bc44029e64b2', null, null, 'BS000010000100001001',300, null, null, '副卡号',0, null, 'Y', 'N', 'Y', 'N',50, null, null, null, null, 'secondcardid',0, null,12, '2018-10-13 11:46:12',0,0, 'N', 'N', 'Y', '2psndoc-000006', 'N', 'N', 'N', null, 'N', null, '0' ) 
;insert into md_property ( id, accessorclassname, classid, createtime, creator, datatype, datatypestyle, defaultvalue, description, displayname, dr, help, isactive, hided, nullable, readonly, attrlength, attrmaxvalue, attrminvalue, modifier, modifytime, name, precise, refmodelname, attrsequence, ts, visibility, versiontype, fixedlength, calculation, isauthen, resid, customattr, notserialize, dynamicattr, dynamictable, accesspower, accesspowergroup, industry ) values (  '47c0c0aa-a37d-4121-a45b-c3d06399d755', null, '6754de13-b3ee-4326-8e15-bc44029e64b2', null, null, '1002Z71000000001VHVC',305, null, null, '考勤地点',0, null, 'Y', 'N', 'Y', 'N',20, null, null, null, null, 'pk_place',0, '考勤地点(自定义档案)',13, '2018-10-13 11:46:12',0,0, 'N', 'N', 'Y', '2psndoc-000000', 'N', 'N', 'N', null, 'N', null, '0' ) 
;insert into md_property ( id, accessorclassname, classid, createtime, creator, datatype, datatypestyle, defaultvalue, description, displayname, dr, help, isactive, hided, nullable, readonly, attrlength, attrmaxvalue, attrminvalue, modifier, modifytime, name, precise, refmodelname, attrsequence, ts, visibility, versiontype, fixedlength, calculation, isauthen, resid, customattr, notserialize, dynamicattr, dynamictable, accesspower, accesspowergroup, industry ) values (  'b34ec08f-24e0-45d8-9328-1b24f55728b5', null, '6754de13-b3ee-4326-8e15-bc44029e64b2', null, null, 'c9a45d58-0612-44d7-9a6a-7afd0958d6c9',305, null, null, '所属班组',0, null, 'Y', 'N', 'Y', 'N',20, null, null, null, null, 'pk_team',0, '班组定义',14, '2018-10-13 11:46:12',0,0, 'N', 'N', 'Y', '2psndoc-000009', 'N', 'N', 'N', null, 'N', null, '0' ) 
;insert into md_property ( id, accessorclassname, classid, createtime, creator, datatype, datatypestyle, defaultvalue, description, displayname, dr, help, isactive, hided, nullable, readonly, attrlength, attrmaxvalue, attrminvalue, modifier, modifytime, name, precise, refmodelname, attrsequence, ts, visibility, versiontype, fixedlength, calculation, isauthen, resid, customattr, notserialize, dynamicattr, dynamictable, accesspower, accesspowergroup, industry ) values (  '8f6db584-7510-4c52-a327-f3ecc1aeb317', null, '6754de13-b3ee-4326-8e15-bc44029e64b2', null, null, 'f3fed5ea-72f2-4a0a-ad43-d30b1c22c86c',305, null, null, '管理组织',0, null, 'Y', 'N', 'N', 'N',20, null, null, null, null, 'pk_adminorg',0, '人力资源组织',15, '2018-10-13 11:46:12',0,0, 'N', 'N', 'Y', '2psndoc-000001', 'N', 'N', 'N', null, 'N', null, '0' ) 
;insert into md_property ( id, accessorclassname, classid, createtime, creator, datatype, datatypestyle, defaultvalue, description, displayname, dr, help, isactive, hided, nullable, readonly, attrlength, attrmaxvalue, attrminvalue, modifier, modifytime, name, precise, refmodelname, attrsequence, ts, visibility, versiontype, fixedlength, calculation, isauthen, resid, customattr, notserialize, dynamicattr, dynamictable, accesspower, accesspowergroup, industry ) values (  '1db3b6fa-3169-45e2-9502-04b145cd975c', null, '6754de13-b3ee-4326-8e15-bc44029e64b2', null, null, 'f6f9a473-56c0-432f-8bc7-fbf8fde54fee',305, null, null, '创建人',0, null, 'Y', 'N', 'Y', 'N',20, null, null, null, null, 'creator',0, '用户',16, '2018-10-13 11:46:12',0,0, 'N', 'N', 'Y', '2UC000-000155', 'N', 'N', 'N', null, 'N', null, '0' ) 
;insert into md_property ( id, accessorclassname, classid, createtime, creator, datatype, datatypestyle, defaultvalue, description, displayname, dr, help, isactive, hided, nullable, readonly, attrlength, attrmaxvalue, attrminvalue, modifier, modifytime, name, precise, refmodelname, attrsequence, ts, visibility, versiontype, fixedlength, calculation, isauthen, resid, customattr, notserialize, dynamicattr, dynamictable, accesspower, accesspowergroup, industry ) values (  '646a4613-c4ce-4f99-9dfc-b8ae17927684', null, '6754de13-b3ee-4326-8e15-bc44029e64b2', null, null, 'BS000010000100001034',300, null, null, '创建时间',0, null, 'Y', 'N', 'Y', 'N',19, null, null, null, null, 'creationtime',0, null,17, '2018-10-13 11:46:12',0,0, 'N', 'N', 'Y', '2UC000-000157', 'N', 'N', 'N', null, 'N', null, '0' ) 
;insert into md_property ( id, accessorclassname, classid, createtime, creator, datatype, datatypestyle, defaultvalue, description, displayname, dr, help, isactive, hided, nullable, readonly, attrlength, attrmaxvalue, attrminvalue, modifier, modifytime, name, precise, refmodelname, attrsequence, ts, visibility, versiontype, fixedlength, calculation, isauthen, resid, customattr, notserialize, dynamicattr, dynamictable, accesspower, accesspowergroup, industry ) values (  '3f68f2a5-a623-4320-9c37-794a5dfbb01c', null, '6754de13-b3ee-4326-8e15-bc44029e64b2', null, null, 'f6f9a473-56c0-432f-8bc7-fbf8fde54fee',305, null, null, '修改人',0, null, 'Y', 'N', 'Y', 'N',20, null, null, null, null, 'modifier',0, '用户',18, '2018-10-13 11:46:12',0,0, 'N', 'N', 'Y', '2UC000-000098', 'N', 'N', 'N', null, 'N', null, '0' ) 
;insert into md_property ( id, accessorclassname, classid, createtime, creator, datatype, datatypestyle, defaultvalue, description, displayname, dr, help, isactive, hided, nullable, readonly, attrlength, attrmaxvalue, attrminvalue, modifier, modifytime, name, precise, refmodelname, attrsequence, ts, visibility, versiontype, fixedlength, calculation, isauthen, resid, customattr, notserialize, dynamicattr, dynamictable, accesspower, accesspowergroup, industry ) values (  'd2900be4-8ad0-48ec-a71b-65d94c908195', null, '6754de13-b3ee-4326-8e15-bc44029e64b2', null, null, 'BS000010000100001034',300, null, null, '修改时间',0, null, 'Y', 'N', 'Y', 'N',19, null, null, null, null, 'modifiedtime',0, null,19, '2018-10-13 11:46:12',0,0, 'N', 'N', 'Y', '2UC000-000100', 'N', 'N', 'N', null, 'N', null, '0' ) 
;insert into md_property ( id, accessorclassname, classid, createtime, creator, datatype, datatypestyle, defaultvalue, description, displayname, dr, help, isactive, hided, nullable, readonly, attrlength, attrmaxvalue, attrminvalue, modifier, modifytime, name, precise, refmodelname, attrsequence, ts, visibility, versiontype, fixedlength, calculation, isauthen, resid, customattr, notserialize, dynamicattr, dynamictable, accesspower, accesspowergroup, industry ) values (  '36ec91f6-1ff0-4762-8192-674e44342ad8', null, '6754de13-b3ee-4326-8e15-bc44029e64b2', null, null, 'BS000010000100001032',300, null, null, '是否最新',0, null, 'Y', 'Y', 'Y', 'Y',1, null, null, null, null, 'islatest',0, null,20, '2018-10-13 11:46:12',0,0, 'N', 'Y', 'Y', '2psndoc-000004', 'N', 'N', 'N', null, 'N', null, '0' ) 
;insert into md_property ( id, accessorclassname, classid, createtime, creator, datatype, datatypestyle, defaultvalue, description, displayname, dr, help, isactive, hided, nullable, readonly, attrlength, attrmaxvalue, attrminvalue, modifier, modifytime, name, precise, refmodelname, attrsequence, ts, visibility, versiontype, fixedlength, calculation, isauthen, resid, customattr, notserialize, dynamicattr, dynamictable, accesspower, accesspowergroup, industry ) values (  '460f820f-2607-43e1-a2c3-6b01fca384c2', null, '6754de13-b3ee-4326-8e15-bc44029e64b2', null, null, '5e2a518f-1995-450e-b5af-bbd9fc9ad0dc',305, null, null, '考勤区域',0, null, 'Y', 'N', 'Y', 'N',20, null, null, null, null, 'pk_region',0, '考勤区域',21, '2018-10-13 11:46:12',0,0, 'N', 'N', 'Y', '2psndoc-000019', 'N', 'N', 'N', null, 'N', null, '0' ) 
;insert into md_property ( id, accessorclassname, classid, createtime, creator, datatype, datatypestyle, defaultvalue, description, displayname, dr, help, isactive, hided, nullable, readonly, attrlength, attrmaxvalue, attrminvalue, modifier, modifytime, name, precise, refmodelname, attrsequence, ts, visibility, versiontype, fixedlength, calculation, isauthen, resid, customattr, notserialize, dynamicattr, dynamictable, accesspower, accesspowergroup, industry ) values (  'adb96e21-0883-4653-876a-12dd7cf36b32', null, '6754de13-b3ee-4326-8e15-bc44029e64b2', null, null, 'BS000010000100001001',300, null, null, '移动考勤方式',0, null, 'Y', 'N', 'Y', 'N',50, null, null, null, null, 'signtype',0, null,22, '2018-10-13 11:46:12',0,0, 'N', 'N', 'Y', '2psndoc-000020', 'N', 'N', 'N', null, 'N', null, '0' ) 
;insert into md_property ( id, accessorclassname, classid, createtime, creator, datatype, datatypestyle, defaultvalue, description, displayname, dr, help, isactive, hided, nullable, readonly, attrlength, attrmaxvalue, attrminvalue, modifier, modifytime, name, precise, refmodelname, attrsequence, ts, visibility, versiontype, fixedlength, calculation, isauthen, resid, customattr, notserialize, dynamicattr, dynamictable, accesspower, accesspowergroup, industry ) values (  '9fd68a6a-2f2e-45e1-b24a-ba7b66d27b4d', null, '6754de13-b3ee-4326-8e15-bc44029e64b2', null, null, '5b0a8d05-b881-4f55-b3c1-3d7a5e579ba4',300, null, null, '工r形B',0, null, 'Y', 'N', 'Y', 'N',0, null, null, null, null, 'weekform',0, null,23, '2018-10-13 11:46:12',0,0, 'N', 'N', 'Y', null, 'N', 'N', 'N', null, 'N', null, '0' ) 
;insert into md_property ( id, accessorclassname, classid, createtime, creator, datatype, datatypestyle, defaultvalue, description, displayname, dr, help, isactive, hided, nullable, readonly, attrlength, attrmaxvalue, attrminvalue, modifier, modifytime, name, precise, refmodelname, attrsequence, ts, visibility, versiontype, fixedlength, calculation, isauthen, resid, customattr, notserialize, dynamicattr, dynamictable, accesspower, accesspowergroup, industry ) values (  '6b7a96dd-2aa8-4599-8c75-08c89358e5fe', null, '6754de13-b3ee-4326-8e15-bc44029e64b2', null, null, '0739ecf4-2b69-4f16-81d1-8f0bfc258c19',300, null, null, '加班控管',0, null, 'Y', 'N', 'Y', 'N',50, null, null, null, null, 'overtimecontrol',0, null,24, '2018-10-13 11:46:12',0,0, 'N', 'N', 'Y', '2psndoc-00002012', 'N', 'N', 'N', null, 'N', null, '0' ) 
;insert into md_property ( id, accessorclassname, classid, createtime, creator, datatype, datatypestyle, defaultvalue, description, displayname, dr, help, isactive, hided, nullable, readonly, attrlength, attrmaxvalue, attrminvalue, modifier, modifytime, name, precise, refmodelname, attrsequence, ts, visibility, versiontype, fixedlength, calculation, isauthen, resid, customattr, notserialize, dynamicattr, dynamictable, accesspower, accesspowergroup, industry ) values (  'b2f5cb94-a44a-4073-973c-c72cbd7710db', null, '6754de13-b3ee-4326-8e15-bc44029e64b2', null, null, 'BS000010000100001001',300, null, null, '特休结算',0, null, 'Y', 'N', 'Y', 'N',50, null, null, null, null, 'specialrest',0, null,25, '2018-10-13 11:46:12',0,0, 'N', 'N', 'Y', '20180815psndoc0001', 'N', 'N', 'N', null, 'N', null, '0' ) 
;insert into md_bizItfMap ( bizinterfaceid, intattrid, classid, classattrid, bizitfimpclassname, classattrpath, dr, ts ) values (  '6c8722b9-911a-489b-8d0d-18bd3734fcf6', '5dd3c721-22ad-42b1-9c10-4351c236bc77', '6754de13-b3ee-4326-8e15-bc44029e64b2', '97846ee4-cce9-46d0-839d-b5601f737e78', null, null,0, '2018-10-13 11:46:12' ) 
;insert into md_bizItfMap ( bizinterfaceid, intattrid, classid, classattrid, bizitfimpclassname, classattrpath, dr, ts ) values (  '6c8722b9-911a-489b-8d0d-18bd3734fcf6', 'c8334364-7ab9-4266-8d4b-e74537935e46', '6754de13-b3ee-4326-8e15-bc44029e64b2', null, null, null,0, '2018-10-13 11:46:12' ) 
;insert into md_bizItfMap ( bizinterfaceid, intattrid, classid, classattrid, bizitfimpclassname, classattrpath, dr, ts ) values (  '6c8722b9-911a-489b-8d0d-18bd3734fcf6', 'ecf1b76a-6e44-42e2-a55e-87596504775b', '6754de13-b3ee-4326-8e15-bc44029e64b2', '3a2b76bb-018b-4975-a5bf-82f39b619e99', null, null,0, '2018-10-13 11:46:12' ) 
;insert into md_bizItfMap ( bizinterfaceid, intattrid, classid, classattrid, bizitfimpclassname, classattrpath, dr, ts ) values (  '6c8722b9-911a-489b-8d0d-18bd3734fcf6', 'd32cc17b-f415-415a-923f-0764443eb102', '6754de13-b3ee-4326-8e15-bc44029e64b2', 'c16184c8-5f92-4b13-a600-97b60077c9a7', null, 'pk_psndoc.code',0, '2018-10-13 11:46:12' ) 
;insert into md_bizItfMap ( bizinterfaceid, intattrid, classid, classattrid, bizitfimpclassname, classattrpath, dr, ts ) values (  '6c8722b9-911a-489b-8d0d-18bd3734fcf6', '89578a97-42fe-439b-827c-8eabd9e3604c', '6754de13-b3ee-4326-8e15-bc44029e64b2', 'c16184c8-5f92-4b13-a600-97b60077c9a7', null, 'pk_psndoc.name',0, '2018-10-13 11:46:12' ) 
;insert into md_bizItfMap ( bizinterfaceid, intattrid, classid, classattrid, bizitfimpclassname, classattrpath, dr, ts ) values (  '6c8722b9-911a-489b-8d0d-18bd3734fcf6', 'a47e6cda-09e4-480b-923f-ec6f41e3e06c', '6754de13-b3ee-4326-8e15-bc44029e64b2', '7cf31e82-700d-4146-86b9-5ba79bd838c7', null, null,0, '2018-10-13 11:46:12' ) 
;insert into md_association ( id, componentid, creator, createtime, dr, endcardinality, startbeanid, endelementid, isactive, modifier, modifytime, name, startcardinality, startelementid, ts, type, versiontype, industry ) values (  'd5ac6bdf-5f49-45ec-8978-04740f13db4d', 'a6042d22-1d86-4456-b8fb-33c9080cd702', null, null,0, '1', '6754de13-b3ee-4326-8e15-bc44029e64b2', '218971f0-e5dc-408b-9a32-56529dddd4db', 'Y', null, null, 'tbm_psndoc_pk_psndoc', '1', 'c16184c8-5f92-4b13-a600-97b60077c9a7', '2018-10-13 11:46:12',3,0, '0' ) 
;insert into md_association ( id, componentid, creator, createtime, dr, endcardinality, startbeanid, endelementid, isactive, modifier, modifytime, name, startcardinality, startelementid, ts, type, versiontype, industry ) values (  'e976f1b1-7c6b-4e0f-994e-906ce6b2a330', 'a6042d22-1d86-4456-b8fb-33c9080cd702', null, null,0, '1', '6754de13-b3ee-4326-8e15-bc44029e64b2', '3a521756-6a6b-4027-858e-e64104b7851b', 'Y', null, null, 'tbm_psndoc_pk_psnorg', '1', '1010a845-ebc1-4d45-9973-e5bdc96fd6da', '2018-10-13 11:46:12',3,0, '0' ) 
;insert into md_association ( id, componentid, creator, createtime, dr, endcardinality, startbeanid, endelementid, isactive, modifier, modifytime, name, startcardinality, startelementid, ts, type, versiontype, industry ) values (  'cf9d9d04-2b59-4ac6-a517-eec8d7c72f5e', 'a6042d22-1d86-4456-b8fb-33c9080cd702', null, null,0, '1', '6754de13-b3ee-4326-8e15-bc44029e64b2', '7156d223-4531-4337-b192-492ab40098f1', 'Y', null, null, 'tbm_psndoc_pk_psnjob', '1', '9c6cf545-0947-40ba-b771-d58b6498114e', '2018-10-13 11:46:12',3,0, '0' ) 
;insert into md_association ( id, componentid, creator, createtime, dr, endcardinality, startbeanid, endelementid, isactive, modifier, modifytime, name, startcardinality, startelementid, ts, type, versiontype, industry ) values (  '28b91588-f232-4804-88cc-6fbf554f8187', 'a6042d22-1d86-4456-b8fb-33c9080cd702', null, null,0, '1', '6754de13-b3ee-4326-8e15-bc44029e64b2', 'fa902409-20fe-4c49-89ee-85ee9312174b', 'Y', null, null, 'tbm_psndoc_pk_org_v', '1', 'e70c0e76-4d0f-454d-8139-5c2f23f916ae', '2018-10-13 11:46:12',3,0, '0' ) 
;insert into md_association ( id, componentid, creator, createtime, dr, endcardinality, startbeanid, endelementid, isactive, modifier, modifytime, name, startcardinality, startelementid, ts, type, versiontype, industry ) values (  'c6b6ebab-da84-4a92-aba6-5e0f771c844d', 'a6042d22-1d86-4456-b8fb-33c9080cd702', null, null,0, '1', '6754de13-b3ee-4326-8e15-bc44029e64b2', '66ed0cf6-e260-4f39-8fbb-172260efd677', 'Y', null, null, 'tbm_psndoc_pk_dept_v', '1', '4ec2689c-78be-4281-861a-8e873fa3fb80', '2018-10-13 11:46:12',3,0, '0' ) 
;insert into md_association ( id, componentid, creator, createtime, dr, endcardinality, startbeanid, endelementid, isactive, modifier, modifytime, name, startcardinality, startelementid, ts, type, versiontype, industry ) values (  '11189e99-9bbb-4c39-8012-151a8d46eddf', 'a6042d22-1d86-4456-b8fb-33c9080cd702', null, null,0, '1', '6754de13-b3ee-4326-8e15-bc44029e64b2', '3b6dd171-2900-47f3-bfbe-41e4483a2a65', 'Y', null, null, 'tbm_psndoc_pk_group', '1', '7cf31e82-700d-4146-86b9-5ba79bd838c7', '2018-10-13 11:46:12',3,0, '0' ) 
;insert into md_association ( id, componentid, creator, createtime, dr, endcardinality, startbeanid, endelementid, isactive, modifier, modifytime, name, startcardinality, startelementid, ts, type, versiontype, industry ) values (  '860e3256-5466-47c4-85eb-8ce731034b52', 'a6042d22-1d86-4456-b8fb-33c9080cd702', null, null,0, '1', '6754de13-b3ee-4326-8e15-bc44029e64b2', 'f3fed5ea-72f2-4a0a-ad43-d30b1c22c86c', 'Y', null, null, 'tbm_psndoc_pk_org', '1', '3a2b76bb-018b-4975-a5bf-82f39b619e99', '2018-10-13 11:46:12',3,0, '0' ) 
;insert into md_association ( id, componentid, creator, createtime, dr, endcardinality, startbeanid, endelementid, isactive, modifier, modifytime, name, startcardinality, startelementid, ts, type, versiontype, industry ) values (  '5a43bfb5-be6b-4c5e-bd8e-e60aa8513514', 'a6042d22-1d86-4456-b8fb-33c9080cd702', null, null,0, '1', '6754de13-b3ee-4326-8e15-bc44029e64b2', '1002Z71000000001VHVC', 'Y', null, null, 'tbm_psndoc_pk_place', '1', '47c0c0aa-a37d-4121-a45b-c3d06399d755', '2018-10-13 11:46:12',3,0, '0' ) 
;insert into md_association ( id, componentid, creator, createtime, dr, endcardinality, startbeanid, endelementid, isactive, modifier, modifytime, name, startcardinality, startelementid, ts, type, versiontype, industry ) values (  'b1c508b1-e8fd-4103-a945-8d65d821c3cf', 'a6042d22-1d86-4456-b8fb-33c9080cd702', null, null,0, '1', '6754de13-b3ee-4326-8e15-bc44029e64b2', 'c9a45d58-0612-44d7-9a6a-7afd0958d6c9', 'Y', null, null, 'tbm_psndoc_pk_team', '1', 'b34ec08f-24e0-45d8-9328-1b24f55728b5', '2018-10-13 11:46:12',3,0, '0' ) 
;insert into md_association ( id, componentid, creator, createtime, dr, endcardinality, startbeanid, endelementid, isactive, modifier, modifytime, name, startcardinality, startelementid, ts, type, versiontype, industry ) values (  '65014157-90e6-4516-a772-692b7b02da86', 'a6042d22-1d86-4456-b8fb-33c9080cd702', null, null,0, '1', '6754de13-b3ee-4326-8e15-bc44029e64b2', 'f3fed5ea-72f2-4a0a-ad43-d30b1c22c86c', 'Y', null, null, 'tbm_psndoc_pk_adminorg', '1', '8f6db584-7510-4c52-a327-f3ecc1aeb317', '2018-10-13 11:46:12',3,0, '0' ) 
;insert into md_association ( id, componentid, creator, createtime, dr, endcardinality, startbeanid, endelementid, isactive, modifier, modifytime, name, startcardinality, startelementid, ts, type, versiontype, industry ) values (  '116f9a18-77a4-4320-bc9e-f5a08df08a7a', 'a6042d22-1d86-4456-b8fb-33c9080cd702', null, null,0, '1', '6754de13-b3ee-4326-8e15-bc44029e64b2', 'f6f9a473-56c0-432f-8bc7-fbf8fde54fee', 'Y', null, null, 'tbm_psndoc_creator', '1', '1db3b6fa-3169-45e2-9502-04b145cd975c', '2018-10-13 11:46:12',3,0, '0' ) 
;insert into md_association ( id, componentid, creator, createtime, dr, endcardinality, startbeanid, endelementid, isactive, modifier, modifytime, name, startcardinality, startelementid, ts, type, versiontype, industry ) values (  '5c6f102e-770c-491c-a9d7-a1911d6a8d29', 'a6042d22-1d86-4456-b8fb-33c9080cd702', null, null,0, '1', '6754de13-b3ee-4326-8e15-bc44029e64b2', 'f6f9a473-56c0-432f-8bc7-fbf8fde54fee', 'Y', null, null, 'tbm_psndoc_modifier', '1', '3f68f2a5-a623-4320-9c37-794a5dfbb01c', '2018-10-13 11:46:12',3,0, '0' ) 
;insert into md_association ( id, componentid, creator, createtime, dr, endcardinality, startbeanid, endelementid, isactive, modifier, modifytime, name, startcardinality, startelementid, ts, type, versiontype, industry ) values (  '366f9c90-e7aa-4d2a-a45c-0a771495cf31', 'a6042d22-1d86-4456-b8fb-33c9080cd702', null, null,0, '1', '6754de13-b3ee-4326-8e15-bc44029e64b2', '5e2a518f-1995-450e-b5af-bbd9fc9ad0dc', 'Y', null, null, 'tbm_psndoc_pk_region', '1', '460f820f-2607-43e1-a2c3-6b01fca384c2', '2018-10-13 11:46:12',3,0, '0' ) 
;insert into md_table ( id, createtime, creator, databaseid, description, displayname, dr, help, isactive, fromsourcebmf, modifier, modifytime, name, ts, versiontype, resmodule, resid, parenttable, isextendtable, industry ) values (  'tbm_psndoc', '2009-11-18 20:27:22', null, null, null, '考勤档案',0, null, null, 'Y', 'YONYOU NC', '2018-09-28 17:04:09', 'tbm_psndoc', '2018-10-13 11:46:12',0, '6017psndoc', '2psndoc-000002', null, null, '0' ) 
;insert into md_column ( id, sqldatetype, createtime, creator, defaultvalue, description, displayname, dr, help, incrementseed, incrementstep, isactive, identitied, pkey, nullable, columnlength, modifier, modifytime, name, precise, columnsequence, tableid, ts, versiontype, resid, groupid, columntype, forlocale ) values (  'tbm_psndoc@@PK@@', 'char', null, null, null, null, '考勤档案主键',0, null,null,null, 'Y', null, 'Y', 'N',20, null, null, 'pk_tbm_psndoc',0,0, 'tbm_psndoc', '2018-10-13 11:46:12',0, '2psndoc-000013', null,0, 'N' ) 
;insert into md_column ( id, sqldatetype, createtime, creator, defaultvalue, description, displayname, dr, help, incrementseed, incrementstep, isactive, identitied, pkey, nullable, columnlength, modifier, modifytime, name, precise, columnsequence, tableid, ts, versiontype, resid, groupid, columntype, forlocale ) values (  'tbm_psndoc@@@pk_psndoc', 'varchar', null, null, '*~', null, '人员基本信息',0, null,null,null, 'Y', null, 'N', 'Y',20, null, null, 'pk_psndoc',0,1, 'tbm_psndoc', '2018-10-13 11:46:12',0, '2psndoc-000018', null,0, 'N' ) 
;insert into md_column ( id, sqldatetype, createtime, creator, defaultvalue, description, displayname, dr, help, incrementseed, incrementstep, isactive, identitied, pkey, nullable, columnlength, modifier, modifytime, name, precise, columnsequence, tableid, ts, versiontype, resid, groupid, columntype, forlocale ) values (  'tbm_psndoc@@@pk_psnorg', 'varchar', null, null, '*~', null, '组织关系主键',0, 'IgnoreRefCheck',null,null, 'Y', null, 'N', 'Y',20, null, null, 'pk_psnorg',0,2, 'tbm_psndoc', '2018-10-13 11:46:12',0, '2UC000-000695', null,0, 'N' ) 
;insert into md_column ( id, sqldatetype, createtime, creator, defaultvalue, description, displayname, dr, help, incrementseed, incrementstep, isactive, identitied, pkey, nullable, columnlength, modifier, modifytime, name, precise, columnsequence, tableid, ts, versiontype, resid, groupid, columntype, forlocale ) values (  'tbm_psndoc@@@pk_psnjob', 'varchar', null, null, '*~', null, '人员工作记录',0, null,null,null, 'Y', null, 'N', 'Y',20, null, null, 'pk_psnjob',0,3, 'tbm_psndoc', '2018-10-13 11:46:12',0, '2psndoc-000008', null,0, 'N' ) 
;insert into md_column ( id, sqldatetype, createtime, creator, defaultvalue, description, displayname, dr, help, incrementseed, incrementstep, isactive, identitied, pkey, nullable, columnlength, modifier, modifytime, name, precise, columnsequence, tableid, ts, versiontype, resid, groupid, columntype, forlocale ) values (  'tbm_psndoc@@@pk_group', 'char', null, null, null, null, '集团主键',0, null,null,null, 'Y', null, 'N', 'N',20, null, null, 'pk_group',0,6, 'tbm_psndoc', '2018-10-13 11:46:12',0, '2UC000-001008', null,0, 'N' ) 
;insert into md_column ( id, sqldatetype, createtime, creator, defaultvalue, description, displayname, dr, help, incrementseed, incrementstep, isactive, identitied, pkey, nullable, columnlength, modifier, modifytime, name, precise, columnsequence, tableid, ts, versiontype, resid, groupid, columntype, forlocale ) values (  'tbm_psndoc@@@pk_org', 'char', null, null, null, null, '组织主键',0, null,null,null, 'Y', null, 'N', 'N',20, null, null, 'pk_org',0,7, 'tbm_psndoc', '2018-10-13 11:46:12',0, '2UC000-000694', null,0, 'N' ) 
;insert into md_column ( id, sqldatetype, createtime, creator, defaultvalue, description, displayname, dr, help, incrementseed, incrementstep, isactive, identitied, pkey, nullable, columnlength, modifier, modifytime, name, precise, columnsequence, tableid, ts, versiontype, resid, groupid, columntype, forlocale ) values (  'tbm_psndoc@@@begindate', 'char', null, null, null, null, '档案开始日期',0, null,null,null, 'Y', null, 'N', 'Y',10, null, null, 'begindate',0,8, 'tbm_psndoc', '2018-10-13 11:46:12',0, '2psndoc-000010', null,0, 'N' ) 
;insert into md_column ( id, sqldatetype, createtime, creator, defaultvalue, description, displayname, dr, help, incrementseed, incrementstep, isactive, identitied, pkey, nullable, columnlength, modifier, modifytime, name, precise, columnsequence, tableid, ts, versiontype, resid, groupid, columntype, forlocale ) values (  'tbm_psndoc@@@enddate', 'char', null, null, null, null, '档案结束日期',0, null,null,null, 'Y', null, 'N', 'Y',10, null, null, 'enddate',0,9, 'tbm_psndoc', '2018-10-13 11:46:12',0, '2psndoc-000011', null,0, 'N' ) 
;insert into md_column ( id, sqldatetype, createtime, creator, defaultvalue, description, displayname, dr, help, incrementseed, incrementstep, isactive, identitied, pkey, nullable, columnlength, modifier, modifytime, name, precise, columnsequence, tableid, ts, versiontype, resid, groupid, columntype, forlocale ) values (  'tbm_psndoc@@@tbm_prop', 'int', null, null, null, null, '考勤方式',0, null,null,null, 'Y', null, 'N', 'Y',0, null, null, 'tbm_prop',0,10, 'tbm_psndoc', '2018-10-13 11:46:12',0, '2psndoc-000012', null,0, 'N' ) 
;insert into md_column ( id, sqldatetype, createtime, creator, defaultvalue, description, displayname, dr, help, incrementseed, incrementstep, isactive, identitied, pkey, nullable, columnlength, modifier, modifytime, name, precise, columnsequence, tableid, ts, versiontype, resid, groupid, columntype, forlocale ) values (  'tbm_psndoc@@@timecardid', 'varchar', null, null, null, null, '考勤卡号',0, null,null,null, 'Y', null, 'N', 'Y',50, null, null, 'timecardid',0,11, 'tbm_psndoc', '2018-10-13 11:46:12',0, '2psndoc-000007', null,0, 'N' ) 
;insert into md_column ( id, sqldatetype, createtime, creator, defaultvalue, description, displayname, dr, help, incrementseed, incrementstep, isactive, identitied, pkey, nullable, columnlength, modifier, modifytime, name, precise, columnsequence, tableid, ts, versiontype, resid, groupid, columntype, forlocale ) values (  'tbm_psndoc@@@secondcardid', 'varchar', null, null, null, null, '副卡号',0, null,null,null, 'Y', null, 'N', 'Y',50, null, null, 'secondcardid',0,12, 'tbm_psndoc', '2018-10-13 11:46:12',0, '2psndoc-000006', null,0, 'N' ) 
;insert into md_column ( id, sqldatetype, createtime, creator, defaultvalue, description, displayname, dr, help, incrementseed, incrementstep, isactive, identitied, pkey, nullable, columnlength, modifier, modifytime, name, precise, columnsequence, tableid, ts, versiontype, resid, groupid, columntype, forlocale ) values (  'tbm_psndoc@@@pk_place', 'varchar', null, null, '*~', null, '考勤地点',0, null,null,null, 'Y', null, 'N', 'Y',20, null, null, 'pk_place',0,13, 'tbm_psndoc', '2018-10-13 11:46:12',0, '2psndoc-000000', null,0, 'N' ) 
;insert into md_column ( id, sqldatetype, createtime, creator, defaultvalue, description, displayname, dr, help, incrementseed, incrementstep, isactive, identitied, pkey, nullable, columnlength, modifier, modifytime, name, precise, columnsequence, tableid, ts, versiontype, resid, groupid, columntype, forlocale ) values (  'tbm_psndoc@@@pk_team', 'varchar', null, null, '*~', null, '所属班组',0, null,null,null, 'Y', null, 'N', 'Y',20, null, null, 'pk_team',0,14, 'tbm_psndoc', '2018-10-13 11:46:12',0, '2psndoc-000009', null,0, 'N' ) 
;insert into md_column ( id, sqldatetype, createtime, creator, defaultvalue, description, displayname, dr, help, incrementseed, incrementstep, isactive, identitied, pkey, nullable, columnlength, modifier, modifytime, name, precise, columnsequence, tableid, ts, versiontype, resid, groupid, columntype, forlocale ) values (  'tbm_psndoc@@@pk_adminorg', 'char', null, null, null, null, '管理组织',0, null,null,null, 'Y', null, 'N', 'N',20, null, null, 'pk_adminorg',0,15, 'tbm_psndoc', '2018-10-13 11:46:12',0, '2psndoc-000001', null,0, 'N' ) 
;insert into md_column ( id, sqldatetype, createtime, creator, defaultvalue, description, displayname, dr, help, incrementseed, incrementstep, isactive, identitied, pkey, nullable, columnlength, modifier, modifytime, name, precise, columnsequence, tableid, ts, versiontype, resid, groupid, columntype, forlocale ) values (  'tbm_psndoc@@@creator', 'varchar', null, null, '*~', null, '创建人',0, null,null,null, 'Y', null, 'N', 'Y',20, null, null, 'creator',0,16, 'tbm_psndoc', '2018-10-13 11:46:12',0, '2UC000-000155', null,0, 'N' ) 
;insert into md_column ( id, sqldatetype, createtime, creator, defaultvalue, description, displayname, dr, help, incrementseed, incrementstep, isactive, identitied, pkey, nullable, columnlength, modifier, modifytime, name, precise, columnsequence, tableid, ts, versiontype, resid, groupid, columntype, forlocale ) values (  'tbm_psndoc@@@creationtime', 'char', null, null, null, null, '创建时间',0, null,null,null, 'Y', null, 'N', 'Y',19, null, null, 'creationtime',0,17, 'tbm_psndoc', '2018-10-13 11:46:12',0, '2UC000-000157', null,0, 'N' ) 
;insert into md_column ( id, sqldatetype, createtime, creator, defaultvalue, description, displayname, dr, help, incrementseed, incrementstep, isactive, identitied, pkey, nullable, columnlength, modifier, modifytime, name, precise, columnsequence, tableid, ts, versiontype, resid, groupid, columntype, forlocale ) values (  'tbm_psndoc@@@modifier', 'varchar', null, null, '*~', null, '修改人',0, null,null,null, 'Y', null, 'N', 'Y',20, null, null, 'modifier',0,18, 'tbm_psndoc', '2018-10-13 11:46:12',0, '2UC000-000098', null,0, 'N' ) 
;insert into md_column ( id, sqldatetype, createtime, creator, defaultvalue, description, displayname, dr, help, incrementseed, incrementstep, isactive, identitied, pkey, nullable, columnlength, modifier, modifytime, name, precise, columnsequence, tableid, ts, versiontype, resid, groupid, columntype, forlocale ) values (  'tbm_psndoc@@@modifiedtime', 'char', null, null, null, null, '修改时间',0, null,null,null, 'Y', null, 'N', 'Y',19, null, null, 'modifiedtime',0,19, 'tbm_psndoc', '2018-10-13 11:46:12',0, '2UC000-000100', null,0, 'N' ) 
;insert into md_column ( id, sqldatetype, createtime, creator, defaultvalue, description, displayname, dr, help, incrementseed, incrementstep, isactive, identitied, pkey, nullable, columnlength, modifier, modifytime, name, precise, columnsequence, tableid, ts, versiontype, resid, groupid, columntype, forlocale ) values (  'tbm_psndoc@@@pk_region', 'varchar', null, null, '*~', null, '考勤区域',0, null,null,null, 'Y', null, 'N', 'Y',20, null, null, 'pk_region',0,21, 'tbm_psndoc', '2018-10-13 11:46:12',0, '2psndoc-000019', null,0, 'N' ) 
;insert into md_column ( id, sqldatetype, createtime, creator, defaultvalue, description, displayname, dr, help, incrementseed, incrementstep, isactive, identitied, pkey, nullable, columnlength, modifier, modifytime, name, precise, columnsequence, tableid, ts, versiontype, resid, groupid, columntype, forlocale ) values (  'tbm_psndoc@@@signtype', 'varchar', null, null, null, null, '移动考勤方式',0, null,null,null, 'Y', null, 'N', 'Y',50, null, null, 'signtype',0,22, 'tbm_psndoc', '2018-10-13 11:46:12',0, '2psndoc-000020', null,0, 'N' ) 
;insert into md_column ( id, sqldatetype, createtime, creator, defaultvalue, description, displayname, dr, help, incrementseed, incrementstep, isactive, identitied, pkey, nullable, columnlength, modifier, modifytime, name, precise, columnsequence, tableid, ts, versiontype, resid, groupid, columntype, forlocale ) values (  'tbm_psndoc@@@weekform', 'int', null, null, null, null, '工r形B',0, null,null,null, 'Y', null, 'N', 'Y',0, null, null, 'weekform',0,23, 'tbm_psndoc', '2018-10-13 11:46:12',0, null, null,0, 'N' ) 
;insert into md_column ( id, sqldatetype, createtime, creator, defaultvalue, description, displayname, dr, help, incrementseed, incrementstep, isactive, identitied, pkey, nullable, columnlength, modifier, modifytime, name, precise, columnsequence, tableid, ts, versiontype, resid, groupid, columntype, forlocale ) values (  'tbm_psndoc@@@overtimecontrol', 'int', null, null, null, null, '加班控管',0, null,null,null, 'Y', null, 'N', 'Y',50, null, null, 'overtimecontrol',0,24, 'tbm_psndoc', '2018-10-13 11:46:12',0, '2psndoc-00002012', null,0, 'N' ) 
;insert into md_column ( id, sqldatetype, createtime, creator, defaultvalue, description, displayname, dr, help, incrementseed, incrementstep, isactive, identitied, pkey, nullable, columnlength, modifier, modifytime, name, precise, columnsequence, tableid, ts, versiontype, resid, groupid, columntype, forlocale ) values (  'tbm_psndoc@@@specialrest', 'varchar', null, null, null, null, '特休结算',0, null,null,null, 'Y', null, 'N', 'Y',50, null, null, 'specialrest',0,25, 'tbm_psndoc', '2018-10-13 11:46:12',0, '20180815psndoc0001', null,0, 'N' ) 
;insert into md_ORMap ( attributeid, classid, columnid, dr, tableid, ts ) values (  '9c6cf545-0947-40ba-b771-d58b6498114e', '6754de13-b3ee-4326-8e15-bc44029e64b2', 'tbm_psndoc@@@pk_psnjob',0, 'tbm_psndoc', '2018-10-13 11:46:12' ) 
;insert into md_ORMap ( attributeid, classid, columnid, dr, tableid, ts ) values (  '7cf31e82-700d-4146-86b9-5ba79bd838c7', '6754de13-b3ee-4326-8e15-bc44029e64b2', 'tbm_psndoc@@@pk_group',0, 'tbm_psndoc', '2018-10-13 11:46:12' ) 
;insert into md_ORMap ( attributeid, classid, columnid, dr, tableid, ts ) values (  '47c0c0aa-a37d-4121-a45b-c3d06399d755', '6754de13-b3ee-4326-8e15-bc44029e64b2', 'tbm_psndoc@@@pk_place',0, 'tbm_psndoc', '2018-10-13 11:46:12' ) 
;insert into md_ORMap ( attributeid, classid, columnid, dr, tableid, ts ) values (  '9fd68a6a-2f2e-45e1-b24a-ba7b66d27b4d', '6754de13-b3ee-4326-8e15-bc44029e64b2', 'tbm_psndoc@@@weekform',0, 'tbm_psndoc', '2018-10-13 11:46:12' ) 
;insert into md_ORMap ( attributeid, classid, columnid, dr, tableid, ts ) values (  '55394760-2e71-49c6-bdab-dfb521e4816a', '6754de13-b3ee-4326-8e15-bc44029e64b2', 'tbm_psndoc@@@secondcardid',0, 'tbm_psndoc', '2018-10-13 11:46:12' ) 
;insert into md_ORMap ( attributeid, classid, columnid, dr, tableid, ts ) values (  '3a2b76bb-018b-4975-a5bf-82f39b619e99', '6754de13-b3ee-4326-8e15-bc44029e64b2', 'tbm_psndoc@@@pk_org',0, 'tbm_psndoc', '2018-10-13 11:46:12' ) 
;insert into md_ORMap ( attributeid, classid, columnid, dr, tableid, ts ) values (  'd1193842-2344-4a7c-8124-6df2c4143db4', '6754de13-b3ee-4326-8e15-bc44029e64b2', 'tbm_psndoc@@@begindate',0, 'tbm_psndoc', '2018-10-13 11:46:12' ) 
;insert into md_ORMap ( attributeid, classid, columnid, dr, tableid, ts ) values (  '1db3b6fa-3169-45e2-9502-04b145cd975c', '6754de13-b3ee-4326-8e15-bc44029e64b2', 'tbm_psndoc@@@creator',0, 'tbm_psndoc', '2018-10-13 11:46:12' ) 
;insert into md_ORMap ( attributeid, classid, columnid, dr, tableid, ts ) values (  'b34ec08f-24e0-45d8-9328-1b24f55728b5', '6754de13-b3ee-4326-8e15-bc44029e64b2', 'tbm_psndoc@@@pk_team',0, 'tbm_psndoc', '2018-10-13 11:46:12' ) 
;insert into md_ORMap ( attributeid, classid, columnid, dr, tableid, ts ) values (  'b2f5cb94-a44a-4073-973c-c72cbd7710db', '6754de13-b3ee-4326-8e15-bc44029e64b2', 'tbm_psndoc@@@specialrest',0, 'tbm_psndoc', '2018-10-13 11:46:12' ) 
;insert into md_ORMap ( attributeid, classid, columnid, dr, tableid, ts ) values (  '8f6db584-7510-4c52-a327-f3ecc1aeb317', '6754de13-b3ee-4326-8e15-bc44029e64b2', 'tbm_psndoc@@@pk_adminorg',0, 'tbm_psndoc', '2018-10-13 11:46:12' ) 
;insert into md_ORMap ( attributeid, classid, columnid, dr, tableid, ts ) values (  '6b7a96dd-2aa8-4599-8c75-08c89358e5fe', '6754de13-b3ee-4326-8e15-bc44029e64b2', 'tbm_psndoc@@@overtimecontrol',0, 'tbm_psndoc', '2018-10-13 11:46:12' ) 
;insert into md_ORMap ( attributeid, classid, columnid, dr, tableid, ts ) values (  'adb96e21-0883-4653-876a-12dd7cf36b32', '6754de13-b3ee-4326-8e15-bc44029e64b2', 'tbm_psndoc@@@signtype',0, 'tbm_psndoc', '2018-10-13 11:46:12' ) 
;insert into md_ORMap ( attributeid, classid, columnid, dr, tableid, ts ) values (  'd2900be4-8ad0-48ec-a71b-65d94c908195', '6754de13-b3ee-4326-8e15-bc44029e64b2', 'tbm_psndoc@@@modifiedtime',0, 'tbm_psndoc', '2018-10-13 11:46:12' ) 
;insert into md_ORMap ( attributeid, classid, columnid, dr, tableid, ts ) values (  'c16184c8-5f92-4b13-a600-97b60077c9a7', '6754de13-b3ee-4326-8e15-bc44029e64b2', 'tbm_psndoc@@@pk_psndoc',0, 'tbm_psndoc', '2018-10-13 11:46:12' ) 
;insert into md_ORMap ( attributeid, classid, columnid, dr, tableid, ts ) values (  '1010a845-ebc1-4d45-9973-e5bdc96fd6da', '6754de13-b3ee-4326-8e15-bc44029e64b2', 'tbm_psndoc@@@pk_psnorg',0, 'tbm_psndoc', '2018-10-13 11:46:12' ) 
;insert into md_ORMap ( attributeid, classid, columnid, dr, tableid, ts ) values (  '46cb3f18-c6f0-4fb8-b356-93f75d92f72f', '6754de13-b3ee-4326-8e15-bc44029e64b2', 'tbm_psndoc@@@timecardid',0, 'tbm_psndoc', '2018-10-13 11:46:12' ) 
;insert into md_ORMap ( attributeid, classid, columnid, dr, tableid, ts ) values (  '26c5cb57-5a16-452a-9499-a31c08908bdf', '6754de13-b3ee-4326-8e15-bc44029e64b2', 'tbm_psndoc@@@tbm_prop',0, 'tbm_psndoc', '2018-10-13 11:46:12' ) 
;insert into md_ORMap ( attributeid, classid, columnid, dr, tableid, ts ) values (  '97846ee4-cce9-46d0-839d-b5601f737e78', '6754de13-b3ee-4326-8e15-bc44029e64b2', 'tbm_psndoc@@PK@@',0, 'tbm_psndoc', '2018-10-13 11:46:12' ) 
;insert into md_ORMap ( attributeid, classid, columnid, dr, tableid, ts ) values (  '82e12b4f-1d28-4386-a220-8f2879975236', '6754de13-b3ee-4326-8e15-bc44029e64b2', 'tbm_psndoc@@@enddate',0, 'tbm_psndoc', '2018-10-13 11:46:12' ) 
;insert into md_ORMap ( attributeid, classid, columnid, dr, tableid, ts ) values (  '460f820f-2607-43e1-a2c3-6b01fca384c2', '6754de13-b3ee-4326-8e15-bc44029e64b2', 'tbm_psndoc@@@pk_region',0, 'tbm_psndoc', '2018-10-13 11:46:12' ) 
;insert into md_ORMap ( attributeid, classid, columnid, dr, tableid, ts ) values (  '646a4613-c4ce-4f99-9dfc-b8ae17927684', '6754de13-b3ee-4326-8e15-bc44029e64b2', 'tbm_psndoc@@@creationtime',0, 'tbm_psndoc', '2018-10-13 11:46:12' ) 
;insert into md_ORMap ( attributeid, classid, columnid, dr, tableid, ts ) values (  '3f68f2a5-a623-4320-9c37-794a5dfbb01c', '6754de13-b3ee-4326-8e15-bc44029e64b2', 'tbm_psndoc@@@modifier',0, 'tbm_psndoc', '2018-10-13 11:46:12' ) 
