alter table wa_daysalary add pk_group_item varchar(50) NULL;
alter table wa_daysalary add groupitemts char(19) NULL;
alter table wa_daysalary add isattend char(1) NULL;
alter table wa_daysalary add taxflag char(1) NULL;

delete from md_property WHERE CLASSID IN ('c8b62afe-4bbb-4319-8f47-0989f39c0945','a8a05ebf-1b3e-4977-b0e8-ee9ee3c50b8d','0a4cc4da-b999-4662-aa05-c82bd47c4df7');
delete from bd_refinfo where para1  IN ('c8b62afe-4bbb-4319-8f47-0989f39c0945','a8a05ebf-1b3e-4977-b0e8-ee9ee3c50b8d','0a4cc4da-b999-4662-aa05-c82bd47c4df7');
delete from md_bizitfmap where classid IN ('c8b62afe-4bbb-4319-8f47-0989f39c0945','a8a05ebf-1b3e-4977-b0e8-ee9ee3c50b8d','0a4cc4da-b999-4662-aa05-c82bd47c4df7');
delete from md_association where startbeanid IN ('c8b62afe-4bbb-4319-8f47-0989f39c0945','a8a05ebf-1b3e-4977-b0e8-ee9ee3c50b8d','0a4cc4da-b999-4662-aa05-c82bd47c4df7');
delete from MD_COLUMN where TABLEID in (select tableid from md_ormap where classid IN (select id from md_class where COMPONENTID in ('c8b62afe-4bbb-4319-8f47-0989f39c0945','a8a05ebf-1b3e-4977-b0e8-ee9ee3c50b8d','0a4cc4da-b999-4662-aa05-c82bd47c4df7')));
delete from md_busiop where ownertype IN ('c8b62afe-4bbb-4319-8f47-0989f39c0945','a8a05ebf-1b3e-4977-b0e8-ee9ee3c50b8d','0a4cc4da-b999-4662-aa05-c82bd47c4df7');;
delete from md_attr_power where beanid IN ('c8b62afe-4bbb-4319-8f47-0989f39c0945','a8a05ebf-1b3e-4977-b0e8-ee9ee3c50b8d','0a4cc4da-b999-4662-aa05-c82bd47c4df7');;
delete from sm_permission_res where mdid IN ('c8b62afe-4bbb-4319-8f47-0989f39c0945','a8a05ebf-1b3e-4977-b0e8-ee9ee3c50b8d','0a4cc4da-b999-4662-aa05-c82bd47c4df7');
delete from bd_mode_all where mdclassid IN ('c8b62afe-4bbb-4319-8f47-0989f39c0945','a8a05ebf-1b3e-4977-b0e8-ee9ee3c50b8d','0a4cc4da-b999-4662-aa05-c82bd47c4df7');;
delete from bd_mode_selected where mdclassid IN ('c8b62afe-4bbb-4319-8f47-0989f39c0945','a8a05ebf-1b3e-4977-b0e8-ee9ee3c50b8d','0a4cc4da-b999-4662-aa05-c82bd47c4df7');;
delete from bd_uniquerule where mdclassid IN ('c8b62afe-4bbb-4319-8f47-0989f39c0945','a8a05ebf-1b3e-4977-b0e8-ee9ee3c50b8d','0a4cc4da-b999-4662-aa05-c82bd47c4df7');;
delete from pub_bcr_nbcr where metaid IN ('c8b62afe-4bbb-4319-8f47-0989f39c0945','a8a05ebf-1b3e-4977-b0e8-ee9ee3c50b8d','0a4cc4da-b999-4662-aa05-c82bd47c4df7');
delete from pub_eventtype where sourceid IN ('c8b62afe-4bbb-4319-8f47-0989f39c0945','a8a05ebf-1b3e-4977-b0e8-ee9ee3c50b8d','0a4cc4da-b999-4662-aa05-c82bd47c4df7');;
delete from md_ormap where classid IN ('c8b62afe-4bbb-4319-8f47-0989f39c0945','a8a05ebf-1b3e-4977-b0e8-ee9ee3c50b8d','0a4cc4da-b999-4662-aa05-c82bd47c4df7');;
delete from md_class where componentid like 'd6aedba4-d717-4f89-8f30-8e3b2d994a33';
delete from md_component where id = 'd6aedba4-d717-4f89-8f30-8e3b2d994a33';

INSERT INTO MD_PROPERTY (ACCESSORCLASSNAME, ACCESSPOWER, ACCESSPOWERGROUP, ATTRLENGTH, ATTRMAXVALUE, ATTRMINVALUE, ATTRSEQUENCE, CALCULATION, CLASSID, CREATEINDUSTRY, CREATETIME, CREATOR, CUSTOMATTR, DATATYPE, DATATYPESTYLE, DEFAULTVALUE, DESCRIPTION, DISPLAYNAME, DR, DYNAMICATTR, DYNAMICTABLE, FIXEDLENGTH, HELP, HIDED, ID, INDUSTRY, ISACTIVE, ISAUTHEN, MODIFIER, MODIFYTIME, NAME, NOTSERIALIZE, NULLABLE, PRECISE, READONLY, REFMODELNAME, RESID, TS, VERSIONTYPE, VISIBILITY) VALUES (null, 'N', null, 20, null, null, 0, 'N', 'c8b62afe-4bbb-4319-8f47-0989f39c0945', null, null, null, 'N', 'BS000010000100001051', 300, null, null, '日薪主键', 0, 'N', null, 'N', null, 'N', '67a43946-bba8-4aa6-9ebf-72ad69dd6530', '0', 'Y', 'Y', null, null, 'pk_daysalary', 'N', 'N', 0, 'N', null, null, '2019-01-24 11:31:04', 0, 0);
INSERT INTO MD_PROPERTY (ACCESSORCLASSNAME, ACCESSPOWER, ACCESSPOWERGROUP, ATTRLENGTH, ATTRMAXVALUE, ATTRMINVALUE, ATTRSEQUENCE, CALCULATION, CLASSID, CREATEINDUSTRY, CREATETIME, CREATOR, CUSTOMATTR, DATATYPE, DATATYPESTYLE, DEFAULTVALUE, DESCRIPTION, DISPLAYNAME, DR, DYNAMICATTR, DYNAMICTABLE, FIXEDLENGTH, HELP, HIDED, ID, INDUSTRY, ISACTIVE, ISAUTHEN, MODIFIER, MODIFYTIME, NAME, NOTSERIALIZE, NULLABLE, PRECISE, READONLY, REFMODELNAME, RESID, TS, VERSIONTYPE, VISIBILITY) VALUES (null, 'N', null, 20, null, null, 1, 'N', 'c8b62afe-4bbb-4319-8f47-0989f39c0945', null, null, null, 'N', 'f3fed5ea-72f2-4a0a-ad43-d30b1c22c86c', 305, null, null, '人力Y源M', 0, 'N', null, 'N', null, 'N', 'cbc1cec7-938c-4122-9afe-2911e364277a', '0', 'Y', 'Y', null, null, 'pk_hrorg', 'N', 'Y', 0, 'N', null, null, '2019-01-24 11:31:04', 0, 0);
INSERT INTO MD_PROPERTY (ACCESSORCLASSNAME, ACCESSPOWER, ACCESSPOWERGROUP, ATTRLENGTH, ATTRMAXVALUE, ATTRMINVALUE, ATTRSEQUENCE, CALCULATION, CLASSID, CREATEINDUSTRY, CREATETIME, CREATOR, CUSTOMATTR, DATATYPE, DATATYPESTYLE, DEFAULTVALUE, DESCRIPTION, DISPLAYNAME, DR, DYNAMICATTR, DYNAMICTABLE, FIXEDLENGTH, HELP, HIDED, ID, INDUSTRY, ISACTIVE, ISAUTHEN, MODIFIER, MODIFYTIME, NAME, NOTSERIALIZE, NULLABLE, PRECISE, READONLY, REFMODELNAME, RESID, TS, VERSIONTYPE, VISIBILITY) VALUES (null, 'N', null, 50, null, null, 2, 'N', 'c8b62afe-4bbb-4319-8f47-0989f39c0945', null, null, null, 'N', 'BS000010000100001001', 300, null, null, '薪资方案', 0, 'N', null, 'N', null, 'N', '78915563-da0b-4656-93bc-8bc76e90cfdf', '0', 'Y', 'Y', null, null, 'pk_wa_class', 'N', 'Y', 0, 'N', null, null, '2019-01-24 11:31:04', 0, 0);
INSERT INTO MD_PROPERTY (ACCESSORCLASSNAME, ACCESSPOWER, ACCESSPOWERGROUP, ATTRLENGTH, ATTRMAXVALUE, ATTRMINVALUE, ATTRSEQUENCE, CALCULATION, CLASSID, CREATEINDUSTRY, CREATETIME, CREATOR, CUSTOMATTR, DATATYPE, DATATYPESTYLE, DEFAULTVALUE, DESCRIPTION, DISPLAYNAME, DR, DYNAMICATTR, DYNAMICTABLE, FIXEDLENGTH, HELP, HIDED, ID, INDUSTRY, ISACTIVE, ISAUTHEN, MODIFIER, MODIFYTIME, NAME, NOTSERIALIZE, NULLABLE, PRECISE, READONLY, REFMODELNAME, RESID, TS, VERSIONTYPE, VISIBILITY) VALUES (null, 'N', null, 20, null, null, 3, 'N', 'c8b62afe-4bbb-4319-8f47-0989f39c0945', null, null, null, 'N', 'BS000010000100001001', 300, null, null, '薪资项目', 0, 'N', null, 'N', null, 'N', 'fb095705-d73b-4eaa-976e-4723c4c7d73c', '0', 'Y', 'Y', null, null, 'pk_wa_item', 'N', 'Y', 0, 'N', null, null, '2019-01-24 11:31:04', 0, 0);
INSERT INTO MD_PROPERTY (ACCESSORCLASSNAME, ACCESSPOWER, ACCESSPOWERGROUP, ATTRLENGTH, ATTRMAXVALUE, ATTRMINVALUE, ATTRSEQUENCE, CALCULATION, CLASSID, CREATEINDUSTRY, CREATETIME, CREATOR, CUSTOMATTR, DATATYPE, DATATYPESTYLE, DEFAULTVALUE, DESCRIPTION, DISPLAYNAME, DR, DYNAMICATTR, DYNAMICTABLE, FIXEDLENGTH, HELP, HIDED, ID, INDUSTRY, ISACTIVE, ISAUTHEN, MODIFIER, MODIFYTIME, NAME, NOTSERIALIZE, NULLABLE, PRECISE, READONLY, REFMODELNAME, RESID, TS, VERSIONTYPE, VISIBILITY) VALUES (null, 'N', null, 20, null, null, 4, 'N', 'c8b62afe-4bbb-4319-8f47-0989f39c0945', null, null, null, 'N', 'BS000010000100001001', 300, null, null, '薪资变动情况', 0, 'N', null, 'N', null, 'N', '159a1748-4c29-45c3-a103-52f6103baef6', '0', 'Y', 'Y', null, null, 'pk_psndoc_sub', 'N', 'Y', 0, 'N', null, null, '2019-01-24 11:31:04', 0, 0);
INSERT INTO MD_PROPERTY (ACCESSORCLASSNAME, ACCESSPOWER, ACCESSPOWERGROUP, ATTRLENGTH, ATTRMAXVALUE, ATTRMINVALUE, ATTRSEQUENCE, CALCULATION, CLASSID, CREATEINDUSTRY, CREATETIME, CREATOR, CUSTOMATTR, DATATYPE, DATATYPESTYLE, DEFAULTVALUE, DESCRIPTION, DISPLAYNAME, DR, DYNAMICATTR, DYNAMICTABLE, FIXEDLENGTH, HELP, HIDED, ID, INDUSTRY, ISACTIVE, ISAUTHEN, MODIFIER, MODIFYTIME, NAME, NOTSERIALIZE, NULLABLE, PRECISE, READONLY, REFMODELNAME, RESID, TS, VERSIONTYPE, VISIBILITY) VALUES (null, 'N', null, 19, null, null, 5, 'N', 'c8b62afe-4bbb-4319-8f47-0989f39c0945', null, null, null, 'N', 'BS000010000100001034', 300, null, null, '薪资变动情况时间戳', 0, 'N', null, 'N', null, 'N', '08b84e7e-1349-4831-ad1b-aa99c5ff2815', '0', 'Y', 'Y', null, null, 'wadocts', 'N', 'Y', 0, 'N', null, null, '2019-01-24 11:31:04', 0, 0);
INSERT INTO MD_PROPERTY (ACCESSORCLASSNAME, ACCESSPOWER, ACCESSPOWERGROUP, ATTRLENGTH, ATTRMAXVALUE, ATTRMINVALUE, ATTRSEQUENCE, CALCULATION, CLASSID, CREATEINDUSTRY, CREATETIME, CREATOR, CUSTOMATTR, DATATYPE, DATATYPESTYLE, DEFAULTVALUE, DESCRIPTION, DISPLAYNAME, DR, DYNAMICATTR, DYNAMICTABLE, FIXEDLENGTH, HELP, HIDED, ID, INDUSTRY, ISACTIVE, ISAUTHEN, MODIFIER, MODIFYTIME, NAME, NOTSERIALIZE, NULLABLE, PRECISE, READONLY, REFMODELNAME, RESID, TS, VERSIONTYPE, VISIBILITY) VALUES (null, 'N', null, 20, null, null, 6, 'N', 'c8b62afe-4bbb-4319-8f47-0989f39c0945', null, null, null, 'N', '218971f0-e5dc-408b-9a32-56529dddd4db', 305, null, null, '人员基本主键', 0, 'N', null, 'N', null, 'N', '61e843d2-6d65-4d70-a0f7-b223c86faa4e', '0', 'Y', 'Y', null, null, 'pk_psndoc', 'N', 'Y', 0, 'N', 'HR人员', null, '2019-01-24 11:31:04', 0, 0);
INSERT INTO MD_PROPERTY (ACCESSORCLASSNAME, ACCESSPOWER, ACCESSPOWERGROUP, ATTRLENGTH, ATTRMAXVALUE, ATTRMINVALUE, ATTRSEQUENCE, CALCULATION, CLASSID, CREATEINDUSTRY, CREATETIME, CREATOR, CUSTOMATTR, DATATYPE, DATATYPESTYLE, DEFAULTVALUE, DESCRIPTION, DISPLAYNAME, DR, DYNAMICATTR, DYNAMICTABLE, FIXEDLENGTH, HELP, HIDED, ID, INDUSTRY, ISACTIVE, ISAUTHEN, MODIFIER, MODIFYTIME, NAME, NOTSERIALIZE, NULLABLE, PRECISE, READONLY, REFMODELNAME, RESID, TS, VERSIONTYPE, VISIBILITY) VALUES (null, 'N', null, 20, null, null, 7, 'N', 'c8b62afe-4bbb-4319-8f47-0989f39c0945', null, null, null, 'N', '7156d223-4531-4337-b192-492ab40098f1', 305, null, null, '人员任职主键', 0, 'N', null, 'N', null, 'N', 'da6221c8-2d95-4e0e-9a79-fa42631ccb1b', '0', 'Y', 'Y', null, null, 'pk_psnjob', 'N', 'Y', 0, 'N', '人员工作记录', null, '2019-01-24 11:31:04', 0, 0);
INSERT INTO MD_PROPERTY (ACCESSORCLASSNAME, ACCESSPOWER, ACCESSPOWERGROUP, ATTRLENGTH, ATTRMAXVALUE, ATTRMINVALUE, ATTRSEQUENCE, CALCULATION, CLASSID, CREATEINDUSTRY, CREATETIME, CREATOR, CUSTOMATTR, DATATYPE, DATATYPESTYLE, DEFAULTVALUE, DESCRIPTION, DISPLAYNAME, DR, DYNAMICATTR, DYNAMICTABLE, FIXEDLENGTH, HELP, HIDED, ID, INDUSTRY, ISACTIVE, ISAUTHEN, MODIFIER, MODIFYTIME, NAME, NOTSERIALIZE, NULLABLE, PRECISE, READONLY, REFMODELNAME, RESID, TS, VERSIONTYPE, VISIBILITY) VALUES (null, 'N', null, 10, null, null, 8, 'N', 'c8b62afe-4bbb-4319-8f47-0989f39c0945', null, null, null, 'N', 'BS000010000100001039', 300, null, null, '薪资日期', 0, 'N', null, 'N', null, 'N', '398095a5-37b0-407c-989d-005bba5df4d6', '0', 'Y', 'Y', null, null, 'salarydate', 'N', 'Y', 0, 'N', null, null, '2019-01-24 11:31:04', 0, 0);
INSERT INTO MD_PROPERTY (ACCESSORCLASSNAME, ACCESSPOWER, ACCESSPOWERGROUP, ATTRLENGTH, ATTRMAXVALUE, ATTRMINVALUE, ATTRSEQUENCE, CALCULATION, CLASSID, CREATEINDUSTRY, CREATETIME, CREATOR, CUSTOMATTR, DATATYPE, DATATYPESTYLE, DEFAULTVALUE, DESCRIPTION, DISPLAYNAME, DR, DYNAMICATTR, DYNAMICTABLE, FIXEDLENGTH, HELP, HIDED, ID, INDUSTRY, ISACTIVE, ISAUTHEN, MODIFIER, MODIFYTIME, NAME, NOTSERIALIZE, NULLABLE, PRECISE, READONLY, REFMODELNAME, RESID, TS, VERSIONTYPE, VISIBILITY) VALUES (null, 'N', null, 0, null, null, 9, 'N', 'c8b62afe-4bbb-4319-8f47-0989f39c0945', null, null, null, 'N', 'BS000010000100001004', 300, null, null, '薪资年', 0, 'N', null, 'N', null, 'N', 'f08360e0-0c61-4182-a61e-d3fa76746aa9', '0', 'Y', 'Y', null, null, 'cyear', 'N', 'Y', 0, 'N', null, null, '2019-01-24 11:31:04', 0, 0);
INSERT INTO MD_PROPERTY (ACCESSORCLASSNAME, ACCESSPOWER, ACCESSPOWERGROUP, ATTRLENGTH, ATTRMAXVALUE, ATTRMINVALUE, ATTRSEQUENCE, CALCULATION, CLASSID, CREATEINDUSTRY, CREATETIME, CREATOR, CUSTOMATTR, DATATYPE, DATATYPESTYLE, DEFAULTVALUE, DESCRIPTION, DISPLAYNAME, DR, DYNAMICATTR, DYNAMICTABLE, FIXEDLENGTH, HELP, HIDED, ID, INDUSTRY, ISACTIVE, ISAUTHEN, MODIFIER, MODIFYTIME, NAME, NOTSERIALIZE, NULLABLE, PRECISE, READONLY, REFMODELNAME, RESID, TS, VERSIONTYPE, VISIBILITY) VALUES (null, 'N', null, 0, null, null, 10, 'N', 'c8b62afe-4bbb-4319-8f47-0989f39c0945', null, null, null, 'N', 'BS000010000100001004', 300, null, null, '薪资月', 0, 'N', null, 'N', null, 'N', '20188956-007c-44d7-be41-9e37ce6d4a32', '0', 'Y', 'Y', null, null, 'cperiod', 'N', 'Y', 0, 'N', null, null, '2019-01-24 11:31:04', 0, 0);
INSERT INTO MD_PROPERTY (ACCESSORCLASSNAME, ACCESSPOWER, ACCESSPOWERGROUP, ATTRLENGTH, ATTRMAXVALUE, ATTRMINVALUE, ATTRSEQUENCE, CALCULATION, CLASSID, CREATEINDUSTRY, CREATETIME, CREATOR, CUSTOMATTR, DATATYPE, DATATYPESTYLE, DEFAULTVALUE, DESCRIPTION, DISPLAYNAME, DR, DYNAMICATTR, DYNAMICTABLE, FIXEDLENGTH, HELP, HIDED, ID, INDUSTRY, ISACTIVE, ISAUTHEN, MODIFIER, MODIFYTIME, NAME, NOTSERIALIZE, NULLABLE, PRECISE, READONLY, REFMODELNAME, RESID, TS, VERSIONTYPE, VISIBILITY) VALUES (null, 'N', null, 28, null, null, 11, 'N', 'c8b62afe-4bbb-4319-8f47-0989f39c0945', null, null, null, 'N', 'BS000010000100001031', 300, null, null, '日薪', 0, 'N', null, 'N', null, 'N', '23c233cd-0683-47ef-bbd8-a30a5a957f9c', '0', 'Y', 'Y', null, null, 'daysalary', 'N', 'Y', 8, 'N', null, null, '2019-01-24 11:31:04', 0, 0);
INSERT INTO MD_PROPERTY (ACCESSORCLASSNAME, ACCESSPOWER, ACCESSPOWERGROUP, ATTRLENGTH, ATTRMAXVALUE, ATTRMINVALUE, ATTRSEQUENCE, CALCULATION, CLASSID, CREATEINDUSTRY, CREATETIME, CREATOR, CUSTOMATTR, DATATYPE, DATATYPESTYLE, DEFAULTVALUE, DESCRIPTION, DISPLAYNAME, DR, DYNAMICATTR, DYNAMICTABLE, FIXEDLENGTH, HELP, HIDED, ID, INDUSTRY, ISACTIVE, ISAUTHEN, MODIFIER, MODIFYTIME, NAME, NOTSERIALIZE, NULLABLE, PRECISE, READONLY, REFMODELNAME, RESID, TS, VERSIONTYPE, VISIBILITY) VALUES (null, 'N', null, 28, null, null, 12, 'N', 'c8b62afe-4bbb-4319-8f47-0989f39c0945', null, null, null, 'N', 'BS000010000100001031', 300, null, null, '时薪', 0, 'N', null, 'N', null, 'N', '5772cff2-ef6c-4ba4-9501-7f6d53b14ace', '0', 'Y', 'Y', null, null, 'hoursalary', 'N', 'Y', 8, 'N', null, null, '2019-01-24 11:31:04', 0, 0);
INSERT INTO MD_PROPERTY (ACCESSORCLASSNAME, ACCESSPOWER, ACCESSPOWERGROUP, ATTRLENGTH, ATTRMAXVALUE, ATTRMINVALUE, ATTRSEQUENCE, CALCULATION, CLASSID, CREATEINDUSTRY, CREATETIME, CREATOR, CUSTOMATTR, DATATYPE, DATATYPESTYLE, DEFAULTVALUE, DESCRIPTION, DISPLAYNAME, DR, DYNAMICATTR, DYNAMICTABLE, FIXEDLENGTH, HELP, HIDED, ID, INDUSTRY, ISACTIVE, ISAUTHEN, MODIFIER, MODIFYTIME, NAME, NOTSERIALIZE, NULLABLE, PRECISE, READONLY, REFMODELNAME, RESID, TS, VERSIONTYPE, VISIBILITY) VALUES (null, 'N', null, 50, null, null, 13, 'N', 'c8b62afe-4bbb-4319-8f47-0989f39c0945', null, null, null, 'N', 'BS000010000100001001', 300, null, null, '薪资项目分组', 0, 'N', null, 'N', null, 'N', '572c014f-0605-437b-b9e6-117b2f68c333', '0', 'Y', 'Y', null, null, 'pk_group_item', 'N', 'Y', 0, 'N', null, null, '2019-01-24 11:31:04', 0, 0);
INSERT INTO MD_PROPERTY (ACCESSORCLASSNAME, ACCESSPOWER, ACCESSPOWERGROUP, ATTRLENGTH, ATTRMAXVALUE, ATTRMINVALUE, ATTRSEQUENCE, CALCULATION, CLASSID, CREATEINDUSTRY, CREATETIME, CREATOR, CUSTOMATTR, DATATYPE, DATATYPESTYLE, DEFAULTVALUE, DESCRIPTION, DISPLAYNAME, DR, DYNAMICATTR, DYNAMICTABLE, FIXEDLENGTH, HELP, HIDED, ID, INDUSTRY, ISACTIVE, ISAUTHEN, MODIFIER, MODIFYTIME, NAME, NOTSERIALIZE, NULLABLE, PRECISE, READONLY, REFMODELNAME, RESID, TS, VERSIONTYPE, VISIBILITY) VALUES (null, 'N', null, 19, null, null, 14, 'N', 'c8b62afe-4bbb-4319-8f47-0989f39c0945', null, null, null, 'N', 'BS000010000100001034', 300, null, null, '薪资项目分组时间戳', 0, 'N', null, 'N', null, 'N', 'ebe9e9b4-65dc-4283-ba4e-53d3a63a7083', '0', 'Y', 'Y', null, null, 'groupitemts', 'N', 'Y', 0, 'N', null, null, '2019-01-24 11:31:04', 0, 0);
INSERT INTO MD_PROPERTY (ACCESSORCLASSNAME, ACCESSPOWER, ACCESSPOWERGROUP, ATTRLENGTH, ATTRMAXVALUE, ATTRMINVALUE, ATTRSEQUENCE, CALCULATION, CLASSID, CREATEINDUSTRY, CREATETIME, CREATOR, CUSTOMATTR, DATATYPE, DATATYPESTYLE, DEFAULTVALUE, DESCRIPTION, DISPLAYNAME, DR, DYNAMICATTR, DYNAMICTABLE, FIXEDLENGTH, HELP, HIDED, ID, INDUSTRY, ISACTIVE, ISAUTHEN, MODIFIER, MODIFYTIME, NAME, NOTSERIALIZE, NULLABLE, PRECISE, READONLY, REFMODELNAME, RESID, TS, VERSIONTYPE, VISIBILITY) VALUES (null, 'N', null, 1, null, null, 15, 'N', 'c8b62afe-4bbb-4319-8f47-0989f39c0945', null, null, null, 'N', 'BS000010000100001032', 300, null, null, '是否考勤', 0, 'N', null, 'N', null, 'N', '45b551c5-268b-4c6e-99a8-370b68c45771', '0', 'Y', 'Y', null, null, 'isattend', 'N', 'Y', 0, 'N', null, null, '2019-01-24 11:31:04', 0, 0);
INSERT INTO MD_PROPERTY (ACCESSORCLASSNAME, ACCESSPOWER, ACCESSPOWERGROUP, ATTRLENGTH, ATTRMAXVALUE, ATTRMINVALUE, ATTRSEQUENCE, CALCULATION, CLASSID, CREATEINDUSTRY, CREATETIME, CREATOR, CUSTOMATTR, DATATYPE, DATATYPESTYLE, DEFAULTVALUE, DESCRIPTION, DISPLAYNAME, DR, DYNAMICATTR, DYNAMICTABLE, FIXEDLENGTH, HELP, HIDED, ID, INDUSTRY, ISACTIVE, ISAUTHEN, MODIFIER, MODIFYTIME, NAME, NOTSERIALIZE, NULLABLE, PRECISE, READONLY, REFMODELNAME, RESID, TS, VERSIONTYPE, VISIBILITY) VALUES (null, 'N', null, 1, null, null, 16, 'N', 'c8b62afe-4bbb-4319-8f47-0989f39c0945', null, null, null, 'N', 'BS000010000100001032', 300, null, null, '是否扣税', 0, 'N', null, 'N', null, 'N', 'bc4f6444-e519-4eb9-afa0-a8aaf42d6155', '0', 'Y', 'Y', null, null, 'taxflag', 'N', 'Y', 0, 'N', null, null, '2019-01-24 11:31:04', 0, 0);

INSERT INTO MD_ASSOCIATION (CASCADEDELETE, CASCADEUPDATE, COMPONENTID, CREATETIME, CREATOR, DR, ENDCARDINALITY, ENDELEMENTID, ID, INDUSTRY, ISACTIVE, MODIFIER, MODIFYTIME, NAME, STARTBEANID, STARTCARDINALITY, STARTELEMENTID, TS, TYPE, VERSIONTYPE) VALUES (null, null, 'd6aedba4-d717-4f89-8f30-8e3b2d994a33', null, null, 0, '1', 'f3fed5ea-72f2-4a0a-ad43-d30b1c22c86c', '4a967a5d-5ad5-4506-b54a-c0e1307935be', '0', 'Y', null, null, 'DaySalaryVO_pk_hrorg', 'c8b62afe-4bbb-4319-8f47-0989f39c0945', '1', 'cbc1cec7-938c-4122-9afe-2911e364277a', '2019-01-24 11:31:04', 3, 0);
INSERT INTO MD_ASSOCIATION (CASCADEDELETE, CASCADEUPDATE, COMPONENTID, CREATETIME, CREATOR, DR, ENDCARDINALITY, ENDELEMENTID, ID, INDUSTRY, ISACTIVE, MODIFIER, MODIFYTIME, NAME, STARTBEANID, STARTCARDINALITY, STARTELEMENTID, TS, TYPE, VERSIONTYPE) VALUES (null, null, 'd6aedba4-d717-4f89-8f30-8e3b2d994a33', null, null, 0, '1', '218971f0-e5dc-408b-9a32-56529dddd4db', '7e2a50eb-b5f7-451d-af26-d5f9534aa9f7', '0', 'Y', null, null, 'DaySalaryVO_pk_psndoc', 'c8b62afe-4bbb-4319-8f47-0989f39c0945', '1', '61e843d2-6d65-4d70-a0f7-b223c86faa4e', '2019-01-24 11:31:04', 3, 0);
INSERT INTO MD_ASSOCIATION (CASCADEDELETE, CASCADEUPDATE, COMPONENTID, CREATETIME, CREATOR, DR, ENDCARDINALITY, ENDELEMENTID, ID, INDUSTRY, ISACTIVE, MODIFIER, MODIFYTIME, NAME, STARTBEANID, STARTCARDINALITY, STARTELEMENTID, TS, TYPE, VERSIONTYPE) VALUES (null, null, 'd6aedba4-d717-4f89-8f30-8e3b2d994a33', null, null, 0, '1', '7156d223-4531-4337-b192-492ab40098f1', '0e27a549-c2aa-4795-89d7-6f67542ed78f', '0', 'Y', null, null, 'DaySalaryVO_pk_psnjob', 'c8b62afe-4bbb-4319-8f47-0989f39c0945', '1', 'da6221c8-2d95-4e0e-9a79-fa42631ccb1b', '2019-01-24 11:31:04', 3, 0);

INSERT INTO MD_ORMAP (ATTRIBUTEID, CLASSID, COLUMNID, DR, TABLEID, TS) VALUES ('67a43946-bba8-4aa6-9ebf-72ad69dd6530', 'c8b62afe-4bbb-4319-8f47-0989f39c0945', 'wa_daysalary@@PK@@', 0, 'wa_daysalary', '2019-01-24 11:31:04');
INSERT INTO MD_ORMAP (ATTRIBUTEID, CLASSID, COLUMNID, DR, TABLEID, TS) VALUES ('ebe9e9b4-65dc-4283-ba4e-53d3a63a7083', 'c8b62afe-4bbb-4319-8f47-0989f39c0945', 'wa_daysalary@@@groupitemts', 0, 'wa_daysalary', '2019-01-24 11:31:04');
INSERT INTO MD_ORMAP (ATTRIBUTEID, CLASSID, COLUMNID, DR, TABLEID, TS) VALUES ('08b84e7e-1349-4831-ad1b-aa99c5ff2815', 'c8b62afe-4bbb-4319-8f47-0989f39c0945', 'wa_daysalary@@@wadocts', 0, 'wa_daysalary', '2019-01-24 11:31:04');
INSERT INTO MD_ORMAP (ATTRIBUTEID, CLASSID, COLUMNID, DR, TABLEID, TS) VALUES ('f08360e0-0c61-4182-a61e-d3fa76746aa9', 'c8b62afe-4bbb-4319-8f47-0989f39c0945', 'wa_daysalary@@@cyear', 0, 'wa_daysalary', '2019-01-24 11:31:04');
INSERT INTO MD_ORMAP (ATTRIBUTEID, CLASSID, COLUMNID, DR, TABLEID, TS) VALUES ('20188956-007c-44d7-be41-9e37ce6d4a32', 'c8b62afe-4bbb-4319-8f47-0989f39c0945', 'wa_daysalary@@@cperiod', 0, 'wa_daysalary', '2019-01-24 11:31:04');
INSERT INTO MD_ORMAP (ATTRIBUTEID, CLASSID, COLUMNID, DR, TABLEID, TS) VALUES ('45b551c5-268b-4c6e-99a8-370b68c45771', 'c8b62afe-4bbb-4319-8f47-0989f39c0945', 'wa_daysalary@@@isattend', 0, 'wa_daysalary', '2019-01-24 11:31:04');
INSERT INTO MD_ORMAP (ATTRIBUTEID, CLASSID, COLUMNID, DR, TABLEID, TS) VALUES ('5772cff2-ef6c-4ba4-9501-7f6d53b14ace', 'c8b62afe-4bbb-4319-8f47-0989f39c0945', 'wa_daysalary@@@hoursalary', 0, 'wa_daysalary', '2019-01-24 11:31:04');
INSERT INTO MD_ORMAP (ATTRIBUTEID, CLASSID, COLUMNID, DR, TABLEID, TS) VALUES ('23c233cd-0683-47ef-bbd8-a30a5a957f9c', 'c8b62afe-4bbb-4319-8f47-0989f39c0945', 'wa_daysalary@@@daysalary', 0, 'wa_daysalary', '2019-01-24 11:31:04');
INSERT INTO MD_ORMAP (ATTRIBUTEID, CLASSID, COLUMNID, DR, TABLEID, TS) VALUES ('78915563-da0b-4656-93bc-8bc76e90cfdf', 'c8b62afe-4bbb-4319-8f47-0989f39c0945', 'wa_daysalary@@@pk_wa_class', 0, 'wa_daysalary', '2019-01-24 11:31:04');
INSERT INTO MD_ORMAP (ATTRIBUTEID, CLASSID, COLUMNID, DR, TABLEID, TS) VALUES ('cbc1cec7-938c-4122-9afe-2911e364277a', 'c8b62afe-4bbb-4319-8f47-0989f39c0945', 'wa_daysalary@@@pk_hrorg', 0, 'wa_daysalary', '2019-01-24 11:31:04');
INSERT INTO MD_ORMAP (ATTRIBUTEID, CLASSID, COLUMNID, DR, TABLEID, TS) VALUES ('da6221c8-2d95-4e0e-9a79-fa42631ccb1b', 'c8b62afe-4bbb-4319-8f47-0989f39c0945', 'wa_daysalary@@@pk_psnjob', 0, 'wa_daysalary', '2019-01-24 11:31:04');
INSERT INTO MD_ORMAP (ATTRIBUTEID, CLASSID, COLUMNID, DR, TABLEID, TS) VALUES ('159a1748-4c29-45c3-a103-52f6103baef6', 'c8b62afe-4bbb-4319-8f47-0989f39c0945', 'wa_daysalary@@@pk_psndoc_sub', 0, 'wa_daysalary', '2019-01-24 11:31:04');
INSERT INTO MD_ORMAP (ATTRIBUTEID, CLASSID, COLUMNID, DR, TABLEID, TS) VALUES ('fb095705-d73b-4eaa-976e-4723c4c7d73c', 'c8b62afe-4bbb-4319-8f47-0989f39c0945', 'wa_daysalary@@@pk_wa_item', 0, 'wa_daysalary', '2019-01-24 11:31:04');
INSERT INTO MD_ORMAP (ATTRIBUTEID, CLASSID, COLUMNID, DR, TABLEID, TS) VALUES ('bc4f6444-e519-4eb9-afa0-a8aaf42d6155', 'c8b62afe-4bbb-4319-8f47-0989f39c0945', 'wa_daysalary@@@taxflag', 0, 'wa_daysalary', '2019-01-24 11:31:04');
INSERT INTO MD_ORMAP (ATTRIBUTEID, CLASSID, COLUMNID, DR, TABLEID, TS) VALUES ('61e843d2-6d65-4d70-a0f7-b223c86faa4e', 'c8b62afe-4bbb-4319-8f47-0989f39c0945', 'wa_daysalary@@@pk_psndoc', 0, 'wa_daysalary', '2019-01-24 11:31:04');
INSERT INTO MD_ORMAP (ATTRIBUTEID, CLASSID, COLUMNID, DR, TABLEID, TS) VALUES ('572c014f-0605-437b-b9e6-117b2f68c333', 'c8b62afe-4bbb-4319-8f47-0989f39c0945', 'wa_daysalary@@@pk_group_item', 0, 'wa_daysalary', '2019-01-24 11:31:04');
INSERT INTO MD_ORMAP (ATTRIBUTEID, CLASSID, COLUMNID, DR, TABLEID, TS) VALUES ('398095a5-37b0-407c-989d-005bba5df4d6', 'c8b62afe-4bbb-4319-8f47-0989f39c0945', 'wa_daysalary@@@salarydate', 0, 'wa_daysalary', '2019-01-24 11:31:04');

INSERT INTO MD_CLASS (ACCESSORCLASSNAME, BIZITFIMPCLASSNAME, CLASSTYPE, COMPONENTID, CREATETIME, CREATOR, DEFAULTTABLENAME, DESCRIPTION, DISPLAYNAME, DR, FIXEDLENGTH, FULLCLASSNAME, HELP, ID, INDUSTRY, ISACTIVE, ISAUTHEN, ISCREATESQL, ISEXTENDBEAN, ISPRIMARY, KEYATTRIBUTE, MODIFIER, MODIFYTIME, MODINFOCLASSNAME, NAME, PARENTCLASSID, PRECISE, REFMODELNAME, RESID, RETURNTYPE, STEREOTYPE, TS, USERDEFCLASSNAME, VERSIONTYPE) VALUES ('nc.md.model.access.javamap.NCBeanStyle', null, 201, 'd6aedba4-d717-4f89-8f30-8e3b2d994a33', '2018-05-02 23:19:08', 'YONYOU NC', 'wa_daysalary', null, '日薪', 0, null, 'nc.vo.hrwa.wadaysalary.DaySalaryVO', null, 'c8b62afe-4bbb-4319-8f47-0989f39c0945', '0', null, 'Y', 'Y', null, 'Y', '67a43946-bba8-4aa6-9ebf-72ad69dd6530', null, '2019-01-24 11:14:29', null, 'DaySalaryVO', null, null, null, null, null, null, '2019-01-24 11:31:03', null, 0);
INSERT INTO MD_CLASS (ACCESSORCLASSNAME, BIZITFIMPCLASSNAME, CLASSTYPE, COMPONENTID, CREATETIME, CREATOR, DEFAULTTABLENAME, DESCRIPTION, DISPLAYNAME, DR, FIXEDLENGTH, FULLCLASSNAME, HELP, ID, INDUSTRY, ISACTIVE, ISAUTHEN, ISCREATESQL, ISEXTENDBEAN, ISPRIMARY, KEYATTRIBUTE, MODIFIER, MODIFYTIME, MODINFOCLASSNAME, NAME, PARENTCLASSID, PRECISE, REFMODELNAME, RESID, RETURNTYPE, STEREOTYPE, TS, USERDEFCLASSNAME, VERSIONTYPE) VALUES (null, null, 203, 'd6aedba4-d717-4f89-8f30-8e3b2d994a33', '2018-10-28 15:59:07', 'YONYOU NC', 'AvageMonthEnum', null, '平均月数', 0, null, 'nc.vo.hrwa.wadaysalary.AvageMonthEnum', null, 'a8a05ebf-1b3e-4977-b0e8-ee9ee3c50b8d', '0', null, null, null, null, 'N', null, null, '2019-01-24 11:02:32', null, 'AvageMonthEnum', null, null, null, null, 'BS000010000100001004', null, '2019-01-24 11:31:03', null, 0);
INSERT INTO MD_CLASS (ACCESSORCLASSNAME, BIZITFIMPCLASSNAME, CLASSTYPE, COMPONENTID, CREATETIME, CREATOR, DEFAULTTABLENAME, DESCRIPTION, DISPLAYNAME, DR, FIXEDLENGTH, FULLCLASSNAME, HELP, ID, INDUSTRY, ISACTIVE, ISAUTHEN, ISCREATESQL, ISEXTENDBEAN, ISPRIMARY, KEYATTRIBUTE, MODIFIER, MODIFYTIME, MODINFOCLASSNAME, NAME, PARENTCLASSID, PRECISE, REFMODELNAME, RESID, RETURNTYPE, STEREOTYPE, TS, USERDEFCLASSNAME, VERSIONTYPE) VALUES (null, null, 203, 'd6aedba4-d717-4f89-8f30-8e3b2d994a33', '2018-10-29 14:17:17', 'YONYOU NC', 'CourtDeductEnum', null, '法院强制扣款方式', 0, null, 'nc.vo.hrwa.wadaysalary.CourtDeductEnum', null, '0a4cc4da-b999-4662-aa05-c82bd47c4df7', '0', null, null, null, null, 'N', null, null, '2019-01-24 11:02:32', null, 'CourtDeductEnum', null, null, null, null, 'BS000010000100001004', null, '2019-01-24 11:31:03', null, 0);

INSERT INTO MD_COMPONENT (CREATETIME, CREATOR, DESCRIPTION, DISPLAYNAME, DR, FROMSOURCEBMF, HELP, ID, INDUSTRY, ISBIZMODEL, MODIFIER, MODIFYTIME, NAME, NAMESPACE, OWNMODULE, PRELOAD, RESID, RESMODULE, TS, VERSION, VERSIONTYPE) VALUES ('2018-04-25 14:25:02', 'YONYOU NC', null, 'wadaysalary', 0, 'Y', null, 'd6aedba4-d717-4f89-8f30-8e3b2d994a33', '0', 'N', null, '2019-01-24 11:02:32', 'wadaysalary', 'hrwa', 'hrwa', null, null, 'wadaysalary', '2019-01-24 11:31:03', '42', 0);

INSERT INTO pub_alerttype (apptag, belong_system, bizconfigclass, busi_plugin, category, descrip_resid, description, dr, executeinterval, exeintervalunit, hycode, name_resid, org_multiselectable, org_nullable, orgtype, pk_alertquery, pk_alerttype, pk_busiobj, pk_funcnode, tasktype, ts, type_code, type_name) VALUES (N'', N'hrwa', N'', N'nc.bs.hrwa.pub.plugin.CalculDaySalaryPlugin', N'preset', NULL, N'后台定时执行日薪和考勤日薪计算，将数据存放在后台表以供薪资函数调用', '0', '1', '1', N'~', NULL, N'N', N'N', N'HRORGTYPE00000000000', NULL, N'1001ZZ10000000015ZL4', NULL, N'~', '1', '2018-09-16 21:37:44', N'', N'日薪算後台任');
INSERT INTO pub_alerttype (apptag, belong_system, bizconfigclass, busi_plugin, category, descrip_resid, description, dr, executeinterval, exeintervalunit, hycode, name_resid, org_multiselectable, org_nullable, orgtype, pk_alertquery, pk_alerttype, pk_busiobj, pk_funcnode, tasktype, ts, type_code, type_name) VALUES (N'', N'hrwa', N'', N'nc.bs.hrwa.pub.plugin.CalculDaySalaryWithRangePlugin', N'preset', NULL, N'计算指定日期范围的日薪，计算的范围不能超过31天，由于计算量比较大，请慎用改后台任务', '0', '1', '1', N'~', NULL, N'N', N'Y', N'HRORGTYPE00000000000', NULL, N'1001ZZ100000000180VN', NULL, N'~', '1', '2018-09-12 23:44:19', N'', N'计算指定日期范围的日薪');

INSERT INTO pub_alerttype_b (defaultvalue, displaynameid, dr, fieldname, issingleselected, notnullable, pk_alerttype, pk_alerttype_b, refdealclass, refername, ts, variablename, vartype) VALUES (N'7', NULL, '0', N'checkrange', N'N', N'N', N'0001ZZ1000000006MJ78', N'0001ZZ1000000006MJ79', NULL, N'', '2018-09-16 21:37:13', N'数据检查范围', N'Integer');
INSERT INTO pub_alerttype_b (defaultvalue, displaynameid, dr, fieldname, issingleselected, notnullable, pk_alerttype, pk_alerttype_b, refdealclass, refername, ts, variablename, vartype) VALUES (N'31', NULL, '0', N'reserved', N'N', N'N', N'0001ZZ1000000006MJ78', N'0001ZZ1000000006MJ7A', NULL, N'', '2018-09-16 21:37:13', N'考勤薪资数据保留时间', N'Integer');
INSERT INTO pub_alerttype_b (defaultvalue, displaynameid, dr, fieldname, issingleselected, notnullable, pk_alerttype, pk_alerttype_b, refdealclass, refername, ts, variablename, vartype) VALUES (N'7', NULL, '0', N'checkrange', N'N', N'N', N'1001ZZ10000000015ZL4', N'1001ZZ10000000015ZL5', NULL, N'', '2018-09-16 21:37:44', N'z查(最大不超^7天)', N'Integer');
INSERT INTO pub_alerttype_b (defaultvalue, displaynameid, dr, fieldname, issingleselected, notnullable, pk_alerttype, pk_alerttype_b, refdealclass, refername, ts, variablename, vartype) VALUES (N'31', NULL, '0', N'reserved', N'N', N'N', N'1001ZZ10000000015ZL4', N'1001ZZ100000000180VM', NULL, N'', '2018-09-16 21:37:44', N'日薪数据保留时间', N'Integer');
INSERT INTO pub_alerttype_b (defaultvalue, displaynameid, dr, fieldname, issingleselected, notnullable, pk_alerttype, pk_alerttype_b, refdealclass, refername, ts, variablename, vartype) VALUES (N'', NULL, '0', N'begindate', N'Y', N'Y', N'1001ZZ100000000180VN', N'1001ZZ100000000180VO', NULL, N'日历', '2018-09-12 23:44:19', N'日薪计算开始日期', N'Reference');
INSERT INTO pub_alerttype_b (defaultvalue, displaynameid, dr, fieldname, issingleselected, notnullable, pk_alerttype, pk_alerttype_b, refdealclass, refername, ts, variablename, vartype) VALUES (N'', NULL, '0', N'enddate', N'Y', N'Y', N'1001ZZ100000000180VN', N'1001ZZ100000000180VP', NULL, N'日历', '2018-09-12 23:44:19', N'日薪计算结束日期', N'Reference');
--删除考勤的后台任务
delete pub_alerttype where PK_ALERTTYPE = '0001ZZ1000000006MJ78';

delete pub_alerttype_b  where PK_ALERTTYPE = '0001ZZ1000000006MJ78';
