--此脚本作为元数据发布时参考使用,以便开发者了解元数据信息在数据库中的记录.
--严禁将此脚本直接或修改后在数据库中执行,如由上述行为引发问题,概不支持.


delete from md_db_relation where startattrid in (select id from md_property where classid in ('cf7bba48-880a-45a3-86f7-9979c8f30a5f','@@@@' ) )  and starttableid in ('bd_workcalendrule','@@@@')
;delete from md_ORMap where ATTRIBUTEID in(select id from md_property where classid in ('cf7bba48-880a-45a3-86f7-9979c8f30a5f','@@@@' ) )  and tableid in ('bd_workcalendrule','@@@@') 
;delete from md_table where id not in (select distinct tableid from md_ormap )
;delete from md_column where  tableid in('bd_workcalendrule','@@@@') and id not in(select distinct columnid from md_ormap) and (isnull(groupid ,'~')='~' or groupid = id )  and name <> 'extend_bean_tag' 
;delete from md_column where tableid in ('bd_workcalendrule','@@@@')and groupid is not null and groupid not in( select distinct id from md_column where tableid in ('bd_workcalendrule','@@@@') ) 
;delete from md_db_relation where starttableid not in (select id from md_table)
;delete from md_property where classID in (select distinct id from md_class where componentID='4121fe89-35a9-43db-a94e-910a203a8668'  )  
;delete from md_association where componentID = '4121fe89-35a9-43db-a94e-910a203a8668'  
;delete from md_bizItfMap where classID in (select distinct id from md_class where componentID='4121fe89-35a9-43db-a94e-910a203a8668'  )
;delete from md_bizItfMap where classID in ( select id from md_opInterface where componentID = '4121fe89-35a9-43db-a94e-910a203a8668'  )
;delete from md_accessorPara where id in (select distinct id from md_class where componentID='4121fe89-35a9-43db-a94e-910a203a8668'  )
;delete from md_enumValue where id in (select distinct id from md_class where componentID='4121fe89-35a9-43db-a94e-910a203a8668'  ) 
;delete from md_class where componentID = '4121fe89-35a9-43db-a94e-910a203a8668'  
;delete from md_component where id = '4121fe89-35a9-43db-a94e-910a203a8668' 
;delete from md_table where (id='bd_workcalendrule')
;delete from md_column where (id='bd_workcalendrule@@PK@@')
;delete from md_column where (id='bd_workcalendrule@@@pk_group')
;delete from md_column where (id='bd_workcalendrule@@@pk_org')
;delete from md_column where (id='bd_workcalendrule@@@code')
;delete from md_column where (id='bd_workcalendrule@@@name')
;delete from md_column where (id='bd_workcalendrule@@@ondutytime')
;delete from md_column where (id='bd_workcalendrule@@@offdutytime')
;delete from md_column where (id='bd_workcalendrule@@@memo')
;delete from md_column where (id='bd_workcalendrule@@@sunday')
;delete from md_column where (id='bd_workcalendrule@@@monday')
;delete from md_column where (id='bd_workcalendrule@@@tuesday')
;delete from md_column where (id='bd_workcalendrule@@@wednesday')
;delete from md_column where (id='bd_workcalendrule@@@thursday')
;delete from md_column where (id='bd_workcalendrule@@@friday')
;delete from md_column where (id='bd_workcalendrule@@@saturday')
;delete from md_column where (id='bd_workcalendrule@@@creator')
;delete from md_column where (id='bd_workcalendrule@@@creationtime')
;delete from md_column where (id='bd_workcalendrule@@@modifier')
;delete from md_column where (id='bd_workcalendrule@@@modifiedtime')
;delete from md_column where (id='bd_workcalendrule@@@dataoriginflag')
;delete from md_column where (id='bd_workcalendrule@@@sunday1')
;delete from md_column where (id='bd_workcalendrule@@@monday1')
;delete from md_column where (id='bd_workcalendrule@@@tuesday1')
;delete from md_column where (id='bd_workcalendrule@@@wednesday1')
;delete from md_column where (id='bd_workcalendrule@@@thursday1')
;delete from md_column where (id='bd_workcalendrule@@@friday1')
;delete from md_column where (id='bd_workcalendrule@@@saturday1')
;delete from md_column where (id='bd_workcalendrule@@@sunday2')
;delete from md_column where (id='bd_workcalendrule@@@monday2')
;delete from md_column where (id='bd_workcalendrule@@@tuesday2')
;delete from md_column where (id='bd_workcalendrule@@@wednesday2')
;delete from md_column where (id='bd_workcalendrule@@@thursday2')
;delete from md_column where (id='bd_workcalendrule@@@friday2')
;delete from md_column where (id='bd_workcalendrule@@@saturday2')
;delete from md_column where (id='bd_workcalendrule@@@name2')
;delete from md_column where (id='bd_workcalendrule@@@name3')
;delete from md_column where (id='bd_workcalendrule@@@name4')
;delete from md_column where (id='bd_workcalendrule@@@name5')
;delete from md_column where (id='bd_workcalendrule@@@name6')



;insert into md_component ( createtime, creator, description, displayname, dr, fromsourcebmf, help, id, industry, isbizmodel, modifier, modifytime, name, namespace, ownmodule, preload, resid, resmodule, ts, version, versiontype ) values (  '2009-08-24 09:41:12', null, null, '工作日历规则',0, 'Y', null, '4121fe89-35a9-43db-a94e-910a203a8668', '0', 'N', 'YONYOU NC', '2018-08-10 14:18:31', 'workcalendarrule', 'uap', 'uapbd', null, '2wcr-000002', '10140wcrb', '2018-10-13 11:50:55', '57',0 ) 
;insert into md_class ( id, accessorclassname, classtype, componentid, createtime, creator, description, displayname, dr, fullclassname, help, isactive, keyattribute, modifier, modifytime, name, parentclassid, precise, refmodelname, returntype, ts, versiontype, isprimary, defaulttablename, stereotype, isauthen, resid, bizitfimpclassname, modinfoclassname, iscreatesql, isextendbean, userdefclassname, industry, fixedlength ) values (  'cf7bba48-880a-45a3-86f7-9979c8f30a5f', 'nc.md.model.access.javamap.NCBeanStyle',201, '4121fe89-35a9-43db-a94e-910a203a8668', '2009-08-24 09:41:26', null, null, '工作日历规则',0, 'nc.vo.bd.workcalendrule.WorkCalendarRuleVO', 'BDMODE,URC,DOC,BUSILOG', null, '2d8164ab-5856-45bb-94ed-d1b226becfc8', 'YONYOU NC', '2018-08-10 14:21:26', 'workcalendarrule', null,null, '工作日历规则', null, '2018-10-13 11:50:55',0, 'Y', 'bd_workcalendrule', null, 'Y', '2wcr-000002', null, null, 'Y', null, null, '0', null ) 
;insert into md_property ( id, accessorclassname, classid, createtime, creator, datatype, datatypestyle, defaultvalue, description, displayname, dr, help, isactive, hided, nullable, readonly, attrlength, attrmaxvalue, attrminvalue, modifier, modifytime, name, precise, refmodelname, attrsequence, ts, visibility, versiontype, fixedlength, calculation, isauthen, resid, customattr, notserialize, dynamicattr, dynamictable, accesspower, accesspowergroup, industry ) values (  '2d8164ab-5856-45bb-94ed-d1b226becfc8', null, 'cf7bba48-880a-45a3-86f7-9979c8f30a5f', null, null, 'BS000010000100001051',300, null, null, '主键',0, null, 'Y', 'N', 'N', 'N',20, null, null, null, null, 'pk_workcalendrule',0, null,0, '2018-10-13 11:50:55',0,0, 'N', 'N', 'Y', '2UC000-000032', 'N', 'N', 'N', null, 'N', null, '0' ) 
;insert into md_property ( id, accessorclassname, classid, createtime, creator, datatype, datatypestyle, defaultvalue, description, displayname, dr, help, isactive, hided, nullable, readonly, attrlength, attrmaxvalue, attrminvalue, modifier, modifytime, name, precise, refmodelname, attrsequence, ts, visibility, versiontype, fixedlength, calculation, isauthen, resid, customattr, notserialize, dynamicattr, dynamictable, accesspower, accesspowergroup, industry ) values (  'ac8c851d-e0d7-470a-918d-a1f2d138a712', null, 'cf7bba48-880a-45a3-86f7-9979c8f30a5f', null, null, '3b6dd171-2900-47f3-bfbe-41e4483a2a65',305, null, null, '所属集团',0, null, 'Y', 'N', 'Y', 'N',20, null, null, null, null, 'pk_group',0, '集团',1, '2018-10-13 11:50:55',0,0, 'N', 'N', 'Y', '2UC000-000367', 'N', 'N', 'N', null, 'N', null, '0' ) 
;insert into md_property ( id, accessorclassname, classid, createtime, creator, datatype, datatypestyle, defaultvalue, description, displayname, dr, help, isactive, hided, nullable, readonly, attrlength, attrmaxvalue, attrminvalue, modifier, modifytime, name, precise, refmodelname, attrsequence, ts, visibility, versiontype, fixedlength, calculation, isauthen, resid, customattr, notserialize, dynamicattr, dynamictable, accesspower, accesspowergroup, industry ) values (  '598b3c5c-4a02-48ee-95d6-8c6476cbaf24', null, 'cf7bba48-880a-45a3-86f7-9979c8f30a5f', null, null, '985be8a4-3a36-4778-8afe-2d8ed3902659',305, null, null, '所属组织',0, null, 'Y', 'N', 'N', 'N',20, null, null, null, null, 'pk_org',0, '业务单元',2, '2018-10-13 11:50:55',0,0, 'N', 'N', 'Y', '2UC000-000360', 'N', 'N', 'N', null, 'N', null, '0' ) 
;insert into md_property ( id, accessorclassname, classid, createtime, creator, datatype, datatypestyle, defaultvalue, description, displayname, dr, help, isactive, hided, nullable, readonly, attrlength, attrmaxvalue, attrminvalue, modifier, modifytime, name, precise, refmodelname, attrsequence, ts, visibility, versiontype, fixedlength, calculation, isauthen, resid, customattr, notserialize, dynamicattr, dynamictable, accesspower, accesspowergroup, industry ) values (  'cb1a86e7-8e03-4071-80df-8ceeb39c3149', null, 'cf7bba48-880a-45a3-86f7-9979c8f30a5f', null, null, 'BS000010000100001001',300, null, null, '工作日历规则编码',0, 'URC', 'Y', 'N', 'N', 'N',40, null, null, null, null, 'code',0, null,3, '2018-10-13 11:50:55',0,0, 'N', 'N', 'Y', '2wcr-000003', 'N', 'N', 'N', null, 'N', null, '0' ) 
;insert into md_property ( id, accessorclassname, classid, createtime, creator, datatype, datatypestyle, defaultvalue, description, displayname, dr, help, isactive, hided, nullable, readonly, attrlength, attrmaxvalue, attrminvalue, modifier, modifytime, name, precise, refmodelname, attrsequence, ts, visibility, versiontype, fixedlength, calculation, isauthen, resid, customattr, notserialize, dynamicattr, dynamictable, accesspower, accesspowergroup, industry ) values (  '3e9fff15-b701-4721-8696-4f1c31cbc6c5', null, 'cf7bba48-880a-45a3-86f7-9979c8f30a5f', null, null, 'BS000010000100001058',300, null, null, '工作日历规则名称',0, 'URC', 'Y', 'N', 'N', 'N',200, null, null, null, null, 'name',0, null,4, '2018-10-13 11:50:55',0,0, 'N', 'N', 'Y', '2wcr-000009', 'N', 'N', 'N', null, 'N', null, '0' ) 
;insert into md_property ( id, accessorclassname, classid, createtime, creator, datatype, datatypestyle, defaultvalue, description, displayname, dr, help, isactive, hided, nullable, readonly, attrlength, attrmaxvalue, attrminvalue, modifier, modifytime, name, precise, refmodelname, attrsequence, ts, visibility, versiontype, fixedlength, calculation, isauthen, resid, customattr, notserialize, dynamicattr, dynamictable, accesspower, accesspowergroup, industry ) values (  '1c9a511f-9589-40eb-ab8d-860019a4c9da', null, 'cf7bba48-880a-45a3-86f7-9979c8f30a5f', null, null, 'BS000010000100001001',300, null, null, '上班时间',0, null, 'Y', 'N', 'Y', 'N',8, null, null, null, null, 'ondutytime',0, null,5, '2018-10-13 11:50:55',0,0, 'N', 'N', 'Y', '2wcr-000007', 'N', 'N', 'N', null, 'N', null, '0' ) 
;insert into md_property ( id, accessorclassname, classid, createtime, creator, datatype, datatypestyle, defaultvalue, description, displayname, dr, help, isactive, hided, nullable, readonly, attrlength, attrmaxvalue, attrminvalue, modifier, modifytime, name, precise, refmodelname, attrsequence, ts, visibility, versiontype, fixedlength, calculation, isauthen, resid, customattr, notserialize, dynamicattr, dynamictable, accesspower, accesspowergroup, industry ) values (  '63bee334-7819-458e-8d96-6a3c1f9f1015', null, 'cf7bba48-880a-45a3-86f7-9979c8f30a5f', null, null, 'BS000010000100001001',300, null, null, '下班时间',0, null, 'Y', 'N', 'Y', 'N',8, null, null, null, null, 'offdutytime',0, null,6, '2018-10-13 11:50:55',0,0, 'N', 'N', 'Y', '2wcr-000004', 'N', 'N', 'N', null, 'N', null, '0' ) 
;insert into md_property ( id, accessorclassname, classid, createtime, creator, datatype, datatypestyle, defaultvalue, description, displayname, dr, help, isactive, hided, nullable, readonly, attrlength, attrmaxvalue, attrminvalue, modifier, modifytime, name, precise, refmodelname, attrsequence, ts, visibility, versiontype, fixedlength, calculation, isauthen, resid, customattr, notserialize, dynamicattr, dynamictable, accesspower, accesspowergroup, industry ) values (  '5cf1a952-494c-401b-b139-fa4d44569f4d', null, 'cf7bba48-880a-45a3-86f7-9979c8f30a5f', null, null, 'BS000010000100001001',300, null, null, '备注',0, null, 'Y', 'N', 'Y', 'N',200, null, null, null, null, 'memo',0, null,7, '2018-10-13 11:50:55',0,0, 'N', 'N', 'Y', '2UC000-000258', 'N', 'N', 'N', null, 'N', null, '0' ) 
;insert into md_property ( id, accessorclassname, classid, createtime, creator, datatype, datatypestyle, defaultvalue, description, displayname, dr, help, isactive, hided, nullable, readonly, attrlength, attrmaxvalue, attrminvalue, modifier, modifytime, name, precise, refmodelname, attrsequence, ts, visibility, versiontype, fixedlength, calculation, isauthen, resid, customattr, notserialize, dynamicattr, dynamictable, accesspower, accesspowergroup, industry ) values (  '9381ecc7-5e88-4b1d-824c-e8a7eb79365d', null, 'cf7bba48-880a-45a3-86f7-9979c8f30a5f', null, null, 'BS000010000100001032',300, null, null, '周日',0, null, 'Y', 'N', 'Y', 'N',1, null, null, null, null, 'sunday',0, null,8, '2018-10-13 11:50:55',0,0, 'N', 'N', 'Y', '2wcr-000000', 'N', 'N', 'N', null, 'N', null, '0' ) 
;insert into md_property ( id, accessorclassname, classid, createtime, creator, datatype, datatypestyle, defaultvalue, description, displayname, dr, help, isactive, hided, nullable, readonly, attrlength, attrmaxvalue, attrminvalue, modifier, modifytime, name, precise, refmodelname, attrsequence, ts, visibility, versiontype, fixedlength, calculation, isauthen, resid, customattr, notserialize, dynamicattr, dynamictable, accesspower, accesspowergroup, industry ) values (  '90cc6bcf-7ab0-4df6-a74e-b5e989d60210', null, 'cf7bba48-880a-45a3-86f7-9979c8f30a5f', null, null, 'BS000010000100001032',300, null, null, '周一',0, null, 'Y', 'N', 'Y', 'N',1, null, null, null, null, 'monday',0, null,9, '2018-10-13 11:50:55',0,0, 'N', 'N', 'Y', '2wcr-000011', 'N', 'N', 'N', null, 'N', null, '0' ) 
;insert into md_property ( id, accessorclassname, classid, createtime, creator, datatype, datatypestyle, defaultvalue, description, displayname, dr, help, isactive, hided, nullable, readonly, attrlength, attrmaxvalue, attrminvalue, modifier, modifytime, name, precise, refmodelname, attrsequence, ts, visibility, versiontype, fixedlength, calculation, isauthen, resid, customattr, notserialize, dynamicattr, dynamictable, accesspower, accesspowergroup, industry ) values (  '133e52c7-2a15-4324-a30f-48a612afa8e7', null, 'cf7bba48-880a-45a3-86f7-9979c8f30a5f', null, null, 'BS000010000100001032',300, null, null, '周二',0, null, 'Y', 'N', 'Y', 'N',1, null, null, null, null, 'tuesday',0, null,10, '2018-10-13 11:50:55',0,0, 'N', 'N', 'Y', '2wcr-000010', 'N', 'N', 'N', null, 'N', null, '0' ) 
;insert into md_property ( id, accessorclassname, classid, createtime, creator, datatype, datatypestyle, defaultvalue, description, displayname, dr, help, isactive, hided, nullable, readonly, attrlength, attrmaxvalue, attrminvalue, modifier, modifytime, name, precise, refmodelname, attrsequence, ts, visibility, versiontype, fixedlength, calculation, isauthen, resid, customattr, notserialize, dynamicattr, dynamictable, accesspower, accesspowergroup, industry ) values (  'aa52c656-04b5-4486-9f03-de7d66451d36', null, 'cf7bba48-880a-45a3-86f7-9979c8f30a5f', null, null, 'BS000010000100001032',300, null, null, '周三',0, null, 'Y', 'N', 'Y', 'N',1, null, null, null, null, 'wednesday',0, null,11, '2018-10-13 11:50:55',0,0, 'N', 'N', 'Y', '2wcr-000001', 'N', 'N', 'N', null, 'N', null, '0' ) 
;insert into md_property ( id, accessorclassname, classid, createtime, creator, datatype, datatypestyle, defaultvalue, description, displayname, dr, help, isactive, hided, nullable, readonly, attrlength, attrmaxvalue, attrminvalue, modifier, modifytime, name, precise, refmodelname, attrsequence, ts, visibility, versiontype, fixedlength, calculation, isauthen, resid, customattr, notserialize, dynamicattr, dynamictable, accesspower, accesspowergroup, industry ) values (  'bef89bb8-5dc2-4fd5-a3db-5870108283d4', null, 'cf7bba48-880a-45a3-86f7-9979c8f30a5f', null, null, 'BS000010000100001032',300, null, null, '周四',0, null, 'Y', 'N', 'Y', 'N',1, null, null, null, null, 'thursday',0, null,12, '2018-10-13 11:50:55',0,0, 'N', 'N', 'Y', '2wcr-000008', 'N', 'N', 'N', null, 'N', null, '0' ) 
;insert into md_property ( id, accessorclassname, classid, createtime, creator, datatype, datatypestyle, defaultvalue, description, displayname, dr, help, isactive, hided, nullable, readonly, attrlength, attrmaxvalue, attrminvalue, modifier, modifytime, name, precise, refmodelname, attrsequence, ts, visibility, versiontype, fixedlength, calculation, isauthen, resid, customattr, notserialize, dynamicattr, dynamictable, accesspower, accesspowergroup, industry ) values (  '3b483b0c-b1c5-410d-9f3e-6b3f7a33d701', null, 'cf7bba48-880a-45a3-86f7-9979c8f30a5f', null, null, 'BS000010000100001032',300, null, null, '周五',0, null, 'Y', 'N', 'Y', 'N',1, null, null, null, null, 'friday',0, null,13, '2018-10-13 11:50:55',0,0, 'N', 'N', 'Y', '2wcr-000006', 'N', 'N', 'N', null, 'N', null, '0' ) 
;insert into md_property ( id, accessorclassname, classid, createtime, creator, datatype, datatypestyle, defaultvalue, description, displayname, dr, help, isactive, hided, nullable, readonly, attrlength, attrmaxvalue, attrminvalue, modifier, modifytime, name, precise, refmodelname, attrsequence, ts, visibility, versiontype, fixedlength, calculation, isauthen, resid, customattr, notserialize, dynamicattr, dynamictable, accesspower, accesspowergroup, industry ) values (  '0a4e0346-4984-408e-b30d-3048da298f98', null, 'cf7bba48-880a-45a3-86f7-9979c8f30a5f', null, null, 'BS000010000100001032',300, null, null, '周六',0, null, 'Y', 'N', 'Y', 'N',1, null, null, null, null, 'saturday',0, null,14, '2018-10-13 11:50:55',0,0, 'N', 'N', 'Y', '2wcr-000005', 'N', 'N', 'N', null, 'N', null, '0' ) 
;insert into md_property ( id, accessorclassname, classid, createtime, creator, datatype, datatypestyle, defaultvalue, description, displayname, dr, help, isactive, hided, nullable, readonly, attrlength, attrmaxvalue, attrminvalue, modifier, modifytime, name, precise, refmodelname, attrsequence, ts, visibility, versiontype, fixedlength, calculation, isauthen, resid, customattr, notserialize, dynamicattr, dynamictable, accesspower, accesspowergroup, industry ) values (  '44bccd10-35bf-4dc9-b7f2-677587e0328d', null, 'cf7bba48-880a-45a3-86f7-9979c8f30a5f', null, null, 'f6f9a473-56c0-432f-8bc7-fbf8fde54fee',305, null, null, '创建人',0, null, 'Y', 'N', 'Y', 'N',20, null, null, null, null, 'creator',0, '用户',15, '2018-10-13 11:50:55',0,0, 'N', 'N', 'Y', '2UC000-000155', 'N', 'N', 'N', null, 'N', null, '0' ) 
;insert into md_property ( id, accessorclassname, classid, createtime, creator, datatype, datatypestyle, defaultvalue, description, displayname, dr, help, isactive, hided, nullable, readonly, attrlength, attrmaxvalue, attrminvalue, modifier, modifytime, name, precise, refmodelname, attrsequence, ts, visibility, versiontype, fixedlength, calculation, isauthen, resid, customattr, notserialize, dynamicattr, dynamictable, accesspower, accesspowergroup, industry ) values (  '609d7ee1-1e10-4aed-a0af-305dbc600620', null, 'cf7bba48-880a-45a3-86f7-9979c8f30a5f', null, null, 'BS000010000100001034',300, null, null, '创建时间',0, null, 'Y', 'N', 'Y', 'N',19, null, null, null, null, 'creationtime',0, null,16, '2018-10-13 11:50:55',0,0, 'N', 'N', 'Y', '2UC000-000157', 'N', 'N', 'N', null, 'N', null, '0' ) 
;insert into md_property ( id, accessorclassname, classid, createtime, creator, datatype, datatypestyle, defaultvalue, description, displayname, dr, help, isactive, hided, nullable, readonly, attrlength, attrmaxvalue, attrminvalue, modifier, modifytime, name, precise, refmodelname, attrsequence, ts, visibility, versiontype, fixedlength, calculation, isauthen, resid, customattr, notserialize, dynamicattr, dynamictable, accesspower, accesspowergroup, industry ) values (  '6294023c-7fa0-41ca-aa2c-26b7c5e22d19', null, 'cf7bba48-880a-45a3-86f7-9979c8f30a5f', null, null, 'f6f9a473-56c0-432f-8bc7-fbf8fde54fee',305, null, null, '最后修改人',0, null, 'Y', 'N', 'Y', 'N',20, null, null, null, null, 'modifier',0, '用户',17, '2018-10-13 11:50:55',0,0, 'N', 'N', 'Y', '2UC000-000490', 'N', 'N', 'N', null, 'N', null, '0' ) 
;insert into md_property ( id, accessorclassname, classid, createtime, creator, datatype, datatypestyle, defaultvalue, description, displayname, dr, help, isactive, hided, nullable, readonly, attrlength, attrmaxvalue, attrminvalue, modifier, modifytime, name, precise, refmodelname, attrsequence, ts, visibility, versiontype, fixedlength, calculation, isauthen, resid, customattr, notserialize, dynamicattr, dynamictable, accesspower, accesspowergroup, industry ) values (  'c6635052-6e75-4874-93fd-8bd86d10fcdd', null, 'cf7bba48-880a-45a3-86f7-9979c8f30a5f', null, null, 'BS000010000100001034',300, null, null, '最后修改时间',0, null, 'Y', 'N', 'Y', 'N',19, null, null, null, null, 'modifiedtime',0, null,18, '2018-10-13 11:50:55',0,0, 'N', 'N', 'Y', '2UC000-000491', 'N', 'N', 'N', null, 'N', null, '0' ) 
;insert into md_property ( id, accessorclassname, classid, createtime, creator, datatype, datatypestyle, defaultvalue, description, displayname, dr, help, isactive, hided, nullable, readonly, attrlength, attrmaxvalue, attrminvalue, modifier, modifytime, name, precise, refmodelname, attrsequence, ts, visibility, versiontype, fixedlength, calculation, isauthen, resid, customattr, notserialize, dynamicattr, dynamictable, accesspower, accesspowergroup, industry ) values (  '734e1419-34c5-4c81-9d72-e26d70ca4a6f', null, 'cf7bba48-880a-45a3-86f7-9979c8f30a5f', null, null, '2e8fa516-2b27-4ac5-981b-264f7e34cb09',300, '0', null, '分布式',0, null, 'Y', 'Y', 'Y', 'Y',0, null, null, null, null, 'dataoriginflag',0, null,19, '2018-10-13 11:50:55',0,0, 'N', 'N', 'Y', null, 'N', 'N', 'N', null, 'N', null, '0' ) 
;insert into md_property ( id, accessorclassname, classid, createtime, creator, datatype, datatypestyle, defaultvalue, description, displayname, dr, help, isactive, hided, nullable, readonly, attrlength, attrmaxvalue, attrminvalue, modifier, modifytime, name, precise, refmodelname, attrsequence, ts, visibility, versiontype, fixedlength, calculation, isauthen, resid, customattr, notserialize, dynamicattr, dynamictable, accesspower, accesspowergroup, industry ) values (  'b9d2823f-8f09-4386-a4e8-2a20dbd6e614', null, 'cf7bba48-880a-45a3-86f7-9979c8f30a5f', null, null, 'BS000010000100001032',300, null, null, '周日1',0, null, 'Y', 'N', 'Y', 'N',1, null, null, null, null, 'sunday1',0, null,20, '2018-10-13 11:50:55',0,0, 'N', 'N', 'Y', null, 'N', 'N', 'N', null, 'N', null, '0' ) 
;insert into md_property ( id, accessorclassname, classid, createtime, creator, datatype, datatypestyle, defaultvalue, description, displayname, dr, help, isactive, hided, nullable, readonly, attrlength, attrmaxvalue, attrminvalue, modifier, modifytime, name, precise, refmodelname, attrsequence, ts, visibility, versiontype, fixedlength, calculation, isauthen, resid, customattr, notserialize, dynamicattr, dynamictable, accesspower, accesspowergroup, industry ) values (  'da1ba861-8f99-48e2-ba5c-c0aba72907e0', null, 'cf7bba48-880a-45a3-86f7-9979c8f30a5f', null, null, 'BS000010000100001032',300, null, null, '周一1',0, null, 'Y', 'N', 'Y', 'N',1, null, null, null, null, 'monday1',0, null,21, '2018-10-13 11:50:55',0,0, 'N', 'N', 'Y', null, 'N', 'N', 'N', null, 'N', null, '0' ) 
;insert into md_property ( id, accessorclassname, classid, createtime, creator, datatype, datatypestyle, defaultvalue, description, displayname, dr, help, isactive, hided, nullable, readonly, attrlength, attrmaxvalue, attrminvalue, modifier, modifytime, name, precise, refmodelname, attrsequence, ts, visibility, versiontype, fixedlength, calculation, isauthen, resid, customattr, notserialize, dynamicattr, dynamictable, accesspower, accesspowergroup, industry ) values (  '2adcc3e4-0cbf-4d3e-ad6b-617a08357f43', null, 'cf7bba48-880a-45a3-86f7-9979c8f30a5f', null, null, 'BS000010000100001032',300, null, null, '周二1',0, null, 'Y', 'N', 'Y', 'N',1, null, null, null, null, 'tuesday1',0, null,22, '2018-10-13 11:50:55',0,0, 'N', 'N', 'Y', null, 'N', 'N', 'N', null, 'N', null, '0' ) 
;insert into md_property ( id, accessorclassname, classid, createtime, creator, datatype, datatypestyle, defaultvalue, description, displayname, dr, help, isactive, hided, nullable, readonly, attrlength, attrmaxvalue, attrminvalue, modifier, modifytime, name, precise, refmodelname, attrsequence, ts, visibility, versiontype, fixedlength, calculation, isauthen, resid, customattr, notserialize, dynamicattr, dynamictable, accesspower, accesspowergroup, industry ) values (  '59f9e421-b798-4f71-b32d-47e6f08755d3', null, 'cf7bba48-880a-45a3-86f7-9979c8f30a5f', null, null, 'BS000010000100001032',300, null, null, '周三1',0, null, 'Y', 'N', 'Y', 'N',1, null, null, null, null, 'wednesday1',0, null,23, '2018-10-13 11:50:55',0,0, 'N', 'N', 'Y', null, 'N', 'N', 'N', null, 'N', null, '0' ) 
;insert into md_property ( id, accessorclassname, classid, createtime, creator, datatype, datatypestyle, defaultvalue, description, displayname, dr, help, isactive, hided, nullable, readonly, attrlength, attrmaxvalue, attrminvalue, modifier, modifytime, name, precise, refmodelname, attrsequence, ts, visibility, versiontype, fixedlength, calculation, isauthen, resid, customattr, notserialize, dynamicattr, dynamictable, accesspower, accesspowergroup, industry ) values (  '6cf888fa-50e0-4e2d-b967-f6c43c7515c7', null, 'cf7bba48-880a-45a3-86f7-9979c8f30a5f', null, null, 'BS000010000100001032',300, null, null, '周四1',0, null, 'Y', 'N', 'Y', 'N',1, null, null, null, null, 'thursday1',0, null,24, '2018-10-13 11:50:55',0,0, 'N', 'N', 'Y', null, 'N', 'N', 'N', null, 'N', null, '0' ) 
;insert into md_property ( id, accessorclassname, classid, createtime, creator, datatype, datatypestyle, defaultvalue, description, displayname, dr, help, isactive, hided, nullable, readonly, attrlength, attrmaxvalue, attrminvalue, modifier, modifytime, name, precise, refmodelname, attrsequence, ts, visibility, versiontype, fixedlength, calculation, isauthen, resid, customattr, notserialize, dynamicattr, dynamictable, accesspower, accesspowergroup, industry ) values (  'b4600e5e-86fc-40eb-b118-d46984dd13c7', null, 'cf7bba48-880a-45a3-86f7-9979c8f30a5f', null, null, 'BS000010000100001032',300, null, null, '周五1',0, null, 'Y', 'N', 'Y', 'N',1, null, null, null, null, 'friday1',0, null,25, '2018-10-13 11:50:55',0,0, 'N', 'N', 'Y', null, 'N', 'N', 'N', null, 'N', null, '0' ) 
;insert into md_property ( id, accessorclassname, classid, createtime, creator, datatype, datatypestyle, defaultvalue, description, displayname, dr, help, isactive, hided, nullable, readonly, attrlength, attrmaxvalue, attrminvalue, modifier, modifytime, name, precise, refmodelname, attrsequence, ts, visibility, versiontype, fixedlength, calculation, isauthen, resid, customattr, notserialize, dynamicattr, dynamictable, accesspower, accesspowergroup, industry ) values (  'd3738d49-eaab-4179-8843-7fcd34810575', null, 'cf7bba48-880a-45a3-86f7-9979c8f30a5f', null, null, 'BS000010000100001032',300, null, null, '周六1',0, null, 'Y', 'N', 'Y', 'N',1, null, null, null, null, 'saturday1',0, null,26, '2018-10-13 11:50:55',0,0, 'N', 'N', 'Y', null, 'N', 'N', 'N', null, 'N', null, '0' ) 
;insert into md_property ( id, accessorclassname, classid, createtime, creator, datatype, datatypestyle, defaultvalue, description, displayname, dr, help, isactive, hided, nullable, readonly, attrlength, attrmaxvalue, attrminvalue, modifier, modifytime, name, precise, refmodelname, attrsequence, ts, visibility, versiontype, fixedlength, calculation, isauthen, resid, customattr, notserialize, dynamicattr, dynamictable, accesspower, accesspowergroup, industry ) values (  '95f2333e-fa33-452c-b1aa-5dc6e63ef25d', null, 'cf7bba48-880a-45a3-86f7-9979c8f30a5f', null, null, 'BS000010000100001032',300, null, null, '周日2',0, null, 'Y', 'N', 'Y', 'N',1, null, null, null, null, 'sunday2',0, null,27, '2018-10-13 11:50:55',0,0, 'N', 'N', 'Y', null, 'N', 'N', 'N', null, 'N', null, '0' ) 
;insert into md_property ( id, accessorclassname, classid, createtime, creator, datatype, datatypestyle, defaultvalue, description, displayname, dr, help, isactive, hided, nullable, readonly, attrlength, attrmaxvalue, attrminvalue, modifier, modifytime, name, precise, refmodelname, attrsequence, ts, visibility, versiontype, fixedlength, calculation, isauthen, resid, customattr, notserialize, dynamicattr, dynamictable, accesspower, accesspowergroup, industry ) values (  '352f4296-6e77-4a4a-a40f-2bc3853599ac', null, 'cf7bba48-880a-45a3-86f7-9979c8f30a5f', null, null, 'BS000010000100001032',300, null, null, '周一2',0, null, 'Y', 'N', 'Y', 'N',1, null, null, null, null, 'monday2',0, null,28, '2018-10-13 11:50:55',0,0, 'N', 'N', 'Y', null, 'N', 'N', 'N', null, 'N', null, '0' ) 
;insert into md_property ( id, accessorclassname, classid, createtime, creator, datatype, datatypestyle, defaultvalue, description, displayname, dr, help, isactive, hided, nullable, readonly, attrlength, attrmaxvalue, attrminvalue, modifier, modifytime, name, precise, refmodelname, attrsequence, ts, visibility, versiontype, fixedlength, calculation, isauthen, resid, customattr, notserialize, dynamicattr, dynamictable, accesspower, accesspowergroup, industry ) values (  '4cbc19a6-89b1-4018-975e-ce7f0a16ad15', null, 'cf7bba48-880a-45a3-86f7-9979c8f30a5f', null, null, 'BS000010000100001032',300, null, null, '周二2',0, null, 'Y', 'N', 'Y', 'N',1, null, null, null, null, 'tuesday2',0, null,29, '2018-10-13 11:50:55',0,0, 'N', 'N', 'Y', null, 'N', 'N', 'N', null, 'N', null, '0' ) 
;insert into md_property ( id, accessorclassname, classid, createtime, creator, datatype, datatypestyle, defaultvalue, description, displayname, dr, help, isactive, hided, nullable, readonly, attrlength, attrmaxvalue, attrminvalue, modifier, modifytime, name, precise, refmodelname, attrsequence, ts, visibility, versiontype, fixedlength, calculation, isauthen, resid, customattr, notserialize, dynamicattr, dynamictable, accesspower, accesspowergroup, industry ) values (  '425c29f0-b8a9-4f64-9b05-e4d32358a87d', null, 'cf7bba48-880a-45a3-86f7-9979c8f30a5f', null, null, 'BS000010000100001032',300, null, null, '周三2',0, null, 'Y', 'N', 'Y', 'N',1, null, null, null, null, 'wednesday2',0, null,30, '2018-10-13 11:50:55',0,0, 'N', 'N', 'Y', null, 'N', 'N', 'N', null, 'N', null, '0' ) 
;insert into md_property ( id, accessorclassname, classid, createtime, creator, datatype, datatypestyle, defaultvalue, description, displayname, dr, help, isactive, hided, nullable, readonly, attrlength, attrmaxvalue, attrminvalue, modifier, modifytime, name, precise, refmodelname, attrsequence, ts, visibility, versiontype, fixedlength, calculation, isauthen, resid, customattr, notserialize, dynamicattr, dynamictable, accesspower, accesspowergroup, industry ) values (  '298c8cd3-9b6d-4752-8864-28c8f0534f82', null, 'cf7bba48-880a-45a3-86f7-9979c8f30a5f', null, null, 'BS000010000100001032',300, null, null, '周四2',0, null, 'Y', 'N', 'Y', 'N',1, null, null, null, null, 'thursday2',0, null,31, '2018-10-13 11:50:55',0,0, 'N', 'N', 'Y', null, 'N', 'N', 'N', null, 'N', null, '0' ) 
;insert into md_property ( id, accessorclassname, classid, createtime, creator, datatype, datatypestyle, defaultvalue, description, displayname, dr, help, isactive, hided, nullable, readonly, attrlength, attrmaxvalue, attrminvalue, modifier, modifytime, name, precise, refmodelname, attrsequence, ts, visibility, versiontype, fixedlength, calculation, isauthen, resid, customattr, notserialize, dynamicattr, dynamictable, accesspower, accesspowergroup, industry ) values (  'dfafb299-87ff-4127-aff0-ba704419adb6', null, 'cf7bba48-880a-45a3-86f7-9979c8f30a5f', null, null, 'BS000010000100001032',300, null, null, '周五2',0, null, 'Y', 'N', 'Y', 'N',1, null, null, null, null, 'friday2',0, null,32, '2018-10-13 11:50:55',0,0, 'N', 'N', 'Y', null, 'N', 'N', 'N', null, 'N', null, '0' ) 
;insert into md_property ( id, accessorclassname, classid, createtime, creator, datatype, datatypestyle, defaultvalue, description, displayname, dr, help, isactive, hided, nullable, readonly, attrlength, attrmaxvalue, attrminvalue, modifier, modifytime, name, precise, refmodelname, attrsequence, ts, visibility, versiontype, fixedlength, calculation, isauthen, resid, customattr, notserialize, dynamicattr, dynamictable, accesspower, accesspowergroup, industry ) values (  'afecd1a0-94b7-4c88-ac5b-b80492e58767', null, 'cf7bba48-880a-45a3-86f7-9979c8f30a5f', null, null, 'BS000010000100001032',300, null, null, '周六2',0, null, 'Y', 'N', 'Y', 'N',1, null, null, null, null, 'saturday2',0, null,33, '2018-10-13 11:50:55',0,0, 'N', 'N', 'Y', null, 'N', 'N', 'N', null, 'N', null, '0' ) 
;insert into md_bizItfMap ( bizinterfaceid, intattrid, classid, classattrid, bizitfimpclassname, classattrpath, dr, ts ) values (  '6c8722b9-911a-489b-8d0d-18bd3734fcf6', '5dd3c721-22ad-42b1-9c10-4351c236bc77', 'cf7bba48-880a-45a3-86f7-9979c8f30a5f', '2d8164ab-5856-45bb-94ed-d1b226becfc8', null, null,0, '2018-10-13 11:50:55' ) 
;insert into md_bizItfMap ( bizinterfaceid, intattrid, classid, classattrid, bizitfimpclassname, classattrpath, dr, ts ) values (  '6c8722b9-911a-489b-8d0d-18bd3734fcf6', 'c8334364-7ab9-4266-8d4b-e74537935e46', 'cf7bba48-880a-45a3-86f7-9979c8f30a5f', null, null, null,0, '2018-10-13 11:50:55' ) 
;insert into md_bizItfMap ( bizinterfaceid, intattrid, classid, classattrid, bizitfimpclassname, classattrpath, dr, ts ) values (  '6c8722b9-911a-489b-8d0d-18bd3734fcf6', 'ecf1b76a-6e44-42e2-a55e-87596504775b', 'cf7bba48-880a-45a3-86f7-9979c8f30a5f', '598b3c5c-4a02-48ee-95d6-8c6476cbaf24', null, null,0, '2018-10-13 11:50:55' ) 
;insert into md_bizItfMap ( bizinterfaceid, intattrid, classid, classattrid, bizitfimpclassname, classattrpath, dr, ts ) values (  '6c8722b9-911a-489b-8d0d-18bd3734fcf6', 'd32cc17b-f415-415a-923f-0764443eb102', 'cf7bba48-880a-45a3-86f7-9979c8f30a5f', 'cb1a86e7-8e03-4071-80df-8ceeb39c3149', null, null,0, '2018-10-13 11:50:55' ) 
;insert into md_bizItfMap ( bizinterfaceid, intattrid, classid, classattrid, bizitfimpclassname, classattrpath, dr, ts ) values (  '6c8722b9-911a-489b-8d0d-18bd3734fcf6', '89578a97-42fe-439b-827c-8eabd9e3604c', 'cf7bba48-880a-45a3-86f7-9979c8f30a5f', '3e9fff15-b701-4721-8696-4f1c31cbc6c5', null, null,0, '2018-10-13 11:50:55' ) 
;insert into md_bizItfMap ( bizinterfaceid, intattrid, classid, classattrid, bizitfimpclassname, classattrpath, dr, ts ) values (  '6c8722b9-911a-489b-8d0d-18bd3734fcf6', 'a47e6cda-09e4-480b-923f-ec6f41e3e06c', 'cf7bba48-880a-45a3-86f7-9979c8f30a5f', 'ac8c851d-e0d7-470a-918d-a1f2d138a712', null, null,0, '2018-10-13 11:50:55' ) 
;insert into md_association ( id, componentid, creator, createtime, dr, endcardinality, startbeanid, endelementid, isactive, modifier, modifytime, name, startcardinality, startelementid, ts, type, versiontype, industry ) values (  '6628ab2d-a035-4db0-b3a5-cd438504e7a6', '4121fe89-35a9-43db-a94e-910a203a8668', null, null,0, '1', 'cf7bba48-880a-45a3-86f7-9979c8f30a5f', '3b6dd171-2900-47f3-bfbe-41e4483a2a65', 'Y', null, null, 'workcalendarrule_pk_group', '1', 'ac8c851d-e0d7-470a-918d-a1f2d138a712', '2018-10-13 11:50:55',3,0, '0' ) 
;insert into md_association ( id, componentid, creator, createtime, dr, endcardinality, startbeanid, endelementid, isactive, modifier, modifytime, name, startcardinality, startelementid, ts, type, versiontype, industry ) values (  'e5919a4a-34ea-4c53-8502-fadf689512ed', '4121fe89-35a9-43db-a94e-910a203a8668', null, null,0, '1', 'cf7bba48-880a-45a3-86f7-9979c8f30a5f', '985be8a4-3a36-4778-8afe-2d8ed3902659', 'Y', null, null, 'workcalendarrule_pk_org', '1', '598b3c5c-4a02-48ee-95d6-8c6476cbaf24', '2018-10-13 11:50:55',3,0, '0' ) 
;insert into md_association ( id, componentid, creator, createtime, dr, endcardinality, startbeanid, endelementid, isactive, modifier, modifytime, name, startcardinality, startelementid, ts, type, versiontype, industry ) values (  'e1577121-0a00-4dde-9a4f-d2fb0e40602c', '4121fe89-35a9-43db-a94e-910a203a8668', null, null,0, '1', 'cf7bba48-880a-45a3-86f7-9979c8f30a5f', 'f6f9a473-56c0-432f-8bc7-fbf8fde54fee', 'Y', null, null, 'workcalendarrule_creator', '1', '44bccd10-35bf-4dc9-b7f2-677587e0328d', '2018-10-13 11:50:55',3,0, '0' ) 
;insert into md_association ( id, componentid, creator, createtime, dr, endcardinality, startbeanid, endelementid, isactive, modifier, modifytime, name, startcardinality, startelementid, ts, type, versiontype, industry ) values (  '9ea2a609-62f6-40d2-959c-9b5a0458ad9e', '4121fe89-35a9-43db-a94e-910a203a8668', null, null,0, '1', 'cf7bba48-880a-45a3-86f7-9979c8f30a5f', 'f6f9a473-56c0-432f-8bc7-fbf8fde54fee', 'Y', null, null, 'workcalendarrule_modifier', '1', '6294023c-7fa0-41ca-aa2c-26b7c5e22d19', '2018-10-13 11:50:55',3,0, '0' ) 
;insert into md_table ( id, createtime, creator, databaseid, description, displayname, dr, help, isactive, fromsourcebmf, modifier, modifytime, name, ts, versiontype, resmodule, resid, parenttable, isextendtable, industry ) values (  'bd_workcalendrule', '2009-08-24 09:41:26', null, null, null, '工作日历规则',0, 'BDMODE,URC,DOC,BUSILOG', null, 'Y', 'YONYOU NC', '2018-08-10 14:21:26', 'bd_workcalendrule', '2018-10-13 11:50:55',0, '10140wcrb', '2wcr-000002', null, null, '0' ) 
;insert into md_column ( id, sqldatetype, createtime, creator, defaultvalue, description, displayname, dr, help, incrementseed, incrementstep, isactive, identitied, pkey, nullable, columnlength, modifier, modifytime, name, precise, columnsequence, tableid, ts, versiontype, resid, groupid, columntype, forlocale ) values (  'bd_workcalendrule@@PK@@', 'char', null, null, null, null, '主键',0, null,null,null, 'Y', null, 'Y', 'N',20, null, null, 'pk_workcalendrule',0,0, 'bd_workcalendrule', '2018-10-13 11:50:55',0, '2UC000-000032', null,0, 'N' ) 
;insert into md_column ( id, sqldatetype, createtime, creator, defaultvalue, description, displayname, dr, help, incrementseed, incrementstep, isactive, identitied, pkey, nullable, columnlength, modifier, modifytime, name, precise, columnsequence, tableid, ts, versiontype, resid, groupid, columntype, forlocale ) values (  'bd_workcalendrule@@@pk_group', 'varchar', null, null, '*~', null, '所属集团',0, null,null,null, 'Y', null, 'N', 'Y',20, null, null, 'pk_group',0,1, 'bd_workcalendrule', '2018-10-13 11:50:55',0, '2UC000-000367', null,0, 'N' ) 
;insert into md_column ( id, sqldatetype, createtime, creator, defaultvalue, description, displayname, dr, help, incrementseed, incrementstep, isactive, identitied, pkey, nullable, columnlength, modifier, modifytime, name, precise, columnsequence, tableid, ts, versiontype, resid, groupid, columntype, forlocale ) values (  'bd_workcalendrule@@@pk_org', 'char', null, null, null, null, '所属组织',0, null,null,null, 'Y', null, 'N', 'N',20, null, null, 'pk_org',0,2, 'bd_workcalendrule', '2018-10-13 11:50:55',0, '2UC000-000360', null,0, 'N' ) 
;insert into md_column ( id, sqldatetype, createtime, creator, defaultvalue, description, displayname, dr, help, incrementseed, incrementstep, isactive, identitied, pkey, nullable, columnlength, modifier, modifytime, name, precise, columnsequence, tableid, ts, versiontype, resid, groupid, columntype, forlocale ) values (  'bd_workcalendrule@@@code', 'varchar', null, null, null, null, '工作日历规则编码',0, 'URC',null,null, 'Y', null, 'N', 'N',40, null, null, 'code',0,3, 'bd_workcalendrule', '2018-10-13 11:50:55',0, '2wcr-000003', null,0, 'N' ) 
;insert into md_column ( id, sqldatetype, createtime, creator, defaultvalue, description, displayname, dr, help, incrementseed, incrementstep, isactive, identitied, pkey, nullable, columnlength, modifier, modifytime, name, precise, columnsequence, tableid, ts, versiontype, resid, groupid, columntype, forlocale ) values (  'bd_workcalendrule@@@name', 'varchar', null, null, null, null, '工作日历规则名称',0, 'URC',null,null, 'Y', null, 'N', 'N',200, null, null, 'name',0,0, 'bd_workcalendrule', '2018-10-13 11:50:55',0, '2wcr-000009', 'bd_workcalendrule@@@name',0, 'Y' ) 
;insert into md_column ( id, sqldatetype, createtime, creator, defaultvalue, description, displayname, dr, help, incrementseed, incrementstep, isactive, identitied, pkey, nullable, columnlength, modifier, modifytime, name, precise, columnsequence, tableid, ts, versiontype, resid, groupid, columntype, forlocale ) values (  'bd_workcalendrule@@@ondutytime', 'varchar', null, null, null, null, '上班时间',0, null,null,null, 'Y', null, 'N', 'Y',8, null, null, 'ondutytime',0,5, 'bd_workcalendrule', '2018-10-13 11:50:55',0, '2wcr-000007', null,0, 'N' ) 
;insert into md_column ( id, sqldatetype, createtime, creator, defaultvalue, description, displayname, dr, help, incrementseed, incrementstep, isactive, identitied, pkey, nullable, columnlength, modifier, modifytime, name, precise, columnsequence, tableid, ts, versiontype, resid, groupid, columntype, forlocale ) values (  'bd_workcalendrule@@@offdutytime', 'varchar', null, null, null, null, '下班时间',0, null,null,null, 'Y', null, 'N', 'Y',8, null, null, 'offdutytime',0,6, 'bd_workcalendrule', '2018-10-13 11:50:55',0, '2wcr-000004', null,0, 'N' ) 
;insert into md_column ( id, sqldatetype, createtime, creator, defaultvalue, description, displayname, dr, help, incrementseed, incrementstep, isactive, identitied, pkey, nullable, columnlength, modifier, modifytime, name, precise, columnsequence, tableid, ts, versiontype, resid, groupid, columntype, forlocale ) values (  'bd_workcalendrule@@@memo', 'varchar', null, null, null, null, '备注',0, null,null,null, 'Y', null, 'N', 'Y',200, null, null, 'memo',0,7, 'bd_workcalendrule', '2018-10-13 11:50:55',0, '2UC000-000258', null,0, 'Y' ) 
;insert into md_column ( id, sqldatetype, createtime, creator, defaultvalue, description, displayname, dr, help, incrementseed, incrementstep, isactive, identitied, pkey, nullable, columnlength, modifier, modifytime, name, precise, columnsequence, tableid, ts, versiontype, resid, groupid, columntype, forlocale ) values (  'bd_workcalendrule@@@sunday', 'char', null, null, null, null, '周日',0, null,null,null, 'Y', null, 'N', 'Y',1, null, null, 'sunday',0,8, 'bd_workcalendrule', '2018-10-13 11:50:55',0, '2wcr-000000', null,0, 'N' ) 
;insert into md_column ( id, sqldatetype, createtime, creator, defaultvalue, description, displayname, dr, help, incrementseed, incrementstep, isactive, identitied, pkey, nullable, columnlength, modifier, modifytime, name, precise, columnsequence, tableid, ts, versiontype, resid, groupid, columntype, forlocale ) values (  'bd_workcalendrule@@@monday', 'char', null, null, null, null, '周一',0, null,null,null, 'Y', null, 'N', 'Y',1, null, null, 'monday',0,9, 'bd_workcalendrule', '2018-10-13 11:50:55',0, '2wcr-000011', null,0, 'N' ) 
;insert into md_column ( id, sqldatetype, createtime, creator, defaultvalue, description, displayname, dr, help, incrementseed, incrementstep, isactive, identitied, pkey, nullable, columnlength, modifier, modifytime, name, precise, columnsequence, tableid, ts, versiontype, resid, groupid, columntype, forlocale ) values (  'bd_workcalendrule@@@tuesday', 'char', null, null, null, null, '周二',0, null,null,null, 'Y', null, 'N', 'Y',1, null, null, 'tuesday',0,10, 'bd_workcalendrule', '2018-10-13 11:50:55',0, '2wcr-000010', null,0, 'N' ) 
;insert into md_column ( id, sqldatetype, createtime, creator, defaultvalue, description, displayname, dr, help, incrementseed, incrementstep, isactive, identitied, pkey, nullable, columnlength, modifier, modifytime, name, precise, columnsequence, tableid, ts, versiontype, resid, groupid, columntype, forlocale ) values (  'bd_workcalendrule@@@wednesday', 'char', null, null, null, null, '周三',0, null,null,null, 'Y', null, 'N', 'Y',1, null, null, 'wednesday',0,11, 'bd_workcalendrule', '2018-10-13 11:50:55',0, '2wcr-000001', null,0, 'N' ) 
;insert into md_column ( id, sqldatetype, createtime, creator, defaultvalue, description, displayname, dr, help, incrementseed, incrementstep, isactive, identitied, pkey, nullable, columnlength, modifier, modifytime, name, precise, columnsequence, tableid, ts, versiontype, resid, groupid, columntype, forlocale ) values (  'bd_workcalendrule@@@thursday', 'char', null, null, null, null, '周四',0, null,null,null, 'Y', null, 'N', 'Y',1, null, null, 'thursday',0,12, 'bd_workcalendrule', '2018-10-13 11:50:55',0, '2wcr-000008', null,0, 'N' ) 
;insert into md_column ( id, sqldatetype, createtime, creator, defaultvalue, description, displayname, dr, help, incrementseed, incrementstep, isactive, identitied, pkey, nullable, columnlength, modifier, modifytime, name, precise, columnsequence, tableid, ts, versiontype, resid, groupid, columntype, forlocale ) values (  'bd_workcalendrule@@@friday', 'char', null, null, null, null, '周五',0, null,null,null, 'Y', null, 'N', 'Y',1, null, null, 'friday',0,13, 'bd_workcalendrule', '2018-10-13 11:50:55',0, '2wcr-000006', null,0, 'N' ) 
;insert into md_column ( id, sqldatetype, createtime, creator, defaultvalue, description, displayname, dr, help, incrementseed, incrementstep, isactive, identitied, pkey, nullable, columnlength, modifier, modifytime, name, precise, columnsequence, tableid, ts, versiontype, resid, groupid, columntype, forlocale ) values (  'bd_workcalendrule@@@saturday', 'char', null, null, null, null, '周六',0, null,null,null, 'Y', null, 'N', 'Y',1, null, null, 'saturday',0,14, 'bd_workcalendrule', '2018-10-13 11:50:55',0, '2wcr-000005', null,0, 'N' ) 
;insert into md_column ( id, sqldatetype, createtime, creator, defaultvalue, description, displayname, dr, help, incrementseed, incrementstep, isactive, identitied, pkey, nullable, columnlength, modifier, modifytime, name, precise, columnsequence, tableid, ts, versiontype, resid, groupid, columntype, forlocale ) values (  'bd_workcalendrule@@@creator', 'varchar', null, null, '*~', null, '创建人',0, null,null,null, 'Y', null, 'N', 'Y',20, null, null, 'creator',0,15, 'bd_workcalendrule', '2018-10-13 11:50:55',0, '2UC000-000155', null,0, 'N' ) 
;insert into md_column ( id, sqldatetype, createtime, creator, defaultvalue, description, displayname, dr, help, incrementseed, incrementstep, isactive, identitied, pkey, nullable, columnlength, modifier, modifytime, name, precise, columnsequence, tableid, ts, versiontype, resid, groupid, columntype, forlocale ) values (  'bd_workcalendrule@@@creationtime', 'char', null, null, null, null, '创建时间',0, null,null,null, 'Y', null, 'N', 'Y',19, null, null, 'creationtime',0,16, 'bd_workcalendrule', '2018-10-13 11:50:55',0, '2UC000-000157', null,0, 'N' ) 
;insert into md_column ( id, sqldatetype, createtime, creator, defaultvalue, description, displayname, dr, help, incrementseed, incrementstep, isactive, identitied, pkey, nullable, columnlength, modifier, modifytime, name, precise, columnsequence, tableid, ts, versiontype, resid, groupid, columntype, forlocale ) values (  'bd_workcalendrule@@@modifier', 'varchar', null, null, '*~', null, '最后修改人',0, null,null,null, 'Y', null, 'N', 'Y',20, null, null, 'modifier',0,17, 'bd_workcalendrule', '2018-10-13 11:50:55',0, '2UC000-000490', null,0, 'N' ) 
;insert into md_column ( id, sqldatetype, createtime, creator, defaultvalue, description, displayname, dr, help, incrementseed, incrementstep, isactive, identitied, pkey, nullable, columnlength, modifier, modifytime, name, precise, columnsequence, tableid, ts, versiontype, resid, groupid, columntype, forlocale ) values (  'bd_workcalendrule@@@modifiedtime', 'char', null, null, null, null, '最后修改时间',0, null,null,null, 'Y', null, 'N', 'Y',19, null, null, 'modifiedtime',0,18, 'bd_workcalendrule', '2018-10-13 11:50:55',0, '2UC000-000491', null,0, 'N' ) 
;insert into md_column ( id, sqldatetype, createtime, creator, defaultvalue, description, displayname, dr, help, incrementseed, incrementstep, isactive, identitied, pkey, nullable, columnlength, modifier, modifytime, name, precise, columnsequence, tableid, ts, versiontype, resid, groupid, columntype, forlocale ) values (  'bd_workcalendrule@@@dataoriginflag', 'int', null, null, '0', null, '分布式',0, null,null,null, 'Y', null, 'N', 'Y',0, null, null, 'dataoriginflag',0,19, 'bd_workcalendrule', '2018-10-13 11:50:55',0, null, null,0, 'N' ) 
;insert into md_column ( id, sqldatetype, createtime, creator, defaultvalue, description, displayname, dr, help, incrementseed, incrementstep, isactive, identitied, pkey, nullable, columnlength, modifier, modifytime, name, precise, columnsequence, tableid, ts, versiontype, resid, groupid, columntype, forlocale ) values (  'bd_workcalendrule@@@sunday1', 'char', null, null, null, null, '周日1',0, null,null,null, 'Y', null, 'N', 'Y',1, null, null, 'sunday1',0,20, 'bd_workcalendrule', '2018-10-13 11:50:55',0, null, null,0, 'N' ) 
;insert into md_column ( id, sqldatetype, createtime, creator, defaultvalue, description, displayname, dr, help, incrementseed, incrementstep, isactive, identitied, pkey, nullable, columnlength, modifier, modifytime, name, precise, columnsequence, tableid, ts, versiontype, resid, groupid, columntype, forlocale ) values (  'bd_workcalendrule@@@monday1', 'char', null, null, null, null, '周一1',0, null,null,null, 'Y', null, 'N', 'Y',1, null, null, 'monday1',0,21, 'bd_workcalendrule', '2018-10-13 11:50:55',0, null, null,0, 'N' ) 
;insert into md_column ( id, sqldatetype, createtime, creator, defaultvalue, description, displayname, dr, help, incrementseed, incrementstep, isactive, identitied, pkey, nullable, columnlength, modifier, modifytime, name, precise, columnsequence, tableid, ts, versiontype, resid, groupid, columntype, forlocale ) values (  'bd_workcalendrule@@@tuesday1', 'char', null, null, null, null, '周二1',0, null,null,null, 'Y', null, 'N', 'Y',1, null, null, 'tuesday1',0,22, 'bd_workcalendrule', '2018-10-13 11:50:55',0, null, null,0, 'N' ) 
;insert into md_column ( id, sqldatetype, createtime, creator, defaultvalue, description, displayname, dr, help, incrementseed, incrementstep, isactive, identitied, pkey, nullable, columnlength, modifier, modifytime, name, precise, columnsequence, tableid, ts, versiontype, resid, groupid, columntype, forlocale ) values (  'bd_workcalendrule@@@wednesday1', 'char', null, null, null, null, '周三1',0, null,null,null, 'Y', null, 'N', 'Y',1, null, null, 'wednesday1',0,23, 'bd_workcalendrule', '2018-10-13 11:50:55',0, null, null,0, 'N' ) 
;insert into md_column ( id, sqldatetype, createtime, creator, defaultvalue, description, displayname, dr, help, incrementseed, incrementstep, isactive, identitied, pkey, nullable, columnlength, modifier, modifytime, name, precise, columnsequence, tableid, ts, versiontype, resid, groupid, columntype, forlocale ) values (  'bd_workcalendrule@@@thursday1', 'char', null, null, null, null, '周四1',0, null,null,null, 'Y', null, 'N', 'Y',1, null, null, 'thursday1',0,24, 'bd_workcalendrule', '2018-10-13 11:50:55',0, null, null,0, 'N' ) 
;insert into md_column ( id, sqldatetype, createtime, creator, defaultvalue, description, displayname, dr, help, incrementseed, incrementstep, isactive, identitied, pkey, nullable, columnlength, modifier, modifytime, name, precise, columnsequence, tableid, ts, versiontype, resid, groupid, columntype, forlocale ) values (  'bd_workcalendrule@@@friday1', 'char', null, null, null, null, '周五1',0, null,null,null, 'Y', null, 'N', 'Y',1, null, null, 'friday1',0,25, 'bd_workcalendrule', '2018-10-13 11:50:55',0, null, null,0, 'N' ) 
;insert into md_column ( id, sqldatetype, createtime, creator, defaultvalue, description, displayname, dr, help, incrementseed, incrementstep, isactive, identitied, pkey, nullable, columnlength, modifier, modifytime, name, precise, columnsequence, tableid, ts, versiontype, resid, groupid, columntype, forlocale ) values (  'bd_workcalendrule@@@saturday1', 'char', null, null, null, null, '周六1',0, null,null,null, 'Y', null, 'N', 'Y',1, null, null, 'saturday1',0,26, 'bd_workcalendrule', '2018-10-13 11:50:55',0, null, null,0, 'N' ) 
;insert into md_column ( id, sqldatetype, createtime, creator, defaultvalue, description, displayname, dr, help, incrementseed, incrementstep, isactive, identitied, pkey, nullable, columnlength, modifier, modifytime, name, precise, columnsequence, tableid, ts, versiontype, resid, groupid, columntype, forlocale ) values (  'bd_workcalendrule@@@sunday2', 'char', null, null, null, null, '周日2',0, null,null,null, 'Y', null, 'N', 'Y',1, null, null, 'sunday2',0,27, 'bd_workcalendrule', '2018-10-13 11:50:55',0, null, null,0, 'N' ) 
;insert into md_column ( id, sqldatetype, createtime, creator, defaultvalue, description, displayname, dr, help, incrementseed, incrementstep, isactive, identitied, pkey, nullable, columnlength, modifier, modifytime, name, precise, columnsequence, tableid, ts, versiontype, resid, groupid, columntype, forlocale ) values (  'bd_workcalendrule@@@monday2', 'char', null, null, null, null, '周一2',0, null,null,null, 'Y', null, 'N', 'Y',1, null, null, 'monday2',0,28, 'bd_workcalendrule', '2018-10-13 11:50:55',0, null, null,0, 'N' ) 
;insert into md_column ( id, sqldatetype, createtime, creator, defaultvalue, description, displayname, dr, help, incrementseed, incrementstep, isactive, identitied, pkey, nullable, columnlength, modifier, modifytime, name, precise, columnsequence, tableid, ts, versiontype, resid, groupid, columntype, forlocale ) values (  'bd_workcalendrule@@@tuesday2', 'char', null, null, null, null, '周二2',0, null,null,null, 'Y', null, 'N', 'Y',1, null, null, 'tuesday2',0,29, 'bd_workcalendrule', '2018-10-13 11:50:55',0, null, null,0, 'N' ) 
;insert into md_column ( id, sqldatetype, createtime, creator, defaultvalue, description, displayname, dr, help, incrementseed, incrementstep, isactive, identitied, pkey, nullable, columnlength, modifier, modifytime, name, precise, columnsequence, tableid, ts, versiontype, resid, groupid, columntype, forlocale ) values (  'bd_workcalendrule@@@wednesday2', 'char', null, null, null, null, '周三2',0, null,null,null, 'Y', null, 'N', 'Y',1, null, null, 'wednesday2',0,30, 'bd_workcalendrule', '2018-10-13 11:50:55',0, null, null,0, 'N' ) 
;insert into md_column ( id, sqldatetype, createtime, creator, defaultvalue, description, displayname, dr, help, incrementseed, incrementstep, isactive, identitied, pkey, nullable, columnlength, modifier, modifytime, name, precise, columnsequence, tableid, ts, versiontype, resid, groupid, columntype, forlocale ) values (  'bd_workcalendrule@@@thursday2', 'char', null, null, null, null, '周四2',0, null,null,null, 'Y', null, 'N', 'Y',1, null, null, 'thursday2',0,31, 'bd_workcalendrule', '2018-10-13 11:50:55',0, null, null,0, 'N' ) 
;insert into md_column ( id, sqldatetype, createtime, creator, defaultvalue, description, displayname, dr, help, incrementseed, incrementstep, isactive, identitied, pkey, nullable, columnlength, modifier, modifytime, name, precise, columnsequence, tableid, ts, versiontype, resid, groupid, columntype, forlocale ) values (  'bd_workcalendrule@@@friday2', 'char', null, null, null, null, '周五2',0, null,null,null, 'Y', null, 'N', 'Y',1, null, null, 'friday2',0,32, 'bd_workcalendrule', '2018-10-13 11:50:55',0, null, null,0, 'N' ) 
;insert into md_column ( id, sqldatetype, createtime, creator, defaultvalue, description, displayname, dr, help, incrementseed, incrementstep, isactive, identitied, pkey, nullable, columnlength, modifier, modifytime, name, precise, columnsequence, tableid, ts, versiontype, resid, groupid, columntype, forlocale ) values (  'bd_workcalendrule@@@saturday2', 'char', null, null, null, null, '周六2',0, null,null,null, 'Y', null, 'N', 'Y',1, null, null, 'saturday2',0,33, 'bd_workcalendrule', '2018-10-13 11:50:55',0, null, null,0, 'N' ) 
;insert into md_column ( id, sqldatetype, createtime, creator, defaultvalue, description, displayname, dr, help, incrementseed, incrementstep, isactive, identitied, pkey, nullable, columnlength, modifier, modifytime, name, precise, columnsequence, tableid, ts, versiontype, resid, groupid, columntype, forlocale ) values (  'bd_workcalendrule@@@name2', 'varchar', null, null, null, null, '工作日历规则名称2',0, 'URC',null,null, 'Y', null, 'N', 'Y',200, null, null, 'name2',0,0, 'bd_workcalendrule', '2018-10-13 11:50:55',0, '2wcr-000009', 'bd_workcalendrule@@@name',0, 'Y' ) 
;insert into md_column ( id, sqldatetype, createtime, creator, defaultvalue, description, displayname, dr, help, incrementseed, incrementstep, isactive, identitied, pkey, nullable, columnlength, modifier, modifytime, name, precise, columnsequence, tableid, ts, versiontype, resid, groupid, columntype, forlocale ) values (  'bd_workcalendrule@@@name3', 'varchar', null, null, null, null, '工作日历规则名称3',0, 'URC',null,null, 'Y', null, 'N', 'Y',200, null, null, 'name3',0,0, 'bd_workcalendrule', '2018-10-13 11:50:55',0, '2wcr-000009', 'bd_workcalendrule@@@name',0, 'Y' ) 
;insert into md_column ( id, sqldatetype, createtime, creator, defaultvalue, description, displayname, dr, help, incrementseed, incrementstep, isactive, identitied, pkey, nullable, columnlength, modifier, modifytime, name, precise, columnsequence, tableid, ts, versiontype, resid, groupid, columntype, forlocale ) values (  'bd_workcalendrule@@@name4', 'varchar', null, null, null, null, '工作日历规则名称4',0, 'URC',null,null, 'Y', null, 'N', 'Y',200, null, null, 'name4',0,0, 'bd_workcalendrule', '2018-10-13 11:50:55',0, '2wcr-000009', 'bd_workcalendrule@@@name',0, 'Y' ) 
;insert into md_column ( id, sqldatetype, createtime, creator, defaultvalue, description, displayname, dr, help, incrementseed, incrementstep, isactive, identitied, pkey, nullable, columnlength, modifier, modifytime, name, precise, columnsequence, tableid, ts, versiontype, resid, groupid, columntype, forlocale ) values (  'bd_workcalendrule@@@name5', 'varchar', null, null, null, null, '工作日历规则名称5',0, 'URC',null,null, 'Y', null, 'N', 'Y',200, null, null, 'name5',0,0, 'bd_workcalendrule', '2018-10-13 11:50:55',0, '2wcr-000009', 'bd_workcalendrule@@@name',0, 'Y' ) 
;insert into md_column ( id, sqldatetype, createtime, creator, defaultvalue, description, displayname, dr, help, incrementseed, incrementstep, isactive, identitied, pkey, nullable, columnlength, modifier, modifytime, name, precise, columnsequence, tableid, ts, versiontype, resid, groupid, columntype, forlocale ) values (  'bd_workcalendrule@@@name6', 'varchar', null, null, null, null, '工作日历规则名称6',0, 'URC',null,null, 'Y', null, 'N', 'Y',200, null, null, 'name6',0,0, 'bd_workcalendrule', '2018-10-13 11:50:55',0, '2wcr-000009', 'bd_workcalendrule@@@name',0, 'Y' ) 
;insert into md_ORMap ( attributeid, classid, columnid, dr, tableid, ts ) values (  'dfafb299-87ff-4127-aff0-ba704419adb6', 'cf7bba48-880a-45a3-86f7-9979c8f30a5f', 'bd_workcalendrule@@@friday2',0, 'bd_workcalendrule', '2018-10-13 11:50:55' ) 
;insert into md_ORMap ( attributeid, classid, columnid, dr, tableid, ts ) values (  'bef89bb8-5dc2-4fd5-a3db-5870108283d4', 'cf7bba48-880a-45a3-86f7-9979c8f30a5f', 'bd_workcalendrule@@@thursday',0, 'bd_workcalendrule', '2018-10-13 11:50:55' ) 
;insert into md_ORMap ( attributeid, classid, columnid, dr, tableid, ts ) values (  '59f9e421-b798-4f71-b32d-47e6f08755d3', 'cf7bba48-880a-45a3-86f7-9979c8f30a5f', 'bd_workcalendrule@@@wednesday1',0, 'bd_workcalendrule', '2018-10-13 11:50:55' ) 
;insert into md_ORMap ( attributeid, classid, columnid, dr, tableid, ts ) values (  '133e52c7-2a15-4324-a30f-48a612afa8e7', 'cf7bba48-880a-45a3-86f7-9979c8f30a5f', 'bd_workcalendrule@@@tuesday',0, 'bd_workcalendrule', '2018-10-13 11:50:55' ) 
;insert into md_ORMap ( attributeid, classid, columnid, dr, tableid, ts ) values (  '6294023c-7fa0-41ca-aa2c-26b7c5e22d19', 'cf7bba48-880a-45a3-86f7-9979c8f30a5f', 'bd_workcalendrule@@@modifier',0, 'bd_workcalendrule', '2018-10-13 11:50:55' ) 
;insert into md_ORMap ( attributeid, classid, columnid, dr, tableid, ts ) values (  '2d8164ab-5856-45bb-94ed-d1b226becfc8', 'cf7bba48-880a-45a3-86f7-9979c8f30a5f', 'bd_workcalendrule@@PK@@',0, 'bd_workcalendrule', '2018-10-13 11:50:55' ) 
;insert into md_ORMap ( attributeid, classid, columnid, dr, tableid, ts ) values (  '3e9fff15-b701-4721-8696-4f1c31cbc6c5', 'cf7bba48-880a-45a3-86f7-9979c8f30a5f', 'bd_workcalendrule@@@name',0, 'bd_workcalendrule', '2018-10-13 11:50:55' ) 
;insert into md_ORMap ( attributeid, classid, columnid, dr, tableid, ts ) values (  'da1ba861-8f99-48e2-ba5c-c0aba72907e0', 'cf7bba48-880a-45a3-86f7-9979c8f30a5f', 'bd_workcalendrule@@@monday1',0, 'bd_workcalendrule', '2018-10-13 11:50:55' ) 
;insert into md_ORMap ( attributeid, classid, columnid, dr, tableid, ts ) values (  '352f4296-6e77-4a4a-a40f-2bc3853599ac', 'cf7bba48-880a-45a3-86f7-9979c8f30a5f', 'bd_workcalendrule@@@monday2',0, 'bd_workcalendrule', '2018-10-13 11:50:55' ) 
;insert into md_ORMap ( attributeid, classid, columnid, dr, tableid, ts ) values (  'd3738d49-eaab-4179-8843-7fcd34810575', 'cf7bba48-880a-45a3-86f7-9979c8f30a5f', 'bd_workcalendrule@@@saturday1',0, 'bd_workcalendrule', '2018-10-13 11:50:55' ) 
;insert into md_ORMap ( attributeid, classid, columnid, dr, tableid, ts ) values (  'b9d2823f-8f09-4386-a4e8-2a20dbd6e614', 'cf7bba48-880a-45a3-86f7-9979c8f30a5f', 'bd_workcalendrule@@@sunday1',0, 'bd_workcalendrule', '2018-10-13 11:50:55' ) 
;insert into md_ORMap ( attributeid, classid, columnid, dr, tableid, ts ) values (  '5cf1a952-494c-401b-b139-fa4d44569f4d', 'cf7bba48-880a-45a3-86f7-9979c8f30a5f', 'bd_workcalendrule@@@memo',0, 'bd_workcalendrule', '2018-10-13 11:50:55' ) 
;insert into md_ORMap ( attributeid, classid, columnid, dr, tableid, ts ) values (  '734e1419-34c5-4c81-9d72-e26d70ca4a6f', 'cf7bba48-880a-45a3-86f7-9979c8f30a5f', 'bd_workcalendrule@@@dataoriginflag',0, 'bd_workcalendrule', '2018-10-13 11:50:55' ) 
;insert into md_ORMap ( attributeid, classid, columnid, dr, tableid, ts ) values (  '44bccd10-35bf-4dc9-b7f2-677587e0328d', 'cf7bba48-880a-45a3-86f7-9979c8f30a5f', 'bd_workcalendrule@@@creator',0, 'bd_workcalendrule', '2018-10-13 11:50:55' ) 
;insert into md_ORMap ( attributeid, classid, columnid, dr, tableid, ts ) values (  '63bee334-7819-458e-8d96-6a3c1f9f1015', 'cf7bba48-880a-45a3-86f7-9979c8f30a5f', 'bd_workcalendrule@@@offdutytime',0, 'bd_workcalendrule', '2018-10-13 11:50:55' ) 
;insert into md_ORMap ( attributeid, classid, columnid, dr, tableid, ts ) values (  'cb1a86e7-8e03-4071-80df-8ceeb39c3149', 'cf7bba48-880a-45a3-86f7-9979c8f30a5f', 'bd_workcalendrule@@@code',0, 'bd_workcalendrule', '2018-10-13 11:50:55' ) 
;insert into md_ORMap ( attributeid, classid, columnid, dr, tableid, ts ) values (  '1c9a511f-9589-40eb-ab8d-860019a4c9da', 'cf7bba48-880a-45a3-86f7-9979c8f30a5f', 'bd_workcalendrule@@@ondutytime',0, 'bd_workcalendrule', '2018-10-13 11:50:55' ) 
;insert into md_ORMap ( attributeid, classid, columnid, dr, tableid, ts ) values (  'aa52c656-04b5-4486-9f03-de7d66451d36', 'cf7bba48-880a-45a3-86f7-9979c8f30a5f', 'bd_workcalendrule@@@wednesday',0, 'bd_workcalendrule', '2018-10-13 11:50:55' ) 
;insert into md_ORMap ( attributeid, classid, columnid, dr, tableid, ts ) values (  '609d7ee1-1e10-4aed-a0af-305dbc600620', 'cf7bba48-880a-45a3-86f7-9979c8f30a5f', 'bd_workcalendrule@@@creationtime',0, 'bd_workcalendrule', '2018-10-13 11:50:55' ) 
;insert into md_ORMap ( attributeid, classid, columnid, dr, tableid, ts ) values (  '3b483b0c-b1c5-410d-9f3e-6b3f7a33d701', 'cf7bba48-880a-45a3-86f7-9979c8f30a5f', 'bd_workcalendrule@@@friday',0, 'bd_workcalendrule', '2018-10-13 11:50:55' ) 
;insert into md_ORMap ( attributeid, classid, columnid, dr, tableid, ts ) values (  'b4600e5e-86fc-40eb-b118-d46984dd13c7', 'cf7bba48-880a-45a3-86f7-9979c8f30a5f', 'bd_workcalendrule@@@friday1',0, 'bd_workcalendrule', '2018-10-13 11:50:55' ) 
;insert into md_ORMap ( attributeid, classid, columnid, dr, tableid, ts ) values (  'ac8c851d-e0d7-470a-918d-a1f2d138a712', 'cf7bba48-880a-45a3-86f7-9979c8f30a5f', 'bd_workcalendrule@@@pk_group',0, 'bd_workcalendrule', '2018-10-13 11:50:55' ) 
;insert into md_ORMap ( attributeid, classid, columnid, dr, tableid, ts ) values (  '598b3c5c-4a02-48ee-95d6-8c6476cbaf24', 'cf7bba48-880a-45a3-86f7-9979c8f30a5f', 'bd_workcalendrule@@@pk_org',0, 'bd_workcalendrule', '2018-10-13 11:50:55' ) 
;insert into md_ORMap ( attributeid, classid, columnid, dr, tableid, ts ) values (  '425c29f0-b8a9-4f64-9b05-e4d32358a87d', 'cf7bba48-880a-45a3-86f7-9979c8f30a5f', 'bd_workcalendrule@@@wednesday2',0, 'bd_workcalendrule', '2018-10-13 11:50:55' ) 
;insert into md_ORMap ( attributeid, classid, columnid, dr, tableid, ts ) values (  '298c8cd3-9b6d-4752-8864-28c8f0534f82', 'cf7bba48-880a-45a3-86f7-9979c8f30a5f', 'bd_workcalendrule@@@thursday2',0, 'bd_workcalendrule', '2018-10-13 11:50:55' ) 
;insert into md_ORMap ( attributeid, classid, columnid, dr, tableid, ts ) values (  '2adcc3e4-0cbf-4d3e-ad6b-617a08357f43', 'cf7bba48-880a-45a3-86f7-9979c8f30a5f', 'bd_workcalendrule@@@tuesday1',0, 'bd_workcalendrule', '2018-10-13 11:50:55' ) 
;insert into md_ORMap ( attributeid, classid, columnid, dr, tableid, ts ) values (  '9381ecc7-5e88-4b1d-824c-e8a7eb79365d', 'cf7bba48-880a-45a3-86f7-9979c8f30a5f', 'bd_workcalendrule@@@sunday',0, 'bd_workcalendrule', '2018-10-13 11:50:55' ) 
;insert into md_ORMap ( attributeid, classid, columnid, dr, tableid, ts ) values (  '95f2333e-fa33-452c-b1aa-5dc6e63ef25d', 'cf7bba48-880a-45a3-86f7-9979c8f30a5f', 'bd_workcalendrule@@@sunday2',0, 'bd_workcalendrule', '2018-10-13 11:50:55' ) 
;insert into md_ORMap ( attributeid, classid, columnid, dr, tableid, ts ) values (  '6cf888fa-50e0-4e2d-b967-f6c43c7515c7', 'cf7bba48-880a-45a3-86f7-9979c8f30a5f', 'bd_workcalendrule@@@thursday1',0, 'bd_workcalendrule', '2018-10-13 11:50:55' ) 
;insert into md_ORMap ( attributeid, classid, columnid, dr, tableid, ts ) values (  '90cc6bcf-7ab0-4df6-a74e-b5e989d60210', 'cf7bba48-880a-45a3-86f7-9979c8f30a5f', 'bd_workcalendrule@@@monday',0, 'bd_workcalendrule', '2018-10-13 11:50:55' ) 
;insert into md_ORMap ( attributeid, classid, columnid, dr, tableid, ts ) values (  '0a4e0346-4984-408e-b30d-3048da298f98', 'cf7bba48-880a-45a3-86f7-9979c8f30a5f', 'bd_workcalendrule@@@saturday',0, 'bd_workcalendrule', '2018-10-13 11:50:55' ) 
;insert into md_ORMap ( attributeid, classid, columnid, dr, tableid, ts ) values (  '4cbc19a6-89b1-4018-975e-ce7f0a16ad15', 'cf7bba48-880a-45a3-86f7-9979c8f30a5f', 'bd_workcalendrule@@@tuesday2',0, 'bd_workcalendrule', '2018-10-13 11:50:55' ) 
;insert into md_ORMap ( attributeid, classid, columnid, dr, tableid, ts ) values (  'c6635052-6e75-4874-93fd-8bd86d10fcdd', 'cf7bba48-880a-45a3-86f7-9979c8f30a5f', 'bd_workcalendrule@@@modifiedtime',0, 'bd_workcalendrule', '2018-10-13 11:50:55' ) 
;insert into md_ORMap ( attributeid, classid, columnid, dr, tableid, ts ) values (  'afecd1a0-94b7-4c88-ac5b-b80492e58767', 'cf7bba48-880a-45a3-86f7-9979c8f30a5f', 'bd_workcalendrule@@@saturday2',0, 'bd_workcalendrule', '2018-10-13 11:50:55' ) 
