--metadata
delete from md_db_relation where startattrid in (select id from md_property where classid in ('09180c4d-fd76-483e-8477-07ae3258af40','1d40b9cd-7fb8-4868-bc08-ad3f8602595d','@@@@' ))  and starttableid in ('twhr_groupinsurancesetting','@@@@');
delete from md_ORMap where ATTRIBUTEID in(select id from md_property where classid in ('09180c4d-fd76-483e-8477-07ae3258af40','1d40b9cd-7fb8-4868-bc08-ad3f8602595d','@@@@' ) )  and tableid in ('twhr_groupinsurancesetting','@@@@') ;
delete from md_table where id not in (select distinct tableid from md_ormap );
delete from md_column where  tableid in('twhr_groupinsurancesetting','@@@@') and id not in(select distinct columnid from md_ormap) and (nvl(groupid ,'~')='~' or groupid = id )  and name <> 'extend_bean_tag' ;
delete from md_column where tableid in ('twhr_groupinsurancesetting','@@@@')and groupid is not null and groupid not in( select distinct id from md_column where tableid in ('twhr_groupinsurancesetting','@@@@') ) ;
delete from md_db_relation where starttableid not in (select id from md_table);
delete from md_property where classID in (select distinct id from md_class where componentID='fc2ef484-fb5f-4e84-8161-f2f9f3523f5f'  )  ;
delete from md_association where componentID = 'fc2ef484-fb5f-4e84-8161-f2f9f3523f5f'  ;
delete from md_bizItfMap where classID in (select distinct id from md_class where componentID='fc2ef484-fb5f-4e84-8161-f2f9f3523f5f'  );
delete from md_bizItfMap where classID in ( select id from md_opInterface where componentID = 'fc2ef484-fb5f-4e84-8161-f2f9f3523f5f'  );
delete from md_accessorPara where id in (select distinct id from md_class where componentID='fc2ef484-fb5f-4e84-8161-f2f9f3523f5f'  );
delete from md_enumValue where id in (select distinct id from md_class where componentID='fc2ef484-fb5f-4e84-8161-f2f9f3523f5f'  ) ;
delete from md_class where componentID = 'fc2ef484-fb5f-4e84-8161-f2f9f3523f5f'  ;
delete from md_component where id = 'fc2ef484-fb5f-4e84-8161-f2f9f3523f5f' ;
delete from md_table where (id='twhr_groupinsurancesetting');
delete from md_column where (id='twhr_groupinsurancesetting@@@def1');
delete from md_column where (id='twhr_groupinsurancesetting@@@def2');
delete from md_column where (id='twhr_groupinsurancesetting@@@def3');
delete from md_column where (id='twhr_groupinsurancesetting@@@def4');
delete from md_column where (id='twhr_groupinsurancesetting@@@def5');
delete from md_column where (id='twhr_groupinsurancesetting@@@def6');
delete from md_column where (id='twhr_groupinsurancesetting@@@def7');
delete from md_column where (id='twhr_groupinsurancesetting@@@def8');
delete from md_column where (id='twhr_groupinsurancesetting@@@def9');
delete from md_column where (id='twhr_groupinsurancesetting@@@def10');
delete from md_column where (id='twhr_groupinsurancesetting@@@def11');
delete from md_column where (id='twhr_groupinsurancesetting@@@def12');
delete from md_column where (id='twhr_groupinsurancesetting@@@def13');
delete from md_column where (id='twhr_groupinsurancesetting@@@def14');
delete from md_column where (id='twhr_groupinsurancesetting@@@def15');
delete from md_column where (id='twhr_groupinsurancesetting@@@def16');
delete from md_column where (id='twhr_groupinsurancesetting@@@def17');
delete from md_column where (id='twhr_groupinsurancesetting@@@def18');
delete from md_column where (id='twhr_groupinsurancesetting@@@def19');
delete from md_column where (id='twhr_groupinsurancesetting@@@def20');
delete from md_column where (id='twhr_groupinsurancesetting@@@creator');
delete from md_column where (id='twhr_groupinsurancesetting@@@creationtime');
delete from md_column where (id='twhr_groupinsurancesetting@@@modifier');
delete from md_column where (id='twhr_groupinsurancesetting@@@modifiedtime');
delete from md_column where (id='twhr_groupinsurancesetting@@@pk_group');
delete from md_column where (id='twhr_groupinsurancesetting@@@pk_org');
delete from md_column where (id='twhr_groupinsurancesetting@@@pk_org_v');
delete from md_column where (id='twhr_groupinsurancesetting@@PK@@');
delete from md_column where (id='twhr_groupinsurancesetting@@@code');
delete from md_column where (id='twhr_groupinsurancesetting@@@name');
delete from md_column where (id='twhr_groupinsurancesetting@@@cgrpinsid');
delete from md_column where (id='twhr_groupinsurancesetting@@@cgrpinsrelid');
delete from md_column where (id='twhr_groupinsurancesetting@@@bautoreg');
delete from md_column where (id='twhr_groupinsurancesetting@@@icalmode');
delete from md_column where (id='twhr_groupinsurancesetting@@@dtimes');
delete from md_column where (id='twhr_groupinsurancesetting@@@dupper');
delete from md_column where (id='twhr_groupinsurancesetting@@@drate');
delete from md_column where (id='twhr_groupinsurancesetting@@@cformular');
delete from md_column where (id='twhr_groupinsurancesetting@@@cformularstr');
delete from md_column where (id='twhr_groupinsurancesetting@@@dfixamount');
delete from md_column where (id='twhr_groupinsurancesetting@@@bselfpay');
delete from md_column where (id='twhr_groupinsurancesetting@@@maketime');
delete from md_column where (id='twhr_groupinsurancesetting@@@lastmaketime');
delete from md_column where (id='twhr_groupinsurancesetting@@@rowno');
GO

insert into md_component ( createtime, creator, description, displayname, dr, fromsourcebmf, help, id, industry, isbizmodel, modifier, modifytime, name, namespace, ownmodule, preload, resid, resmodule, ts, version, versiontype ) values (  '2017-08-12 11:08:05', null, null, 'groupinsurance',0, 'Y', 'smart', 'fc2ef484-fb5f-4e84-8161-f2f9f3523f5f', '0', 'N', 'YONYOU NC', '2017-08-24 13:46:23', 'groupinsurance', 'twhr', 'twhr', null, null, 'groupinsurance', '2017-09-01 17:49:41', '11',0 ) ;
insert into md_class ( id, accessorclassname, classtype, componentid, createtime, creator, description, displayname, dr, fullclassname, help, isactive, keyattribute, modifier, modifytime, name, parentclassid, precise, refmodelname, returntype, ts, versiontype, isprimary, defaulttablename, stereotype, isauthen, resid, bizitfimpclassname, modinfoclassname, iscreatesql, isextendbean, userdefclassname, industry, fixedlength ) values (  '1d40b9cd-7fb8-4868-bc08-ad3f8602595d', 'nc.md.model.access.javamap.NCBeanStyle',201, 'fc2ef484-fb5f-4e84-8161-f2f9f3523f5f', '2017-08-12 13:33:32', 'YONYOU NC', null, '团保投保设定',0, 'nc.vo.twhr.groupinsurance.GroupInsuranceSettingVO', null, null, '050c92f2-7785-4d25-a477-72c22c84f399', 'YONYOU NC', '2017-08-24 13:49:24', 'groupinsurancesetting', null,null, null, null, '2017-09-01 17:49:41',0, 'Y', 'twhr_groupinsurancesetting', null, 'Y', '2_GROUPINS-0010', null, null, 'Y', null, null, '0', null ) ;
insert into md_class ( id, accessorclassname, classtype, componentid, createtime, creator, description, displayname, dr, fullclassname, help, isactive, keyattribute, modifier, modifytime, name, parentclassid, precise, refmodelname, returntype, ts, versiontype, isprimary, defaulttablename, stereotype, isauthen, resid, bizitfimpclassname, modinfoclassname, iscreatesql, isextendbean, userdefclassname, industry, fixedlength ) values (  '09180c4d-fd76-483e-8477-07ae3258af40', null,203, 'fc2ef484-fb5f-4e84-8161-f2f9f3523f5f', '2017-08-13 08:57:27', 'YONYOU NC', null, '计算方式',0, 'nc.vo.twhr.groupinsurance.CalcModelEnum', null, null, null, 'YONYOU NC', '2017-08-24 13:46:23', 'CalcModeEnum', null,null, null, 'BS000010000100001001', '2017-09-01 17:49:41',0, 'N', 'CalcModeEnum', null, null, '2_GROUPINS-0001', null, null, null, null, null, '0', null ) ;
insert into md_enumValue ( id, description, dr, name, ts, value, versiontype, hidden, resid, enumsequence, industry ) values (  '09180c4d-fd76-483e-8477-07ae3258af40', null,0, '保薪基数', '2017-09-01 17:49:41', '1',0, 'N', '2_GROUPINS-0002',0, '0' ) ;
insert into md_enumValue ( id, description, dr, name, ts, value, versiontype, hidden, resid, enumsequence, industry ) values (  '09180c4d-fd76-483e-8477-07ae3258af40', null,0, '定额', '2017-09-01 17:49:41', '2',0, 'N', '2_GROUPINS-0006',1, '0' ) ;
insert into md_enumValue ( id, description, dr, name, ts, value, versiontype, hidden, resid, enumsequence, industry ) values (  '09180c4d-fd76-483e-8477-07ae3258af40', null,0, '公式', '2017-09-01 17:49:41', '3',0, 'N', '2_GROUPINS-0004',2, '0' ) ;
insert into md_property ( id, accessorclassname, classid, createtime, creator, datatype, datatypestyle, defaultvalue, description, displayname, dr, help, isactive, hided, nullable, readonly, attrlength, attrmaxvalue, attrminvalue, modifier, modifytime, name, precise, refmodelname, attrsequence, ts, visibility, versiontype, fixedlength, calculation, isauthen, resid, customattr, notserialize, dynamicattr, dynamictable, accesspower, accesspowergroup, industry ) values (  '53417dc6-415d-408c-8463-8d8b347ddd55', null, '1d40b9cd-7fb8-4868-bc08-ad3f8602595d', null, null, 'BS000010000100001001',300, null, null, '自定义项1',0, null, 'Y', 'N', 'Y', 'N',100, null, null, null, null, 'def1',0, null,0, '2017-09-01 17:49:41',0,0, 'N', 'N', 'Y', '2201112-000071', 'N', 'N', 'N', null, 'N', null, '0' ) ;
insert into md_property ( id, accessorclassname, classid, createtime, creator, datatype, datatypestyle, defaultvalue, description, displayname, dr, help, isactive, hided, nullable, readonly, attrlength, attrmaxvalue, attrminvalue, modifier, modifytime, name, precise, refmodelname, attrsequence, ts, visibility, versiontype, fixedlength, calculation, isauthen, resid, customattr, notserialize, dynamicattr, dynamictable, accesspower, accesspowergroup, industry ) values (  'bbe23893-c98f-4d07-914d-a2667ae75bbd', null, '1d40b9cd-7fb8-4868-bc08-ad3f8602595d', null, null, 'BS000010000100001001',300, null, null, '自定义项2',0, null, 'Y', 'N', 'Y', 'N',100, null, null, null, null, 'def2',0, null,1, '2017-09-01 17:49:41',0,0, 'N', 'N', 'Y', '2201112-000073', 'N', 'N', 'N', null, 'N', null, '0' ) ;
insert into md_property ( id, accessorclassname, classid, createtime, creator, datatype, datatypestyle, defaultvalue, description, displayname, dr, help, isactive, hided, nullable, readonly, attrlength, attrmaxvalue, attrminvalue, modifier, modifytime, name, precise, refmodelname, attrsequence, ts, visibility, versiontype, fixedlength, calculation, isauthen, resid, customattr, notserialize, dynamicattr, dynamictable, accesspower, accesspowergroup, industry ) values (  '2cd9656c-6865-4ee2-ae92-1dc63dbb2a5b', null, '1d40b9cd-7fb8-4868-bc08-ad3f8602595d', null, null, 'BS000010000100001001',300, null, null, '自定义项3',0, null, 'Y', 'N', 'Y', 'N',100, null, null, null, null, 'def3',0, null,2, '2017-09-01 17:49:41',0,0, 'N', 'N', 'Y', '2201112-000074', 'N', 'N', 'N', null, 'N', null, '0' ) ;
insert into md_property ( id, accessorclassname, classid, createtime, creator, datatype, datatypestyle, defaultvalue, description, displayname, dr, help, isactive, hided, nullable, readonly, attrlength, attrmaxvalue, attrminvalue, modifier, modifytime, name, precise, refmodelname, attrsequence, ts, visibility, versiontype, fixedlength, calculation, isauthen, resid, customattr, notserialize, dynamicattr, dynamictable, accesspower, accesspowergroup, industry ) values (  '0b84ba27-be24-4166-8979-961ce9b866e6', null, '1d40b9cd-7fb8-4868-bc08-ad3f8602595d', null, null, 'BS000010000100001001',300, null, null, '自定义项4',0, null, 'Y', 'N', 'Y', 'N',100, null, null, null, null, 'def4',0, null,3, '2017-09-01 17:49:41',0,0, 'N', 'N', 'Y', '2201112-000075', 'N', 'N', 'N', null, 'N', null, '0' ) ;
insert into md_property ( id, accessorclassname, classid, createtime, creator, datatype, datatypestyle, defaultvalue, description, displayname, dr, help, isactive, hided, nullable, readonly, attrlength, attrmaxvalue, attrminvalue, modifier, modifytime, name, precise, refmodelname, attrsequence, ts, visibility, versiontype, fixedlength, calculation, isauthen, resid, customattr, notserialize, dynamicattr, dynamictable, accesspower, accesspowergroup, industry ) values (  'a3a4e3f0-c5fb-45e8-83f3-eb1d0409b914', null, '1d40b9cd-7fb8-4868-bc08-ad3f8602595d', null, null, 'BS000010000100001001',300, null, null, '自定义项5',0, null, 'Y', 'N', 'Y', 'N',100, null, null, null, null, 'def5',0, null,4, '2017-09-01 17:49:41',0,0, 'N', 'N', 'Y', '2201112-000076', 'N', 'N', 'N', null, 'N', null, '0' ) ;
insert into md_property ( id, accessorclassname, classid, createtime, creator, datatype, datatypestyle, defaultvalue, description, displayname, dr, help, isactive, hided, nullable, readonly, attrlength, attrmaxvalue, attrminvalue, modifier, modifytime, name, precise, refmodelname, attrsequence, ts, visibility, versiontype, fixedlength, calculation, isauthen, resid, customattr, notserialize, dynamicattr, dynamictable, accesspower, accesspowergroup, industry ) values (  'cfff5599-c181-4a1d-ba27-a4ba77628a9b', null, '1d40b9cd-7fb8-4868-bc08-ad3f8602595d', null, null, 'BS000010000100001001',300, null, null, '自定义项6',0, null, 'Y', 'N', 'Y', 'N',100, null, null, null, null, 'def6',0, null,5, '2017-09-01 17:49:41',0,0, 'N', 'N', 'Y', '2201112-000077', 'N', 'N', 'N', null, 'N', null, '0' ) ;
insert into md_property ( id, accessorclassname, classid, createtime, creator, datatype, datatypestyle, defaultvalue, description, displayname, dr, help, isactive, hided, nullable, readonly, attrlength, attrmaxvalue, attrminvalue, modifier, modifytime, name, precise, refmodelname, attrsequence, ts, visibility, versiontype, fixedlength, calculation, isauthen, resid, customattr, notserialize, dynamicattr, dynamictable, accesspower, accesspowergroup, industry ) values (  '86cc020a-380b-4171-a3b9-2bf122a322f2', null, '1d40b9cd-7fb8-4868-bc08-ad3f8602595d', null, null, 'BS000010000100001001',300, null, null, '自定义项7',0, null, 'Y', 'N', 'Y', 'N',100, null, null, null, null, 'def7',0, null,6, '2017-09-01 17:49:41',0,0, 'N', 'N', 'Y', '2201112-000078', 'N', 'N', 'N', null, 'N', null, '0' ) ;
insert into md_property ( id, accessorclassname, classid, createtime, creator, datatype, datatypestyle, defaultvalue, description, displayname, dr, help, isactive, hided, nullable, readonly, attrlength, attrmaxvalue, attrminvalue, modifier, modifytime, name, precise, refmodelname, attrsequence, ts, visibility, versiontype, fixedlength, calculation, isauthen, resid, customattr, notserialize, dynamicattr, dynamictable, accesspower, accesspowergroup, industry ) values (  '269b794b-30d0-4670-acf1-c238b92491cc', null, '1d40b9cd-7fb8-4868-bc08-ad3f8602595d', null, null, 'BS000010000100001001',300, null, null, '自定义项8',0, null, 'Y', 'N', 'Y', 'N',100, null, null, null, null, 'def8',0, null,7, '2017-09-01 17:49:41',0,0, 'N', 'N', 'Y', '2201112-000079', 'N', 'N', 'N', null, 'N', null, '0' ) ;
insert into md_property ( id, accessorclassname, classid, createtime, creator, datatype, datatypestyle, defaultvalue, description, displayname, dr, help, isactive, hided, nullable, readonly, attrlength, attrmaxvalue, attrminvalue, modifier, modifytime, name, precise, refmodelname, attrsequence, ts, visibility, versiontype, fixedlength, calculation, isauthen, resid, customattr, notserialize, dynamicattr, dynamictable, accesspower, accesspowergroup, industry ) values (  'cae9a708-7ba0-4c38-aa95-e34a86599d41', null, '1d40b9cd-7fb8-4868-bc08-ad3f8602595d', null, null, 'BS000010000100001001',300, null, null, '自定义项9',0, null, 'Y', 'N', 'Y', 'N',100, null, null, null, null, 'def9',0, null,8, '2017-09-01 17:49:41',0,0, 'N', 'N', 'Y', '2201112-000081', 'N', 'N', 'N', null, 'N', null, '0' ) ;
insert into md_property ( id, accessorclassname, classid, createtime, creator, datatype, datatypestyle, defaultvalue, description, displayname, dr, help, isactive, hided, nullable, readonly, attrlength, attrmaxvalue, attrminvalue, modifier, modifytime, name, precise, refmodelname, attrsequence, ts, visibility, versiontype, fixedlength, calculation, isauthen, resid, customattr, notserialize, dynamicattr, dynamictable, accesspower, accesspowergroup, industry ) values (  '7bedb0a6-7f8a-4e78-b338-60c17c4d06f5', null, '1d40b9cd-7fb8-4868-bc08-ad3f8602595d', null, null, 'BS000010000100001001',300, null, null, '自定义项10',0, null, 'Y', 'N', 'Y', 'N',100, null, null, null, null, 'def10',0, null,9, '2017-09-01 17:49:41',0,0, 'N', 'N', 'Y', '2201112-000026', 'N', 'N', 'N', null, 'N', null, '0' ) ;
insert into md_property ( id, accessorclassname, classid, createtime, creator, datatype, datatypestyle, defaultvalue, description, displayname, dr, help, isactive, hided, nullable, readonly, attrlength, attrmaxvalue, attrminvalue, modifier, modifytime, name, precise, refmodelname, attrsequence, ts, visibility, versiontype, fixedlength, calculation, isauthen, resid, customattr, notserialize, dynamicattr, dynamictable, accesspower, accesspowergroup, industry ) values (  '928e61c5-e2dd-4bf8-8923-709628f4c141', null, '1d40b9cd-7fb8-4868-bc08-ad3f8602595d', null, null, 'BS000010000100001001',300, null, null, '自定义项11',0, null, 'Y', 'N', 'Y', 'N',100, null, null, null, null, 'def11',0, null,10, '2017-09-01 17:49:41',0,0, 'N', 'N', 'Y', '2201112-000035', 'N', 'N', 'N', null, 'N', null, '0' ) ;
insert into md_property ( id, accessorclassname, classid, createtime, creator, datatype, datatypestyle, defaultvalue, description, displayname, dr, help, isactive, hided, nullable, readonly, attrlength, attrmaxvalue, attrminvalue, modifier, modifytime, name, precise, refmodelname, attrsequence, ts, visibility, versiontype, fixedlength, calculation, isauthen, resid, customattr, notserialize, dynamicattr, dynamictable, accesspower, accesspowergroup, industry ) values (  'f524d9e8-78e3-41bf-b7b7-b398bcf7d133', null, '1d40b9cd-7fb8-4868-bc08-ad3f8602595d', null, null, 'BS000010000100001001',300, null, null, '自定义项12',0, null, 'Y', 'N', 'Y', 'N',100, null, null, null, null, 'def12',0, null,11, '2017-09-01 17:49:41',0,0, 'N', 'N', 'Y', '2201112-000036', 'N', 'N', 'N', null, 'N', null, '0' ) ;
insert into md_property ( id, accessorclassname, classid, createtime, creator, datatype, datatypestyle, defaultvalue, description, displayname, dr, help, isactive, hided, nullable, readonly, attrlength, attrmaxvalue, attrminvalue, modifier, modifytime, name, precise, refmodelname, attrsequence, ts, visibility, versiontype, fixedlength, calculation, isauthen, resid, customattr, notserialize, dynamicattr, dynamictable, accesspower, accesspowergroup, industry ) values (  'e31f2b5d-8143-4bc2-964d-4006759cc2f8', null, '1d40b9cd-7fb8-4868-bc08-ad3f8602595d', null, null, 'BS000010000100001001',300, null, null, '自定义项13',0, null, 'Y', 'N', 'Y', 'N',100, null, null, null, null, 'def13',0, null,12, '2017-09-01 17:49:41',0,0, 'N', 'N', 'Y', '2201112-000032', 'N', 'N', 'N', null, 'N', null, '0' ) ;
insert into md_property ( id, accessorclassname, classid, createtime, creator, datatype, datatypestyle, defaultvalue, description, displayname, dr, help, isactive, hided, nullable, readonly, attrlength, attrmaxvalue, attrminvalue, modifier, modifytime, name, precise, refmodelname, attrsequence, ts, visibility, versiontype, fixedlength, calculation, isauthen, resid, customattr, notserialize, dynamicattr, dynamictable, accesspower, accesspowergroup, industry ) values (  '5d638df7-9478-44df-9135-db65a6d01ce0', null, '1d40b9cd-7fb8-4868-bc08-ad3f8602595d', null, null, 'BS000010000100001001',300, null, null, '自定义项14',0, null, 'Y', 'N', 'Y', 'N',100, null, null, null, null, 'def14',0, null,13, '2017-09-01 17:49:41',0,0, 'N', 'N', 'Y', '2201112-000034', 'N', 'N', 'N', null, 'N', null, '0' ) ;
insert into md_property ( id, accessorclassname, classid, createtime, creator, datatype, datatypestyle, defaultvalue, description, displayname, dr, help, isactive, hided, nullable, readonly, attrlength, attrmaxvalue, attrminvalue, modifier, modifytime, name, precise, refmodelname, attrsequence, ts, visibility, versiontype, fixedlength, calculation, isauthen, resid, customattr, notserialize, dynamicattr, dynamictable, accesspower, accesspowergroup, industry ) values (  'df47eea7-e3e3-4812-8760-a07a538ee549', null, '1d40b9cd-7fb8-4868-bc08-ad3f8602595d', null, null, 'BS000010000100001001',300, null, null, '自定义项15',0, null, 'Y', 'N', 'Y', 'N',100, null, null, null, null, 'def15',0, null,14, '2017-09-01 17:49:41',0,0, 'N', 'N', 'Y', '2201112-000030', 'N', 'N', 'N', null, 'N', null, '0' ) ;
insert into md_property ( id, accessorclassname, classid, createtime, creator, datatype, datatypestyle, defaultvalue, description, displayname, dr, help, isactive, hided, nullable, readonly, attrlength, attrmaxvalue, attrminvalue, modifier, modifytime, name, precise, refmodelname, attrsequence, ts, visibility, versiontype, fixedlength, calculation, isauthen, resid, customattr, notserialize, dynamicattr, dynamictable, accesspower, accesspowergroup, industry ) values (  '210fb4f4-bd83-4bfe-909d-9d7d158171c2', null, '1d40b9cd-7fb8-4868-bc08-ad3f8602595d', null, null, 'BS000010000100001001',300, null, null, '自定义项16',0, null, 'Y', 'N', 'Y', 'N',100, null, null, null, null, 'def16',0, null,15, '2017-09-01 17:49:41',0,0, 'N', 'N', 'Y', '2201112-000031', 'N', 'N', 'N', null, 'N', null, '0' ) ;
insert into md_property ( id, accessorclassname, classid, createtime, creator, datatype, datatypestyle, defaultvalue, description, displayname, dr, help, isactive, hided, nullable, readonly, attrlength, attrmaxvalue, attrminvalue, modifier, modifytime, name, precise, refmodelname, attrsequence, ts, visibility, versiontype, fixedlength, calculation, isauthen, resid, customattr, notserialize, dynamicattr, dynamictable, accesspower, accesspowergroup, industry ) values (  '1a448052-7745-40d9-abe4-0f2a37a80677', null, '1d40b9cd-7fb8-4868-bc08-ad3f8602595d', null, null, 'BS000010000100001001',300, null, null, '自定义项17',0, null, 'Y', 'N', 'Y', 'N',100, null, null, null, null, 'def17',0, null,16, '2017-09-01 17:49:41',0,0, 'N', 'N', 'Y', '2201112-000027', 'N', 'N', 'N', null, 'N', null, '0' ) ;
insert into md_property ( id, accessorclassname, classid, createtime, creator, datatype, datatypestyle, defaultvalue, description, displayname, dr, help, isactive, hided, nullable, readonly, attrlength, attrmaxvalue, attrminvalue, modifier, modifytime, name, precise, refmodelname, attrsequence, ts, visibility, versiontype, fixedlength, calculation, isauthen, resid, customattr, notserialize, dynamicattr, dynamictable, accesspower, accesspowergroup, industry ) values (  '0814b540-1b39-4b89-8a91-ce908c79bf4a', null, '1d40b9cd-7fb8-4868-bc08-ad3f8602595d', null, null, 'BS000010000100001001',300, null, null, '自定义项18',0, null, 'Y', 'N', 'Y', 'N',100, null, null, null, null, 'def18',0, null,17, '2017-09-01 17:49:41',0,0, 'N', 'N', 'Y', '2201112-000029', 'N', 'N', 'N', null, 'N', null, '0' ) ;
insert into md_property ( id, accessorclassname, classid, createtime, creator, datatype, datatypestyle, defaultvalue, description, displayname, dr, help, isactive, hided, nullable, readonly, attrlength, attrmaxvalue, attrminvalue, modifier, modifytime, name, precise, refmodelname, attrsequence, ts, visibility, versiontype, fixedlength, calculation, isauthen, resid, customattr, notserialize, dynamicattr, dynamictable, accesspower, accesspowergroup, industry ) values (  'd5b469fa-0795-4bb4-844e-dc545be2d4b3', null, '1d40b9cd-7fb8-4868-bc08-ad3f8602595d', null, null, 'BS000010000100001001',300, null, null, '自定义项19',0, null, 'Y', 'N', 'Y', 'N',100, null, null, null, null, 'def19',0, null,18, '2017-09-01 17:49:41',0,0, 'N', 'N', 'Y', '2201112-000037', 'N', 'N', 'N', null, 'N', null, '0' ) ;
insert into md_property ( id, accessorclassname, classid, createtime, creator, datatype, datatypestyle, defaultvalue, description, displayname, dr, help, isactive, hided, nullable, readonly, attrlength, attrmaxvalue, attrminvalue, modifier, modifytime, name, precise, refmodelname, attrsequence, ts, visibility, versiontype, fixedlength, calculation, isauthen, resid, customattr, notserialize, dynamicattr, dynamictable, accesspower, accesspowergroup, industry ) values (  '14c36156-9d37-4129-8661-31c7f0e62f49', null, '1d40b9cd-7fb8-4868-bc08-ad3f8602595d', null, null, 'BS000010000100001001',300, null, null, '自定义项20',0, null, 'Y', 'N', 'Y', 'N',100, null, null, null, null, 'def20',0, null,19, '2017-09-01 17:49:41',0,0, 'N', 'N', 'Y', '2201112-000041', 'N', 'N', 'N', null, 'N', null, '0' ) ;
insert into md_property ( id, accessorclassname, classid, createtime, creator, datatype, datatypestyle, defaultvalue, description, displayname, dr, help, isactive, hided, nullable, readonly, attrlength, attrmaxvalue, attrminvalue, modifier, modifytime, name, precise, refmodelname, attrsequence, ts, visibility, versiontype, fixedlength, calculation, isauthen, resid, customattr, notserialize, dynamicattr, dynamictable, accesspower, accesspowergroup, industry ) values (  '8123d1a6-d5b8-4e6d-af9d-696ed9ac44fe', null, '1d40b9cd-7fb8-4868-bc08-ad3f8602595d', null, null, 'f6f9a473-56c0-432f-8bc7-fbf8fde54fee',305, null, null, '创建人',0, null, 'Y', 'N', 'Y', 'N',20, null, null, null, null, 'creator',0, '用户',20, '2017-09-01 17:49:41',0,0, 'N', 'N', 'Y', '2201112-000004', 'N', 'N', 'N', null, 'N', null, '0' ) ;
insert into md_property ( id, accessorclassname, classid, createtime, creator, datatype, datatypestyle, defaultvalue, description, displayname, dr, help, isactive, hided, nullable, readonly, attrlength, attrmaxvalue, attrminvalue, modifier, modifytime, name, precise, refmodelname, attrsequence, ts, visibility, versiontype, fixedlength, calculation, isauthen, resid, customattr, notserialize, dynamicattr, dynamictable, accesspower, accesspowergroup, industry ) values (  '8270a7dc-ae30-4fac-b72b-6aa21d0f5f83', null, '1d40b9cd-7fb8-4868-bc08-ad3f8602595d', null, null, 'BS000010000100001034',300, null, null, '创建时间',0, null, 'Y', 'N', 'Y', 'N',19, null, null, null, null, 'creationtime',0, null,21, '2017-09-01 17:49:41',0,0, 'N', 'N', 'Y', '2201112-000003', 'N', 'N', 'N', null, 'N', null, '0' ) ;
insert into md_property ( id, accessorclassname, classid, createtime, creator, datatype, datatypestyle, defaultvalue, description, displayname, dr, help, isactive, hided, nullable, readonly, attrlength, attrmaxvalue, attrminvalue, modifier, modifytime, name, precise, refmodelname, attrsequence, ts, visibility, versiontype, fixedlength, calculation, isauthen, resid, customattr, notserialize, dynamicattr, dynamictable, accesspower, accesspowergroup, industry ) values (  '92cc31e6-afe0-48e1-9cc5-66e04b37584f', null, '1d40b9cd-7fb8-4868-bc08-ad3f8602595d', null, null, 'f6f9a473-56c0-432f-8bc7-fbf8fde54fee',305, null, null, '修改人',0, null, 'Y', 'N', 'Y', 'N',20, null, null, null, null, 'modifier',0, '用户',22, '2017-09-01 17:49:41',0,0, 'N', 'N', 'Y', '2UC000-000098', 'N', 'N', 'N', null, 'N', null, '0' ) ;
insert into md_property ( id, accessorclassname, classid, createtime, creator, datatype, datatypestyle, defaultvalue, description, displayname, dr, help, isactive, hided, nullable, readonly, attrlength, attrmaxvalue, attrminvalue, modifier, modifytime, name, precise, refmodelname, attrsequence, ts, visibility, versiontype, fixedlength, calculation, isauthen, resid, customattr, notserialize, dynamicattr, dynamictable, accesspower, accesspowergroup, industry ) values (  'f890b977-34a0-4466-bca8-0c139154a0af', null, '1d40b9cd-7fb8-4868-bc08-ad3f8602595d', null, null, 'BS000010000100001034',300, null, null, '修改时间',0, null, 'Y', 'N', 'Y', 'N',19, null, null, null, null, 'modifiedtime',0, null,23, '2017-09-01 17:49:41',0,0, 'N', 'N', 'Y', '2UC000-000100', 'N', 'N', 'N', null, 'N', null, '0' ) ;
insert into md_property ( id, accessorclassname, classid, createtime, creator, datatype, datatypestyle, defaultvalue, description, displayname, dr, help, isactive, hided, nullable, readonly, attrlength, attrmaxvalue, attrminvalue, modifier, modifytime, name, precise, refmodelname, attrsequence, ts, visibility, versiontype, fixedlength, calculation, isauthen, resid, customattr, notserialize, dynamicattr, dynamictable, accesspower, accesspowergroup, industry ) values (  'b8acd575-7f0e-4ee7-b425-669bfc4b94e5', null, '1d40b9cd-7fb8-4868-bc08-ad3f8602595d', null, null, '3b6dd171-2900-47f3-bfbe-41e4483a2a65',305, null, null, '集团',0, null, 'Y', 'N', 'Y', 'N',20, null, null, null, null, 'pk_group',0, null,24, '2017-09-01 17:49:41',0,0, 'N', 'N', 'Y', '2UC000-001007', 'N', 'N', 'N', null, 'N', null, '0' ) ;
insert into md_property ( id, accessorclassname, classid, createtime, creator, datatype, datatypestyle, defaultvalue, description, displayname, dr, help, isactive, hided, nullable, readonly, attrlength, attrmaxvalue, attrminvalue, modifier, modifytime, name, precise, refmodelname, attrsequence, ts, visibility, versiontype, fixedlength, calculation, isauthen, resid, customattr, notserialize, dynamicattr, dynamictable, accesspower, accesspowergroup, industry ) values (  'b3fdd35d-f43f-4492-82d1-b10b52f5f12c', null, '1d40b9cd-7fb8-4868-bc08-ad3f8602595d', null, null, '985be8a4-3a36-4778-8afe-2d8ed3902659',305, null, null, '组织',0, null, 'Y', 'N', 'Y', 'N',20, null, null, null, null, 'pk_org',0, null,25, '2017-09-01 17:49:41',0,0, 'N', 'N', 'Y', '2UC000-000693', 'N', 'N', 'N', null, 'N', null, '0' ) ;
insert into md_property ( id, accessorclassname, classid, createtime, creator, datatype, datatypestyle, defaultvalue, description, displayname, dr, help, isactive, hided, nullable, readonly, attrlength, attrmaxvalue, attrminvalue, modifier, modifytime, name, precise, refmodelname, attrsequence, ts, visibility, versiontype, fixedlength, calculation, isauthen, resid, customattr, notserialize, dynamicattr, dynamictable, accesspower, accesspowergroup, industry ) values (  'b39281a5-cc61-4ae2-b43b-74f60f8eea55', null, '1d40b9cd-7fb8-4868-bc08-ad3f8602595d', null, null, 'da7bba89-9a59-42d6-a262-c13ef459dbd9',305, null, null, '组织版本',0, null, 'Y', 'N', 'Y', 'N',20, null, null, null, null, 'pk_org_v',0, null,26, '2017-09-01 17:49:41',0,0, 'N', 'N', 'Y', '2UC000-000701', 'N', 'N', 'N', null, 'N', null, '0' ) ;
insert into md_property ( id, accessorclassname, classid, createtime, creator, datatype, datatypestyle, defaultvalue, description, displayname, dr, help, isactive, hided, nullable, readonly, attrlength, attrmaxvalue, attrminvalue, modifier, modifytime, name, precise, refmodelname, attrsequence, ts, visibility, versiontype, fixedlength, calculation, isauthen, resid, customattr, notserialize, dynamicattr, dynamictable, accesspower, accesspowergroup, industry ) values (  '050c92f2-7785-4d25-a477-72c22c84f399', null, '1d40b9cd-7fb8-4868-bc08-ad3f8602595d', null, null, 'BS000010000100001051',300, null, null, 'ID',0, null, 'Y', 'N', 'N', 'N',20, null, null, null, null, 'id',0, null,27, '2017-09-01 17:49:41',0,0, 'N', 'N', 'Y', null, 'N', 'N', 'N', null, 'N', null, '0' ) ;
insert into md_property ( id, accessorclassname, classid, createtime, creator, datatype, datatypestyle, defaultvalue, description, displayname, dr, help, isactive, hided, nullable, readonly, attrlength, attrmaxvalue, attrminvalue, modifier, modifytime, name, precise, refmodelname, attrsequence, ts, visibility, versiontype, fixedlength, calculation, isauthen, resid, customattr, notserialize, dynamicattr, dynamictable, accesspower, accesspowergroup, industry ) values (  'ae100732-548d-4016-8a40-f9ca85baf386', null, '1d40b9cd-7fb8-4868-bc08-ad3f8602595d', null, null, 'BS000010000100001001',300, null, null, '编码',0, null, 'Y', 'N', 'Y', 'N',50, null, null, null, null, 'code',0, null,28, '2017-09-01 17:49:41',0,0, 'N', 'N', 'Y', '2201112-000118', 'N', 'N', 'N', null, 'N', null, '0' ) ;
insert into md_property ( id, accessorclassname, classid, createtime, creator, datatype, datatypestyle, defaultvalue, description, displayname, dr, help, isactive, hided, nullable, readonly, attrlength, attrmaxvalue, attrminvalue, modifier, modifytime, name, precise, refmodelname, attrsequence, ts, visibility, versiontype, fixedlength, calculation, isauthen, resid, customattr, notserialize, dynamicattr, dynamictable, accesspower, accesspowergroup, industry ) values (  'c51e6023-622e-4d64-b038-ac4ba367be4e', null, '1d40b9cd-7fb8-4868-bc08-ad3f8602595d', null, null, 'BS000010000100001001',300, null, null, '名称',0, null, 'Y', 'N', 'Y', 'N',50, null, null, null, null, 'name',0, null,29, '2017-09-01 17:49:41',0,0, 'N', 'N', 'Y', '2201112-000108', 'N', 'N', 'N', null, 'N', null, '0' ) ;
insert into md_property ( id, accessorclassname, classid, createtime, creator, datatype, datatypestyle, defaultvalue, description, displayname, dr, help, isactive, hided, nullable, readonly, attrlength, attrmaxvalue, attrminvalue, modifier, modifytime, name, precise, refmodelname, attrsequence, ts, visibility, versiontype, fixedlength, calculation, isauthen, resid, customattr, notserialize, dynamicattr, dynamictable, accesspower, accesspowergroup, industry ) values (  'e06be917-aefb-4cb1-99a3-69199d53f082', null, '1d40b9cd-7fb8-4868-bc08-ad3f8602595d', null, null, '85efe9e1-3bc2-492e-a92a-f52d3acff25d',305, null, null, '团保险种',0, null, 'Y', 'N', 'Y', 'N',20, null, null, null, null, 'cgrpinsid',0, '自定义档案',30, '2017-09-01 17:49:41',0,0, 'N', 'N', 'Y', '2_GROUPINS-0003', 'N', 'N', 'N', null, 'N', null, '0' ) ;
insert into md_property ( id, accessorclassname, classid, createtime, creator, datatype, datatypestyle, defaultvalue, description, displayname, dr, help, isactive, hided, nullable, readonly, attrlength, attrmaxvalue, attrminvalue, modifier, modifytime, name, precise, refmodelname, attrsequence, ts, visibility, versiontype, fixedlength, calculation, isauthen, resid, customattr, notserialize, dynamicattr, dynamictable, accesspower, accesspowergroup, industry ) values (  'f347b068-12fd-4e24-b7fc-18c674da7a55', null, '1d40b9cd-7fb8-4868-bc08-ad3f8602595d', null, null, '85efe9e1-3bc2-492e-a92a-f52d3acff25d',305, null, null, '团保身份',0, null, 'Y', 'N', 'Y', 'N',20, null, null, null, null, 'cgrpinsrelid',0, '自定义档案',31, '2017-09-01 17:49:41',0,0, 'N', 'N', 'Y', '2_GROUPINS-0011', 'N', 'N', 'N', null, 'N', null, '0' ) ;
insert into md_property ( id, accessorclassname, classid, createtime, creator, datatype, datatypestyle, defaultvalue, description, displayname, dr, help, isactive, hided, nullable, readonly, attrlength, attrmaxvalue, attrminvalue, modifier, modifytime, name, precise, refmodelname, attrsequence, ts, visibility, versiontype, fixedlength, calculation, isauthen, resid, customattr, notserialize, dynamicattr, dynamictable, accesspower, accesspowergroup, industry ) values (  '8bb2366a-f4a2-499d-8ee7-a649802368cc', null, '1d40b9cd-7fb8-4868-bc08-ad3f8602595d', null, null, 'BS000010000100001032',300, null, null, '入职自动加保',0, null, 'Y', 'N', 'Y', 'N',1, null, null, null, null, 'bautoreg',0, null,32, '2017-09-01 17:49:41',0,0, 'N', 'N', 'Y', '2_GROUPINS-0005', 'N', 'N', 'N', null, 'N', null, '0' ) ;
insert into md_property ( id, accessorclassname, classid, createtime, creator, datatype, datatypestyle, defaultvalue, description, displayname, dr, help, isactive, hided, nullable, readonly, attrlength, attrmaxvalue, attrminvalue, modifier, modifytime, name, precise, refmodelname, attrsequence, ts, visibility, versiontype, fixedlength, calculation, isauthen, resid, customattr, notserialize, dynamicattr, dynamictable, accesspower, accesspowergroup, industry ) values (  '2b317ebb-10ec-4923-9d74-58dfe4013dfb', null, '1d40b9cd-7fb8-4868-bc08-ad3f8602595d', null, null, '09180c4d-fd76-483e-8477-07ae3258af40',300, null, null, '计算方式',0, null, 'Y', 'N', 'Y', 'N',50, null, null, null, null, 'icalmode',0, null,33, '2017-09-01 17:49:41',0,0, 'N', 'N', 'Y', '2_GROUPINS-0001', 'N', 'N', 'N', null, 'N', null, '0' ) ;
insert into md_property ( id, accessorclassname, classid, createtime, creator, datatype, datatypestyle, defaultvalue, description, displayname, dr, help, isactive, hided, nullable, readonly, attrlength, attrmaxvalue, attrminvalue, modifier, modifytime, name, precise, refmodelname, attrsequence, ts, visibility, versiontype, fixedlength, calculation, isauthen, resid, customattr, notserialize, dynamicattr, dynamictable, accesspower, accesspowergroup, industry ) values (  '3fb2f3cb-d075-44fb-b134-6d5ed8f93fe8', null, '1d40b9cd-7fb8-4868-bc08-ad3f8602595d', null, null, 'BS000010000100001031',300, null, null, '倍数',0, null, 'Y', 'N', 'Y', 'N',28, null, null, null, null, 'dtimes',8, null,34, '2017-09-01 17:49:41',0,0, 'N', 'N', 'Y', '2_GROUPINS-0012', 'N', 'N', 'N', null, 'N', null, '0' ) ;
insert into md_property ( id, accessorclassname, classid, createtime, creator, datatype, datatypestyle, defaultvalue, description, displayname, dr, help, isactive, hided, nullable, readonly, attrlength, attrmaxvalue, attrminvalue, modifier, modifytime, name, precise, refmodelname, attrsequence, ts, visibility, versiontype, fixedlength, calculation, isauthen, resid, customattr, notserialize, dynamicattr, dynamictable, accesspower, accesspowergroup, industry ) values (  '0ad22429-6464-434e-8cf2-533fba2d4812', null, '1d40b9cd-7fb8-4868-bc08-ad3f8602595d', null, null, 'BS000010000100001031',300, null, null, '上限',0, null, 'Y', 'N', 'Y', 'N',28, null, null, null, null, 'dupper',8, null,35, '2017-09-01 17:49:41',0,0, 'N', 'N', 'Y', '2_GROUPINS-0008', 'N', 'N', 'N', null, 'N', null, '0' ) ;
insert into md_property ( id, accessorclassname, classid, createtime, creator, datatype, datatypestyle, defaultvalue, description, displayname, dr, help, isactive, hided, nullable, readonly, attrlength, attrmaxvalue, attrminvalue, modifier, modifytime, name, precise, refmodelname, attrsequence, ts, visibility, versiontype, fixedlength, calculation, isauthen, resid, customattr, notserialize, dynamicattr, dynamictable, accesspower, accesspowergroup, industry ) values (  '600d93c3-e216-4996-8e79-f67ced73e538', null, '1d40b9cd-7fb8-4868-bc08-ad3f8602595d', null, null, 'BS000010000100001031',300, null, null, '费率',0, null, 'Y', 'N', 'Y', 'N',28, null, null, null, null, 'drate',8, null,36, '2017-09-01 17:49:41',0,0, 'N', 'N', 'Y', '2_GROUPINS-0009', 'N', 'N', 'N', null, 'N', null, '0' ) ;
insert into md_property ( id, accessorclassname, classid, createtime, creator, datatype, datatypestyle, defaultvalue, description, displayname, dr, help, isactive, hided, nullable, readonly, attrlength, attrmaxvalue, attrminvalue, modifier, modifytime, name, precise, refmodelname, attrsequence, ts, visibility, versiontype, fixedlength, calculation, isauthen, resid, customattr, notserialize, dynamicattr, dynamictable, accesspower, accesspowergroup, industry ) values (  '5b3b6abf-408e-4f92-b1fa-2a2f51d92f32', null, '1d40b9cd-7fb8-4868-bc08-ad3f8602595d', null, null, 'BS000010000100001001',300, null, null, '公式',0, null, 'Y', 'N', 'Y', 'N',2000, null, null, null, null, 'cformular',0, null,37, '2017-09-01 17:49:41',0,0, 'N', 'N', 'Y', '2_GROUPINS-0004', 'N', 'N', 'N', null, 'N', null, '0' ) ;
insert into md_property ( id, accessorclassname, classid, createtime, creator, datatype, datatypestyle, defaultvalue, description, displayname, dr, help, isactive, hided, nullable, readonly, attrlength, attrmaxvalue, attrminvalue, modifier, modifytime, name, precise, refmodelname, attrsequence, ts, visibility, versiontype, fixedlength, calculation, isauthen, resid, customattr, notserialize, dynamicattr, dynamictable, accesspower, accesspowergroup, industry ) values (  'b1163693-4c0c-4263-a54e-8eb30ca57a6d', null, '1d40b9cd-7fb8-4868-bc08-ad3f8602595d', null, null, 'BS000010000100001001',300, null, null, '公式解析',0, null, 'Y', 'N', 'Y', 'N',2000, null, null, null, null, 'cformularstr',0, null,38, '2017-09-01 17:49:41',0,0, 'N', 'N', 'Y', '2_GROUPINS-0007', 'N', 'N', 'N', null, 'N', null, '0' ) ;
insert into md_property ( id, accessorclassname, classid, createtime, creator, datatype, datatypestyle, defaultvalue, description, displayname, dr, help, isactive, hided, nullable, readonly, attrlength, attrmaxvalue, attrminvalue, modifier, modifytime, name, precise, refmodelname, attrsequence, ts, visibility, versiontype, fixedlength, calculation, isauthen, resid, customattr, notserialize, dynamicattr, dynamictable, accesspower, accesspowergroup, industry ) values (  '800c0962-0fec-465a-b8cc-51fad011637f', null, '1d40b9cd-7fb8-4868-bc08-ad3f8602595d', null, null, 'BS000010000100001031',300, null, null, '定额',0, null, 'Y', 'N', 'Y', 'N',28, null, null, null, null, 'dfixamount',8, null,39, '2017-09-01 17:49:41',0,0, 'N', 'N', 'Y', '2_GROUPINS-0006', 'N', 'N', 'N', null, 'N', null, '0' ) ;
insert into md_property ( id, accessorclassname, classid, createtime, creator, datatype, datatypestyle, defaultvalue, description, displayname, dr, help, isactive, hided, nullable, readonly, attrlength, attrmaxvalue, attrminvalue, modifier, modifytime, name, precise, refmodelname, attrsequence, ts, visibility, versiontype, fixedlength, calculation, isauthen, resid, customattr, notserialize, dynamicattr, dynamictable, accesspower, accesspowergroup, industry ) values (  'cf306201-a15f-4f3d-b54d-8f4700d341ea', null, '1d40b9cd-7fb8-4868-bc08-ad3f8602595d', null, null, 'BS000010000100001032',300, null, null, '自费',0, null, 'Y', 'N', 'Y', 'N',1, null, null, null, null, 'bselfpay',0, null,40, '2017-09-01 17:49:41',0,0, 'N', 'N', 'Y', '2_GROUPINS-0000', 'N', 'N', 'N', null, 'N', null, '0' ) ;
insert into md_property ( id, accessorclassname, classid, createtime, creator, datatype, datatypestyle, defaultvalue, description, displayname, dr, help, isactive, hided, nullable, readonly, attrlength, attrmaxvalue, attrminvalue, modifier, modifytime, name, precise, refmodelname, attrsequence, ts, visibility, versiontype, fixedlength, calculation, isauthen, resid, customattr, notserialize, dynamicattr, dynamictable, accesspower, accesspowergroup, industry ) values (  'e5826155-6b3d-46b0-922e-2cc6bea59ffe', null, '1d40b9cd-7fb8-4868-bc08-ad3f8602595d', null, null, 'BS000010000100001034',300, null, null, '制单时间',0, null, 'Y', 'N', 'Y', 'N',19, null, null, null, null, 'maketime',0, null,41, '2017-09-01 17:49:41',0,0, 'N', 'N', 'Y', '2UC000-000167', 'N', 'N', 'N', null, 'N', null, '0' ) ;
insert into md_property ( id, accessorclassname, classid, createtime, creator, datatype, datatypestyle, defaultvalue, description, displayname, dr, help, isactive, hided, nullable, readonly, attrlength, attrmaxvalue, attrminvalue, modifier, modifytime, name, precise, refmodelname, attrsequence, ts, visibility, versiontype, fixedlength, calculation, isauthen, resid, customattr, notserialize, dynamicattr, dynamictable, accesspower, accesspowergroup, industry ) values (  '5e86546d-0b31-43a3-80c9-bca7ae5758c1', null, '1d40b9cd-7fb8-4868-bc08-ad3f8602595d', null, null, 'BS000010000100001034',300, null, null, '最后修改时间',0, null, 'Y', 'N', 'Y', 'N',19, null, null, null, null, 'lastmaketime',0, null,42, '2017-09-01 17:49:41',0,0, 'N', 'N', 'Y', '2UC000-000491', 'N', 'N', 'N', null, 'N', null, '0' ) ;
insert into md_property ( id, accessorclassname, classid, createtime, creator, datatype, datatypestyle, defaultvalue, description, displayname, dr, help, isactive, hided, nullable, readonly, attrlength, attrmaxvalue, attrminvalue, modifier, modifytime, name, precise, refmodelname, attrsequence, ts, visibility, versiontype, fixedlength, calculation, isauthen, resid, customattr, notserialize, dynamicattr, dynamictable, accesspower, accesspowergroup, industry ) values (  'fdd8eee5-32b6-49bc-8e41-1bb390a65ef3', null, '1d40b9cd-7fb8-4868-bc08-ad3f8602595d', null, null, 'BS000010000100001001',300, null, null, '行号',0, null, 'Y', 'N', 'Y', 'N',50, null, null, null, null, 'rowno',0, null,43, '2017-09-01 17:49:41',0,0, 'N', 'N', 'Y', '2201112-000067', 'N', 'N', 'N', null, 'N', null, '0' ) ;
insert into md_bizItfMap ( bizinterfaceid, intattrid, classid, classattrid, bizitfimpclassname, classattrpath, dr, ts ) values (  '2b226ae1-aad9-4abe-a405-36bcacaa94a8', 'e5a2aef6-8d58-416a-b8b7-4dd10e13d788', '1d40b9cd-7fb8-4868-bc08-ad3f8602595d', '8123d1a6-d5b8-4e6d-af9d-696ed9ac44fe', null, null,0, '2017-09-01 17:49:41' ) ;
insert into md_bizItfMap ( bizinterfaceid, intattrid, classid, classattrid, bizitfimpclassname, classattrpath, dr, ts ) values (  '2b226ae1-aad9-4abe-a405-36bcacaa94a8', '49b6b1ae-cd5b-4b54-99cd-a6bb9fee7343', '1d40b9cd-7fb8-4868-bc08-ad3f8602595d', '8270a7dc-ae30-4fac-b72b-6aa21d0f5f83', null, null,0, '2017-09-01 17:49:41' ) ;
insert into md_bizItfMap ( bizinterfaceid, intattrid, classid, classattrid, bizitfimpclassname, classattrpath, dr, ts ) values (  '2b226ae1-aad9-4abe-a405-36bcacaa94a8', '54c42368-5a43-4295-a7d4-74d276eed522', '1d40b9cd-7fb8-4868-bc08-ad3f8602595d', '92cc31e6-afe0-48e1-9cc5-66e04b37584f', null, null,0, '2017-09-01 17:49:41' ) ;
insert into md_bizItfMap ( bizinterfaceid, intattrid, classid, classattrid, bizitfimpclassname, classattrpath, dr, ts ) values (  '2b226ae1-aad9-4abe-a405-36bcacaa94a8', '0abfd569-b9cf-4c44-a8d9-45979c083b08', '1d40b9cd-7fb8-4868-bc08-ad3f8602595d', 'f890b977-34a0-4466-bca8-0c139154a0af', null, null,0, '2017-09-01 17:49:41' ) ;
insert into md_bizItfMap ( bizinterfaceid, intattrid, classid, classattrid, bizitfimpclassname, classattrpath, dr, ts ) values (  'ede1e93f-a86e-4588-b441-9db78f30219f', '72145ab5-b7fa-448e-ad62-8e13cd547191', '1d40b9cd-7fb8-4868-bc08-ad3f8602595d', 'b3fdd35d-f43f-4492-82d1-b10b52f5f12c', null, null,0, '2017-09-01 17:49:41' ) ;
insert into md_bizItfMap ( bizinterfaceid, intattrid, classid, classattrid, bizitfimpclassname, classattrpath, dr, ts ) values (  'ede1e93f-a86e-4588-b441-9db78f30219f', '0c37faa9-6e38-4e27-b596-dabc8d5ad732', '1d40b9cd-7fb8-4868-bc08-ad3f8602595d', 'b39281a5-cc61-4ae2-b43b-74f60f8eea55', null, null,0, '2017-09-01 17:49:41' ) ;
insert into md_bizItfMap ( bizinterfaceid, intattrid, classid, classattrid, bizitfimpclassname, classattrpath, dr, ts ) values (  '6c8722b9-911a-489b-8d0d-18bd3734fcf6', '5dd3c721-22ad-42b1-9c10-4351c236bc77', '1d40b9cd-7fb8-4868-bc08-ad3f8602595d', '050c92f2-7785-4d25-a477-72c22c84f399', null, null,0, '2017-09-01 17:49:41' ) ;
insert into md_bizItfMap ( bizinterfaceid, intattrid, classid, classattrid, bizitfimpclassname, classattrpath, dr, ts ) values (  '6c8722b9-911a-489b-8d0d-18bd3734fcf6', 'c8334364-7ab9-4266-8d4b-e74537935e46', '1d40b9cd-7fb8-4868-bc08-ad3f8602595d', null, null, null,0, '2017-09-01 17:49:41' ) ;
insert into md_bizItfMap ( bizinterfaceid, intattrid, classid, classattrid, bizitfimpclassname, classattrpath, dr, ts ) values (  '6c8722b9-911a-489b-8d0d-18bd3734fcf6', 'ecf1b76a-6e44-42e2-a55e-87596504775b', '1d40b9cd-7fb8-4868-bc08-ad3f8602595d', 'b3fdd35d-f43f-4492-82d1-b10b52f5f12c', null, null,0, '2017-09-01 17:49:41' ) ;
insert into md_bizItfMap ( bizinterfaceid, intattrid, classid, classattrid, bizitfimpclassname, classattrpath, dr, ts ) values (  '6c8722b9-911a-489b-8d0d-18bd3734fcf6', 'd32cc17b-f415-415a-923f-0764443eb102', '1d40b9cd-7fb8-4868-bc08-ad3f8602595d', 'ae100732-548d-4016-8a40-f9ca85baf386', null, null,0, '2017-09-01 17:49:41' ) ;
insert into md_bizItfMap ( bizinterfaceid, intattrid, classid, classattrid, bizitfimpclassname, classattrpath, dr, ts ) values (  '6c8722b9-911a-489b-8d0d-18bd3734fcf6', '89578a97-42fe-439b-827c-8eabd9e3604c', '1d40b9cd-7fb8-4868-bc08-ad3f8602595d', 'c51e6023-622e-4d64-b038-ac4ba367be4e', null, null,0, '2017-09-01 17:49:41' ) ;
insert into md_bizItfMap ( bizinterfaceid, intattrid, classid, classattrid, bizitfimpclassname, classattrpath, dr, ts ) values (  '6c8722b9-911a-489b-8d0d-18bd3734fcf6', 'a47e6cda-09e4-480b-923f-ec6f41e3e06c', '1d40b9cd-7fb8-4868-bc08-ad3f8602595d', 'b8acd575-7f0e-4ee7-b425-669bfc4b94e5', null, null,0, '2017-09-01 17:49:41' ) ;
insert into md_association ( id, componentid, creator, createtime, dr, endcardinality, startbeanid, endelementid, isactive, modifier, modifytime, name, startcardinality, startelementid, ts, type, versiontype, industry ) values (  '55a07bae-6b30-4cbf-9586-31330dfaab3f', 'fc2ef484-fb5f-4e84-8161-f2f9f3523f5f', null, null,0, '1', '1d40b9cd-7fb8-4868-bc08-ad3f8602595d', 'f6f9a473-56c0-432f-8bc7-fbf8fde54fee', 'Y', null, null, 'groupinsurancesetting_creator', '1', '8123d1a6-d5b8-4e6d-af9d-696ed9ac44fe', '2017-09-01 17:49:41',3,0, '0' ) ;
insert into md_association ( id, componentid, creator, createtime, dr, endcardinality, startbeanid, endelementid, isactive, modifier, modifytime, name, startcardinality, startelementid, ts, type, versiontype, industry ) values (  '8bc05bd8-aa1b-4c80-a745-853b776d6dc7', 'fc2ef484-fb5f-4e84-8161-f2f9f3523f5f', null, null,0, '1', '1d40b9cd-7fb8-4868-bc08-ad3f8602595d', 'f6f9a473-56c0-432f-8bc7-fbf8fde54fee', 'Y', null, null, 'groupinsurancesetting_modifier', '1', '92cc31e6-afe0-48e1-9cc5-66e04b37584f', '2017-09-01 17:49:41',3,0, '0' ) ;
insert into md_association ( id, componentid, creator, createtime, dr, endcardinality, startbeanid, endelementid, isactive, modifier, modifytime, name, startcardinality, startelementid, ts, type, versiontype, industry ) values (  '7de1b4ad-4d04-434f-83f4-9d89d9fad5b7', 'fc2ef484-fb5f-4e84-8161-f2f9f3523f5f', null, null,0, '1', '1d40b9cd-7fb8-4868-bc08-ad3f8602595d', '3b6dd171-2900-47f3-bfbe-41e4483a2a65', 'Y', null, null, 'groupinsurancesetting_pk_group', '1', 'b8acd575-7f0e-4ee7-b425-669bfc4b94e5', '2017-09-01 17:49:41',3,0, '0' ) ;
insert into md_association ( id, componentid, creator, createtime, dr, endcardinality, startbeanid, endelementid, isactive, modifier, modifytime, name, startcardinality, startelementid, ts, type, versiontype, industry ) values (  '137912a4-e75f-446d-b857-3931ffaa5a70', 'fc2ef484-fb5f-4e84-8161-f2f9f3523f5f', null, null,0, '1', '1d40b9cd-7fb8-4868-bc08-ad3f8602595d', '985be8a4-3a36-4778-8afe-2d8ed3902659', 'Y', null, null, 'groupinsurancesetting_pk_org', '1', 'b3fdd35d-f43f-4492-82d1-b10b52f5f12c', '2017-09-01 17:49:41',3,0, '0' ) ;
insert into md_association ( id, componentid, creator, createtime, dr, endcardinality, startbeanid, endelementid, isactive, modifier, modifytime, name, startcardinality, startelementid, ts, type, versiontype, industry ) values (  'c23ed598-1834-4001-ad38-5985c8287478', 'fc2ef484-fb5f-4e84-8161-f2f9f3523f5f', null, null,0, '1', '1d40b9cd-7fb8-4868-bc08-ad3f8602595d', 'da7bba89-9a59-42d6-a262-c13ef459dbd9', 'Y', null, null, 'groupinsurancesetting_pk_org_v', '1', 'b39281a5-cc61-4ae2-b43b-74f60f8eea55', '2017-09-01 17:49:41',3,0, '0' ) ;
insert into md_association ( id, componentid, creator, createtime, dr, endcardinality, startbeanid, endelementid, isactive, modifier, modifytime, name, startcardinality, startelementid, ts, type, versiontype, industry ) values (  'c5c588ac-483b-4d51-9f26-82994647c4f1', 'fc2ef484-fb5f-4e84-8161-f2f9f3523f5f', null, null,0, '1', '1d40b9cd-7fb8-4868-bc08-ad3f8602595d', '85efe9e1-3bc2-492e-a92a-f52d3acff25d', 'Y', null, null, 'groupinsurancesetting_cgrpinsid', '1', 'e06be917-aefb-4cb1-99a3-69199d53f082', '2017-09-01 17:49:41',3,0, '0' ) ;
insert into md_association ( id, componentid, creator, createtime, dr, endcardinality, startbeanid, endelementid, isactive, modifier, modifytime, name, startcardinality, startelementid, ts, type, versiontype, industry ) values (  'c6ee7ba3-5136-4088-9e1b-5e2b038c65b7', 'fc2ef484-fb5f-4e84-8161-f2f9f3523f5f', null, null,0, '1', '1d40b9cd-7fb8-4868-bc08-ad3f8602595d', '85efe9e1-3bc2-492e-a92a-f52d3acff25d', 'Y', null, null, 'groupinsurancesetting_cgrpinsrelid', '1', 'f347b068-12fd-4e24-b7fc-18c674da7a55', '2017-09-01 17:49:41',3,0, '0' ) ;
insert into md_table ( id, createtime, creator, databaseid, description, displayname, dr, help, isactive, fromsourcebmf, modifier, modifytime, name, ts, versiontype, resmodule, resid, parenttable, isextendtable, industry ) values (  'twhr_groupinsurancesetting', '2017-08-12 13:33:32', 'YONYOU NC', null, null, '团保投保设定',0, null, null, 'Y', 'YONYOU NC', '2017-08-24 13:49:24', 'twhr_groupinsurancesetting', '2017-09-01 17:49:41',0, 'groupinsurance', '2_GROUPINS-0010', null, null, '0' ) ;
insert into md_column ( id, sqldatetype, createtime, creator, defaultvalue, description, displayname, dr, help, incrementseed, incrementstep, isactive, identitied, pkey, nullable, columnlength, modifier, modifytime, name, precise, columnsequence, tableid, ts, versiontype, resid, groupid, columntype, forlocale ) values (  'twhr_groupinsurancesetting@@@def1', 'varchar', null, null, null, null, '自定义项1',0, null,null,null, 'Y', null, 'N', 'Y',100, null, null, 'def1',0,0, 'twhr_groupinsurancesetting', '2017-09-01 17:49:41',0, '2201112-000071', null,0, 'N' ) ;
insert into md_column ( id, sqldatetype, createtime, creator, defaultvalue, description, displayname, dr, help, incrementseed, incrementstep, isactive, identitied, pkey, nullable, columnlength, modifier, modifytime, name, precise, columnsequence, tableid, ts, versiontype, resid, groupid, columntype, forlocale ) values (  'twhr_groupinsurancesetting@@@def2', 'varchar', null, null, null, null, '自定义项2',0, null,null,null, 'Y', null, 'N', 'Y',100, null, null, 'def2',0,1, 'twhr_groupinsurancesetting', '2017-09-01 17:49:41',0, '2201112-000073', null,0, 'N' ) ;
insert into md_column ( id, sqldatetype, createtime, creator, defaultvalue, description, displayname, dr, help, incrementseed, incrementstep, isactive, identitied, pkey, nullable, columnlength, modifier, modifytime, name, precise, columnsequence, tableid, ts, versiontype, resid, groupid, columntype, forlocale ) values (  'twhr_groupinsurancesetting@@@def3', 'varchar', null, null, null, null, '自定义项3',0, null,null,null, 'Y', null, 'N', 'Y',100, null, null, 'def3',0,2, 'twhr_groupinsurancesetting', '2017-09-01 17:49:41',0, '2201112-000074', null,0, 'N' ) ;
insert into md_column ( id, sqldatetype, createtime, creator, defaultvalue, description, displayname, dr, help, incrementseed, incrementstep, isactive, identitied, pkey, nullable, columnlength, modifier, modifytime, name, precise, columnsequence, tableid, ts, versiontype, resid, groupid, columntype, forlocale ) values (  'twhr_groupinsurancesetting@@@def4', 'varchar', null, null, null, null, '自定义项4',0, null,null,null, 'Y', null, 'N', 'Y',100, null, null, 'def4',0,3, 'twhr_groupinsurancesetting', '2017-09-01 17:49:41',0, '2201112-000075', null,0, 'N' ) ;
insert into md_column ( id, sqldatetype, createtime, creator, defaultvalue, description, displayname, dr, help, incrementseed, incrementstep, isactive, identitied, pkey, nullable, columnlength, modifier, modifytime, name, precise, columnsequence, tableid, ts, versiontype, resid, groupid, columntype, forlocale ) values (  'twhr_groupinsurancesetting@@@def5', 'varchar', null, null, null, null, '自定义项5',0, null,null,null, 'Y', null, 'N', 'Y',100, null, null, 'def5',0,4, 'twhr_groupinsurancesetting', '2017-09-01 17:49:41',0, '2201112-000076', null,0, 'N' ) ;
insert into md_column ( id, sqldatetype, createtime, creator, defaultvalue, description, displayname, dr, help, incrementseed, incrementstep, isactive, identitied, pkey, nullable, columnlength, modifier, modifytime, name, precise, columnsequence, tableid, ts, versiontype, resid, groupid, columntype, forlocale ) values (  'twhr_groupinsurancesetting@@@def6', 'varchar', null, null, null, null, '自定义项6',0, null,null,null, 'Y', null, 'N', 'Y',100, null, null, 'def6',0,5, 'twhr_groupinsurancesetting', '2017-09-01 17:49:41',0, '2201112-000077', null,0, 'N' ) ;
insert into md_column ( id, sqldatetype, createtime, creator, defaultvalue, description, displayname, dr, help, incrementseed, incrementstep, isactive, identitied, pkey, nullable, columnlength, modifier, modifytime, name, precise, columnsequence, tableid, ts, versiontype, resid, groupid, columntype, forlocale ) values (  'twhr_groupinsurancesetting@@@def7', 'varchar', null, null, null, null, '自定义项7',0, null,null,null, 'Y', null, 'N', 'Y',100, null, null, 'def7',0,6, 'twhr_groupinsurancesetting', '2017-09-01 17:49:41',0, '2201112-000078', null,0, 'N' ) ;
insert into md_column ( id, sqldatetype, createtime, creator, defaultvalue, description, displayname, dr, help, incrementseed, incrementstep, isactive, identitied, pkey, nullable, columnlength, modifier, modifytime, name, precise, columnsequence, tableid, ts, versiontype, resid, groupid, columntype, forlocale ) values (  'twhr_groupinsurancesetting@@@def8', 'varchar', null, null, null, null, '自定义项8',0, null,null,null, 'Y', null, 'N', 'Y',100, null, null, 'def8',0,7, 'twhr_groupinsurancesetting', '2017-09-01 17:49:41',0, '2201112-000079', null,0, 'N' ) ;
insert into md_column ( id, sqldatetype, createtime, creator, defaultvalue, description, displayname, dr, help, incrementseed, incrementstep, isactive, identitied, pkey, nullable, columnlength, modifier, modifytime, name, precise, columnsequence, tableid, ts, versiontype, resid, groupid, columntype, forlocale ) values (  'twhr_groupinsurancesetting@@@def9', 'varchar', null, null, null, null, '自定义项9',0, null,null,null, 'Y', null, 'N', 'Y',100, null, null, 'def9',0,8, 'twhr_groupinsurancesetting', '2017-09-01 17:49:41',0, '2201112-000081', null,0, 'N' ) ;
insert into md_column ( id, sqldatetype, createtime, creator, defaultvalue, description, displayname, dr, help, incrementseed, incrementstep, isactive, identitied, pkey, nullable, columnlength, modifier, modifytime, name, precise, columnsequence, tableid, ts, versiontype, resid, groupid, columntype, forlocale ) values (  'twhr_groupinsurancesetting@@@def10', 'varchar', null, null, null, null, '自定义项10',0, null,null,null, 'Y', null, 'N', 'Y',100, null, null, 'def10',0,9, 'twhr_groupinsurancesetting', '2017-09-01 17:49:41',0, '2201112-000026', null,0, 'N' ) ;
insert into md_column ( id, sqldatetype, createtime, creator, defaultvalue, description, displayname, dr, help, incrementseed, incrementstep, isactive, identitied, pkey, nullable, columnlength, modifier, modifytime, name, precise, columnsequence, tableid, ts, versiontype, resid, groupid, columntype, forlocale ) values (  'twhr_groupinsurancesetting@@@def11', 'varchar', null, null, null, null, '自定义项11',0, null,null,null, 'Y', null, 'N', 'Y',100, null, null, 'def11',0,10, 'twhr_groupinsurancesetting', '2017-09-01 17:49:41',0, '2201112-000035', null,0, 'N' ) ;
insert into md_column ( id, sqldatetype, createtime, creator, defaultvalue, description, displayname, dr, help, incrementseed, incrementstep, isactive, identitied, pkey, nullable, columnlength, modifier, modifytime, name, precise, columnsequence, tableid, ts, versiontype, resid, groupid, columntype, forlocale ) values (  'twhr_groupinsurancesetting@@@def12', 'varchar', null, null, null, null, '自定义项12',0, null,null,null, 'Y', null, 'N', 'Y',100, null, null, 'def12',0,11, 'twhr_groupinsurancesetting', '2017-09-01 17:49:41',0, '2201112-000036', null,0, 'N' ) ;
insert into md_column ( id, sqldatetype, createtime, creator, defaultvalue, description, displayname, dr, help, incrementseed, incrementstep, isactive, identitied, pkey, nullable, columnlength, modifier, modifytime, name, precise, columnsequence, tableid, ts, versiontype, resid, groupid, columntype, forlocale ) values (  'twhr_groupinsurancesetting@@@def13', 'varchar', null, null, null, null, '自定义项13',0, null,null,null, 'Y', null, 'N', 'Y',100, null, null, 'def13',0,12, 'twhr_groupinsurancesetting', '2017-09-01 17:49:41',0, '2201112-000032', null,0, 'N' ) ;
insert into md_column ( id, sqldatetype, createtime, creator, defaultvalue, description, displayname, dr, help, incrementseed, incrementstep, isactive, identitied, pkey, nullable, columnlength, modifier, modifytime, name, precise, columnsequence, tableid, ts, versiontype, resid, groupid, columntype, forlocale ) values (  'twhr_groupinsurancesetting@@@def14', 'varchar', null, null, null, null, '自定义项14',0, null,null,null, 'Y', null, 'N', 'Y',100, null, null, 'def14',0,13, 'twhr_groupinsurancesetting', '2017-09-01 17:49:41',0, '2201112-000034', null,0, 'N' ) ;
insert into md_column ( id, sqldatetype, createtime, creator, defaultvalue, description, displayname, dr, help, incrementseed, incrementstep, isactive, identitied, pkey, nullable, columnlength, modifier, modifytime, name, precise, columnsequence, tableid, ts, versiontype, resid, groupid, columntype, forlocale ) values (  'twhr_groupinsurancesetting@@@def15', 'varchar', null, null, null, null, '自定义项15',0, null,null,null, 'Y', null, 'N', 'Y',100, null, null, 'def15',0,14, 'twhr_groupinsurancesetting', '2017-09-01 17:49:41',0, '2201112-000030', null,0, 'N' ) ;
insert into md_column ( id, sqldatetype, createtime, creator, defaultvalue, description, displayname, dr, help, incrementseed, incrementstep, isactive, identitied, pkey, nullable, columnlength, modifier, modifytime, name, precise, columnsequence, tableid, ts, versiontype, resid, groupid, columntype, forlocale ) values (  'twhr_groupinsurancesetting@@@def16', 'varchar', null, null, null, null, '自定义项16',0, null,null,null, 'Y', null, 'N', 'Y',100, null, null, 'def16',0,15, 'twhr_groupinsurancesetting', '2017-09-01 17:49:41',0, '2201112-000031', null,0, 'N' ) ;
insert into md_column ( id, sqldatetype, createtime, creator, defaultvalue, description, displayname, dr, help, incrementseed, incrementstep, isactive, identitied, pkey, nullable, columnlength, modifier, modifytime, name, precise, columnsequence, tableid, ts, versiontype, resid, groupid, columntype, forlocale ) values (  'twhr_groupinsurancesetting@@@def17', 'varchar', null, null, null, null, '自定义项17',0, null,null,null, 'Y', null, 'N', 'Y',100, null, null, 'def17',0,16, 'twhr_groupinsurancesetting', '2017-09-01 17:49:41',0, '2201112-000027', null,0, 'N' ) ;
insert into md_column ( id, sqldatetype, createtime, creator, defaultvalue, description, displayname, dr, help, incrementseed, incrementstep, isactive, identitied, pkey, nullable, columnlength, modifier, modifytime, name, precise, columnsequence, tableid, ts, versiontype, resid, groupid, columntype, forlocale ) values (  'twhr_groupinsurancesetting@@@def18', 'varchar', null, null, null, null, '自定义项18',0, null,null,null, 'Y', null, 'N', 'Y',100, null, null, 'def18',0,17, 'twhr_groupinsurancesetting', '2017-09-01 17:49:41',0, '2201112-000029', null,0, 'N' ) ;
insert into md_column ( id, sqldatetype, createtime, creator, defaultvalue, description, displayname, dr, help, incrementseed, incrementstep, isactive, identitied, pkey, nullable, columnlength, modifier, modifytime, name, precise, columnsequence, tableid, ts, versiontype, resid, groupid, columntype, forlocale ) values (  'twhr_groupinsurancesetting@@@def19', 'varchar', null, null, null, null, '自定义项19',0, null,null,null, 'Y', null, 'N', 'Y',100, null, null, 'def19',0,18, 'twhr_groupinsurancesetting', '2017-09-01 17:49:41',0, '2201112-000037', null,0, 'N' ) ;
insert into md_column ( id, sqldatetype, createtime, creator, defaultvalue, description, displayname, dr, help, incrementseed, incrementstep, isactive, identitied, pkey, nullable, columnlength, modifier, modifytime, name, precise, columnsequence, tableid, ts, versiontype, resid, groupid, columntype, forlocale ) values (  'twhr_groupinsurancesetting@@@def20', 'varchar', null, null, null, null, '自定义项20',0, null,null,null, 'Y', null, 'N', 'Y',100, null, null, 'def20',0,19, 'twhr_groupinsurancesetting', '2017-09-01 17:49:41',0, '2201112-000041', null,0, 'N' ) ;
insert into md_column ( id, sqldatetype, createtime, creator, defaultvalue, description, displayname, dr, help, incrementseed, incrementstep, isactive, identitied, pkey, nullable, columnlength, modifier, modifytime, name, precise, columnsequence, tableid, ts, versiontype, resid, groupid, columntype, forlocale ) values (  'twhr_groupinsurancesetting@@@creator', 'varchar', null, null, '*~', null, '创建人',0, null,null,null, 'Y', null, 'N', 'Y',20, null, null, 'creator',0,20, 'twhr_groupinsurancesetting', '2017-09-01 17:49:41',0, '2201112-000004', null,0, 'N' ) ;
insert into md_column ( id, sqldatetype, createtime, creator, defaultvalue, description, displayname, dr, help, incrementseed, incrementstep, isactive, identitied, pkey, nullable, columnlength, modifier, modifytime, name, precise, columnsequence, tableid, ts, versiontype, resid, groupid, columntype, forlocale ) values (  'twhr_groupinsurancesetting@@@creationtime', 'char', null, null, null, null, '创建时间',0, null,null,null, 'Y', null, 'N', 'Y',19, null, null, 'creationtime',0,21, 'twhr_groupinsurancesetting', '2017-09-01 17:49:41',0, '2201112-000003', null,0, 'N' ) ;
insert into md_column ( id, sqldatetype, createtime, creator, defaultvalue, description, displayname, dr, help, incrementseed, incrementstep, isactive, identitied, pkey, nullable, columnlength, modifier, modifytime, name, precise, columnsequence, tableid, ts, versiontype, resid, groupid, columntype, forlocale ) values (  'twhr_groupinsurancesetting@@@modifier', 'varchar', null, null, '*~', null, '修改人',0, null,null,null, 'Y', null, 'N', 'Y',20, null, null, 'modifier',0,22, 'twhr_groupinsurancesetting', '2017-09-01 17:49:41',0, '2UC000-000098', null,0, 'N' ) ;
insert into md_column ( id, sqldatetype, createtime, creator, defaultvalue, description, displayname, dr, help, incrementseed, incrementstep, isactive, identitied, pkey, nullable, columnlength, modifier, modifytime, name, precise, columnsequence, tableid, ts, versiontype, resid, groupid, columntype, forlocale ) values (  'twhr_groupinsurancesetting@@@modifiedtime', 'char', null, null, null, null, '修改时间',0, null,null,null, 'Y', null, 'N', 'Y',19, null, null, 'modifiedtime',0,23, 'twhr_groupinsurancesetting', '2017-09-01 17:49:41',0, '2UC000-000100', null,0, 'N' ) ;
insert into md_column ( id, sqldatetype, createtime, creator, defaultvalue, description, displayname, dr, help, incrementseed, incrementstep, isactive, identitied, pkey, nullable, columnlength, modifier, modifytime, name, precise, columnsequence, tableid, ts, versiontype, resid, groupid, columntype, forlocale ) values (  'twhr_groupinsurancesetting@@@pk_group', 'varchar', null, null, '*~', null, '集团',0, null,null,null, 'Y', null, 'N', 'Y',20, null, null, 'pk_group',0,24, 'twhr_groupinsurancesetting', '2017-09-01 17:49:41',0, '2UC000-001007', null,0, 'N' ) ;
insert into md_column ( id, sqldatetype, createtime, creator, defaultvalue, description, displayname, dr, help, incrementseed, incrementstep, isactive, identitied, pkey, nullable, columnlength, modifier, modifytime, name, precise, columnsequence, tableid, ts, versiontype, resid, groupid, columntype, forlocale ) values (  'twhr_groupinsurancesetting@@@pk_org', 'varchar', null, null, '*~', null, '组织',0, null,null,null, 'Y', null, 'N', 'Y',20, null, null, 'pk_org',0,25, 'twhr_groupinsurancesetting', '2017-09-01 17:49:41',0, '2UC000-000693', null,0, 'N' ) ;
insert into md_column ( id, sqldatetype, createtime, creator, defaultvalue, description, displayname, dr, help, incrementseed, incrementstep, isactive, identitied, pkey, nullable, columnlength, modifier, modifytime, name, precise, columnsequence, tableid, ts, versiontype, resid, groupid, columntype, forlocale ) values (  'twhr_groupinsurancesetting@@@pk_org_v', 'varchar', null, null, '*~', null, '组织版本',0, null,null,null, 'Y', null, 'N', 'Y',20, null, null, 'pk_org_v',0,26, 'twhr_groupinsurancesetting', '2017-09-01 17:49:41',0, '2UC000-000701', null,0, 'N' ) ;
insert into md_column ( id, sqldatetype, createtime, creator, defaultvalue, description, displayname, dr, help, incrementseed, incrementstep, isactive, identitied, pkey, nullable, columnlength, modifier, modifytime, name, precise, columnsequence, tableid, ts, versiontype, resid, groupid, columntype, forlocale ) values (  'twhr_groupinsurancesetting@@PK@@', 'char', null, null, null, null, 'ID',0, null,null,null, 'Y', null, 'Y', 'N',20, null, null, 'id',0,27, 'twhr_groupinsurancesetting', '2017-09-01 17:49:41',0, null, null,0, 'N' ) ;
insert into md_column ( id, sqldatetype, createtime, creator, defaultvalue, description, displayname, dr, help, incrementseed, incrementstep, isactive, identitied, pkey, nullable, columnlength, modifier, modifytime, name, precise, columnsequence, tableid, ts, versiontype, resid, groupid, columntype, forlocale ) values (  'twhr_groupinsurancesetting@@@code', 'varchar', null, null, null, null, '编码',0, null,null,null, 'Y', null, 'N', 'Y',50, null, null, 'code',0,28, 'twhr_groupinsurancesetting', '2017-09-01 17:49:41',0, '2201112-000118', null,0, 'N' ) ;
insert into md_column ( id, sqldatetype, createtime, creator, defaultvalue, description, displayname, dr, help, incrementseed, incrementstep, isactive, identitied, pkey, nullable, columnlength, modifier, modifytime, name, precise, columnsequence, tableid, ts, versiontype, resid, groupid, columntype, forlocale ) values (  'twhr_groupinsurancesetting@@@name', 'varchar', null, null, null, null, '名称',0, null,null,null, 'Y', null, 'N', 'Y',50, null, null, 'name',0,29, 'twhr_groupinsurancesetting', '2017-09-01 17:49:41',0, '2201112-000108', null,0, 'N' ) ;
insert into md_column ( id, sqldatetype, createtime, creator, defaultvalue, description, displayname, dr, help, incrementseed, incrementstep, isactive, identitied, pkey, nullable, columnlength, modifier, modifytime, name, precise, columnsequence, tableid, ts, versiontype, resid, groupid, columntype, forlocale ) values (  'twhr_groupinsurancesetting@@@cgrpinsid', 'varchar', null, null, '*~', null, '团保险种',0, null,null,null, 'Y', null, 'N', 'Y',20, null, null, 'cgrpinsid',0,30, 'twhr_groupinsurancesetting', '2017-09-01 17:49:41',0, '2_GROUPINS-0003', null,0, 'N' ) ;
insert into md_column ( id, sqldatetype, createtime, creator, defaultvalue, description, displayname, dr, help, incrementseed, incrementstep, isactive, identitied, pkey, nullable, columnlength, modifier, modifytime, name, precise, columnsequence, tableid, ts, versiontype, resid, groupid, columntype, forlocale ) values (  'twhr_groupinsurancesetting@@@cgrpinsrelid', 'varchar', null, null, '*~', null, '团保身份',0, null,null,null, 'Y', null, 'N', 'Y',20, null, null, 'cgrpinsrelid',0,31, 'twhr_groupinsurancesetting', '2017-09-01 17:49:41',0, '2_GROUPINS-0011', null,0, 'N' ) ;
insert into md_column ( id, sqldatetype, createtime, creator, defaultvalue, description, displayname, dr, help, incrementseed, incrementstep, isactive, identitied, pkey, nullable, columnlength, modifier, modifytime, name, precise, columnsequence, tableid, ts, versiontype, resid, groupid, columntype, forlocale ) values (  'twhr_groupinsurancesetting@@@bautoreg', 'char', null, null, null, null, '入职自动加保',0, null,null,null, 'Y', null, 'N', 'Y',1, null, null, 'bautoreg',0,32, 'twhr_groupinsurancesetting', '2017-09-01 17:49:41',0, '2_GROUPINS-0005', null,0, 'N' ) ;
insert into md_column ( id, sqldatetype, createtime, creator, defaultvalue, description, displayname, dr, help, incrementseed, incrementstep, isactive, identitied, pkey, nullable, columnlength, modifier, modifytime, name, precise, columnsequence, tableid, ts, versiontype, resid, groupid, columntype, forlocale ) values (  'twhr_groupinsurancesetting@@@icalmode', 'varchar', null, null, null, null, '计算方式',0, null,null,null, 'Y', null, 'N', 'Y',50, null, null, 'icalmode',0,33, 'twhr_groupinsurancesetting', '2017-09-01 17:49:41',0, '2_GROUPINS-0001', null,0, 'N' ) ;
insert into md_column ( id, sqldatetype, createtime, creator, defaultvalue, description, displayname, dr, help, incrementseed, incrementstep, isactive, identitied, pkey, nullable, columnlength, modifier, modifytime, name, precise, columnsequence, tableid, ts, versiontype, resid, groupid, columntype, forlocale ) values (  'twhr_groupinsurancesetting@@@dtimes', 'decimal', null, null, null, null, '倍数',0, null,null,null, 'Y', null, 'N', 'Y',28, null, null, 'dtimes',8,34, 'twhr_groupinsurancesetting', '2017-09-01 17:49:41',0, '2_GROUPINS-0012', null,0, 'N' ) ;
insert into md_column ( id, sqldatetype, createtime, creator, defaultvalue, description, displayname, dr, help, incrementseed, incrementstep, isactive, identitied, pkey, nullable, columnlength, modifier, modifytime, name, precise, columnsequence, tableid, ts, versiontype, resid, groupid, columntype, forlocale ) values (  'twhr_groupinsurancesetting@@@dupper', 'decimal', null, null, null, null, '上限',0, null,null,null, 'Y', null, 'N', 'Y',28, null, null, 'dupper',8,35, 'twhr_groupinsurancesetting', '2017-09-01 17:49:41',0, '2_GROUPINS-0008', null,0, 'N' ) ;
insert into md_column ( id, sqldatetype, createtime, creator, defaultvalue, description, displayname, dr, help, incrementseed, incrementstep, isactive, identitied, pkey, nullable, columnlength, modifier, modifytime, name, precise, columnsequence, tableid, ts, versiontype, resid, groupid, columntype, forlocale ) values (  'twhr_groupinsurancesetting@@@drate', 'decimal', null, null, null, null, '费率',0, null,null,null, 'Y', null, 'N', 'Y',28, null, null, 'drate',8,36, 'twhr_groupinsurancesetting', '2017-09-01 17:49:41',0, '2_GROUPINS-0009', null,0, 'N' ) ;
insert into md_column ( id, sqldatetype, createtime, creator, defaultvalue, description, displayname, dr, help, incrementseed, incrementstep, isactive, identitied, pkey, nullable, columnlength, modifier, modifytime, name, precise, columnsequence, tableid, ts, versiontype, resid, groupid, columntype, forlocale ) values (  'twhr_groupinsurancesetting@@@cformular', 'varchar', null, null, null, null, '公式',0, null,null,null, 'Y', null, 'N', 'Y',2000, null, null, 'cformular',0,37, 'twhr_groupinsurancesetting', '2017-09-01 17:49:41',0, '2_GROUPINS-0004', null,0, 'N' ) ;
insert into md_column ( id, sqldatetype, createtime, creator, defaultvalue, description, displayname, dr, help, incrementseed, incrementstep, isactive, identitied, pkey, nullable, columnlength, modifier, modifytime, name, precise, columnsequence, tableid, ts, versiontype, resid, groupid, columntype, forlocale ) values (  'twhr_groupinsurancesetting@@@cformularstr', 'varchar', null, null, null, null, '公式解析',0, null,null,null, 'Y', null, 'N', 'Y',2000, null, null, 'cformularstr',0,38, 'twhr_groupinsurancesetting', '2017-09-01 17:49:41',0, '2_GROUPINS-0007', null,0, 'N' ) ;
insert into md_column ( id, sqldatetype, createtime, creator, defaultvalue, description, displayname, dr, help, incrementseed, incrementstep, isactive, identitied, pkey, nullable, columnlength, modifier, modifytime, name, precise, columnsequence, tableid, ts, versiontype, resid, groupid, columntype, forlocale ) values (  'twhr_groupinsurancesetting@@@dfixamount', 'decimal', null, null, null, null, '定额',0, null,null,null, 'Y', null, 'N', 'Y',28, null, null, 'dfixamount',8,39, 'twhr_groupinsurancesetting', '2017-09-01 17:49:41',0, '2_GROUPINS-0006', null,0, 'N' ) ;
insert into md_column ( id, sqldatetype, createtime, creator, defaultvalue, description, displayname, dr, help, incrementseed, incrementstep, isactive, identitied, pkey, nullable, columnlength, modifier, modifytime, name, precise, columnsequence, tableid, ts, versiontype, resid, groupid, columntype, forlocale ) values (  'twhr_groupinsurancesetting@@@bselfpay', 'char', null, null, null, null, '自费',0, null,null,null, 'Y', null, 'N', 'Y',1, null, null, 'bselfpay',0,40, 'twhr_groupinsurancesetting', '2017-09-01 17:49:41',0, '2_GROUPINS-0000', null,0, 'N' ) ;
insert into md_column ( id, sqldatetype, createtime, creator, defaultvalue, description, displayname, dr, help, incrementseed, incrementstep, isactive, identitied, pkey, nullable, columnlength, modifier, modifytime, name, precise, columnsequence, tableid, ts, versiontype, resid, groupid, columntype, forlocale ) values (  'twhr_groupinsurancesetting@@@maketime', 'char', null, null, null, null, '制单时间',0, null,null,null, 'Y', null, 'N', 'Y',19, null, null, 'maketime',0,41, 'twhr_groupinsurancesetting', '2017-09-01 17:49:41',0, '2UC000-000167', null,0, 'N' ) ;
insert into md_column ( id, sqldatetype, createtime, creator, defaultvalue, description, displayname, dr, help, incrementseed, incrementstep, isactive, identitied, pkey, nullable, columnlength, modifier, modifytime, name, precise, columnsequence, tableid, ts, versiontype, resid, groupid, columntype, forlocale ) values (  'twhr_groupinsurancesetting@@@lastmaketime', 'char', null, null, null, null, '最后修改时间',0, null,null,null, 'Y', null, 'N', 'Y',19, null, null, 'lastmaketime',0,42, 'twhr_groupinsurancesetting', '2017-09-01 17:49:41',0, '2UC000-000491', null,0, 'N' ) ;
insert into md_column ( id, sqldatetype, createtime, creator, defaultvalue, description, displayname, dr, help, incrementseed, incrementstep, isactive, identitied, pkey, nullable, columnlength, modifier, modifytime, name, precise, columnsequence, tableid, ts, versiontype, resid, groupid, columntype, forlocale ) values (  'twhr_groupinsurancesetting@@@rowno', 'varchar', null, null, null, null, '行号',0, null,null,null, 'Y', null, 'N', 'Y',50, null, null, 'rowno',0,43, 'twhr_groupinsurancesetting', '2017-09-01 17:49:41',0, '2201112-000067', null,0, 'N' ) ;
insert into md_ORMap ( attributeid, classid, columnid, dr, tableid, ts ) values (  'fdd8eee5-32b6-49bc-8e41-1bb390a65ef3', '1d40b9cd-7fb8-4868-bc08-ad3f8602595d', 'twhr_groupinsurancesetting@@@rowno',0, 'twhr_groupinsurancesetting', '2017-09-01 17:49:41' ) ;
insert into md_ORMap ( attributeid, classid, columnid, dr, tableid, ts ) values (  '0b84ba27-be24-4166-8979-961ce9b866e6', '1d40b9cd-7fb8-4868-bc08-ad3f8602595d', 'twhr_groupinsurancesetting@@@def4',0, 'twhr_groupinsurancesetting', '2017-09-01 17:49:41' ) ;
insert into md_ORMap ( attributeid, classid, columnid, dr, tableid, ts ) values (  '210fb4f4-bd83-4bfe-909d-9d7d158171c2', '1d40b9cd-7fb8-4868-bc08-ad3f8602595d', 'twhr_groupinsurancesetting@@@def16',0, 'twhr_groupinsurancesetting', '2017-09-01 17:49:41' ) ;
insert into md_ORMap ( attributeid, classid, columnid, dr, tableid, ts ) values (  'e5826155-6b3d-46b0-922e-2cc6bea59ffe', '1d40b9cd-7fb8-4868-bc08-ad3f8602595d', 'twhr_groupinsurancesetting@@@maketime',0, 'twhr_groupinsurancesetting', '2017-09-01 17:49:41' ) ;
insert into md_ORMap ( attributeid, classid, columnid, dr, tableid, ts ) values (  'ae100732-548d-4016-8a40-f9ca85baf386', '1d40b9cd-7fb8-4868-bc08-ad3f8602595d', 'twhr_groupinsurancesetting@@@code',0, 'twhr_groupinsurancesetting', '2017-09-01 17:49:41' ) ;
insert into md_ORMap ( attributeid, classid, columnid, dr, tableid, ts ) values (  '5b3b6abf-408e-4f92-b1fa-2a2f51d92f32', '1d40b9cd-7fb8-4868-bc08-ad3f8602595d', 'twhr_groupinsurancesetting@@@cformular',0, 'twhr_groupinsurancesetting', '2017-09-01 17:49:41' ) ;
insert into md_ORMap ( attributeid, classid, columnid, dr, tableid, ts ) values (  '600d93c3-e216-4996-8e79-f67ced73e538', '1d40b9cd-7fb8-4868-bc08-ad3f8602595d', 'twhr_groupinsurancesetting@@@drate',0, 'twhr_groupinsurancesetting', '2017-09-01 17:49:41' ) ;
insert into md_ORMap ( attributeid, classid, columnid, dr, tableid, ts ) values (  '8270a7dc-ae30-4fac-b72b-6aa21d0f5f83', '1d40b9cd-7fb8-4868-bc08-ad3f8602595d', 'twhr_groupinsurancesetting@@@creationtime',0, 'twhr_groupinsurancesetting', '2017-09-01 17:49:41' ) ;
insert into md_ORMap ( attributeid, classid, columnid, dr, tableid, ts ) values (  'b8acd575-7f0e-4ee7-b425-669bfc4b94e5', '1d40b9cd-7fb8-4868-bc08-ad3f8602595d', 'twhr_groupinsurancesetting@@@pk_group',0, 'twhr_groupinsurancesetting', '2017-09-01 17:49:41' ) ;
insert into md_ORMap ( attributeid, classid, columnid, dr, tableid, ts ) values (  '2cd9656c-6865-4ee2-ae92-1dc63dbb2a5b', '1d40b9cd-7fb8-4868-bc08-ad3f8602595d', 'twhr_groupinsurancesetting@@@def3',0, 'twhr_groupinsurancesetting', '2017-09-01 17:49:41' ) ;
insert into md_ORMap ( attributeid, classid, columnid, dr, tableid, ts ) values (  '92cc31e6-afe0-48e1-9cc5-66e04b37584f', '1d40b9cd-7fb8-4868-bc08-ad3f8602595d', 'twhr_groupinsurancesetting@@@modifier',0, 'twhr_groupinsurancesetting', '2017-09-01 17:49:41' ) ;
insert into md_ORMap ( attributeid, classid, columnid, dr, tableid, ts ) values (  'f890b977-34a0-4466-bca8-0c139154a0af', '1d40b9cd-7fb8-4868-bc08-ad3f8602595d', 'twhr_groupinsurancesetting@@@modifiedtime',0, 'twhr_groupinsurancesetting', '2017-09-01 17:49:41' ) ;
insert into md_ORMap ( attributeid, classid, columnid, dr, tableid, ts ) values (  'b1163693-4c0c-4263-a54e-8eb30ca57a6d', '1d40b9cd-7fb8-4868-bc08-ad3f8602595d', 'twhr_groupinsurancesetting@@@cformularstr',0, 'twhr_groupinsurancesetting', '2017-09-01 17:49:41' ) ;
insert into md_ORMap ( attributeid, classid, columnid, dr, tableid, ts ) values (  'e06be917-aefb-4cb1-99a3-69199d53f082', '1d40b9cd-7fb8-4868-bc08-ad3f8602595d', 'twhr_groupinsurancesetting@@@cgrpinsid',0, 'twhr_groupinsurancesetting', '2017-09-01 17:49:41' ) ;
insert into md_ORMap ( attributeid, classid, columnid, dr, tableid, ts ) values (  'd5b469fa-0795-4bb4-844e-dc545be2d4b3', '1d40b9cd-7fb8-4868-bc08-ad3f8602595d', 'twhr_groupinsurancesetting@@@def19',0, 'twhr_groupinsurancesetting', '2017-09-01 17:49:41' ) ;
insert into md_ORMap ( attributeid, classid, columnid, dr, tableid, ts ) values (  '800c0962-0fec-465a-b8cc-51fad011637f', '1d40b9cd-7fb8-4868-bc08-ad3f8602595d', 'twhr_groupinsurancesetting@@@dfixamount',0, 'twhr_groupinsurancesetting', '2017-09-01 17:49:41' ) ;
insert into md_ORMap ( attributeid, classid, columnid, dr, tableid, ts ) values (  '5e86546d-0b31-43a3-80c9-bca7ae5758c1', '1d40b9cd-7fb8-4868-bc08-ad3f8602595d', 'twhr_groupinsurancesetting@@@lastmaketime',0, 'twhr_groupinsurancesetting', '2017-09-01 17:49:41' ) ;
insert into md_ORMap ( attributeid, classid, columnid, dr, tableid, ts ) values (  'f347b068-12fd-4e24-b7fc-18c674da7a55', '1d40b9cd-7fb8-4868-bc08-ad3f8602595d', 'twhr_groupinsurancesetting@@@cgrpinsrelid',0, 'twhr_groupinsurancesetting', '2017-09-01 17:49:41' ) ;
insert into md_ORMap ( attributeid, classid, columnid, dr, tableid, ts ) values (  '3fb2f3cb-d075-44fb-b134-6d5ed8f93fe8', '1d40b9cd-7fb8-4868-bc08-ad3f8602595d', 'twhr_groupinsurancesetting@@@dtimes',0, 'twhr_groupinsurancesetting', '2017-09-01 17:49:41' ) ;
insert into md_ORMap ( attributeid, classid, columnid, dr, tableid, ts ) values (  'a3a4e3f0-c5fb-45e8-83f3-eb1d0409b914', '1d40b9cd-7fb8-4868-bc08-ad3f8602595d', 'twhr_groupinsurancesetting@@@def5',0, 'twhr_groupinsurancesetting', '2017-09-01 17:49:41' ) ;
insert into md_ORMap ( attributeid, classid, columnid, dr, tableid, ts ) values (  '8123d1a6-d5b8-4e6d-af9d-696ed9ac44fe', '1d40b9cd-7fb8-4868-bc08-ad3f8602595d', 'twhr_groupinsurancesetting@@@creator',0, 'twhr_groupinsurancesetting', '2017-09-01 17:49:41' ) ;
insert into md_ORMap ( attributeid, classid, columnid, dr, tableid, ts ) values (  '269b794b-30d0-4670-acf1-c238b92491cc', '1d40b9cd-7fb8-4868-bc08-ad3f8602595d', 'twhr_groupinsurancesetting@@@def8',0, 'twhr_groupinsurancesetting', '2017-09-01 17:49:41' ) ;
insert into md_ORMap ( attributeid, classid, columnid, dr, tableid, ts ) values (  '53417dc6-415d-408c-8463-8d8b347ddd55', '1d40b9cd-7fb8-4868-bc08-ad3f8602595d', 'twhr_groupinsurancesetting@@@def1',0, 'twhr_groupinsurancesetting', '2017-09-01 17:49:41' ) ;
insert into md_ORMap ( attributeid, classid, columnid, dr, tableid, ts ) values (  '7bedb0a6-7f8a-4e78-b338-60c17c4d06f5', '1d40b9cd-7fb8-4868-bc08-ad3f8602595d', 'twhr_groupinsurancesetting@@@def10',0, 'twhr_groupinsurancesetting', '2017-09-01 17:49:41' ) ;
insert into md_ORMap ( attributeid, classid, columnid, dr, tableid, ts ) values (  'cfff5599-c181-4a1d-ba27-a4ba77628a9b', '1d40b9cd-7fb8-4868-bc08-ad3f8602595d', 'twhr_groupinsurancesetting@@@def6',0, 'twhr_groupinsurancesetting', '2017-09-01 17:49:41' ) ;
insert into md_ORMap ( attributeid, classid, columnid, dr, tableid, ts ) values (  'e31f2b5d-8143-4bc2-964d-4006759cc2f8', '1d40b9cd-7fb8-4868-bc08-ad3f8602595d', 'twhr_groupinsurancesetting@@@def13',0, 'twhr_groupinsurancesetting', '2017-09-01 17:49:41' ) ;
insert into md_ORMap ( attributeid, classid, columnid, dr, tableid, ts ) values (  'f524d9e8-78e3-41bf-b7b7-b398bcf7d133', '1d40b9cd-7fb8-4868-bc08-ad3f8602595d', 'twhr_groupinsurancesetting@@@def12',0, 'twhr_groupinsurancesetting', '2017-09-01 17:49:41' ) ;
insert into md_ORMap ( attributeid, classid, columnid, dr, tableid, ts ) values (  'c51e6023-622e-4d64-b038-ac4ba367be4e', '1d40b9cd-7fb8-4868-bc08-ad3f8602595d', 'twhr_groupinsurancesetting@@@name',0, 'twhr_groupinsurancesetting', '2017-09-01 17:49:41' ) ;
insert into md_ORMap ( attributeid, classid, columnid, dr, tableid, ts ) values (  'df47eea7-e3e3-4812-8760-a07a538ee549', '1d40b9cd-7fb8-4868-bc08-ad3f8602595d', 'twhr_groupinsurancesetting@@@def15',0, 'twhr_groupinsurancesetting', '2017-09-01 17:49:41' ) ;
insert into md_ORMap ( attributeid, classid, columnid, dr, tableid, ts ) values (  '0ad22429-6464-434e-8cf2-533fba2d4812', '1d40b9cd-7fb8-4868-bc08-ad3f8602595d', 'twhr_groupinsurancesetting@@@dupper',0, 'twhr_groupinsurancesetting', '2017-09-01 17:49:41' ) ;
insert into md_ORMap ( attributeid, classid, columnid, dr, tableid, ts ) values (  '2b317ebb-10ec-4923-9d74-58dfe4013dfb', '1d40b9cd-7fb8-4868-bc08-ad3f8602595d', 'twhr_groupinsurancesetting@@@icalmode',0, 'twhr_groupinsurancesetting', '2017-09-01 17:49:41' ) ;
insert into md_ORMap ( attributeid, classid, columnid, dr, tableid, ts ) values (  'b3fdd35d-f43f-4492-82d1-b10b52f5f12c', '1d40b9cd-7fb8-4868-bc08-ad3f8602595d', 'twhr_groupinsurancesetting@@@pk_org',0, 'twhr_groupinsurancesetting', '2017-09-01 17:49:41' ) ;
insert into md_ORMap ( attributeid, classid, columnid, dr, tableid, ts ) values (  '1a448052-7745-40d9-abe4-0f2a37a80677', '1d40b9cd-7fb8-4868-bc08-ad3f8602595d', 'twhr_groupinsurancesetting@@@def17',0, 'twhr_groupinsurancesetting', '2017-09-01 17:49:41' ) ;
insert into md_ORMap ( attributeid, classid, columnid, dr, tableid, ts ) values (  '0814b540-1b39-4b89-8a91-ce908c79bf4a', '1d40b9cd-7fb8-4868-bc08-ad3f8602595d', 'twhr_groupinsurancesetting@@@def18',0, 'twhr_groupinsurancesetting', '2017-09-01 17:49:41' ) ;
insert into md_ORMap ( attributeid, classid, columnid, dr, tableid, ts ) values (  'b39281a5-cc61-4ae2-b43b-74f60f8eea55', '1d40b9cd-7fb8-4868-bc08-ad3f8602595d', 'twhr_groupinsurancesetting@@@pk_org_v',0, 'twhr_groupinsurancesetting', '2017-09-01 17:49:41' ) ;
insert into md_ORMap ( attributeid, classid, columnid, dr, tableid, ts ) values (  '14c36156-9d37-4129-8661-31c7f0e62f49', '1d40b9cd-7fb8-4868-bc08-ad3f8602595d', 'twhr_groupinsurancesetting@@@def20',0, 'twhr_groupinsurancesetting', '2017-09-01 17:49:41' ) ;
insert into md_ORMap ( attributeid, classid, columnid, dr, tableid, ts ) values (  'cae9a708-7ba0-4c38-aa95-e34a86599d41', '1d40b9cd-7fb8-4868-bc08-ad3f8602595d', 'twhr_groupinsurancesetting@@@def9',0, 'twhr_groupinsurancesetting', '2017-09-01 17:49:41' ) ;
insert into md_ORMap ( attributeid, classid, columnid, dr, tableid, ts ) values (  '86cc020a-380b-4171-a3b9-2bf122a322f2', '1d40b9cd-7fb8-4868-bc08-ad3f8602595d', 'twhr_groupinsurancesetting@@@def7',0, 'twhr_groupinsurancesetting', '2017-09-01 17:49:41' ) ;
insert into md_ORMap ( attributeid, classid, columnid, dr, tableid, ts ) values (  'cf306201-a15f-4f3d-b54d-8f4700d341ea', '1d40b9cd-7fb8-4868-bc08-ad3f8602595d', 'twhr_groupinsurancesetting@@@bselfpay',0, 'twhr_groupinsurancesetting', '2017-09-01 17:49:41' ) ;
insert into md_ORMap ( attributeid, classid, columnid, dr, tableid, ts ) values (  '050c92f2-7785-4d25-a477-72c22c84f399', '1d40b9cd-7fb8-4868-bc08-ad3f8602595d', 'twhr_groupinsurancesetting@@PK@@',0, 'twhr_groupinsurancesetting', '2017-09-01 17:49:41' ) ;
insert into md_ORMap ( attributeid, classid, columnid, dr, tableid, ts ) values (  '928e61c5-e2dd-4bf8-8923-709628f4c141', '1d40b9cd-7fb8-4868-bc08-ad3f8602595d', 'twhr_groupinsurancesetting@@@def11',0, 'twhr_groupinsurancesetting', '2017-09-01 17:49:41' ) ;
insert into md_ORMap ( attributeid, classid, columnid, dr, tableid, ts ) values (  '5d638df7-9478-44df-9135-db65a6d01ce0', '1d40b9cd-7fb8-4868-bc08-ad3f8602595d', 'twhr_groupinsurancesetting@@@def14',0, 'twhr_groupinsurancesetting', '2017-09-01 17:49:41' ) ;
insert into md_ORMap ( attributeid, classid, columnid, dr, tableid, ts ) values (  '8bb2366a-f4a2-499d-8ee7-a649802368cc', '1d40b9cd-7fb8-4868-bc08-ad3f8602595d', 'twhr_groupinsurancesetting@@@bautoreg',0, 'twhr_groupinsurancesetting', '2017-09-01 17:49:41' ) ;
insert into md_ORMap ( attributeid, classid, columnid, dr, tableid, ts ) values (  'bbe23893-c98f-4d07-914d-a2667ae75bbd', '1d40b9cd-7fb8-4868-bc08-ad3f8602595d', 'twhr_groupinsurancesetting@@@def2',0, 'twhr_groupinsurancesetting', '2017-09-01 17:49:41' ) ;
GO

drop table twhr_groupinsurancesetting;
create table twhr_groupinsurancesetting (
def1 VARCHAR(100) NULL,
def2 VARCHAR(100) NULL,
def3 VARCHAR(100) NULL,
def4 VARCHAR(100) NULL,
def5 VARCHAR(100) NULL,
def6 VARCHAR(100) NULL,
def7 VARCHAR(100) NULL,
def8 VARCHAR(100) NULL,
def9 VARCHAR(100) NULL,
def10 VARCHAR(100) NULL,
def11 VARCHAR(100) NULL,
def12 VARCHAR(100) NULL,
def13 VARCHAR(100) NULL,
def14 VARCHAR(100) NULL,
def15 VARCHAR(100) NULL,
def16 VARCHAR(100) NULL,
def17 VARCHAR(100) NULL,
def18 VARCHAR(100) NULL,
def19 VARCHAR(100) NULL,
def20 VARCHAR(100) NULL,
creator VARCHAR(20) default '~' NULL,
creationtime CHAR(19) NULL,
modifier VARCHAR(20) default '~' NULL,
modifiedtime CHAR(19) NULL,
pk_group VARCHAR(20) default '~' NULL,
pk_org VARCHAR(20) default '~' NULL,
pk_org_v VARCHAR(20) default '~' NULL,
id CHAR(20) NOT NULL,
code VARCHAR(50) NULL,
name VARCHAR(50) NULL,
cgrpinsid VARCHAR(20) default '~' NULL,
cgrpinsrelid VARCHAR(20) default '~' NULL,
bautoreg CHAR(1) NULL,
icalmode VARCHAR(50) NULL,
dtimes DECIMAL(28,8) NULL,
dupper DECIMAL(28,8) NULL,
drate DECIMAL(28,8) NULL,
cformular VARCHAR(2000) NULL,
cformularstr VARCHAR(2000) NULL,
dfixamount DECIMAL(28,8) NULL,
bselfpay CHAR(1) NULL,
maketime CHAR(19) NULL,
lastmaketime CHAR(19) NULL,
rowno VARCHAR(50) NULL,
CONSTRAINT PK_NSURANCESETTING PRIMARY KEY (id),
ts char(19)  NULL,
 dr smallint default 0 
);
GO

--funcregister
delete from sm_paramregister where parentid = '0001ZZ10000000007S3D' ; 
delete from sm_funcregister where cfunid = '0001ZZ10000000007S3D';
insert into sm_funcregister(cfunid,class_name,dr,fun_desc,fun_name,fun_property,funcode,funtype,help_name,isbuttonpower,isenable,isfunctype,mdid,orgtypecode,own_module,parent_id,ts) values('0001ZZ10000000007S3D','nc.ui.pubapp.uif2app.ToftPanelAdaptorEx',0,null,'团保费率表',0,'68J61035',0,null,'N','Y','N',null,'HRORGTYPE00000000000','68J6','0001ZZ10000000000YQ6','2017-08-23 09:36:06')  ; 
insert into sm_paramregister(dr,paramname,paramvalue,parentid,pk_param,ts) values(0,'BeanConfigFilePath','nc/ui/twhr/groupinsurance/ace/view/Groupinsurance_config.xml','0001ZZ10000000007S3D','0001ZZ10000000007S3E','2017-08-23 09:36:06') ;
GO

delete from sm_paramregister where pk_param = '1001TW100000PLUGIN02';
INSERT INTO sm_paramregister (dr, paramname, paramvalue, parentid, pk_param) VALUES (0, 'PluginBeanConfigFilePath', '/nc/ui/wa/paydata/uif2_ext_config.xml', '1001Z7100000000086R6', '1001TW100000PLUGIN02');
GO

--menu
delete from sm_menuitemreg where pk_menuitem = '0001ZZ10000000007S3F';
insert into sm_menuitemreg(dr,funcode,iconpath,ismenutype,menudes,menuitemcode,menuitemname,pk_menu,pk_menuitem,resid,ts) values(0,'68J61035',null,'N',null,'60401035','团保费率表',(select pk_menu from sm_menuregister where isenable='Y'),'0001ZZ10000000007S3F','D60401035','2017-08-23 09:36:11') ;
GO

--billtemplet
delete from pub_billtemplet_b where pk_billtemplet='0001ZZ10000000007S3G';
delete from pub_billtemplet_t where pk_billtemplet='0001ZZ10000000007S3G';
delete from pub_billtemplet where pk_billtemplet='0001ZZ10000000007S3G';
INSERT INTO pub_billtemplet (bill_templetcaption, bill_templetname, devorg, dr, funccode, layer, metadataclass, model_type, modulecode, nodecode, options, pk_billtemplet, pk_billtypecode, pk_corp, pk_org, resid, shareflag, ts, validateformula) VALUES ('团保投保设定', 'SYSTEM', '~', 0, null, 0, 'twhr.groupinsurancesetting', null, 'TWHR', '68J61035', null, '0001ZZ10000000007S3G', '68J61035', '@@@@', null, null, 'N', '2017-08-27 00:20:00', null);
INSERT INTO pub_billtemplet_t (basetab, dr, metadataclass, metadatapath, mixindex, pk_billtemplet, pk_billtemplet_t, pk_layout, pos, position, resid, tabcode, tabindex, tabname, ts, vdef1, vdef2, vdef3) VALUES (null, 0, 'twhr.groupinsurancesetting', 'groupinsurancesetting', null, '0001ZZ10000000007S3G', '1001ZZ10000000004NG0', '~', 1, 1, null, 'groupinsurancesetting', 0, '团保投保设定', '2017-08-27 00:20:01', null, null, null);
INSERT INTO pub_billtemplet_b (cardflag, datatype, defaultshowname, defaultvalue, dr, editflag, editformula, foreground, hyperlinkflag, idcolname, inputlength, itemkey, itemtype, leafflag, listflag, listhyperlinkflag, listshowflag, loadformula, lockflag, metadatapath, metadataproperty, metadatarelation, newlineflag, nullflag, options, pk_billtemplet, pk_billtemplet_b, pk_corp, pos, reftype, resid, resid_tabname, reviseflag, showflag, showorder, table_code, table_name, totalflag, ts, userdefflag, userdefine1, userdefine2, userdefine3, usereditflag, userflag, userreviseflag, usershowflag, validateformula, width) VALUES (1, -1, null, null, 0, 0, null, -1, 'N', null, -1, 'def1', 0, 'N', 1, 'N', 'N', null, 0, 'def1', 'twhr.groupinsurancesetting.def1', null, 'N', 0, null, '0001ZZ10000000007S3G', '0001ZZ10000000007S3H', '@@@@', 1, null, null, null, 'N', 0, 3, 'groupinsurancesetting', '团保投保设定', 0, '2017-08-27 00:20:00', 'N', null, null, null, 1, 1, 'N', 1, null, 100);
INSERT INTO pub_billtemplet_b (cardflag, datatype, defaultshowname, defaultvalue, dr, editflag, editformula, foreground, hyperlinkflag, idcolname, inputlength, itemkey, itemtype, leafflag, listflag, listhyperlinkflag, listshowflag, loadformula, lockflag, metadatapath, metadataproperty, metadatarelation, newlineflag, nullflag, options, pk_billtemplet, pk_billtemplet_b, pk_corp, pos, reftype, resid, resid_tabname, reviseflag, showflag, showorder, table_code, table_name, totalflag, ts, userdefflag, userdefine1, userdefine2, userdefine3, usereditflag, userflag, userreviseflag, usershowflag, validateformula, width) VALUES (1, -1, null, null, 0, 0, null, -1, 'N', null, -1, 'def2', 0, 'N', 1, 'N', 'N', null, 0, 'def2', 'twhr.groupinsurancesetting.def2', null, 'N', 0, null, '0001ZZ10000000007S3G', '0001ZZ10000000007S3I', '@@@@', 1, null, null, null, 'N', 0, 5, 'groupinsurancesetting', '团保投保设定', 0, '2017-08-27 00:20:00', 'N', null, null, null, 1, 1, 'N', 1, null, 100);
INSERT INTO pub_billtemplet_b (cardflag, datatype, defaultshowname, defaultvalue, dr, editflag, editformula, foreground, hyperlinkflag, idcolname, inputlength, itemkey, itemtype, leafflag, listflag, listhyperlinkflag, listshowflag, loadformula, lockflag, metadatapath, metadataproperty, metadatarelation, newlineflag, nullflag, options, pk_billtemplet, pk_billtemplet_b, pk_corp, pos, reftype, resid, resid_tabname, reviseflag, showflag, showorder, table_code, table_name, totalflag, ts, userdefflag, userdefine1, userdefine2, userdefine3, usereditflag, userflag, userreviseflag, usershowflag, validateformula, width) VALUES (1, -1, null, null, 0, 0, null, -1, 'N', null, -1, 'def3', 0, 'N', 1, 'N', 'N', null, 0, 'def3', 'twhr.groupinsurancesetting.def3', null, 'N', 0, null, '0001ZZ10000000007S3G', '0001ZZ10000000007S3J', '@@@@', 1, null, null, null, 'N', 0, 7, 'groupinsurancesetting', '团保投保设定', 0, '2017-08-27 00:20:00', 'N', null, null, null, 1, 1, 'N', 1, null, 100);
INSERT INTO pub_billtemplet_b (cardflag, datatype, defaultshowname, defaultvalue, dr, editflag, editformula, foreground, hyperlinkflag, idcolname, inputlength, itemkey, itemtype, leafflag, listflag, listhyperlinkflag, listshowflag, loadformula, lockflag, metadatapath, metadataproperty, metadatarelation, newlineflag, nullflag, options, pk_billtemplet, pk_billtemplet_b, pk_corp, pos, reftype, resid, resid_tabname, reviseflag, showflag, showorder, table_code, table_name, totalflag, ts, userdefflag, userdefine1, userdefine2, userdefine3, usereditflag, userflag, userreviseflag, usershowflag, validateformula, width) VALUES (1, -1, null, null, 0, 0, null, -1, 'N', null, -1, 'def4', 0, 'N', 1, 'N', 'N', null, 0, 'def4', 'twhr.groupinsurancesetting.def4', null, 'N', 0, null, '0001ZZ10000000007S3G', '0001ZZ10000000007S3K', '@@@@', 1, null, null, null, 'N', 0, 8, 'groupinsurancesetting', '团保投保设定', 0, '2017-08-27 00:20:00', 'N', null, null, null, 1, 1, 'N', 1, null, 100);
INSERT INTO pub_billtemplet_b (cardflag, datatype, defaultshowname, defaultvalue, dr, editflag, editformula, foreground, hyperlinkflag, idcolname, inputlength, itemkey, itemtype, leafflag, listflag, listhyperlinkflag, listshowflag, loadformula, lockflag, metadatapath, metadataproperty, metadatarelation, newlineflag, nullflag, options, pk_billtemplet, pk_billtemplet_b, pk_corp, pos, reftype, resid, resid_tabname, reviseflag, showflag, showorder, table_code, table_name, totalflag, ts, userdefflag, userdefine1, userdefine2, userdefine3, usereditflag, userflag, userreviseflag, usershowflag, validateformula, width) VALUES (1, -1, null, null, 0, 0, null, -1, 'N', null, -1, 'def5', 0, 'N', 1, 'N', 'N', null, 0, 'def5', 'twhr.groupinsurancesetting.def5', null, 'N', 0, null, '0001ZZ10000000007S3G', '0001ZZ10000000007S3L', '@@@@', 1, null, null, null, 'N', 0, 11, 'groupinsurancesetting', '团保投保设定', 0, '2017-08-27 00:20:00', 'N', null, null, null, 1, 1, 'N', 1, null, 100);
INSERT INTO pub_billtemplet_b (cardflag, datatype, defaultshowname, defaultvalue, dr, editflag, editformula, foreground, hyperlinkflag, idcolname, inputlength, itemkey, itemtype, leafflag, listflag, listhyperlinkflag, listshowflag, loadformula, lockflag, metadatapath, metadataproperty, metadatarelation, newlineflag, nullflag, options, pk_billtemplet, pk_billtemplet_b, pk_corp, pos, reftype, resid, resid_tabname, reviseflag, showflag, showorder, table_code, table_name, totalflag, ts, userdefflag, userdefine1, userdefine2, userdefine3, usereditflag, userflag, userreviseflag, usershowflag, validateformula, width) VALUES (1, -1, null, null, 0, 0, null, -1, 'N', null, -1, 'def6', 0, 'N', 1, 'N', 'N', null, 0, 'def6', 'twhr.groupinsurancesetting.def6', null, 'N', 0, null, '0001ZZ10000000007S3G', '0001ZZ10000000007S3M', '@@@@', 1, null, null, null, 'N', 0, 12, 'groupinsurancesetting', '团保投保设定', 0, '2017-08-27 00:20:00', 'N', null, null, null, 1, 1, 'N', 1, null, 100);
INSERT INTO pub_billtemplet_b (cardflag, datatype, defaultshowname, defaultvalue, dr, editflag, editformula, foreground, hyperlinkflag, idcolname, inputlength, itemkey, itemtype, leafflag, listflag, listhyperlinkflag, listshowflag, loadformula, lockflag, metadatapath, metadataproperty, metadatarelation, newlineflag, nullflag, options, pk_billtemplet, pk_billtemplet_b, pk_corp, pos, reftype, resid, resid_tabname, reviseflag, showflag, showorder, table_code, table_name, totalflag, ts, userdefflag, userdefine1, userdefine2, userdefine3, usereditflag, userflag, userreviseflag, usershowflag, validateformula, width) VALUES (1, -1, null, null, 0, 0, null, -1, 'N', null, -1, 'def7', 0, 'N', 1, 'N', 'N', null, 0, 'def7', 'twhr.groupinsurancesetting.def7', null, 'N', 0, null, '0001ZZ10000000007S3G', '0001ZZ10000000007S3N', '@@@@', 1, null, null, null, 'N', 0, 14, 'groupinsurancesetting', '团保投保设定', 0, '2017-08-27 00:20:00', 'N', null, null, null, 1, 1, 'N', 1, null, 100);
INSERT INTO pub_billtemplet_b (cardflag, datatype, defaultshowname, defaultvalue, dr, editflag, editformula, foreground, hyperlinkflag, idcolname, inputlength, itemkey, itemtype, leafflag, listflag, listhyperlinkflag, listshowflag, loadformula, lockflag, metadatapath, metadataproperty, metadatarelation, newlineflag, nullflag, options, pk_billtemplet, pk_billtemplet_b, pk_corp, pos, reftype, resid, resid_tabname, reviseflag, showflag, showorder, table_code, table_name, totalflag, ts, userdefflag, userdefine1, userdefine2, userdefine3, usereditflag, userflag, userreviseflag, usershowflag, validateformula, width) VALUES (1, -1, null, null, 0, 0, null, -1, 'N', null, -1, 'def8', 0, 'N', 1, 'N', 'N', null, 0, 'def8', 'twhr.groupinsurancesetting.def8', null, 'N', 0, null, '0001ZZ10000000007S3G', '0001ZZ10000000007S3O', '@@@@', 1, null, null, null, 'N', 0, 17, 'groupinsurancesetting', '团保投保设定', 0, '2017-08-27 00:20:00', 'N', null, null, null, 1, 1, 'N', 1, null, 100);
INSERT INTO pub_billtemplet_b (cardflag, datatype, defaultshowname, defaultvalue, dr, editflag, editformula, foreground, hyperlinkflag, idcolname, inputlength, itemkey, itemtype, leafflag, listflag, listhyperlinkflag, listshowflag, loadformula, lockflag, metadatapath, metadataproperty, metadatarelation, newlineflag, nullflag, options, pk_billtemplet, pk_billtemplet_b, pk_corp, pos, reftype, resid, resid_tabname, reviseflag, showflag, showorder, table_code, table_name, totalflag, ts, userdefflag, userdefine1, userdefine2, userdefine3, usereditflag, userflag, userreviseflag, usershowflag, validateformula, width) VALUES (1, -1, null, null, 0, 0, null, -1, 'N', null, -1, 'def9', 0, 'N', 1, 'N', 'N', null, 0, 'def9', 'twhr.groupinsurancesetting.def9', null, 'N', 0, null, '0001ZZ10000000007S3G', '0001ZZ10000000007S3P', '@@@@', 1, null, null, null, 'N', 0, 18, 'groupinsurancesetting', '团保投保设定', 0, '2017-08-27 00:20:00', 'N', null, null, null, 1, 1, 'N', 1, null, 100);
INSERT INTO pub_billtemplet_b (cardflag, datatype, defaultshowname, defaultvalue, dr, editflag, editformula, foreground, hyperlinkflag, idcolname, inputlength, itemkey, itemtype, leafflag, listflag, listhyperlinkflag, listshowflag, loadformula, lockflag, metadatapath, metadataproperty, metadatarelation, newlineflag, nullflag, options, pk_billtemplet, pk_billtemplet_b, pk_corp, pos, reftype, resid, resid_tabname, reviseflag, showflag, showorder, table_code, table_name, totalflag, ts, userdefflag, userdefine1, userdefine2, userdefine3, usereditflag, userflag, userreviseflag, usershowflag, validateformula, width) VALUES (1, -1, null, null, 0, 0, null, -1, 'N', null, -1, 'def10', 0, 'N', 1, 'N', 'N', null, 0, 'def10', 'twhr.groupinsurancesetting.def10', null, 'N', 0, null, '0001ZZ10000000007S3G', '0001ZZ10000000007S3Q', '@@@@', 1, null, null, null, 'N', 0, 19, 'groupinsurancesetting', '团保投保设定', 0, '2017-08-27 00:20:00', 'N', null, null, null, 1, 1, 'N', 1, null, 100);
INSERT INTO pub_billtemplet_b (cardflag, datatype, defaultshowname, defaultvalue, dr, editflag, editformula, foreground, hyperlinkflag, idcolname, inputlength, itemkey, itemtype, leafflag, listflag, listhyperlinkflag, listshowflag, loadformula, lockflag, metadatapath, metadataproperty, metadatarelation, newlineflag, nullflag, options, pk_billtemplet, pk_billtemplet_b, pk_corp, pos, reftype, resid, resid_tabname, reviseflag, showflag, showorder, table_code, table_name, totalflag, ts, userdefflag, userdefine1, userdefine2, userdefine3, usereditflag, userflag, userreviseflag, usershowflag, validateformula, width) VALUES (1, -1, null, null, 0, 0, null, -1, 'N', null, -1, 'def11', 0, 'N', 1, 'N', 'N', null, 0, 'def11', 'twhr.groupinsurancesetting.def11', null, 'N', 0, null, '0001ZZ10000000007S3G', '0001ZZ10000000007S3R', '@@@@', 1, null, null, null, 'N', 0, 21, 'groupinsurancesetting', '团保投保设定', 0, '2017-08-27 00:20:00', 'N', null, null, null, 1, 1, 'N', 1, null, 100);
INSERT INTO pub_billtemplet_b (cardflag, datatype, defaultshowname, defaultvalue, dr, editflag, editformula, foreground, hyperlinkflag, idcolname, inputlength, itemkey, itemtype, leafflag, listflag, listhyperlinkflag, listshowflag, loadformula, lockflag, metadatapath, metadataproperty, metadatarelation, newlineflag, nullflag, options, pk_billtemplet, pk_billtemplet_b, pk_corp, pos, reftype, resid, resid_tabname, reviseflag, showflag, showorder, table_code, table_name, totalflag, ts, userdefflag, userdefine1, userdefine2, userdefine3, usereditflag, userflag, userreviseflag, usershowflag, validateformula, width) VALUES (1, -1, null, null, 0, 0, null, -1, 'N', null, -1, 'def12', 0, 'N', 1, 'N', 'N', null, 0, 'def12', 'twhr.groupinsurancesetting.def12', null, 'N', 0, null, '0001ZZ10000000007S3G', '0001ZZ10000000007S3S', '@@@@', 1, null, null, null, 'N', 0, 23, 'groupinsurancesetting', '团保投保设定', 0, '2017-08-27 00:20:00', 'N', null, null, null, 1, 1, 'N', 1, null, 100);
INSERT INTO pub_billtemplet_b (cardflag, datatype, defaultshowname, defaultvalue, dr, editflag, editformula, foreground, hyperlinkflag, idcolname, inputlength, itemkey, itemtype, leafflag, listflag, listhyperlinkflag, listshowflag, loadformula, lockflag, metadatapath, metadataproperty, metadatarelation, newlineflag, nullflag, options, pk_billtemplet, pk_billtemplet_b, pk_corp, pos, reftype, resid, resid_tabname, reviseflag, showflag, showorder, table_code, table_name, totalflag, ts, userdefflag, userdefine1, userdefine2, userdefine3, usereditflag, userflag, userreviseflag, usershowflag, validateformula, width) VALUES (1, -1, null, null, 0, 0, null, -1, 'N', null, -1, 'def13', 0, 'N', 1, 'N', 'N', null, 0, 'def13', 'twhr.groupinsurancesetting.def13', null, 'N', 0, null, '0001ZZ10000000007S3G', '0001ZZ10000000007S3T', '@@@@', 1, null, null, null, 'N', 0, 24, 'groupinsurancesetting', '团保投保设定', 0, '2017-08-27 00:20:00', 'N', null, null, null, 1, 1, 'N', 1, null, 100);
INSERT INTO pub_billtemplet_b (cardflag, datatype, defaultshowname, defaultvalue, dr, editflag, editformula, foreground, hyperlinkflag, idcolname, inputlength, itemkey, itemtype, leafflag, listflag, listhyperlinkflag, listshowflag, loadformula, lockflag, metadatapath, metadataproperty, metadatarelation, newlineflag, nullflag, options, pk_billtemplet, pk_billtemplet_b, pk_corp, pos, reftype, resid, resid_tabname, reviseflag, showflag, showorder, table_code, table_name, totalflag, ts, userdefflag, userdefine1, userdefine2, userdefine3, usereditflag, userflag, userreviseflag, usershowflag, validateformula, width) VALUES (1, -1, null, null, 0, 0, null, -1, 'N', null, -1, 'def14', 0, 'N', 1, 'N', 'N', null, 0, 'def14', 'twhr.groupinsurancesetting.def14', null, 'N', 0, null, '0001ZZ10000000007S3G', '0001ZZ10000000007S3U', '@@@@', 1, null, null, null, 'N', 0, 25, 'groupinsurancesetting', '团保投保设定', 0, '2017-08-27 00:20:00', 'N', null, null, null, 1, 1, 'N', 1, null, 100);
INSERT INTO pub_billtemplet_b (cardflag, datatype, defaultshowname, defaultvalue, dr, editflag, editformula, foreground, hyperlinkflag, idcolname, inputlength, itemkey, itemtype, leafflag, listflag, listhyperlinkflag, listshowflag, loadformula, lockflag, metadatapath, metadataproperty, metadatarelation, newlineflag, nullflag, options, pk_billtemplet, pk_billtemplet_b, pk_corp, pos, reftype, resid, resid_tabname, reviseflag, showflag, showorder, table_code, table_name, totalflag, ts, userdefflag, userdefine1, userdefine2, userdefine3, usereditflag, userflag, userreviseflag, usershowflag, validateformula, width) VALUES (1, -1, null, null, 0, 0, null, -1, 'N', null, -1, 'def15', 0, 'N', 1, 'N', 'N', null, 0, 'def15', 'twhr.groupinsurancesetting.def15', null, 'N', 0, null, '0001ZZ10000000007S3G', '0001ZZ10000000007S3V', '@@@@', 1, null, null, null, 'N', 0, 26, 'groupinsurancesetting', '团保投保设定', 0, '2017-08-27 00:20:00', 'N', null, null, null, 1, 1, 'N', 1, null, 100);
INSERT INTO pub_billtemplet_b (cardflag, datatype, defaultshowname, defaultvalue, dr, editflag, editformula, foreground, hyperlinkflag, idcolname, inputlength, itemkey, itemtype, leafflag, listflag, listhyperlinkflag, listshowflag, loadformula, lockflag, metadatapath, metadataproperty, metadatarelation, newlineflag, nullflag, options, pk_billtemplet, pk_billtemplet_b, pk_corp, pos, reftype, resid, resid_tabname, reviseflag, showflag, showorder, table_code, table_name, totalflag, ts, userdefflag, userdefine1, userdefine2, userdefine3, usereditflag, userflag, userreviseflag, usershowflag, validateformula, width) VALUES (1, -1, null, null, 0, 0, null, -1, 'N', null, -1, 'def16', 0, 'N', 1, 'N', 'N', null, 0, 'def16', 'twhr.groupinsurancesetting.def16', null, 'N', 0, null, '0001ZZ10000000007S3G', '0001ZZ10000000007S3W', '@@@@', 1, null, null, null, 'N', 0, 27, 'groupinsurancesetting', '团保投保设定', 0, '2017-08-27 00:20:00', 'N', null, null, null, 1, 1, 'N', 1, null, 100);
INSERT INTO pub_billtemplet_b (cardflag, datatype, defaultshowname, defaultvalue, dr, editflag, editformula, foreground, hyperlinkflag, idcolname, inputlength, itemkey, itemtype, leafflag, listflag, listhyperlinkflag, listshowflag, loadformula, lockflag, metadatapath, metadataproperty, metadatarelation, newlineflag, nullflag, options, pk_billtemplet, pk_billtemplet_b, pk_corp, pos, reftype, resid, resid_tabname, reviseflag, showflag, showorder, table_code, table_name, totalflag, ts, userdefflag, userdefine1, userdefine2, userdefine3, usereditflag, userflag, userreviseflag, usershowflag, validateformula, width) VALUES (1, -1, null, null, 0, 0, null, -1, 'N', null, -1, 'def17', 0, 'N', 1, 'N', 'N', null, 0, 'def17', 'twhr.groupinsurancesetting.def17', null, 'N', 0, null, '0001ZZ10000000007S3G', '0001ZZ10000000007S3X', '@@@@', 1, null, null, null, 'N', 0, 28, 'groupinsurancesetting', '团保投保设定', 0, '2017-08-27 00:20:00', 'N', null, null, null, 1, 1, 'N', 1, null, 100);
INSERT INTO pub_billtemplet_b (cardflag, datatype, defaultshowname, defaultvalue, dr, editflag, editformula, foreground, hyperlinkflag, idcolname, inputlength, itemkey, itemtype, leafflag, listflag, listhyperlinkflag, listshowflag, loadformula, lockflag, metadatapath, metadataproperty, metadatarelation, newlineflag, nullflag, options, pk_billtemplet, pk_billtemplet_b, pk_corp, pos, reftype, resid, resid_tabname, reviseflag, showflag, showorder, table_code, table_name, totalflag, ts, userdefflag, userdefine1, userdefine2, userdefine3, usereditflag, userflag, userreviseflag, usershowflag, validateformula, width) VALUES (1, -1, null, null, 0, 0, null, -1, 'N', null, -1, 'def18', 0, 'N', 1, 'N', 'N', null, 0, 'def18', 'twhr.groupinsurancesetting.def18', null, 'N', 0, null, '0001ZZ10000000007S3G', '0001ZZ10000000007S3Y', '@@@@', 1, null, null, null, 'N', 0, 29, 'groupinsurancesetting', '团保投保设定', 0, '2017-08-27 00:20:00', 'N', null, null, null, 1, 1, 'N', 1, null, 100);
INSERT INTO pub_billtemplet_b (cardflag, datatype, defaultshowname, defaultvalue, dr, editflag, editformula, foreground, hyperlinkflag, idcolname, inputlength, itemkey, itemtype, leafflag, listflag, listhyperlinkflag, listshowflag, loadformula, lockflag, metadatapath, metadataproperty, metadatarelation, newlineflag, nullflag, options, pk_billtemplet, pk_billtemplet_b, pk_corp, pos, reftype, resid, resid_tabname, reviseflag, showflag, showorder, table_code, table_name, totalflag, ts, userdefflag, userdefine1, userdefine2, userdefine3, usereditflag, userflag, userreviseflag, usershowflag, validateformula, width) VALUES (1, -1, null, null, 0, 0, null, -1, 'N', null, -1, 'def19', 0, 'N', 1, 'N', 'N', null, 0, 'def19', 'twhr.groupinsurancesetting.def19', null, 'N', 0, null, '0001ZZ10000000007S3G', '0001ZZ10000000007S3Z', '@@@@', 1, null, null, null, 'N', 0, 30, 'groupinsurancesetting', '团保投保设定', 0, '2017-08-27 00:20:00', 'N', null, null, null, 1, 1, 'N', 1, null, 100);
INSERT INTO pub_billtemplet_b (cardflag, datatype, defaultshowname, defaultvalue, dr, editflag, editformula, foreground, hyperlinkflag, idcolname, inputlength, itemkey, itemtype, leafflag, listflag, listhyperlinkflag, listshowflag, loadformula, lockflag, metadatapath, metadataproperty, metadatarelation, newlineflag, nullflag, options, pk_billtemplet, pk_billtemplet_b, pk_corp, pos, reftype, resid, resid_tabname, reviseflag, showflag, showorder, table_code, table_name, totalflag, ts, userdefflag, userdefine1, userdefine2, userdefine3, usereditflag, userflag, userreviseflag, usershowflag, validateformula, width) VALUES (1, -1, null, null, 0, 0, null, -1, 'N', null, -1, 'def20', 0, 'N', 1, 'N', 'N', null, 0, 'def20', 'twhr.groupinsurancesetting.def20', null, 'N', 0, null, '0001ZZ10000000007S3G', '0001ZZ10000000007S40', '@@@@', 1, null, null, null, 'N', 0, 31, 'groupinsurancesetting', '团保投保设定', 0, '2017-08-27 00:20:00', 'N', null, null, null, 1, 1, 'N', 1, null, 100);
INSERT INTO pub_billtemplet_b (cardflag, datatype, defaultshowname, defaultvalue, dr, editflag, editformula, foreground, hyperlinkflag, idcolname, inputlength, itemkey, itemtype, leafflag, listflag, listhyperlinkflag, listshowflag, loadformula, lockflag, metadatapath, metadataproperty, metadatarelation, newlineflag, nullflag, options, pk_billtemplet, pk_billtemplet_b, pk_corp, pos, reftype, resid, resid_tabname, reviseflag, showflag, showorder, table_code, table_name, totalflag, ts, userdefflag, userdefine1, userdefine2, userdefine3, usereditflag, userflag, userreviseflag, usershowflag, validateformula, width) VALUES (1, -1, null, null, 0, 0, null, -1, 'N', null, -1, 'creator', 0, 'N', 1, 'N', 'N', null, 0, 'creator', 'twhr.groupinsurancesetting.creator', null, 'N', 0, null, '0001ZZ10000000007S3G', '0001ZZ10000000007S41', '@@@@', 1, null, null, null, 'N', 0, 32, 'groupinsurancesetting', '团保投保设定', 0, '2017-08-27 00:20:00', 'N', null, null, null, 1, 1, 'N', 1, null, 100);
INSERT INTO pub_billtemplet_b (cardflag, datatype, defaultshowname, defaultvalue, dr, editflag, editformula, foreground, hyperlinkflag, idcolname, inputlength, itemkey, itemtype, leafflag, listflag, listhyperlinkflag, listshowflag, loadformula, lockflag, metadatapath, metadataproperty, metadatarelation, newlineflag, nullflag, options, pk_billtemplet, pk_billtemplet_b, pk_corp, pos, reftype, resid, resid_tabname, reviseflag, showflag, showorder, table_code, table_name, totalflag, ts, userdefflag, userdefine1, userdefine2, userdefine3, usereditflag, userflag, userreviseflag, usershowflag, validateformula, width) VALUES (1, -1, null, null, 0, 0, null, -1, 'N', null, -1, 'creationtime', 0, 'N', 1, 'N', 'N', null, 0, 'creationtime', 'twhr.groupinsurancesetting.creationtime', null, 'N', 0, null, '0001ZZ10000000007S3G', '0001ZZ10000000007S42', '@@@@', 1, null, null, null, 'N', 0, 33, 'groupinsurancesetting', '团保投保设定', 0, '2017-08-27 00:20:00', 'N', null, null, null, 1, 1, 'N', 1, null, 100);
INSERT INTO pub_billtemplet_b (cardflag, datatype, defaultshowname, defaultvalue, dr, editflag, editformula, foreground, hyperlinkflag, idcolname, inputlength, itemkey, itemtype, leafflag, listflag, listhyperlinkflag, listshowflag, loadformula, lockflag, metadatapath, metadataproperty, metadatarelation, newlineflag, nullflag, options, pk_billtemplet, pk_billtemplet_b, pk_corp, pos, reftype, resid, resid_tabname, reviseflag, showflag, showorder, table_code, table_name, totalflag, ts, userdefflag, userdefine1, userdefine2, userdefine3, usereditflag, userflag, userreviseflag, usershowflag, validateformula, width) VALUES (1, -1, null, null, 0, 0, null, -1, 'N', null, -1, 'modifier', 0, 'N', 1, 'N', 'N', null, 0, 'modifier', 'twhr.groupinsurancesetting.modifier', null, 'N', 0, null, '0001ZZ10000000007S3G', '0001ZZ10000000007S43', '@@@@', 1, null, null, null, 'N', 0, 34, 'groupinsurancesetting', '团保投保设定', 0, '2017-08-27 00:20:00', 'N', null, null, null, 1, 1, 'N', 1, null, 100);
INSERT INTO pub_billtemplet_b (cardflag, datatype, defaultshowname, defaultvalue, dr, editflag, editformula, foreground, hyperlinkflag, idcolname, inputlength, itemkey, itemtype, leafflag, listflag, listhyperlinkflag, listshowflag, loadformula, lockflag, metadatapath, metadataproperty, metadatarelation, newlineflag, nullflag, options, pk_billtemplet, pk_billtemplet_b, pk_corp, pos, reftype, resid, resid_tabname, reviseflag, showflag, showorder, table_code, table_name, totalflag, ts, userdefflag, userdefine1, userdefine2, userdefine3, usereditflag, userflag, userreviseflag, usershowflag, validateformula, width) VALUES (1, -1, null, null, 0, 0, null, -1, 'N', null, -1, 'modifiedtime', 0, 'N', 1, 'N', 'N', null, 0, 'modifiedtime', 'twhr.groupinsurancesetting.modifiedtime', null, 'N', 0, null, '0001ZZ10000000007S3G', '0001ZZ10000000007S44', '@@@@', 1, null, null, null, 'N', 0, 35, 'groupinsurancesetting', '团保投保设定', 0, '2017-08-27 00:20:00', 'N', null, null, null, 1, 1, 'N', 1, null, 100);
INSERT INTO pub_billtemplet_b (cardflag, datatype, defaultshowname, defaultvalue, dr, editflag, editformula, foreground, hyperlinkflag, idcolname, inputlength, itemkey, itemtype, leafflag, listflag, listhyperlinkflag, listshowflag, loadformula, lockflag, metadatapath, metadataproperty, metadatarelation, newlineflag, nullflag, options, pk_billtemplet, pk_billtemplet_b, pk_corp, pos, reftype, resid, resid_tabname, reviseflag, showflag, showorder, table_code, table_name, totalflag, ts, userdefflag, userdefine1, userdefine2, userdefine3, usereditflag, userflag, userreviseflag, usershowflag, validateformula, width) VALUES (1, -1, null, null, 0, 0, null, -1, 'N', null, -1, 'pk_group', 0, 'N', 1, 'N', 'N', null, 0, 'pk_group', 'twhr.groupinsurancesetting.pk_group', null, 'N', 0, null, '0001ZZ10000000007S3G', '0001ZZ10000000007S45', '@@@@', 1, null, null, null, 'N', 0, 36, 'groupinsurancesetting', '团保投保设定', 0, '2017-08-27 00:20:00', 'N', null, null, null, 1, 1, 'N', 1, null, 100);
INSERT INTO pub_billtemplet_b (cardflag, datatype, defaultshowname, defaultvalue, dr, editflag, editformula, foreground, hyperlinkflag, idcolname, inputlength, itemkey, itemtype, leafflag, listflag, listhyperlinkflag, listshowflag, loadformula, lockflag, metadatapath, metadataproperty, metadatarelation, newlineflag, nullflag, options, pk_billtemplet, pk_billtemplet_b, pk_corp, pos, reftype, resid, resid_tabname, reviseflag, showflag, showorder, table_code, table_name, totalflag, ts, userdefflag, userdefine1, userdefine2, userdefine3, usereditflag, userflag, userreviseflag, usershowflag, validateformula, width) VALUES (1, -1, null, null, 0, 0, null, -1, 'N', null, -1, 'pk_org', 0, 'N', 1, 'N', 'N', null, 0, 'pk_org', 'twhr.groupinsurancesetting.pk_org', null, 'N', 0, null, '0001ZZ10000000007S3G', '0001ZZ10000000007S46', '@@@@', 1, null, null, null, 'N', 0, 37, 'groupinsurancesetting', '团保投保设定', 0, '2017-08-27 00:20:00', 'N', null, null, null, 1, 1, 'N', 1, null, 100);
INSERT INTO pub_billtemplet_b (cardflag, datatype, defaultshowname, defaultvalue, dr, editflag, editformula, foreground, hyperlinkflag, idcolname, inputlength, itemkey, itemtype, leafflag, listflag, listhyperlinkflag, listshowflag, loadformula, lockflag, metadatapath, metadataproperty, metadatarelation, newlineflag, nullflag, options, pk_billtemplet, pk_billtemplet_b, pk_corp, pos, reftype, resid, resid_tabname, reviseflag, showflag, showorder, table_code, table_name, totalflag, ts, userdefflag, userdefine1, userdefine2, userdefine3, usereditflag, userflag, userreviseflag, usershowflag, validateformula, width) VALUES (1, -1, null, null, 0, 0, null, -1, 'N', null, -1, 'pk_org_v', 0, 'N', 1, 'N', 'N', null, 0, 'pk_org_v', 'twhr.groupinsurancesetting.pk_org_v', null, 'N', 0, null, '0001ZZ10000000007S3G', '0001ZZ10000000007S47', '@@@@', 1, null, null, null, 'N', 0, 38, 'groupinsurancesetting', '团保投保设定', 0, '2017-08-27 00:20:00', 'N', null, null, null, 1, 1, 'N', 1, null, 100);
INSERT INTO pub_billtemplet_b (cardflag, datatype, defaultshowname, defaultvalue, dr, editflag, editformula, foreground, hyperlinkflag, idcolname, inputlength, itemkey, itemtype, leafflag, listflag, listhyperlinkflag, listshowflag, loadformula, lockflag, metadatapath, metadataproperty, metadatarelation, newlineflag, nullflag, options, pk_billtemplet, pk_billtemplet_b, pk_corp, pos, reftype, resid, resid_tabname, reviseflag, showflag, showorder, table_code, table_name, totalflag, ts, userdefflag, userdefine1, userdefine2, userdefine3, usereditflag, userflag, userreviseflag, usershowflag, validateformula, width) VALUES (1, -1, null, null, 0, 0, null, -1, 'N', null, -1, 'id', 0, 'N', 1, 'N', 'N', null, 0, 'id', 'twhr.groupinsurancesetting.id', null, 'N', 0, null, '0001ZZ10000000007S3G', '0001ZZ10000000007S48', '@@@@', 1, null, null, null, 'N', 0, 39, 'groupinsurancesetting', '团保投保设定', 0, '2017-08-27 00:20:00', 'N', null, null, null, 1, 1, 'N', 1, null, 100);
INSERT INTO pub_billtemplet_b (cardflag, datatype, defaultshowname, defaultvalue, dr, editflag, editformula, foreground, hyperlinkflag, idcolname, inputlength, itemkey, itemtype, leafflag, listflag, listhyperlinkflag, listshowflag, loadformula, lockflag, metadatapath, metadataproperty, metadatarelation, newlineflag, nullflag, options, pk_billtemplet, pk_billtemplet_b, pk_corp, pos, reftype, resid, resid_tabname, reviseflag, showflag, showorder, table_code, table_name, totalflag, ts, userdefflag, userdefine1, userdefine2, userdefine3, usereditflag, userflag, userreviseflag, usershowflag, validateformula, width) VALUES (1, -1, null, null, 0, 0, null, -1, 'N', null, -1, 'code', 0, 'N', 1, 'N', 'N', null, 0, 'code', 'twhr.groupinsurancesetting.code', null, 'N', 0, null, '0001ZZ10000000007S3G', '0001ZZ10000000007S49', '@@@@', 1, null, null, null, 'N', 0, 1, 'groupinsurancesetting', '团保投保设定', 0, '2017-08-27 00:20:00', 'N', null, null, null, 1, 1, 'N', 1, null, 100);
INSERT INTO pub_billtemplet_b (cardflag, datatype, defaultshowname, defaultvalue, dr, editflag, editformula, foreground, hyperlinkflag, idcolname, inputlength, itemkey, itemtype, leafflag, listflag, listhyperlinkflag, listshowflag, loadformula, lockflag, metadatapath, metadataproperty, metadatarelation, newlineflag, nullflag, options, pk_billtemplet, pk_billtemplet_b, pk_corp, pos, reftype, resid, resid_tabname, reviseflag, showflag, showorder, table_code, table_name, totalflag, ts, userdefflag, userdefine1, userdefine2, userdefine3, usereditflag, userflag, userreviseflag, usershowflag, validateformula, width) VALUES (1, -1, null, null, 0, 0, null, -1, 'N', null, -1, 'name', 0, 'N', 1, 'N', 'N', null, 0, 'name', 'twhr.groupinsurancesetting.name', null, 'N', 0, null, '0001ZZ10000000007S3G', '0001ZZ10000000007S4A', '@@@@', 1, null, null, null, 'N', 0, 2, 'groupinsurancesetting', '团保投保设定', 0, '2017-08-27 00:20:00', 'N', null, null, null, 1, 1, 'N', 1, null, 100);
INSERT INTO pub_billtemplet_b (cardflag, datatype, defaultshowname, defaultvalue, dr, editflag, editformula, foreground, hyperlinkflag, idcolname, inputlength, itemkey, itemtype, leafflag, listflag, listhyperlinkflag, listshowflag, loadformula, lockflag, metadatapath, metadataproperty, metadatarelation, newlineflag, nullflag, options, pk_billtemplet, pk_billtemplet_b, pk_corp, pos, reftype, resid, resid_tabname, reviseflag, showflag, showorder, table_code, table_name, totalflag, ts, userdefflag, userdefine1, userdefine2, userdefine3, usereditflag, userflag, userreviseflag, usershowflag, validateformula, width) VALUES (1, -1, null, null, 0, 1, null, -1, 'N', null, -1, 'cgrpinsid', 0, 'N', 1, 'N', 'Y', null, 0, 'cgrpinsid', 'twhr.groupinsurancesetting.cgrpinsid', null, 'N', 0, null, '0001ZZ10000000007S3G', '0001ZZ10000000007S4B', '@@@@', 1, '<团保险种(自定义档案)>,code=N', null, null, 'N', 1, 4, 'groupinsurancesetting', '团保投保设定', 0, '2017-08-27 00:20:00', 'N', null, null, null, 1, 1, 'N', 1, null, 100);
INSERT INTO pub_billtemplet_b (cardflag, datatype, defaultshowname, defaultvalue, dr, editflag, editformula, foreground, hyperlinkflag, idcolname, inputlength, itemkey, itemtype, leafflag, listflag, listhyperlinkflag, listshowflag, loadformula, lockflag, metadatapath, metadataproperty, metadatarelation, newlineflag, nullflag, options, pk_billtemplet, pk_billtemplet_b, pk_corp, pos, reftype, resid, resid_tabname, reviseflag, showflag, showorder, table_code, table_name, totalflag, ts, userdefflag, userdefine1, userdefine2, userdefine3, usereditflag, userflag, userreviseflag, usershowflag, validateformula, width) VALUES (1, -1, null, null, 0, 1, null, -1, 'N', null, -1, 'cgrpinsrelid', 0, 'N', 1, 'N', 'Y', null, 0, 'cgrpinsrelid', 'twhr.groupinsurancesetting.cgrpinsrelid', null, 'N', 0, null, '0001ZZ10000000007S3G', '0001ZZ10000000007S4C', '@@@@', 1, '<团保身份(自定义档案)>,code=N', null, null, 'N', 1, 6, 'groupinsurancesetting', '团保投保设定', 0, '2017-08-27 00:20:00', 'N', null, null, null, 1, 1, 'N', 1, null, 100);
INSERT INTO pub_billtemplet_b (cardflag, datatype, defaultshowname, defaultvalue, dr, editflag, editformula, foreground, hyperlinkflag, idcolname, inputlength, itemkey, itemtype, leafflag, listflag, listhyperlinkflag, listshowflag, loadformula, lockflag, metadatapath, metadataproperty, metadatarelation, newlineflag, nullflag, options, pk_billtemplet, pk_billtemplet_b, pk_corp, pos, reftype, resid, resid_tabname, reviseflag, showflag, showorder, table_code, table_name, totalflag, ts, userdefflag, userdefine1, userdefine2, userdefine3, usereditflag, userflag, userreviseflag, usershowflag, validateformula, width) VALUES (1, -1, null, null, 0, 1, null, -1, 'N', null, -1, 'icalmode', 0, 'N', 1, 'N', 'Y', null, 0, 'icalmode', 'twhr.groupinsurancesetting.icalmode', null, 'N', 0, null, '0001ZZ10000000007S3G', '0001ZZ10000000007S4E', '@@@@', 1, null, null, null, 'N', 1, 10, 'groupinsurancesetting', '团保投保设定', 0, '2017-08-27 00:20:00', 'N', null, null, null, 1, 1, 'N', 1, null, 100);
INSERT INTO pub_billtemplet_b (cardflag, datatype, defaultshowname, defaultvalue, dr, editflag, editformula, foreground, hyperlinkflag, idcolname, inputlength, itemkey, itemtype, leafflag, listflag, listhyperlinkflag, listshowflag, loadformula, lockflag, metadatapath, metadataproperty, metadatarelation, newlineflag, nullflag, options, pk_billtemplet, pk_billtemplet_b, pk_corp, pos, reftype, resid, resid_tabname, reviseflag, showflag, showorder, table_code, table_name, totalflag, ts, userdefflag, userdefine1, userdefine2, userdefine3, usereditflag, userflag, userreviseflag, usershowflag, validateformula, width) VALUES (1, -1, null, null, 0, 1, null, -1, 'N', null, -1, 'dtimes', 0, 'N', 1, 'N', 'Y', null, 0, 'dtimes', 'twhr.groupinsurancesetting.dtimes', null, 'N', 0, null, '0001ZZ10000000007S3G', '0001ZZ10000000007S4F', '@@@@', 1, '2,-100000000000000000000.00,100000000000000000000.00', null, null, 'N', 1, 13, 'groupinsurancesetting', '团保投保设定', 0, '2017-08-27 00:20:00', 'N', null, null, null, 1, 1, 'N', 1, null, 100);
INSERT INTO pub_billtemplet_b (cardflag, datatype, defaultshowname, defaultvalue, dr, editflag, editformula, foreground, hyperlinkflag, idcolname, inputlength, itemkey, itemtype, leafflag, listflag, listhyperlinkflag, listshowflag, loadformula, lockflag, metadatapath, metadataproperty, metadatarelation, newlineflag, nullflag, options, pk_billtemplet, pk_billtemplet_b, pk_corp, pos, reftype, resid, resid_tabname, reviseflag, showflag, showorder, table_code, table_name, totalflag, ts, userdefflag, userdefine1, userdefine2, userdefine3, usereditflag, userflag, userreviseflag, usershowflag, validateformula, width) VALUES (1, -1, null, null, 0, 1, null, -1, 'N', null, -1, 'dupper', 0, 'N', 1, 'N', 'Y', null, 0, 'dupper', 'twhr.groupinsurancesetting.dupper', null, 'N', 0, null, '0001ZZ10000000007S3G', '0001ZZ10000000007S4G', '@@@@', 1, '0,-100000000000000000000.00,100000000000000000000.00', null, null, 'N', 1, 15, 'groupinsurancesetting', '团保投保设定', 0, '2017-08-27 00:20:00', 'N', null, null, null, 1, 1, 'N', 1, null, 100);
INSERT INTO pub_billtemplet_b (cardflag, datatype, defaultshowname, defaultvalue, dr, editflag, editformula, foreground, hyperlinkflag, idcolname, inputlength, itemkey, itemtype, leafflag, listflag, listhyperlinkflag, listshowflag, loadformula, lockflag, metadatapath, metadataproperty, metadatarelation, newlineflag, nullflag, options, pk_billtemplet, pk_billtemplet_b, pk_corp, pos, reftype, resid, resid_tabname, reviseflag, showflag, showorder, table_code, table_name, totalflag, ts, userdefflag, userdefine1, userdefine2, userdefine3, usereditflag, userflag, userreviseflag, usershowflag, validateformula, width) VALUES (1, -1, null, null, 0, 1, null, -1, 'N', null, -1, 'drate', 0, 'N', 1, 'N', 'Y', null, 0, 'drate', 'twhr.groupinsurancesetting.drate', null, 'N', 0, null, '0001ZZ10000000007S3G', '0001ZZ10000000007S4H', '@@@@', 1, '8,-100000000000000000000.00,100000000000000000000.00', null, null, 'N', 1, 16, 'groupinsurancesetting', '团保投保设定', 0, '2017-08-27 00:20:00', 'N', null, null, null, 1, 1, 'N', 1, null, 100);
INSERT INTO pub_billtemplet_b (cardflag, datatype, defaultshowname, defaultvalue, dr, editflag, editformula, foreground, hyperlinkflag, idcolname, inputlength, itemkey, itemtype, leafflag, listflag, listhyperlinkflag, listshowflag, loadformula, lockflag, metadatapath, metadataproperty, metadatarelation, newlineflag, nullflag, options, pk_billtemplet, pk_billtemplet_b, pk_corp, pos, reftype, resid, resid_tabname, reviseflag, showflag, showorder, table_code, table_name, totalflag, ts, userdefflag, userdefine1, userdefine2, userdefine3, usereditflag, userflag, userreviseflag, usershowflag, validateformula, width) VALUES (1, -1, null, null, 0, 1, null, -1, 'N', null, -1, 'cformular', 0, 'N', 1, 'N', 'Y', null, 0, 'cformular', 'twhr.groupinsurancesetting.cformular', null, 'N', 0, null, '0001ZZ10000000007S3G', '0001ZZ10000000007S4I', '@@@@', 1, null, null, null, 'N', 1, 22, 'groupinsurancesetting', '团保投保设定', 0, '2017-08-27 00:20:00', 'N', null, null, null, 1, 1, 'N', 1, null, 300);
INSERT INTO pub_billtemplet_b (cardflag, datatype, defaultshowname, defaultvalue, dr, editflag, editformula, foreground, hyperlinkflag, idcolname, inputlength, itemkey, itemtype, leafflag, listflag, listhyperlinkflag, listshowflag, loadformula, lockflag, metadatapath, metadataproperty, metadatarelation, newlineflag, nullflag, options, pk_billtemplet, pk_billtemplet_b, pk_corp, pos, reftype, resid, resid_tabname, reviseflag, showflag, showorder, table_code, table_name, totalflag, ts, userdefflag, userdefine1, userdefine2, userdefine3, usereditflag, userflag, userreviseflag, usershowflag, validateformula, width) VALUES (1, -1, null, null, 0, 0, null, -1, 'N', null, -1, 'cformularstr', 0, 'N', 1, 'N', 'N', null, 0, 'cformularstr', 'twhr.groupinsurancesetting.cformularstr', null, 'N', 0, null, '0001ZZ10000000007S3G', '0001ZZ10000000007S4J', '@@@@', 1, null, null, null, 'N', 0, 20, 'groupinsurancesetting', '团保投保设定', 0, '2017-08-27 00:20:00', 'N', null, null, null, 1, 1, 'N', 1, null, 100);
INSERT INTO pub_billtemplet_b (cardflag, datatype, defaultshowname, defaultvalue, dr, editflag, editformula, foreground, hyperlinkflag, idcolname, inputlength, itemkey, itemtype, leafflag, listflag, listhyperlinkflag, listshowflag, loadformula, lockflag, metadatapath, metadataproperty, metadatarelation, newlineflag, nullflag, options, pk_billtemplet, pk_billtemplet_b, pk_corp, pos, reftype, resid, resid_tabname, reviseflag, showflag, showorder, table_code, table_name, totalflag, ts, userdefflag, userdefine1, userdefine2, userdefine3, usereditflag, userflag, userreviseflag, usershowflag, validateformula, width) VALUES (1, -1, null, null, 0, 1, null, -1, 'N', null, -1, 'dfixamount', 0, 'N', 1, 'N', 'Y', null, 0, 'dfixamount', 'twhr.groupinsurancesetting.dfixamount', null, 'N', 0, null, '0001ZZ10000000007S3G', '0001ZZ10000000007S4K', '@@@@', 1, '0,-100000000000000000000.00,100000000000000000000.00', null, null, 'N', 1, 44, 'groupinsurancesetting', '团保投保设定', 0, '2017-08-27 00:20:00', 'N', null, null, null, 1, 1, 'N', 1, null, 100);
INSERT INTO pub_billtemplet_b (cardflag, datatype, defaultshowname, defaultvalue, dr, editflag, editformula, foreground, hyperlinkflag, idcolname, inputlength, itemkey, itemtype, leafflag, listflag, listhyperlinkflag, listshowflag, loadformula, lockflag, metadatapath, metadataproperty, metadatarelation, newlineflag, nullflag, options, pk_billtemplet, pk_billtemplet_b, pk_corp, pos, reftype, resid, resid_tabname, reviseflag, showflag, showorder, table_code, table_name, totalflag, ts, userdefflag, userdefine1, userdefine2, userdefine3, usereditflag, userflag, userreviseflag, usershowflag, validateformula, width) VALUES (1, -1, null, null, 0, 1, null, -1, 'N', null, -1, 'bselfpay', 0, 'N', 1, 'N', 'Y', null, 0, 'bselfpay', 'twhr.groupinsurancesetting.bselfpay', null, 'N', 0, null, '0001ZZ10000000007S3G', '0001ZZ10000000007S4L', '@@@@', 1, null, null, null, 'N', 1, 45, 'groupinsurancesetting', '团保投保设定', 0, '2017-08-27 00:20:00', 'N', null, null, null, 1, 1, 'N', 1, null, 100);
INSERT INTO pub_billtemplet_b (cardflag, datatype, defaultshowname, defaultvalue, dr, editflag, editformula, foreground, hyperlinkflag, idcolname, inputlength, itemkey, itemtype, leafflag, listflag, listhyperlinkflag, listshowflag, loadformula, lockflag, metadatapath, metadataproperty, metadatarelation, newlineflag, nullflag, options, pk_billtemplet, pk_billtemplet_b, pk_corp, pos, reftype, resid, resid_tabname, reviseflag, showflag, showorder, table_code, table_name, totalflag, ts, userdefflag, userdefine1, userdefine2, userdefine3, usereditflag, userflag, userreviseflag, usershowflag, validateformula, width) VALUES (1, -1, null, null, 0, 0, null, -1, 'N', null, -1, 'maketime', 0, 'N', 1, 'N', 'N', null, 0, 'maketime', 'twhr.groupinsurancesetting.maketime', null, 'N', 0, null, '0001ZZ10000000007S3G', '0001ZZ10000000007S4M', '@@@@', 1, null, null, null, 'N', 0, 40, 'groupinsurancesetting', '团保投保设定', 0, '2017-08-27 00:20:00', 'N', null, null, null, 1, 1, 'N', 1, null, 100);
INSERT INTO pub_billtemplet_b (cardflag, datatype, defaultshowname, defaultvalue, dr, editflag, editformula, foreground, hyperlinkflag, idcolname, inputlength, itemkey, itemtype, leafflag, listflag, listhyperlinkflag, listshowflag, loadformula, lockflag, metadatapath, metadataproperty, metadatarelation, newlineflag, nullflag, options, pk_billtemplet, pk_billtemplet_b, pk_corp, pos, reftype, resid, resid_tabname, reviseflag, showflag, showorder, table_code, table_name, totalflag, ts, userdefflag, userdefine1, userdefine2, userdefine3, usereditflag, userflag, userreviseflag, usershowflag, validateformula, width) VALUES (1, -1, null, null, 0, 0, null, -1, 'N', null, -1, 'lastmaketime', 0, 'N', 1, 'N', 'N', null, 0, 'lastmaketime', 'twhr.groupinsurancesetting.lastmaketime', null, 'N', 0, null, '0001ZZ10000000007S3G', '0001ZZ10000000007S4N', '@@@@', 1, null, null, null, 'N', 0, 41, 'groupinsurancesetting', '团保投保设定', 0, '2017-08-27 00:20:00', 'N', null, null, null, 1, 1, 'N', 1, null, 100);
INSERT INTO pub_billtemplet_b (cardflag, datatype, defaultshowname, defaultvalue, dr, editflag, editformula, foreground, hyperlinkflag, idcolname, inputlength, itemkey, itemtype, leafflag, listflag, listhyperlinkflag, listshowflag, loadformula, lockflag, metadatapath, metadataproperty, metadatarelation, newlineflag, nullflag, options, pk_billtemplet, pk_billtemplet_b, pk_corp, pos, reftype, resid, resid_tabname, reviseflag, showflag, showorder, table_code, table_name, totalflag, ts, userdefflag, userdefine1, userdefine2, userdefine3, usereditflag, userflag, userreviseflag, usershowflag, validateformula, width) VALUES (1, -1, null, null, 0, 0, null, -1, 'N', null, -1, 'rowno', 0, 'N', 1, 'N', 'N', null, 0, 'rowno', 'twhr.groupinsurancesetting.rowno', null, 'N', 0, null, '0001ZZ10000000007S3G', '0001ZZ10000000007S4O', '@@@@', 1, null, null, null, 'N', 0, 42, 'groupinsurancesetting', '团保投保设定', 0, '2017-08-27 00:20:00', 'N', null, null, null, 1, 1, 'N', 1, null, 100);
INSERT INTO pub_billtemplet_b (cardflag, datatype, defaultshowname, defaultvalue, dr, editflag, editformula, foreground, hyperlinkflag, idcolname, inputlength, itemkey, itemtype, leafflag, listflag, listhyperlinkflag, listshowflag, loadformula, lockflag, metadatapath, metadataproperty, metadatarelation, newlineflag, nullflag, options, pk_billtemplet, pk_billtemplet_b, pk_corp, pos, reftype, resid, resid_tabname, reviseflag, showflag, showorder, table_code, table_name, totalflag, ts, userdefflag, userdefine1, userdefine2, userdefine3, usereditflag, userflag, userreviseflag, usershowflag, validateformula, width) VALUES (1, -1, null, null, 0, 0, null, -1, 'N', null, -1, 'ts', 0, 'N', 1, 'N', 'N', null, 0, 'ts', 'twhr.groupinsurancesetting.ts', null, 'N', 0, null, '0001ZZ10000000007S3G', '0001ZZ10000000007S4P', '@@@@', 1, null, null, null, 'N', 0, 43, 'groupinsurancesetting', '团保投保设定', 0, '2017-08-27 00:20:00', 'N', null, null, null, 1, 1, 'N', 1, null, 100);
INSERT INTO pub_billtemplet_b (cardflag, datatype, defaultshowname, defaultvalue, dr, editflag, editformula, foreground, hyperlinkflag, idcolname, inputlength, itemkey, itemtype, leafflag, listflag, listhyperlinkflag, listshowflag, loadformula, lockflag, metadatapath, metadataproperty, metadatarelation, newlineflag, nullflag, options, pk_billtemplet, pk_billtemplet_b, pk_corp, pos, reftype, resid, resid_tabname, reviseflag, showflag, showorder, table_code, table_name, totalflag, ts, userdefflag, userdefine1, userdefine2, userdefine3, usereditflag, userflag, userreviseflag, usershowflag, validateformula, width) VALUES (1, -1, null, null, 0, 1, null, -1, 'N', null, -1, 'bautoreg', 0, 'N', 1, 'N', 'Y', null, 0, 'bautoreg', 'twhr.groupinsurancesetting.bautoreg', null, 'N', 0, null, '0001ZZ10000000007S3G', '0001ZZ10000000007Z1D', '@@@@', 1, null, null, null, 'N', 1, 9, 'groupinsurancesetting', 'groupinsurancesetting', 0, '2017-08-27 00:20:00', 'N', null, null, null, 1, 1, 'N', 1, null, 100);
GO

--systemplate
delete from pub_systemplate_base where funnode='68J61035' ; 
insert into pub_systemplate_base (ts,nodekey,layer,funnode,templateid,moduleid,pk_systemplate,devorg,tempstyle,pk_industry,pk_country,dr) values ('2017-08-23 09:35:05','bt',null,'68J61035','0001ZZ10000000007S3G','68J6','0001ZZ100000000089U9',null,0,'~','~',0);
GO

--infoset
delete from hr_infoset_item where pk_infoset = 'TWHRA21000000000DEF6';
delete from hr_infoset where pk_infoset = 'TWHRA21000000000DEF6';
delete from hr_infoset_item where pk_infoset = 'TWHRA21000000000DEF7';
delete from hr_infoset where pk_infoset = 'TWHRA21000000000DEF7';
GO

INSERT INTO hr_infoset (dr, infoset_code, infoset_name, infoset_type, look_history_flag, main_table_flag, memo, meta_data, meta_data_id, pk_field_code, pk_group, pk_infoset, pk_infoset_sort, pk_org, record_character, resid, respath, showorder, sync_main_code, sync_main_table, table_code, ts, user_def_flag, vo_class_name, infoset_name2, infoset_name3, infoset_name4, infoset_name5, infoset_name6) VALUES (0, 'hi_psndoc_glbdef'||(select RTRIM(CAST(count(*)+1 as CHAR)) from hr_infoset where user_def_flag='Y'), '团保信息', 1, null, 'N', null, null, null, 'pk_psndoc_sub', '~', 'TWHRA21000000000DEF6', '1001Z710000000002XPO', 'GLOBLE00000000000000', 1, 'hi_psndoc_glbdef'||(select RTRIM(CAST(count(*)+1 as CHAR)) from hr_infoset where user_def_flag='Y'), '6007psn', 36, null, 'N', 'hi_psndoc_glbdef'||(select RTRIM(CAST(count(*)+1 as CHAR)) from hr_infoset where user_def_flag='Y'), '2017-08-24 10:14:10', 'Y', 'nc.vo.hi.psndoc.Glbdef'||(select RTRIM(CAST(count(*)+1 as CHAR)) from hr_infoset where user_def_flag='Y')||'VO', null, null, null, null, null);
GO

INSERT INTO hr_infoset_item (accessor_classname, calculation, class_id, creationtime, creator, custom_attr, data_type, data_type_id, data_type_style, default_value, description, dr, dynamic_flag, enum_id, fixed_length, help, hided, id, is_active, is_authen, item_code, item_formula, item_formula_sql, item_name, max_length, max_value, meta_data, min_value, modifiedtime, modifier, not_serialize, nullable, pk_group, pk_infoset, pk_infoset_item, pk_main_item, pk_org, precise, read_only, ref_leaf_flag, ref_model_name, resid, respath, showorder, sub_formula, sub_formula_sql, ts, unique_flag, visibility, item_name2, item_name3, item_name4, item_name5, item_name6) VALUES (null, null, null, null, null, 'N', 0, null, null, null, null, 0, null, null, null, null, 'Y', null, null, null, 'pk_psndoc_sub', null, null, '人员子表主键', 20, null, null, null, null, null, null, 'Y', '~', 'TWHRA21000000000DEF6', 'TWHRA610000DEFITEM01', '~', 'GLOBLE00000000000000', null, 'N', 'N', null, '06007psn0133', '6007psn', 0, null, null, '2017-08-24 09:41:35', 'N', null, null, null, null, null, null);
INSERT INTO hr_infoset_item (accessor_classname, calculation, class_id, creationtime, creator, custom_attr, data_type, data_type_id, data_type_style, default_value, description, dr, dynamic_flag, enum_id, fixed_length, help, hided, id, is_active, is_authen, item_code, item_formula, item_formula_sql, item_name, max_length, max_value, meta_data, min_value, modifiedtime, modifier, not_serialize, nullable, pk_group, pk_infoset, pk_infoset_item, pk_main_item, pk_org, precise, read_only, ref_leaf_flag, ref_model_name, resid, respath, showorder, sub_formula, sub_formula_sql, ts, unique_flag, visibility, item_name2, item_name3, item_name4, item_name5, item_name6) VALUES (null, null, null, null, null, 'N', 0, null, null, null, null, 0, null, null, null, null, 'Y', null, null, null, 'pk_psndoc', null, null, '人员档案主键', 20, null, null, null, null, null, null, 'Y', '~', 'TWHRA21000000000DEF6', 'TWHRA610000DEFITEM02', '~', 'GLOBLE00000000000000', null, 'N', 'N', null, 'UC000-0000139', '6007psn', 1, null, null, '2017-08-24 09:41:35', 'N', null, null, null, null, null, null);
INSERT INTO hr_infoset_item (accessor_classname, calculation, class_id, creationtime, creator, custom_attr, data_type, data_type_id, data_type_style, default_value, description, dr, dynamic_flag, enum_id, fixed_length, help, hided, id, is_active, is_authen, item_code, item_formula, item_formula_sql, item_name, max_length, max_value, meta_data, min_value, modifiedtime, modifier, not_serialize, nullable, pk_group, pk_infoset, pk_infoset_item, pk_main_item, pk_org, precise, read_only, ref_leaf_flag, ref_model_name, resid, respath, showorder, sub_formula, sub_formula_sql, ts, unique_flag, visibility, item_name2, item_name3, item_name4, item_name5, item_name6) VALUES (null, null, null, null, null, 'N', 20, null, null, null, null, 0, null, null, null, null, 'N', null, null, null, 'begindate', null, null, '开始日期', 10, null, null, null, null, null, null, 'Y', '~', 'TWHRA21000000000DEF6', 'TWHRA610000DEFITEM03', '~', 'GLOBLE00000000000000', null, 'N', 'N', null, 'UC000-0001892', '6007psn', 2, null, null, '2017-08-24 09:41:35', 'N', null, null, null, null, null, null);
INSERT INTO hr_infoset_item (accessor_classname, calculation, class_id, creationtime, creator, custom_attr, data_type, data_type_id, data_type_style, default_value, description, dr, dynamic_flag, enum_id, fixed_length, help, hided, id, is_active, is_authen, item_code, item_formula, item_formula_sql, item_name, max_length, max_value, meta_data, min_value, modifiedtime, modifier, not_serialize, nullable, pk_group, pk_infoset, pk_infoset_item, pk_main_item, pk_org, precise, read_only, ref_leaf_flag, ref_model_name, resid, respath, showorder, sub_formula, sub_formula_sql, ts, unique_flag, visibility, item_name2, item_name3, item_name4, item_name5, item_name6) VALUES (null, null, null, null, null, 'N', 20, null, null, null, null, 0, null, null, null, null, 'N', null, null, null, 'enddate', null, null, '结束日期', 10, null, null, null, null, null, null, 'Y', '~', 'TWHRA21000000000DEF6', 'TWHRA610000DEFITEM04', '~', 'GLOBLE00000000000000', null, 'N', 'N', null, 'UC000-0003230', '6007psn', 3, null, null, '2017-08-24 09:41:35', 'N', null, null, null, null, null, null);
INSERT INTO hr_infoset_item (accessor_classname, calculation, class_id, creationtime, creator, custom_attr, data_type, data_type_id, data_type_style, default_value, description, dr, dynamic_flag, enum_id, fixed_length, help, hided, id, is_active, is_authen, item_code, item_formula, item_formula_sql, item_name, max_length, max_value, meta_data, min_value, modifiedtime, modifier, not_serialize, nullable, pk_group, pk_infoset, pk_infoset_item, pk_main_item, pk_org, precise, read_only, ref_leaf_flag, ref_model_name, resid, respath, showorder, sub_formula, sub_formula_sql, ts, unique_flag, visibility, item_name2, item_name3, item_name4, item_name5, item_name6) VALUES (null, null, null, null, null, 'N', 1, null, null, null, null, 0, null, null, null, null, 'Y', null, null, null, 'recordnum', null, null, '记录序号', 8, null, null, null, null, null, null, 'Y', '~', 'TWHRA21000000000DEF6', 'TWHRA610000DEFITEM05', '~', 'GLOBLE00000000000000', null, 'N', 'N', null, '06007psn0134', '6007psn', 4, null, null, '2017-08-24 09:41:35', 'N', null, null, null, null, null, null);
INSERT INTO hr_infoset_item (accessor_classname, calculation, class_id, creationtime, creator, custom_attr, data_type, data_type_id, data_type_style, default_value, description, dr, dynamic_flag, enum_id, fixed_length, help, hided, id, is_active, is_authen, item_code, item_formula, item_formula_sql, item_name, max_length, max_value, meta_data, min_value, modifiedtime, modifier, not_serialize, nullable, pk_group, pk_infoset, pk_infoset_item, pk_main_item, pk_org, precise, read_only, ref_leaf_flag, ref_model_name, resid, respath, showorder, sub_formula, sub_formula_sql, ts, unique_flag, visibility, item_name2, item_name3, item_name4, item_name5, item_name6) VALUES (null, null, null, null, null, 'N', 4, null, null, null, null, 0, null, null, null, null, 'Y', null, null, null, 'lastflag', null, null, '最近记录标志', 1, null, null, null, null, null, null, 'Y', '~', 'TWHRA21000000000DEF6', 'TWHRA610000DEFITEM06', '~', 'GLOBLE00000000000000', null, 'N', 'N', null, '06007psn0135', '6007psn', 5, null, null, '2017-08-24 09:41:35', 'N', null, null, null, null, null, null);
INSERT INTO hr_infoset_item (accessor_classname, calculation, class_id, creationtime, creator, custom_attr, data_type, data_type_id, data_type_style, default_value, description, dr, dynamic_flag, enum_id, fixed_length, help, hided, id, is_active, is_authen, item_code, item_formula, item_formula_sql, item_name, max_length, max_value, meta_data, min_value, modifiedtime, modifier, not_serialize, nullable, pk_group, pk_infoset, pk_infoset_item, pk_main_item, pk_org, precise, read_only, ref_leaf_flag, ref_model_name, resid, respath, showorder, sub_formula, sub_formula_sql, ts, unique_flag, visibility, item_name2, item_name3, item_name4, item_name5, item_name6) VALUES (null, null, null, null, null, 'N', 5, null, null, null, null, 0, null, null, null, null, 'Y', null, null, null, 'creator', null, null, '创建人', 20, null, null, null, null, null, null, 'Y', '~', 'TWHRA21000000000DEF6', 'TWHRA610000DEFITEM07', '~', 'GLOBLE00000000000000', null, 'Y', 'N', '0001Z01000000001BVPB', 'UC001-0000091', 'common', 100, null, null, '2017-08-24 09:41:35', 'N', null, null, null, null, null, null);
INSERT INTO hr_infoset_item (accessor_classname, calculation, class_id, creationtime, creator, custom_attr, data_type, data_type_id, data_type_style, default_value, description, dr, dynamic_flag, enum_id, fixed_length, help, hided, id, is_active, is_authen, item_code, item_formula, item_formula_sql, item_name, max_length, max_value, meta_data, min_value, modifiedtime, modifier, not_serialize, nullable, pk_group, pk_infoset, pk_infoset_item, pk_main_item, pk_org, precise, read_only, ref_leaf_flag, ref_model_name, resid, respath, showorder, sub_formula, sub_formula_sql, ts, unique_flag, visibility, item_name2, item_name3, item_name4, item_name5, item_name6) VALUES (null, null, null, null, null, 'N', 15, null, null, null, null, 0, null, null, null, null, 'Y', null, null, null, 'creationtime', null, null, '创建时间', 19, null, null, null, null, null, null, 'Y', '~', 'TWHRA21000000000DEF6', 'TWHRA610000DEFITEM08', '~', 'GLOBLE00000000000000', null, 'Y', 'N', null, 'UC001-0000092', 'common', 101, null, null, '2017-08-24 09:41:35', 'N', null, null, null, null, null, null);
INSERT INTO hr_infoset_item (accessor_classname, calculation, class_id, creationtime, creator, custom_attr, data_type, data_type_id, data_type_style, default_value, description, dr, dynamic_flag, enum_id, fixed_length, help, hided, id, is_active, is_authen, item_code, item_formula, item_formula_sql, item_name, max_length, max_value, meta_data, min_value, modifiedtime, modifier, not_serialize, nullable, pk_group, pk_infoset, pk_infoset_item, pk_main_item, pk_org, precise, read_only, ref_leaf_flag, ref_model_name, resid, respath, showorder, sub_formula, sub_formula_sql, ts, unique_flag, visibility, item_name2, item_name3, item_name4, item_name5, item_name6) VALUES (null, null, null, null, null, 'N', 5, null, null, null, null, 0, null, null, null, null, 'Y', null, null, null, 'modifier', null, null, '修改人', 20, null, null, null, null, null, null, 'Y', '~', 'TWHRA21000000000DEF6', 'TWHRA610000DEFITEM09', '~', 'GLOBLE00000000000000', null, 'Y', 'N', '0001Z01000000001BVPB', 'UC001-0000093', 'common', 102, null, null, '2017-08-24 09:41:35', 'N', null, null, null, null, null, null);
INSERT INTO hr_infoset_item (accessor_classname, calculation, class_id, creationtime, creator, custom_attr, data_type, data_type_id, data_type_style, default_value, description, dr, dynamic_flag, enum_id, fixed_length, help, hided, id, is_active, is_authen, item_code, item_formula, item_formula_sql, item_name, max_length, max_value, meta_data, min_value, modifiedtime, modifier, not_serialize, nullable, pk_group, pk_infoset, pk_infoset_item, pk_main_item, pk_org, precise, read_only, ref_leaf_flag, ref_model_name, resid, respath, showorder, sub_formula, sub_formula_sql, ts, unique_flag, visibility, item_name2, item_name3, item_name4, item_name5, item_name6) VALUES (null, null, null, null, null, 'N', 15, null, null, null, null, 0, null, null, null, null, 'Y', null, null, null, 'modifiedtime', null, null, '修改时间', 19, null, null, null, null, null, null, 'Y', '~', 'TWHRA21000000000DEF6', 'TWHRA610000DEFITEM10', '~', 'GLOBLE00000000000000', null, 'Y', 'N', null, 'UC001-0000094', 'common', 103, null, null, '2017-08-24 09:41:35', 'N', null, null, null, null, null, null);
INSERT INTO hr_infoset_item (accessor_classname, calculation, class_id, creationtime, creator, custom_attr, data_type, data_type_id, data_type_style, default_value, description, dr, dynamic_flag, enum_id, fixed_length, help, hided, id, is_active, is_authen, item_code, item_formula, item_formula_sql, item_name, max_length, max_value, meta_data, min_value, modifiedtime, modifier, not_serialize, nullable, pk_group, pk_infoset, pk_infoset_item, pk_main_item, pk_org, precise, read_only, ref_leaf_flag, ref_model_name, resid, respath, showorder, sub_formula, sub_formula_sql, ts, unique_flag, visibility, item_name2, item_name3, item_name4, item_name5, item_name6) VALUES (null, null, null, '2017-08-24 10:14:10', '1001A1100000000004MR', 'Y', 0, null, null, null, null, 0, null, null, null, null, 'N', null, null, null, 'glbdef1', null, null, '投保人姓名', 128, null, null, null, null, null, null, 'N', '~', 'TWHRA21000000000DEF6', 'TWHRA610000DEFITEM11', '~', 'GLOBLE00000000000000', null, 'N', 'N', null, 'hi_psndoc_glbdef6_9017', '6007psn', 104, null, null, '2017-08-24 10:14:10', 'N', null, null, null, null, null, null);
INSERT INTO hr_infoset_item (accessor_classname, calculation, class_id, creationtime, creator, custom_attr, data_type, data_type_id, data_type_style, default_value, description, dr, dynamic_flag, enum_id, fixed_length, help, hided, id, is_active, is_authen, item_code, item_formula, item_formula_sql, item_name, max_length, max_value, meta_data, min_value, modifiedtime, modifier, not_serialize, nullable, pk_group, pk_infoset, pk_infoset_item, pk_main_item, pk_org, precise, read_only, ref_leaf_flag, ref_model_name, resid, respath, showorder, sub_formula, sub_formula_sql, ts, unique_flag, visibility, item_name2, item_name3, item_name4, item_name5, item_name6) VALUES (null, null, null, '2017-08-24 10:14:10', '1001A1100000000004MR', 'Y', 0, null, null, null, null, 0, null, null, null, null, 'N', null, null, null, 'glbdef2', null, null, '身份证号', 20, null, null, null, null, null, null, 'N', '~', 'TWHRA21000000000DEF6', 'TWHRA610000DEFITEM12', '~', 'GLOBLE00000000000000', null, 'N', 'N', null, 'hi_psndoc_glbdef6_9018', '6007psn', 105, null, null, '2017-08-24 10:14:10', 'N', null, null, null, null, null, null);
INSERT INTO hr_infoset_item (accessor_classname, calculation, class_id, creationtime, creator, custom_attr, data_type, data_type_id, data_type_style, default_value, description, dr, dynamic_flag, enum_id, fixed_length, help, hided, id, is_active, is_authen, item_code, item_formula, item_formula_sql, item_name, max_length, max_value, meta_data, min_value, modifiedtime, modifier, not_serialize, nullable, pk_group, pk_infoset, pk_infoset_item, pk_main_item, pk_org, precise, read_only, ref_leaf_flag, ref_model_name, resid, respath, showorder, sub_formula, sub_formula_sql, ts, unique_flag, visibility, item_name2, item_name3, item_name4, item_name5, item_name6) VALUES (null, null, null, '2017-08-24 10:14:10', '1001A1100000000004MR', 'Y', 3, null, null, null, null, 0, null, null, null, null, 'N', null, null, null, 'glbdef3', null, null, '出生日期', 19, null, null, null, null, null, null, 'N', '~', 'TWHRA21000000000DEF6', 'TWHRA610000DEFITEM13', '~', 'GLOBLE00000000000000', null, 'N', 'N', null, 'hi_psndoc_glbdef6_9019', '6007psn', 106, null, null, '2017-08-24 10:14:10', 'N', null, null, null, null, null, null);
INSERT INTO hr_infoset_item (accessor_classname, calculation, class_id, creationtime, creator, custom_attr, data_type, data_type_id, data_type_style, default_value, description, dr, dynamic_flag, enum_id, fixed_length, help, hided, id, is_active, is_authen, item_code, item_formula, item_formula_sql, item_name, max_length, max_value, meta_data, min_value, modifiedtime, modifier, not_serialize, nullable, pk_group, pk_infoset, pk_infoset_item, pk_main_item, pk_org, precise, read_only, ref_leaf_flag, ref_model_name, resid, respath, showorder, sub_formula, sub_formula_sql, ts, unique_flag, visibility, item_name2, item_name3, item_name4, item_name5, item_name6) VALUES (null, null, null, '2017-08-24 10:14:10', '1001A1100000000004MR', 'Y', 5, null, null, null, null, 0, null, null, null, null, 'N', null, null, null, 'glbdef4', null, null, '投保身分', 20, null, null, null, null, null, null, 'N', '~', 'TWHRA21000000000DEF6', 'TWHRA610000DEFITEM14', '~', 'GLOBLE00000000000000', null, 'N', 'N', '1001ZZ100000000044YH', 'hi_psndoc_glbdef6_9020', '6007psn', 107, null, null, '2017-08-24 10:14:10', 'N', null, null, null, null, null, null);
INSERT INTO hr_infoset_item (accessor_classname, calculation, class_id, creationtime, creator, custom_attr, data_type, data_type_id, data_type_style, default_value, description, dr, dynamic_flag, enum_id, fixed_length, help, hided, id, is_active, is_authen, item_code, item_formula, item_formula_sql, item_name, max_length, max_value, meta_data, min_value, modifiedtime, modifier, not_serialize, nullable, pk_group, pk_infoset, pk_infoset_item, pk_main_item, pk_org, precise, read_only, ref_leaf_flag, ref_model_name, resid, respath, showorder, sub_formula, sub_formula_sql, ts, unique_flag, visibility, item_name2, item_name3, item_name4, item_name5, item_name6) VALUES (null, null, null, '2017-08-24 10:14:10', '1001A1100000000004MR', 'Y', 5, null, null, null, null, 0, null, null, null, null, 'N', null, null, null, 'glbdef5', null, null, '投保险种', 20, null, null, null, null, null, null, 'N', '~', 'TWHRA21000000000DEF6', 'TWHRA610000DEFITEM15', '~', 'GLOBLE00000000000000', null, 'N', 'N', '1001ZZ100000000044XD', 'hi_psndoc_glbdef6_9021', '6007psn', 108, null, null, '2017-08-24 10:14:10', 'N', null, null, null, null, null, null);
INSERT INTO hr_infoset_item (accessor_classname, calculation, class_id, creationtime, creator, custom_attr, data_type, data_type_id, data_type_style, default_value, description, dr, dynamic_flag, enum_id, fixed_length, help, hided, id, is_active, is_authen, item_code, item_formula, item_formula_sql, item_name, max_length, max_value, meta_data, min_value, modifiedtime, modifier, not_serialize, nullable, pk_group, pk_infoset, pk_infoset_item, pk_main_item, pk_org, precise, read_only, ref_leaf_flag, ref_model_name, resid, respath, showorder, sub_formula, sub_formula_sql, ts, unique_flag, visibility, item_name2, item_name3, item_name4, item_name5, item_name6) VALUES (null, null, null, '2017-08-24 10:14:10', '1001A1100000000004MR', 'Y', 2, null, null, null, null, 0, null, null, null, null, 'N', null, null, null, 'glbdef6', null, null, '保薪基数', 28, null, null, null, null, null, null, 'Y', '~', 'TWHRA21000000000DEF6', 'TWHRA610000DEFITEM16', '~', 'GLOBLE00000000000000', 2, 'N', 'N', null, 'hi_psndoc_glbdef6_9022', '6007psn', 109, null, null, '2017-08-24 10:14:10', 'N', null, null, null, null, null, null);
INSERT INTO hr_infoset_item (accessor_classname, calculation, class_id, creationtime, creator, custom_attr, data_type, data_type_id, data_type_style, default_value, description, dr, dynamic_flag, enum_id, fixed_length, help, hided, id, is_active, is_authen, item_code, item_formula, item_formula_sql, item_name, max_length, max_value, meta_data, min_value, modifiedtime, modifier, not_serialize, nullable, pk_group, pk_infoset, pk_infoset_item, pk_main_item, pk_org, precise, read_only, ref_leaf_flag, ref_model_name, resid, respath, showorder, sub_formula, sub_formula_sql, ts, unique_flag, visibility, item_name2, item_name3, item_name4, item_name5, item_name6) VALUES (null, null, null, '2017-08-24 10:14:10', '1001A1100000000004MR', 'Y', 4, null, null, null, null, 0, null, null, null, null, 'N', null, null, null, 'glbdef7', null, null, '是否結束', 1, null, null, null, null, null, null, 'Y', '~', 'TWHRA21000000000DEF6', 'TWHRA610000DEFITEM17', '~', 'GLOBLE00000000000000', null, 'N', 'N', null, 'hi_psndoc_glbdef6_9023', '6007psn', 110, null, null, '2017-08-24 10:14:10', 'N', null, null, null, null, null, null);
GO

INSERT INTO hr_infoset (dr, infoset_code, infoset_name, infoset_type, look_history_flag, main_table_flag, memo, meta_data, meta_data_id, pk_field_code, pk_group, pk_infoset, pk_infoset_sort, pk_org, record_character, resid, respath, showorder, sync_main_code, sync_main_table, table_code, ts, user_def_flag, vo_class_name, infoset_name2, infoset_name3, infoset_name4, infoset_name5, infoset_name6) VALUES (0, 'hi_psndoc_glbdef'||(select RTRIM(CAST(count(*)+1 as CHAR)) from hr_infoset where user_def_flag='Y'), '员工团保投保明细', 1, null, 'N', null, null, null, 'pk_psndoc_sub', '~', 'TWHRA21000000000DEF7', '1001Z710000000002XPO', 'GLOBLE00000000000000', 1, 'hi_psndoc_glbdef'||(select RTRIM(CAST(count(*)+1 as CHAR)) from hr_infoset where user_def_flag='Y'), '6007psn', 37, null, 'N', 'hi_psndoc_glbdef'||(select RTRIM(CAST(count(*)+1 as CHAR)) from hr_infoset where user_def_flag='Y'), '2017-08-30 13:34:15', 'Y', 'nc.vo.hi.psndoc.Glbdef'||(select RTRIM(CAST(count(*)+1 as CHAR)) from hr_infoset where user_def_flag='Y')||'VO', null, null, null, null, null);
GO

INSERT INTO hr_infoset_item (accessor_classname, calculation, class_id, creationtime, creator, custom_attr, data_type, data_type_id, data_type_style, default_value, description, dr, dynamic_flag, enum_id, fixed_length, help, hided, id, is_active, is_authen, item_code, item_formula, item_formula_sql, item_name, max_length, max_value, meta_data, min_value, modifiedtime, modifier, not_serialize, nullable, pk_group, pk_infoset, pk_infoset_item, pk_main_item, pk_org, precise, read_only, ref_leaf_flag, ref_model_name, resid, respath, showorder, sub_formula, sub_formula_sql, ts, unique_flag, visibility, item_name2, item_name3, item_name4, item_name5, item_name6) VALUES (null, null, null, null, null, 'N', 0, null, null, null, null, 0, null, null, null, null, 'Y', null, null, null, 'pk_psndoc_sub', null, null, '人员子表主键', 20, null, null, null, null, null, null, 'Y', '~', 'TWHRA21000000000DEF7', '1001ZZ10000000004VXQ', '~', 'GLOBLE00000000000000', null, 'N', 'N', null, '06007psn0133', '6007psn', 0, null, null, '2017-08-30 13:31:41', 'N', null, null, null, null, null, null);
INSERT INTO hr_infoset_item (accessor_classname, calculation, class_id, creationtime, creator, custom_attr, data_type, data_type_id, data_type_style, default_value, description, dr, dynamic_flag, enum_id, fixed_length, help, hided, id, is_active, is_authen, item_code, item_formula, item_formula_sql, item_name, max_length, max_value, meta_data, min_value, modifiedtime, modifier, not_serialize, nullable, pk_group, pk_infoset, pk_infoset_item, pk_main_item, pk_org, precise, read_only, ref_leaf_flag, ref_model_name, resid, respath, showorder, sub_formula, sub_formula_sql, ts, unique_flag, visibility, item_name2, item_name3, item_name4, item_name5, item_name6) VALUES (null, null, null, null, null, 'N', 0, null, null, null, null, 0, null, null, null, null, 'Y', null, null, null, 'pk_psndoc', null, null, '人员档案主键', 20, null, null, null, null, null, null, 'Y', '~', 'TWHRA21000000000DEF7', '1001ZZ10000000004VXR', '~', 'GLOBLE00000000000000', null, 'N', 'N', null, 'UC000-0000139', '6007psn', 1, null, null, '2017-08-30 13:31:41', 'N', null, null, null, null, null, null);
INSERT INTO hr_infoset_item (accessor_classname, calculation, class_id, creationtime, creator, custom_attr, data_type, data_type_id, data_type_style, default_value, description, dr, dynamic_flag, enum_id, fixed_length, help, hided, id, is_active, is_authen, item_code, item_formula, item_formula_sql, item_name, max_length, max_value, meta_data, min_value, modifiedtime, modifier, not_serialize, nullable, pk_group, pk_infoset, pk_infoset_item, pk_main_item, pk_org, precise, read_only, ref_leaf_flag, ref_model_name, resid, respath, showorder, sub_formula, sub_formula_sql, ts, unique_flag, visibility, item_name2, item_name3, item_name4, item_name5, item_name6) VALUES (null, null, null, null, null, 'N', 20, null, null, null, null, 0, null, null, null, null, 'N', null, null, null, 'begindate', null, null, '开始日期', 10, null, null, null, null, null, null, 'Y', '~', 'TWHRA21000000000DEF7', '1001ZZ10000000004VXS', '~', 'GLOBLE00000000000000', null, 'N', 'N', null, 'UC000-0001892', '6007psn', 2, null, null, '2017-08-30 13:31:41', 'N', null, null, null, null, null, null);
INSERT INTO hr_infoset_item (accessor_classname, calculation, class_id, creationtime, creator, custom_attr, data_type, data_type_id, data_type_style, default_value, description, dr, dynamic_flag, enum_id, fixed_length, help, hided, id, is_active, is_authen, item_code, item_formula, item_formula_sql, item_name, max_length, max_value, meta_data, min_value, modifiedtime, modifier, not_serialize, nullable, pk_group, pk_infoset, pk_infoset_item, pk_main_item, pk_org, precise, read_only, ref_leaf_flag, ref_model_name, resid, respath, showorder, sub_formula, sub_formula_sql, ts, unique_flag, visibility, item_name2, item_name3, item_name4, item_name5, item_name6) VALUES (null, null, null, null, null, 'N', 20, null, null, null, null, 0, null, null, null, null, 'N', null, null, null, 'enddate', null, null, '结束日期', 10, null, null, null, null, null, null, 'Y', '~', 'TWHRA21000000000DEF7', '1001ZZ10000000004VXT', '~', 'GLOBLE00000000000000', null, 'N', 'N', null, 'UC000-0003230', '6007psn', 3, null, null, '2017-08-30 13:31:41', 'N', null, null, null, null, null, null);
INSERT INTO hr_infoset_item (accessor_classname, calculation, class_id, creationtime, creator, custom_attr, data_type, data_type_id, data_type_style, default_value, description, dr, dynamic_flag, enum_id, fixed_length, help, hided, id, is_active, is_authen, item_code, item_formula, item_formula_sql, item_name, max_length, max_value, meta_data, min_value, modifiedtime, modifier, not_serialize, nullable, pk_group, pk_infoset, pk_infoset_item, pk_main_item, pk_org, precise, read_only, ref_leaf_flag, ref_model_name, resid, respath, showorder, sub_formula, sub_formula_sql, ts, unique_flag, visibility, item_name2, item_name3, item_name4, item_name5, item_name6) VALUES (null, null, null, null, null, 'N', 1, null, null, null, null, 0, null, null, null, null, 'Y', null, null, null, 'recordnum', null, null, '记录序号', 8, null, null, null, null, null, null, 'Y', '~', 'TWHRA21000000000DEF7', '1001ZZ10000000004VXU', '~', 'GLOBLE00000000000000', null, 'N', 'N', null, '06007psn0134', '6007psn', 4, null, null, '2017-08-30 13:31:41', 'N', null, null, null, null, null, null);
INSERT INTO hr_infoset_item (accessor_classname, calculation, class_id, creationtime, creator, custom_attr, data_type, data_type_id, data_type_style, default_value, description, dr, dynamic_flag, enum_id, fixed_length, help, hided, id, is_active, is_authen, item_code, item_formula, item_formula_sql, item_name, max_length, max_value, meta_data, min_value, modifiedtime, modifier, not_serialize, nullable, pk_group, pk_infoset, pk_infoset_item, pk_main_item, pk_org, precise, read_only, ref_leaf_flag, ref_model_name, resid, respath, showorder, sub_formula, sub_formula_sql, ts, unique_flag, visibility, item_name2, item_name3, item_name4, item_name5, item_name6) VALUES (null, null, null, null, null, 'N', 4, null, null, null, null, 0, null, null, null, null, 'Y', null, null, null, 'lastflag', null, null, '最近记录标志', 1, null, null, null, null, null, null, 'Y', '~', 'TWHRA21000000000DEF7', '1001ZZ10000000004VXV', '~', 'GLOBLE00000000000000', null, 'N', 'N', null, '06007psn0135', '6007psn', 5, null, null, '2017-08-30 13:31:41', 'N', null, null, null, null, null, null);
INSERT INTO hr_infoset_item (accessor_classname, calculation, class_id, creationtime, creator, custom_attr, data_type, data_type_id, data_type_style, default_value, description, dr, dynamic_flag, enum_id, fixed_length, help, hided, id, is_active, is_authen, item_code, item_formula, item_formula_sql, item_name, max_length, max_value, meta_data, min_value, modifiedtime, modifier, not_serialize, nullable, pk_group, pk_infoset, pk_infoset_item, pk_main_item, pk_org, precise, read_only, ref_leaf_flag, ref_model_name, resid, respath, showorder, sub_formula, sub_formula_sql, ts, unique_flag, visibility, item_name2, item_name3, item_name4, item_name5, item_name6) VALUES (null, null, null, null, null, 'N', 5, null, null, null, null, 0, null, null, null, null, 'Y', null, null, null, 'creator', null, null, '创建人', 20, null, null, null, null, null, null, 'Y', '~', 'TWHRA21000000000DEF7', '1001ZZ10000000004VXW', '~', 'GLOBLE00000000000000', null, 'Y', 'N', '0001Z01000000001BVPB', 'UC001-0000091', 'common', 100, null, null, '2017-08-30 13:31:41', 'N', null, null, null, null, null, null);
INSERT INTO hr_infoset_item (accessor_classname, calculation, class_id, creationtime, creator, custom_attr, data_type, data_type_id, data_type_style, default_value, description, dr, dynamic_flag, enum_id, fixed_length, help, hided, id, is_active, is_authen, item_code, item_formula, item_formula_sql, item_name, max_length, max_value, meta_data, min_value, modifiedtime, modifier, not_serialize, nullable, pk_group, pk_infoset, pk_infoset_item, pk_main_item, pk_org, precise, read_only, ref_leaf_flag, ref_model_name, resid, respath, showorder, sub_formula, sub_formula_sql, ts, unique_flag, visibility, item_name2, item_name3, item_name4, item_name5, item_name6) VALUES (null, null, null, null, null, 'N', 15, null, null, null, null, 0, null, null, null, null, 'Y', null, null, null, 'creationtime', null, null, '创建时间', 19, null, null, null, null, null, null, 'Y', '~', 'TWHRA21000000000DEF7', '1001ZZ10000000004VXX', '~', 'GLOBLE00000000000000', null, 'Y', 'N', null, 'UC001-0000092', 'common', 101, null, null, '2017-08-30 13:31:41', 'N', null, null, null, null, null, null);
INSERT INTO hr_infoset_item (accessor_classname, calculation, class_id, creationtime, creator, custom_attr, data_type, data_type_id, data_type_style, default_value, description, dr, dynamic_flag, enum_id, fixed_length, help, hided, id, is_active, is_authen, item_code, item_formula, item_formula_sql, item_name, max_length, max_value, meta_data, min_value, modifiedtime, modifier, not_serialize, nullable, pk_group, pk_infoset, pk_infoset_item, pk_main_item, pk_org, precise, read_only, ref_leaf_flag, ref_model_name, resid, respath, showorder, sub_formula, sub_formula_sql, ts, unique_flag, visibility, item_name2, item_name3, item_name4, item_name5, item_name6) VALUES (null, null, null, null, null, 'N', 5, null, null, null, null, 0, null, null, null, null, 'Y', null, null, null, 'modifier', null, null, '修改人', 20, null, null, null, null, null, null, 'Y', '~', 'TWHRA21000000000DEF7', '1001ZZ10000000004VXY', '~', 'GLOBLE00000000000000', null, 'Y', 'N', '0001Z01000000001BVPB', 'UC001-0000093', 'common', 102, null, null, '2017-08-30 13:31:41', 'N', null, null, null, null, null, null);
INSERT INTO hr_infoset_item (accessor_classname, calculation, class_id, creationtime, creator, custom_attr, data_type, data_type_id, data_type_style, default_value, description, dr, dynamic_flag, enum_id, fixed_length, help, hided, id, is_active, is_authen, item_code, item_formula, item_formula_sql, item_name, max_length, max_value, meta_data, min_value, modifiedtime, modifier, not_serialize, nullable, pk_group, pk_infoset, pk_infoset_item, pk_main_item, pk_org, precise, read_only, ref_leaf_flag, ref_model_name, resid, respath, showorder, sub_formula, sub_formula_sql, ts, unique_flag, visibility, item_name2, item_name3, item_name4, item_name5, item_name6) VALUES (null, null, null, null, null, 'N', 15, null, null, null, null, 0, null, null, null, null, 'Y', null, null, null, 'modifiedtime', null, null, '修改时间', 19, null, null, null, null, null, null, 'Y', '~', 'TWHRA21000000000DEF7', '1001ZZ10000000004VXZ', '~', 'GLOBLE00000000000000', null, 'Y', 'N', null, 'UC001-0000094', 'common', 103, null, null, '2017-08-30 13:31:41', 'N', null, null, null, null, null, null);
INSERT INTO hr_infoset_item (accessor_classname, calculation, class_id, creationtime, creator, custom_attr, data_type, data_type_id, data_type_style, default_value, description, dr, dynamic_flag, enum_id, fixed_length, help, hided, id, is_active, is_authen, item_code, item_formula, item_formula_sql, item_name, max_length, max_value, meta_data, min_value, modifiedtime, modifier, not_serialize, nullable, pk_group, pk_infoset, pk_infoset_item, pk_main_item, pk_org, precise, read_only, ref_leaf_flag, ref_model_name, resid, respath, showorder, sub_formula, sub_formula_sql, ts, unique_flag, visibility, item_name2, item_name3, item_name4, item_name5, item_name6) VALUES (null, null, null, null, null, 'Y', 2, null, null, null, null, 0, null, null, null, null, 'N', null, null, null, 'glbdef1', null, null, '员工负担', 28, null, null, null, null, null, null, 'Y', '~', 'TWHRA21000000000DEF7', '1001ZZ10000000004VY0', '~', 'GLOBLE00000000000000', 0, 'N', 'N', null, 'hi_psndoc_glbdef7_6982', '6007psn', 104, null, null, '2017-08-30 13:34:15', 'N', null, null, null, null, null, null);
INSERT INTO hr_infoset_item (accessor_classname, calculation, class_id, creationtime, creator, custom_attr, data_type, data_type_id, data_type_style, default_value, description, dr, dynamic_flag, enum_id, fixed_length, help, hided, id, is_active, is_authen, item_code, item_formula, item_formula_sql, item_name, max_length, max_value, meta_data, min_value, modifiedtime, modifier, not_serialize, nullable, pk_group, pk_infoset, pk_infoset_item, pk_main_item, pk_org, precise, read_only, ref_leaf_flag, ref_model_name, resid, respath, showorder, sub_formula, sub_formula_sql, ts, unique_flag, visibility, item_name2, item_name3, item_name4, item_name5, item_name6) VALUES (null, null, null, null, null, 'Y', 2, null, null, null, null, 0, null, null, null, null, 'N', null, null, null, 'glbdef2', null, null, '公司负担', 28, null, null, null, null, null, null, 'Y', '~', 'TWHRA21000000000DEF7', '1001ZZ10000000004VY1', '~', 'GLOBLE00000000000000', 0, 'N', 'N', null, 'hi_psndoc_glbdef7_6983', '6007psn', 105, null, null, '2017-08-30 13:34:15', 'N', null, null, null, null, null, null);
GO

--defdoc
DELETE FROM bd_defdoclist WHERE code = 'TWHR009' or code='TWHR010';
INSERT INTO bd_defdoclist (associatename, bpfcomponentid, code, codectlgrade, coderule, componentid, creationtime, creator, dataoriginflag, docclass, doclevel, doctype, dr, funcode, isgrade, isrelease, mngctlmode, modifiedtime, modifier, name, name2, name3, name4, name5, name6, pk_defdoclist, pk_group, pk_org) VALUES ('bd_defdoc', '12477861-7bda-11e7-9177-7f5a6301ca80', 'TWHR009', null, null, '111c65c9-7bda-11e7-9177-7f5a6301ca80', null, null, 0, null, 0, null, 0, null, 'N', 'N', 3, null, '~', '团保险种', '團保險種', null, null, null, null, '1001ZZ100000000044XC', '~', 'GLOBLE00000000000000');
INSERT INTO bd_defdoclist (associatename, bpfcomponentid, code, codectlgrade, coderule, componentid, creationtime, creator, dataoriginflag, docclass, doclevel, doctype, dr, funcode, isgrade, isrelease, mngctlmode, modifiedtime, modifier, name, name2, name3, name4, name5, name6, pk_defdoclist, pk_group, pk_org) VALUES ('bd_defdoc', '4d537001-7bda-11e7-9177-7f5a6301ca80', 'TWHR010', null, null, '4cb3fb99-7bda-11e7-9177-7f5a6301ca80', null, null, 0, null, 0, null, 0, null, 'N', 'N', 3, null, '~', '团保身份', '團保身份', null, null, null, null, '1001ZZ100000000044YG', '~', 'GLOBLE00000000000000');
GO

DELETE FROM bd_defdoc where pk_defdoclist = (select pk_defdoclist from bd_defdoclist where code = 'TWHR000'); 
INSERT INTO bd_defdoc (code, creationtime, creator, dataoriginflag, datatype, dr, enablestate, name, name2, name3, pk_defdoc, pk_defdoclist, pk_group, pk_org)
select infoset_code, ts, 'NC_USER0000000000000', 0, 1, 0, 2, infoset_name, infoset_name2, infoset_name3, replace(pk_infoset, '000000', 'DEFDOC'), (select pk_defdoclist from bd_defdoclist where code = 'TWHR000'), (select pk_group from org_group), (select pk_group from org_group)
from hr_infoset where infoset_code like 'hi_psndoc_glbdef%';
GO

--refinfo
DELETE FROM bd_refinfo WHERE metadatatypename='Defdoc-TWHR009' or metadatatypename='Defdoc-TWHR010';
INSERT INTO bd_refinfo (code, dr, isneedpara, isspecialref, metadatatypename, modulename, name, para1, para2, para3, pk_refinfo, refclass, refsystem, reftype, reserv1, reserv2, reserv3, resid, residpath, ts, wherepart) VALUES ('D10091', 0, 'Y', null, 'Defdoc-TWHR009', 'uap', '团保险种(自定义档案)', '1001ZZ100000000044XC', 'bd_defdoc', null, '1001ZZ100000000044XD', 'nc.ui.bd.ref.model.DefdocGridRefModel', null, 0, null, null, 'TWHR009', '团保险种', '10140uddb', '2017-08-08 09:36:57', null);
INSERT INTO bd_refinfo (code, dr, isneedpara, isspecialref, metadatatypename, modulename, name, para1, para2, para3, pk_refinfo, refclass, refsystem, reftype, reserv1, reserv2, reserv3, resid, residpath, ts, wherepart) VALUES ('D10092', 0, 'Y', null, 'Defdoc-TWHR010', 'uap', '团保身份(自定义档案)', '1001ZZ100000000044YG', 'bd_defdoc', null, '1001ZZ100000000044YH', 'nc.ui.bd.ref.model.DefdocGridRefModel', null, 0, null, null, 'TWHR010', '团保身份', '10140uddb', '2017-08-08 09:38:37', null);
GO

--md
DELETE FROM md_component WHERE name = 'Defdoc-TWHR009' or name='Defdoc-TWHR010' or name = 'bo_Defdoc-TWHR009' or name ='bo_Defdoc-TWHR010';
INSERT INTO md_component (createtime, creator, description, displayname, dr, fromsourcebmf, help, id, industry, isbizmodel, modifier, modifytime, name, namespace, ownmodule, preload, resid, resmodule, ts, version, versiontype) VALUES ('2017-08-08 09:36:57', null, null, '团保险种(自定义档案)', null, 'Y', null, '111c65c9-7bda-11e7-9177-7f5a6301ca80', '0', 'N', null, null, 'Defdoc-TWHR009', 'uap', 'uapbd', null, null, '10140uddb', '2017-08-08 09:36:59', '1', 0);
INSERT INTO md_component (createtime, creator, description, displayname, dr, fromsourcebmf, help, id, industry, isbizmodel, modifier, modifytime, name, namespace, ownmodule, preload, resid, resmodule, ts, version, versiontype) VALUES ('2017-08-08 09:38:37', null, null, '团保身份(自定义档案)', null, 'Y', null, '4cb3fb99-7bda-11e7-9177-7f5a6301ca80', '0', 'N', null, null, 'Defdoc-TWHR010', 'uap', 'uapbd', null, null, '10140uddb', '2017-08-08 09:38:38', '1', 0);
INSERT INTO md_component (createtime, creator, description, displayname, dr, fromsourcebmf, help, id, industry, isbizmodel, modifier, modifytime, name, namespace, ownmodule, preload, resid, resmodule, ts, version, versiontype) VALUES ('2017-08-08 09:36:59', null, null, '团保险种(自定义档案)业务操作', null, 'Y', null, '12477861-7bda-11e7-9177-7f5a6301ca80', '0', 'Y', null, '2017-08-08 09:36:59', 'bo_Defdoc-TWHR009', 'uap', 'uapbd', null, null, 'bo_Defdoc-TWHR009', '2017-08-08 09:37:01', '1', 0);
INSERT INTO md_component (createtime, creator, description, displayname, dr, fromsourcebmf, help, id, industry, isbizmodel, modifier, modifytime, name, namespace, ownmodule, preload, resid, resmodule, ts, version, versiontype) VALUES ('2017-08-08 09:38:38', null, null, '团保身份(自定义档案)业务操作', null, 'Y', null, '4d537001-7bda-11e7-9177-7f5a6301ca80', '0', 'Y', null, '2017-08-08 09:38:38', 'bo_Defdoc-TWHR010', 'uap', 'uapbd', null, null, 'bo_Defdoc-TWHR010', '2017-08-08 09:38:39', '1', 0);
GO

DELETE from md_class where name = 'Defdoc-TWHR009' or name = 'Defdoc-TWHR010';
INSERT INTO md_class (accessorclassname, bizitfimpclassname, classtype, componentid, createtime, creator, defaulttablename, description, displayname, dr, fixedlength, fullclassname, help, id, industry, isactive, isauthen, iscreatesql, isextendbean, isprimary, keyattribute, modifier, modifytime, modinfoclassname, name, parentclassid, precise, refmodelname, resid, returntype, stereotype, ts, userdefclassname, versiontype) VALUES ('nc.md.model.access.javamap.NCBeanStyle', null, 201, '111c65c9-7bda-11e7-9177-7f5a6301ca80', '2017-08-08 09:36:57', null, 'bd_defdoc', null, '团保险种(自定义档案)', null, null, 'nc.vo.bd.defdoc.DefdocVO', 'ignorebdmode,BDMODE,URC,DEFDOC,BUSILOG,DOC', '1001ZZ100000000044XC', '0', null, 'Y', 'Y', null, 'Y', '111c65cf-7bda-11e7-9177-7f5a6301ca80', null, null, null, 'Defdoc-TWHR009', null, null, '团保险种(自定义档案)', null, null, null, '2017-08-08 09:36:59', null, 0);
INSERT INTO md_class (accessorclassname, bizitfimpclassname, classtype, componentid, createtime, creator, defaulttablename, description, displayname, dr, fixedlength, fullclassname, help, id, industry, isactive, isauthen, iscreatesql, isextendbean, isprimary, keyattribute, modifier, modifytime, modinfoclassname, name, parentclassid, precise, refmodelname, resid, returntype, stereotype, ts, userdefclassname, versiontype) VALUES ('nc.md.model.access.javamap.NCBeanStyle', null, 201, '4cb3fb99-7bda-11e7-9177-7f5a6301ca80', '2017-08-08 09:38:37', null, 'bd_defdoc', null, '团保身份(自定义档案)', null, null, 'nc.vo.bd.defdoc.DefdocVO', 'ignorebdmode,BDMODE,URC,DEFDOC,BUSILOG,DOC', '1001ZZ100000000044YG', '0', null, 'Y', 'Y', null, 'Y', '4cb3fb9f-7bda-11e7-9177-7f5a6301ca80', null, null, null, 'Defdoc-TWHR010', null, null, '团保身份(自定义档案)', null, null, null, '2017-08-08 09:38:38', null, 0);
GO

DELETE FROM md_property WHERE classid = '1001ZZ100000000044XC' or classid='1001ZZ100000000044YG';
INSERT INTO md_property (accessorclassname, accesspower, accesspowergroup, attrlength, attrmaxvalue, attrminvalue, attrsequence, calculation, classid, createindustry, createtime, creator, customattr, datatype, datatypestyle, defaultvalue, description, displayname, dr, dynamicattr, dynamictable, fixedlength, help, hided, id, industry, isactive, isauthen, modifier, modifytime, name, notserialize, nullable, precise, readonly, refmodelname, resid, ts, versiontype, visibility) VALUES (null, 'N', null, 40, null, null, 4, 'N', '1001ZZ100000000044XC', '0', null, null, 'N', 'BS000010000100001001', 300, null, null, '档案编码', null, 'N', null, 'N', 'URC', 'N', '111c65c8-7bda-11e7-9177-7f5a6301ca80', '0', 'Y', null, null, null, 'code', 'N', 'N', 0, 'N', null, '2UC000-000557', '2017-08-08 09:36:59', 0, 0);
INSERT INTO md_property (accessorclassname, accesspower, accesspowergroup, attrlength, attrmaxvalue, attrminvalue, attrsequence, calculation, classid, createindustry, createtime, creator, customattr, datatype, datatypestyle, defaultvalue, description, displayname, dr, dynamicattr, dynamictable, fixedlength, help, hided, id, industry, isactive, isauthen, modifier, modifytime, name, notserialize, nullable, precise, readonly, refmodelname, resid, ts, versiontype, visibility) VALUES (null, 'N', null, 19, null, null, 11, 'N', '1001ZZ100000000044XC', '0', null, null, 'N', 'BS000010000100001034', 300, null, null, '创建时间', null, 'N', null, 'N', null, 'N', '111c65cb-7bda-11e7-9177-7f5a6301ca80', '0', 'Y', null, null, null, 'creationtime', 'N', 'Y', 0, 'N', null, '2UC000-000157', '2017-08-08 09:36:59', 0, 0);
INSERT INTO md_property (accessorclassname, accesspower, accesspowergroup, attrlength, attrmaxvalue, attrminvalue, attrsequence, calculation, classid, createindustry, createtime, creator, customattr, datatype, datatypestyle, defaultvalue, description, displayname, dr, dynamicattr, dynamictable, fixedlength, help, hided, id, industry, isactive, isauthen, modifier, modifytime, name, notserialize, nullable, precise, readonly, refmodelname, resid, ts, versiontype, visibility) VALUES (null, 'N', null, 20, null, null, 10, 'N', '1001ZZ100000000044XC', '0', null, null, 'N', 'f6f9a473-56c0-432f-8bc7-fbf8fde54fee', 305, null, null, '创建人', null, 'N', null, 'N', null, 'N', '111c65cc-7bda-11e7-9177-7f5a6301ca80', '0', 'Y', null, null, null, 'creator', 'N', 'Y', 0, 'N', '用户', '2UC000-000155', '2017-08-08 09:36:59', 0, 0);
INSERT INTO md_property (accessorclassname, accesspower, accesspowergroup, attrlength, attrmaxvalue, attrminvalue, attrsequence, calculation, classid, createindustry, createtime, creator, customattr, datatype, datatypestyle, defaultvalue, description, displayname, dr, dynamicattr, dynamictable, fixedlength, help, hided, id, industry, isactive, isauthen, modifier, modifytime, name, notserialize, nullable, precise, readonly, refmodelname, resid, ts, versiontype, visibility) VALUES (null, 'N', null, 200, null, null, 14, 'N', '1001ZZ100000000044XC', '0', null, null, 'N', 'BS000010000100001001', 300, null, null, '内部编码', null, 'N', null, 'N', null, 'N', '111c65ce-7bda-11e7-9177-7f5a6301ca80', '0', 'Y', null, null, null, 'innercode', 'N', 'Y', 0, 'N', null, '2UC000-000136', '2017-08-08 09:36:59', 0, 0);
INSERT INTO md_property (accessorclassname, accesspower, accesspowergroup, attrlength, attrmaxvalue, attrminvalue, attrsequence, calculation, classid, createindustry, createtime, creator, customattr, datatype, datatypestyle, defaultvalue, description, displayname, dr, dynamicattr, dynamictable, fixedlength, help, hided, id, industry, isactive, isauthen, modifier, modifytime, name, notserialize, nullable, precise, readonly, refmodelname, resid, ts, versiontype, visibility) VALUES (null, 'N', null, 20, null, null, 0, 'N', '1001ZZ100000000044XC', '0', null, null, 'N', 'BS000010000100001051', 300, null, null, '自定义档案主键', null, 'N', null, 'N', null, 'N', '111c65cf-7bda-11e7-9177-7f5a6301ca80', '0', 'Y', null, null, null, 'pk_defdoc', 'N', 'N', 0, 'N', null, '2UC000-000747', '2017-08-08 09:36:59', 0, 0);
INSERT INTO md_property (accessorclassname, accesspower, accesspowergroup, attrlength, attrmaxvalue, attrminvalue, attrsequence, calculation, classid, createindustry, createtime, creator, customattr, datatype, datatypestyle, defaultvalue, description, displayname, dr, dynamicattr, dynamictable, fixedlength, help, hided, id, industry, isactive, isauthen, modifier, modifytime, name, notserialize, nullable, precise, readonly, refmodelname, resid, ts, versiontype, visibility) VALUES (null, 'N', null, 200, null, null, 9, 'N', '1001ZZ100000000044XC', '0', null, null, 'N', 'BS000010000100001001', 300, null, null, '备注', null, 'N', null, 'N', null, 'N', '111c65d0-7bda-11e7-9177-7f5a6301ca80', '0', 'Y', null, null, null, 'memo', 'N', 'Y', 0, 'N', null, '2UC000-000258', '2017-08-08 09:36:59', 0, 0);
INSERT INTO md_property (accessorclassname, accesspower, accesspowergroup, attrlength, attrmaxvalue, attrminvalue, attrsequence, calculation, classid, createindustry, createtime, creator, customattr, datatype, datatypestyle, defaultvalue, description, displayname, dr, dynamicattr, dynamictable, fixedlength, help, hided, id, industry, isactive, isauthen, modifier, modifytime, name, notserialize, nullable, precise, readonly, refmodelname, resid, ts, versiontype, visibility) VALUES (null, 'N', null, 50, null, null, 7, 'N', '1001ZZ100000000044XC', '0', null, null, 'N', 'BS000010000100001001', 300, null, null, '助记码', null, 'N', null, 'N', null, 'N', '111c65d1-7bda-11e7-9177-7f5a6301ca80', '0', 'Y', null, null, null, 'mnecode', 'N', 'Y', 0, 'N', null, '2UC000-000172', '2017-08-08 09:36:59', 0, 0);
INSERT INTO md_property (accessorclassname, accesspower, accesspowergroup, attrlength, attrmaxvalue, attrminvalue, attrsequence, calculation, classid, createindustry, createtime, creator, customattr, datatype, datatypestyle, defaultvalue, description, displayname, dr, dynamicattr, dynamictable, fixedlength, help, hided, id, industry, isactive, isauthen, modifier, modifytime, name, notserialize, nullable, precise, readonly, refmodelname, resid, ts, versiontype, visibility) VALUES (null, 'N', null, 20, null, null, 12, 'N', '1001ZZ100000000044XC', '0', null, null, 'N', 'f6f9a473-56c0-432f-8bc7-fbf8fde54fee', 305, null, null, '最后修改人', null, 'N', null, 'N', null, 'N', '111c65d2-7bda-11e7-9177-7f5a6301ca80', '0', 'Y', null, null, null, 'modifier', 'N', 'Y', 0, 'N', '用户', '2UC000-000490', '2017-08-08 09:36:59', 0, 0);
INSERT INTO md_property (accessorclassname, accesspower, accesspowergroup, attrlength, attrmaxvalue, attrminvalue, attrsequence, calculation, classid, createindustry, createtime, creator, customattr, datatype, datatypestyle, defaultvalue, description, displayname, dr, dynamicattr, dynamictable, fixedlength, help, hided, id, industry, isactive, isauthen, modifier, modifytime, name, notserialize, nullable, precise, readonly, refmodelname, resid, ts, versiontype, visibility) VALUES (null, 'N', null, 19, null, null, 13, 'N', '1001ZZ100000000044XC', '0', null, null, 'N', 'BS000010000100001034', 300, null, null, '最后修改时间', null, 'N', null, 'N', null, 'N', '111c65d4-7bda-11e7-9177-7f5a6301ca80', '0', 'Y', null, null, null, 'modifiedtime', 'N', 'Y', 0, 'N', null, '2UC000-000491', '2017-08-08 09:36:59', 0, 0);
INSERT INTO md_property (accessorclassname, accesspower, accesspowergroup, attrlength, attrmaxvalue, attrminvalue, attrsequence, calculation, classid, createindustry, createtime, creator, customattr, datatype, datatypestyle, defaultvalue, description, displayname, dr, dynamicattr, dynamictable, fixedlength, help, hided, id, industry, isactive, isauthen, modifier, modifytime, name, notserialize, nullable, precise, readonly, refmodelname, resid, ts, versiontype, visibility) VALUES (null, 'N', null, 200, null, null, 5, 'N', '1001ZZ100000000044XC', '0', null, null, 'N', 'BS000010000100001058', 300, null, null, '档案名称', null, 'N', null, 'N', 'URC', 'N', '111c65d5-7bda-11e7-9177-7f5a6301ca80', '0', 'Y', null, null, null, 'name', 'N', 'Y', 0, 'N', null, '2UC000-000556', '2017-08-08 09:36:59', 0, 0);
INSERT INTO md_property (accessorclassname, accesspower, accesspowergroup, attrlength, attrmaxvalue, attrminvalue, attrsequence, calculation, classid, createindustry, createtime, creator, customattr, datatype, datatypestyle, defaultvalue, description, displayname, dr, dynamicattr, dynamictable, fixedlength, help, hided, id, industry, isactive, isauthen, modifier, modifytime, name, notserialize, nullable, precise, readonly, refmodelname, resid, ts, versiontype, visibility) VALUES (null, 'N', null, 200, null, null, 6, 'N', '1001ZZ100000000044XC', '0', null, null, 'N', 'BS000010000100001058', 300, null, null, '简称', null, 'N', null, 'N', null, 'N', '111c65d6-7bda-11e7-9177-7f5a6301ca80', '0', 'Y', null, null, null, 'shortname', 'N', 'Y', 0, 'N', null, '2UC000-000675', '2017-08-08 09:36:59', 0, 0);
INSERT INTO md_property (accessorclassname, accesspower, accesspowergroup, attrlength, attrmaxvalue, attrminvalue, attrsequence, calculation, classid, createindustry, createtime, creator, customattr, datatype, datatypestyle, defaultvalue, description, displayname, dr, dynamicattr, dynamictable, fixedlength, help, hided, id, industry, isactive, isauthen, modifier, modifytime, name, notserialize, nullable, precise, readonly, refmodelname, resid, ts, versiontype, visibility) VALUES (null, 'N', null, 20, null, null, 8, 'N', '1001ZZ100000000044XC', '0', null, null, 'N', 'BS000010000100001001', 300, null, null, '上级档案', null, 'N', null, 'N', null, 'N', '111c65d8-7bda-11e7-9177-7f5a6301ca80', '0', 'Y', null, null, null, 'pid', 'N', 'Y', 0, 'N', null, '2UC000-000007', '2017-08-08 09:36:59', 0, 0);
INSERT INTO md_property (accessorclassname, accesspower, accesspowergroup, attrlength, attrmaxvalue, attrminvalue, attrsequence, calculation, classid, createindustry, createtime, creator, customattr, datatype, datatypestyle, defaultvalue, description, displayname, dr, dynamicattr, dynamictable, fixedlength, help, hided, id, industry, isactive, isauthen, modifier, modifytime, name, notserialize, nullable, precise, readonly, refmodelname, resid, ts, versiontype, visibility) VALUES (null, 'N', null, 20, null, null, 1, 'N', '1001ZZ100000000044XC', '0', null, null, 'N', '16c1dca0-e3ed-4dcc-8ed7-75fd59e2bef1', 305, null, null, '自定义档案列表主键', null, 'N', null, 'N', null, 'N', '111c65da-7bda-11e7-9177-7f5a6301ca80', '0', 'Y', null, null, null, 'pk_defdoclist', 'N', 'N', 0, 'N', '自定义档案列表', '2UC000-000748', '2017-08-08 09:36:59', 0, 0);
INSERT INTO md_property (accessorclassname, accesspower, accesspowergroup, attrlength, attrmaxvalue, attrminvalue, attrsequence, calculation, classid, createindustry, createtime, creator, customattr, datatype, datatypestyle, defaultvalue, description, displayname, dr, dynamicattr, dynamictable, fixedlength, help, hided, id, industry, isactive, isauthen, modifier, modifytime, name, notserialize, nullable, precise, readonly, refmodelname, resid, ts, versiontype, visibility) VALUES (null, 'N', null, 20, null, null, 3, 'N', '1001ZZ100000000044XC', '0', null, null, 'N', '3b6dd171-2900-47f3-bfbe-41e4483a2a65', 305, null, null, '所属集团', null, 'N', null, 'N', null, 'N', '111c65db-7bda-11e7-9177-7f5a6301ca80', '0', 'Y', null, null, null, 'pk_group', 'N', 'Y', 0, 'N', '集团', '2UC000-000367', '2017-08-08 09:36:59', 0, 0);
INSERT INTO md_property (accessorclassname, accesspower, accesspowergroup, attrlength, attrmaxvalue, attrminvalue, attrsequence, calculation, classid, createindustry, createtime, creator, customattr, datatype, datatypestyle, defaultvalue, description, displayname, dr, dynamicattr, dynamictable, fixedlength, help, hided, id, industry, isactive, isauthen, modifier, modifytime, name, notserialize, nullable, precise, readonly, refmodelname, resid, ts, versiontype, visibility) VALUES (null, 'N', null, 20, null, null, 2, 'N', '1001ZZ100000000044XC', '0', null, null, 'N', '985be8a4-3a36-4778-8afe-2d8ed3902659', 305, null, null, '所属组织', null, 'N', null, 'N', null, 'N', '111c65dc-7bda-11e7-9177-7f5a6301ca80', '0', 'Y', null, null, null, 'pk_org', 'N', 'N', 0, 'N', '业务单元', '2UC000-000360', '2017-08-08 09:36:59', 0, 0);
INSERT INTO md_property (accessorclassname, accesspower, accesspowergroup, attrlength, attrmaxvalue, attrminvalue, attrsequence, calculation, classid, createindustry, createtime, creator, customattr, datatype, datatypestyle, defaultvalue, description, displayname, dr, dynamicattr, dynamictable, fixedlength, help, hided, id, industry, isactive, isauthen, modifier, modifytime, name, notserialize, nullable, precise, readonly, refmodelname, resid, ts, versiontype, visibility) VALUES (null, 'N', null, 0, null, null, 15, 'N', '1001ZZ100000000044XC', '0', null, null, 'N', '6b533ffa-3e43-4147-8670-ba0f5471fd40', 300, null, null, '启用状态', null, 'N', null, 'N', null, 'N', '111c65dd-7bda-11e7-9177-7f5a6301ca80', '0', 'Y', null, null, null, 'enablestate', 'N', 'Y', 0, 'N', null, '2UC000-000249', '2017-08-08 09:36:59', 0, 0);
INSERT INTO md_property (accessorclassname, accesspower, accesspowergroup, attrlength, attrmaxvalue, attrminvalue, attrsequence, calculation, classid, createindustry, createtime, creator, customattr, datatype, datatypestyle, defaultvalue, description, displayname, dr, dynamicattr, dynamictable, fixedlength, help, hided, id, industry, isactive, isauthen, modifier, modifytime, name, notserialize, nullable, precise, readonly, refmodelname, resid, ts, versiontype, visibility) VALUES (null, 'N', null, 0, null, null, 16, 'N', '1001ZZ100000000044XC', '0', null, null, 'N', 'BS000010000100001004', 300, null, null, '分布式', null, 'N', null, 'N', null, 'N', '111c65df-7bda-11e7-9177-7f5a6301ca80', '0', 'Y', null, null, null, 'dataoriginflag', 'N', 'Y', 0, 'N', null, '2UC000-000151', '2017-08-08 09:36:59', 0, 0);
INSERT INTO md_property (accessorclassname, accesspower, accesspowergroup, attrlength, attrmaxvalue, attrminvalue, attrsequence, calculation, classid, createindustry, createtime, creator, customattr, datatype, datatypestyle, defaultvalue, description, displayname, dr, dynamicattr, dynamictable, fixedlength, help, hided, id, industry, isactive, isauthen, modifier, modifytime, name, notserialize, nullable, precise, readonly, refmodelname, resid, ts, versiontype, visibility) VALUES (null, 'N', null, 0, null, null, 17, 'N', '1001ZZ100000000044XC', '0', null, null, 'N', 'ba3f1197-8584-445d-88a0-102e505f94e5', 300, '1', null, '数据类型', null, 'N', null, 'N', null, 'N', '111c65e0-7bda-11e7-9177-7f5a6301ca80', '0', 'Y', null, null, null, 'datatype', 'N', 'Y', 0, 'N', null, '2UC000-000458', '2017-08-08 09:36:59', 0, 0);
INSERT INTO md_property (accessorclassname, accesspower, accesspowergroup, attrlength, attrmaxvalue, attrminvalue, attrsequence, calculation, classid, createindustry, createtime, creator, customattr, datatype, datatypestyle, defaultvalue, description, displayname, dr, dynamicattr, dynamictable, fixedlength, help, hided, id, industry, isactive, isauthen, modifier, modifytime, name, notserialize, nullable, precise, readonly, refmodelname, resid, ts, versiontype, visibility) VALUES (null, 'N', null, 40, null, null, 4, 'N', '1001ZZ100000000044YG', '0', null, null, 'N', 'BS000010000100001001', 300, null, null, '档案编码', null, 'N', null, 'N', 'URC', 'N', '4cb3fb98-7bda-11e7-9177-7f5a6301ca80', '0', 'Y', null, null, null, 'code', 'N', 'N', 0, 'N', null, '2UC000-000557', '2017-08-08 09:38:38', 0, 0);
INSERT INTO md_property (accessorclassname, accesspower, accesspowergroup, attrlength, attrmaxvalue, attrminvalue, attrsequence, calculation, classid, createindustry, createtime, creator, customattr, datatype, datatypestyle, defaultvalue, description, displayname, dr, dynamicattr, dynamictable, fixedlength, help, hided, id, industry, isactive, isauthen, modifier, modifytime, name, notserialize, nullable, precise, readonly, refmodelname, resid, ts, versiontype, visibility) VALUES (null, 'N', null, 19, null, null, 11, 'N', '1001ZZ100000000044YG', '0', null, null, 'N', 'BS000010000100001034', 300, null, null, '创建时间', null, 'N', null, 'N', null, 'N', '4cb3fb9b-7bda-11e7-9177-7f5a6301ca80', '0', 'Y', null, null, null, 'creationtime', 'N', 'Y', 0, 'N', null, '2UC000-000157', '2017-08-08 09:38:38', 0, 0);
INSERT INTO md_property (accessorclassname, accesspower, accesspowergroup, attrlength, attrmaxvalue, attrminvalue, attrsequence, calculation, classid, createindustry, createtime, creator, customattr, datatype, datatypestyle, defaultvalue, description, displayname, dr, dynamicattr, dynamictable, fixedlength, help, hided, id, industry, isactive, isauthen, modifier, modifytime, name, notserialize, nullable, precise, readonly, refmodelname, resid, ts, versiontype, visibility) VALUES (null, 'N', null, 20, null, null, 10, 'N', '1001ZZ100000000044YG', '0', null, null, 'N', 'f6f9a473-56c0-432f-8bc7-fbf8fde54fee', 305, null, null, '创建人', null, 'N', null, 'N', null, 'N', '4cb3fb9c-7bda-11e7-9177-7f5a6301ca80', '0', 'Y', null, null, null, 'creator', 'N', 'Y', 0, 'N', '用户', '2UC000-000155', '2017-08-08 09:38:38', 0, 0);
INSERT INTO md_property (accessorclassname, accesspower, accesspowergroup, attrlength, attrmaxvalue, attrminvalue, attrsequence, calculation, classid, createindustry, createtime, creator, customattr, datatype, datatypestyle, defaultvalue, description, displayname, dr, dynamicattr, dynamictable, fixedlength, help, hided, id, industry, isactive, isauthen, modifier, modifytime, name, notserialize, nullable, precise, readonly, refmodelname, resid, ts, versiontype, visibility) VALUES (null, 'N', null, 200, null, null, 14, 'N', '1001ZZ100000000044YG', '0', null, null, 'N', 'BS000010000100001001', 300, null, null, '内部编码', null, 'N', null, 'N', null, 'N', '4cb3fb9e-7bda-11e7-9177-7f5a6301ca80', '0', 'Y', null, null, null, 'innercode', 'N', 'Y', 0, 'N', null, '2UC000-000136', '2017-08-08 09:38:38', 0, 0);
INSERT INTO md_property (accessorclassname, accesspower, accesspowergroup, attrlength, attrmaxvalue, attrminvalue, attrsequence, calculation, classid, createindustry, createtime, creator, customattr, datatype, datatypestyle, defaultvalue, description, displayname, dr, dynamicattr, dynamictable, fixedlength, help, hided, id, industry, isactive, isauthen, modifier, modifytime, name, notserialize, nullable, precise, readonly, refmodelname, resid, ts, versiontype, visibility) VALUES (null, 'N', null, 20, null, null, 0, 'N', '1001ZZ100000000044YG', '0', null, null, 'N', 'BS000010000100001051', 300, null, null, '自定义档案主键', null, 'N', null, 'N', null, 'N', '4cb3fb9f-7bda-11e7-9177-7f5a6301ca80', '0', 'Y', null, null, null, 'pk_defdoc', 'N', 'N', 0, 'N', null, '2UC000-000747', '2017-08-08 09:38:38', 0, 0);
INSERT INTO md_property (accessorclassname, accesspower, accesspowergroup, attrlength, attrmaxvalue, attrminvalue, attrsequence, calculation, classid, createindustry, createtime, creator, customattr, datatype, datatypestyle, defaultvalue, description, displayname, dr, dynamicattr, dynamictable, fixedlength, help, hided, id, industry, isactive, isauthen, modifier, modifytime, name, notserialize, nullable, precise, readonly, refmodelname, resid, ts, versiontype, visibility) VALUES (null, 'N', null, 200, null, null, 9, 'N', '1001ZZ100000000044YG', '0', null, null, 'N', 'BS000010000100001001', 300, null, null, '备注', null, 'N', null, 'N', null, 'N', '4cb3fba0-7bda-11e7-9177-7f5a6301ca80', '0', 'Y', null, null, null, 'memo', 'N', 'Y', 0, 'N', null, '2UC000-000258', '2017-08-08 09:38:38', 0, 0);
INSERT INTO md_property (accessorclassname, accesspower, accesspowergroup, attrlength, attrmaxvalue, attrminvalue, attrsequence, calculation, classid, createindustry, createtime, creator, customattr, datatype, datatypestyle, defaultvalue, description, displayname, dr, dynamicattr, dynamictable, fixedlength, help, hided, id, industry, isactive, isauthen, modifier, modifytime, name, notserialize, nullable, precise, readonly, refmodelname, resid, ts, versiontype, visibility) VALUES (null, 'N', null, 50, null, null, 7, 'N', '1001ZZ100000000044YG', '0', null, null, 'N', 'BS000010000100001001', 300, null, null, '助记码', null, 'N', null, 'N', null, 'N', '4cb3fba1-7bda-11e7-9177-7f5a6301ca80', '0', 'Y', null, null, null, 'mnecode', 'N', 'Y', 0, 'N', null, '2UC000-000172', '2017-08-08 09:38:38', 0, 0);
INSERT INTO md_property (accessorclassname, accesspower, accesspowergroup, attrlength, attrmaxvalue, attrminvalue, attrsequence, calculation, classid, createindustry, createtime, creator, customattr, datatype, datatypestyle, defaultvalue, description, displayname, dr, dynamicattr, dynamictable, fixedlength, help, hided, id, industry, isactive, isauthen, modifier, modifytime, name, notserialize, nullable, precise, readonly, refmodelname, resid, ts, versiontype, visibility) VALUES (null, 'N', null, 20, null, null, 12, 'N', '1001ZZ100000000044YG', '0', null, null, 'N', 'f6f9a473-56c0-432f-8bc7-fbf8fde54fee', 305, null, null, '最后修改人', null, 'N', null, 'N', null, 'N', '4cb3fba2-7bda-11e7-9177-7f5a6301ca80', '0', 'Y', null, null, null, 'modifier', 'N', 'Y', 0, 'N', '用户', '2UC000-000490', '2017-08-08 09:38:38', 0, 0);
INSERT INTO md_property (accessorclassname, accesspower, accesspowergroup, attrlength, attrmaxvalue, attrminvalue, attrsequence, calculation, classid, createindustry, createtime, creator, customattr, datatype, datatypestyle, defaultvalue, description, displayname, dr, dynamicattr, dynamictable, fixedlength, help, hided, id, industry, isactive, isauthen, modifier, modifytime, name, notserialize, nullable, precise, readonly, refmodelname, resid, ts, versiontype, visibility) VALUES (null, 'N', null, 19, null, null, 13, 'N', '1001ZZ100000000044YG', '0', null, null, 'N', 'BS000010000100001034', 300, null, null, '最后修改时间', null, 'N', null, 'N', null, 'N', '4cb3fba4-7bda-11e7-9177-7f5a6301ca80', '0', 'Y', null, null, null, 'modifiedtime', 'N', 'Y', 0, 'N', null, '2UC000-000491', '2017-08-08 09:38:38', 0, 0);
INSERT INTO md_property (accessorclassname, accesspower, accesspowergroup, attrlength, attrmaxvalue, attrminvalue, attrsequence, calculation, classid, createindustry, createtime, creator, customattr, datatype, datatypestyle, defaultvalue, description, displayname, dr, dynamicattr, dynamictable, fixedlength, help, hided, id, industry, isactive, isauthen, modifier, modifytime, name, notserialize, nullable, precise, readonly, refmodelname, resid, ts, versiontype, visibility) VALUES (null, 'N', null, 200, null, null, 5, 'N', '1001ZZ100000000044YG', '0', null, null, 'N', 'BS000010000100001058', 300, null, null, '档案名称', null, 'N', null, 'N', 'URC', 'N', '4cb3fba5-7bda-11e7-9177-7f5a6301ca80', '0', 'Y', null, null, null, 'name', 'N', 'Y', 0, 'N', null, '2UC000-000556', '2017-08-08 09:38:38', 0, 0);
INSERT INTO md_property (accessorclassname, accesspower, accesspowergroup, attrlength, attrmaxvalue, attrminvalue, attrsequence, calculation, classid, createindustry, createtime, creator, customattr, datatype, datatypestyle, defaultvalue, description, displayname, dr, dynamicattr, dynamictable, fixedlength, help, hided, id, industry, isactive, isauthen, modifier, modifytime, name, notserialize, nullable, precise, readonly, refmodelname, resid, ts, versiontype, visibility) VALUES (null, 'N', null, 200, null, null, 6, 'N', '1001ZZ100000000044YG', '0', null, null, 'N', 'BS000010000100001058', 300, null, null, '简称', null, 'N', null, 'N', null, 'N', '4cb3fba6-7bda-11e7-9177-7f5a6301ca80', '0', 'Y', null, null, null, 'shortname', 'N', 'Y', 0, 'N', null, '2UC000-000675', '2017-08-08 09:38:38', 0, 0);
INSERT INTO md_property (accessorclassname, accesspower, accesspowergroup, attrlength, attrmaxvalue, attrminvalue, attrsequence, calculation, classid, createindustry, createtime, creator, customattr, datatype, datatypestyle, defaultvalue, description, displayname, dr, dynamicattr, dynamictable, fixedlength, help, hided, id, industry, isactive, isauthen, modifier, modifytime, name, notserialize, nullable, precise, readonly, refmodelname, resid, ts, versiontype, visibility) VALUES (null, 'N', null, 20, null, null, 8, 'N', '1001ZZ100000000044YG', '0', null, null, 'N', 'BS000010000100001001', 300, null, null, '上级档案', null, 'N', null, 'N', null, 'N', '4cb3fba8-7bda-11e7-9177-7f5a6301ca80', '0', 'Y', null, null, null, 'pid', 'N', 'Y', 0, 'N', null, '2UC000-000007', '2017-08-08 09:38:38', 0, 0);
INSERT INTO md_property (accessorclassname, accesspower, accesspowergroup, attrlength, attrmaxvalue, attrminvalue, attrsequence, calculation, classid, createindustry, createtime, creator, customattr, datatype, datatypestyle, defaultvalue, description, displayname, dr, dynamicattr, dynamictable, fixedlength, help, hided, id, industry, isactive, isauthen, modifier, modifytime, name, notserialize, nullable, precise, readonly, refmodelname, resid, ts, versiontype, visibility) VALUES (null, 'N', null, 20, null, null, 1, 'N', '1001ZZ100000000044YG', '0', null, null, 'N', '16c1dca0-e3ed-4dcc-8ed7-75fd59e2bef1', 305, null, null, '自定义档案列表主键', null, 'N', null, 'N', null, 'N', '4cb3fbaa-7bda-11e7-9177-7f5a6301ca80', '0', 'Y', null, null, null, 'pk_defdoclist', 'N', 'N', 0, 'N', '自定义档案列表', '2UC000-000748', '2017-08-08 09:38:38', 0, 0);
INSERT INTO md_property (accessorclassname, accesspower, accesspowergroup, attrlength, attrmaxvalue, attrminvalue, attrsequence, calculation, classid, createindustry, createtime, creator, customattr, datatype, datatypestyle, defaultvalue, description, displayname, dr, dynamicattr, dynamictable, fixedlength, help, hided, id, industry, isactive, isauthen, modifier, modifytime, name, notserialize, nullable, precise, readonly, refmodelname, resid, ts, versiontype, visibility) VALUES (null, 'N', null, 20, null, null, 3, 'N', '1001ZZ100000000044YG', '0', null, null, 'N', '3b6dd171-2900-47f3-bfbe-41e4483a2a65', 305, null, null, '所属集团', null, 'N', null, 'N', null, 'N', '4cb3fbab-7bda-11e7-9177-7f5a6301ca80', '0', 'Y', null, null, null, 'pk_group', 'N', 'Y', 0, 'N', '集团', '2UC000-000367', '2017-08-08 09:38:38', 0, 0);
INSERT INTO md_property (accessorclassname, accesspower, accesspowergroup, attrlength, attrmaxvalue, attrminvalue, attrsequence, calculation, classid, createindustry, createtime, creator, customattr, datatype, datatypestyle, defaultvalue, description, displayname, dr, dynamicattr, dynamictable, fixedlength, help, hided, id, industry, isactive, isauthen, modifier, modifytime, name, notserialize, nullable, precise, readonly, refmodelname, resid, ts, versiontype, visibility) VALUES (null, 'N', null, 20, null, null, 2, 'N', '1001ZZ100000000044YG', '0', null, null, 'N', '985be8a4-3a36-4778-8afe-2d8ed3902659', 305, null, null, '所属组织', null, 'N', null, 'N', null, 'N', '4cb3fbac-7bda-11e7-9177-7f5a6301ca80', '0', 'Y', null, null, null, 'pk_org', 'N', 'N', 0, 'N', '业务单元', '2UC000-000360', '2017-08-08 09:38:38', 0, 0);
INSERT INTO md_property (accessorclassname, accesspower, accesspowergroup, attrlength, attrmaxvalue, attrminvalue, attrsequence, calculation, classid, createindustry, createtime, creator, customattr, datatype, datatypestyle, defaultvalue, description, displayname, dr, dynamicattr, dynamictable, fixedlength, help, hided, id, industry, isactive, isauthen, modifier, modifytime, name, notserialize, nullable, precise, readonly, refmodelname, resid, ts, versiontype, visibility) VALUES (null, 'N', null, 0, null, null, 15, 'N', '1001ZZ100000000044YG', '0', null, null, 'N', '6b533ffa-3e43-4147-8670-ba0f5471fd40', 300, null, null, '启用状态', null, 'N', null, 'N', null, 'N', '4cb3fbad-7bda-11e7-9177-7f5a6301ca80', '0', 'Y', null, null, null, 'enablestate', 'N', 'Y', 0, 'N', null, '2UC000-000249', '2017-08-08 09:38:38', 0, 0);
INSERT INTO md_property (accessorclassname, accesspower, accesspowergroup, attrlength, attrmaxvalue, attrminvalue, attrsequence, calculation, classid, createindustry, createtime, creator, customattr, datatype, datatypestyle, defaultvalue, description, displayname, dr, dynamicattr, dynamictable, fixedlength, help, hided, id, industry, isactive, isauthen, modifier, modifytime, name, notserialize, nullable, precise, readonly, refmodelname, resid, ts, versiontype, visibility) VALUES (null, 'N', null, 0, null, null, 16, 'N', '1001ZZ100000000044YG', '0', null, null, 'N', 'BS000010000100001004', 300, null, null, '分布式', null, 'N', null, 'N', null, 'N', '4cb3fbaf-7bda-11e7-9177-7f5a6301ca80', '0', 'Y', null, null, null, 'dataoriginflag', 'N', 'Y', 0, 'N', null, '2UC000-000151', '2017-08-08 09:38:38', 0, 0);
INSERT INTO md_property (accessorclassname, accesspower, accesspowergroup, attrlength, attrmaxvalue, attrminvalue, attrsequence, calculation, classid, createindustry, createtime, creator, customattr, datatype, datatypestyle, defaultvalue, description, displayname, dr, dynamicattr, dynamictable, fixedlength, help, hided, id, industry, isactive, isauthen, modifier, modifytime, name, notserialize, nullable, precise, readonly, refmodelname, resid, ts, versiontype, visibility) VALUES (null, 'N', null, 0, null, null, 17, 'N', '1001ZZ100000000044YG', '0', null, null, 'N', 'ba3f1197-8584-445d-88a0-102e505f94e5', 300, '1', null, '数据类型', null, 'N', null, 'N', null, 'N', '4cb3fbb0-7bda-11e7-9177-7f5a6301ca80', '0', 'Y', null, null, null, 'datatype', 'N', 'Y', 0, 'N', null, '2UC000-000458', '2017-08-08 09:38:38', 0, 0);
GO

delete from md_bizItfMap where classid = '1001ZZ100000000044XC' or classid='1001ZZ100000000044YG';
INSERT INTO md_bizItfMap (bizinterfaceid, bizitfimpclassname, classattrid, classattrpath, classid, dr, industry, intattrid, ts, versiontype) VALUES ('6c8722b9-911a-489b-8d0d-18bd3734fcf6', null, '111c65cf-7bda-11e7-9177-7f5a6301ca80', null, '1001ZZ100000000044XC', null, null, '5dd3c721-22ad-42b1-9c10-4351c236bc77', '2017-08-08 09:36:59', null);
INSERT INTO md_bizItfMap (bizinterfaceid, bizitfimpclassname, classattrid, classattrpath, classid, dr, industry, intattrid, ts, versiontype) VALUES ('6c8722b9-911a-489b-8d0d-18bd3734fcf6', null, '111c65d5-7bda-11e7-9177-7f5a6301ca80', null, '1001ZZ100000000044XC', null, null, '89578a97-42fe-439b-827c-8eabd9e3604c', '2017-08-08 09:36:59', null);
INSERT INTO md_bizItfMap (bizinterfaceid, bizitfimpclassname, classattrid, classattrpath, classid, dr, industry, intattrid, ts, versiontype) VALUES ('6c8722b9-911a-489b-8d0d-18bd3734fcf6', null, '111c65db-7bda-11e7-9177-7f5a6301ca80', null, '1001ZZ100000000044XC', null, null, 'a47e6cda-09e4-480b-923f-ec6f41e3e06c', '2017-08-08 09:36:59', null);
INSERT INTO md_bizItfMap (bizinterfaceid, bizitfimpclassname, classattrid, classattrpath, classid, dr, industry, intattrid, ts, versiontype) VALUES ('6c8722b9-911a-489b-8d0d-18bd3734fcf6', null, '111c65c8-7bda-11e7-9177-7f5a6301ca80', null, '1001ZZ100000000044XC', null, null, 'd32cc17b-f415-415a-923f-0764443eb102', '2017-08-08 09:36:59', null);
INSERT INTO md_bizItfMap (bizinterfaceid, bizitfimpclassname, classattrid, classattrpath, classid, dr, industry, intattrid, ts, versiontype) VALUES ('6c8722b9-911a-489b-8d0d-18bd3734fcf6', null, '111c65dc-7bda-11e7-9177-7f5a6301ca80', null, '1001ZZ100000000044XC', null, null, 'ecf1b76a-6e44-42e2-a55e-87596504775b', '2017-08-08 09:36:59', null);
INSERT INTO md_bizItfMap (bizinterfaceid, bizitfimpclassname, classattrid, classattrpath, classid, dr, industry, intattrid, ts, versiontype) VALUES ('6c8722b9-911a-489b-8d0d-18bd3734fcf6', null, '4cb3fb9f-7bda-11e7-9177-7f5a6301ca80', null, '1001ZZ100000000044YG', null, null, '5dd3c721-22ad-42b1-9c10-4351c236bc77', '2017-08-08 09:38:38', null);
INSERT INTO md_bizItfMap (bizinterfaceid, bizitfimpclassname, classattrid, classattrpath, classid, dr, industry, intattrid, ts, versiontype) VALUES ('6c8722b9-911a-489b-8d0d-18bd3734fcf6', null, '4cb3fba5-7bda-11e7-9177-7f5a6301ca80', null, '1001ZZ100000000044YG', null, null, '89578a97-42fe-439b-827c-8eabd9e3604c', '2017-08-08 09:38:38', null);
INSERT INTO md_bizItfMap (bizinterfaceid, bizitfimpclassname, classattrid, classattrpath, classid, dr, industry, intattrid, ts, versiontype) VALUES ('6c8722b9-911a-489b-8d0d-18bd3734fcf6', null, '4cb3fbab-7bda-11e7-9177-7f5a6301ca80', null, '1001ZZ100000000044YG', null, null, 'a47e6cda-09e4-480b-923f-ec6f41e3e06c', '2017-08-08 09:38:38', null);
INSERT INTO md_bizItfMap (bizinterfaceid, bizitfimpclassname, classattrid, classattrpath, classid, dr, industry, intattrid, ts, versiontype) VALUES ('6c8722b9-911a-489b-8d0d-18bd3734fcf6', null, '4cb3fb98-7bda-11e7-9177-7f5a6301ca80', null, '1001ZZ100000000044YG', null, null, 'd32cc17b-f415-415a-923f-0764443eb102', '2017-08-08 09:38:38', null);
INSERT INTO md_bizItfMap (bizinterfaceid, bizitfimpclassname, classattrid, classattrpath, classid, dr, industry, intattrid, ts, versiontype) VALUES ('6c8722b9-911a-489b-8d0d-18bd3734fcf6', null, '4cb3fbac-7bda-11e7-9177-7f5a6301ca80', null, '1001ZZ100000000044YG', null, null, 'ecf1b76a-6e44-42e2-a55e-87596504775b', '2017-08-08 09:38:38', null);
GO

delete from md_association where name like 'Defdoc-TWHR009%' or name like 'Defdoc-TWHR010%';
INSERT INTO md_association (cascadedelete, cascadeupdate, componentid, createtime, creator, dr, endcardinality, endelementid, id, industry, isactive, modifier, modifytime, name, startbeanid, startcardinality, startelementid, ts, type, versiontype) VALUES (null, null, '4cb3fb99-7bda-11e7-9177-7f5a6301ca80', null, null, null, '1', '16c1dca0-e3ed-4dcc-8ed7-75fd59e2bef1', '0fbdcc82-9ade-4c79-bf93-2078ddb1d1e3', '0', 'Y', null, null, 'Defdoc-TWHR010_pk_defdoclist', '1001ZZ100000000044YG', '1', '4cb3fbaa-7bda-11e7-9177-7f5a6301ca80', '2017-08-08 09:38:38', 3, 0);
INSERT INTO md_association (cascadedelete, cascadeupdate, componentid, createtime, creator, dr, endcardinality, endelementid, id, industry, isactive, modifier, modifytime, name, startbeanid, startcardinality, startelementid, ts, type, versiontype) VALUES (null, null, '111c65c9-7bda-11e7-9177-7f5a6301ca80', null, null, null, '1', 'f6f9a473-56c0-432f-8bc7-fbf8fde54fee', '145cacc1-daf4-4b74-b0f7-f64cedb59115', '0', 'Y', null, null, 'Defdoc-TWHR009_modifier', '1001ZZ100000000044XC', '1', '111c65d2-7bda-11e7-9177-7f5a6301ca80', '2017-08-08 09:36:59', 3, 0);
INSERT INTO md_association (cascadedelete, cascadeupdate, componentid, createtime, creator, dr, endcardinality, endelementid, id, industry, isactive, modifier, modifytime, name, startbeanid, startcardinality, startelementid, ts, type, versiontype) VALUES (null, null, '4cb3fb99-7bda-11e7-9177-7f5a6301ca80', null, null, null, '1', 'f6f9a473-56c0-432f-8bc7-fbf8fde54fee', '5f6b131c-023f-4d6b-a9a6-81bf8e957428', '0', 'Y', null, null, 'Defdoc-TWHR010_creator', '1001ZZ100000000044YG', '1', '4cb3fb9c-7bda-11e7-9177-7f5a6301ca80', '2017-08-08 09:38:38', 3, 0);
INSERT INTO md_association (cascadedelete, cascadeupdate, componentid, createtime, creator, dr, endcardinality, endelementid, id, industry, isactive, modifier, modifytime, name, startbeanid, startcardinality, startelementid, ts, type, versiontype) VALUES (null, null, '4cb3fb99-7bda-11e7-9177-7f5a6301ca80', null, null, null, '1', '3b6dd171-2900-47f3-bfbe-41e4483a2a65', '7c7d8c18-6073-4522-acf4-29b8f89efc60', '0', 'Y', null, null, 'Defdoc-TWHR010_pk_group', '1001ZZ100000000044YG', '1', '4cb3fbab-7bda-11e7-9177-7f5a6301ca80', '2017-08-08 09:38:38', 3, 0);
INSERT INTO md_association (cascadedelete, cascadeupdate, componentid, createtime, creator, dr, endcardinality, endelementid, id, industry, isactive, modifier, modifytime, name, startbeanid, startcardinality, startelementid, ts, type, versiontype) VALUES (null, null, '111c65c9-7bda-11e7-9177-7f5a6301ca80', null, null, null, '1', '985be8a4-3a36-4778-8afe-2d8ed3902659', '8f72c231-cc7a-40f4-a3a6-40cdbe338ce8', '0', 'Y', null, null, 'Defdoc-TWHR009_pk_org', '1001ZZ100000000044XC', '1', '111c65dc-7bda-11e7-9177-7f5a6301ca80', '2017-08-08 09:36:59', 3, 0);
INSERT INTO md_association (cascadedelete, cascadeupdate, componentid, createtime, creator, dr, endcardinality, endelementid, id, industry, isactive, modifier, modifytime, name, startbeanid, startcardinality, startelementid, ts, type, versiontype) VALUES (null, null, '111c65c9-7bda-11e7-9177-7f5a6301ca80', null, null, null, '1', '3b6dd171-2900-47f3-bfbe-41e4483a2a65', '96ac12c3-9cfa-490c-bd87-3130f6193abf', '0', 'Y', null, null, 'Defdoc-TWHR009_pk_group', '1001ZZ100000000044XC', '1', '111c65db-7bda-11e7-9177-7f5a6301ca80', '2017-08-08 09:36:59', 3, 0);
INSERT INTO md_association (cascadedelete, cascadeupdate, componentid, createtime, creator, dr, endcardinality, endelementid, id, industry, isactive, modifier, modifytime, name, startbeanid, startcardinality, startelementid, ts, type, versiontype) VALUES (null, null, '4cb3fb99-7bda-11e7-9177-7f5a6301ca80', null, null, null, '1', '985be8a4-3a36-4778-8afe-2d8ed3902659', 'a9102bef-d298-4ce0-ab81-7a30591e5f86', '0', 'Y', null, null, 'Defdoc-TWHR010_pk_org', '1001ZZ100000000044YG', '1', '4cb3fbac-7bda-11e7-9177-7f5a6301ca80', '2017-08-08 09:38:38', 3, 0);
INSERT INTO md_association (cascadedelete, cascadeupdate, componentid, createtime, creator, dr, endcardinality, endelementid, id, industry, isactive, modifier, modifytime, name, startbeanid, startcardinality, startelementid, ts, type, versiontype) VALUES (null, null, '111c65c9-7bda-11e7-9177-7f5a6301ca80', null, null, null, '1', 'f6f9a473-56c0-432f-8bc7-fbf8fde54fee', 'aae62f4c-3547-4647-8ce4-c8f0c303a688', '0', 'Y', null, null, 'Defdoc-TWHR009_creator', '1001ZZ100000000044XC', '1', '111c65cc-7bda-11e7-9177-7f5a6301ca80', '2017-08-08 09:36:59', 3, 0);
INSERT INTO md_association (cascadedelete, cascadeupdate, componentid, createtime, creator, dr, endcardinality, endelementid, id, industry, isactive, modifier, modifytime, name, startbeanid, startcardinality, startelementid, ts, type, versiontype) VALUES (null, null, '4cb3fb99-7bda-11e7-9177-7f5a6301ca80', null, null, null, '1', 'f6f9a473-56c0-432f-8bc7-fbf8fde54fee', 'b71924fe-e9b0-4e4e-b8c8-eed6f3aaeee0', '0', 'Y', null, null, 'Defdoc-TWHR010_modifier', '1001ZZ100000000044YG', '1', '4cb3fba2-7bda-11e7-9177-7f5a6301ca80', '2017-08-08 09:38:38', 3, 0);
INSERT INTO md_association (cascadedelete, cascadeupdate, componentid, createtime, creator, dr, endcardinality, endelementid, id, industry, isactive, modifier, modifytime, name, startbeanid, startcardinality, startelementid, ts, type, versiontype) VALUES (null, null, '111c65c9-7bda-11e7-9177-7f5a6301ca80', null, null, null, '1', '16c1dca0-e3ed-4dcc-8ed7-75fd59e2bef1', 'c6ccd77b-fbe4-4135-924b-bf3b594bfccd', '0', 'Y', null, null, 'Defdoc-TWHR009_pk_defdoclist', '1001ZZ100000000044XC', '1', '111c65da-7bda-11e7-9177-7f5a6301ca80', '2017-08-08 09:36:59', 3, 0);
GO


DELETE FROM md_ormap where classid = '1001ZZ100000000044XC' or classid='1001ZZ100000000044YG';
INSERT INTO md_ormap (attributeid, classid, columnid, dr, tableid, ts) VALUES ('111c65c8-7bda-11e7-9177-7f5a6301ca80', '1001ZZ100000000044XC', 'bd_defdoc@@@code', null, 'bd_defdoc', '2017-08-08 09:36:59');
INSERT INTO md_ormap (attributeid, classid, columnid, dr, tableid, ts) VALUES ('111c65cb-7bda-11e7-9177-7f5a6301ca80', '1001ZZ100000000044XC', 'bd_defdoc@@@creationtime', null, 'bd_defdoc', '2017-08-08 09:36:59');
INSERT INTO md_ormap (attributeid, classid, columnid, dr, tableid, ts) VALUES ('111c65cc-7bda-11e7-9177-7f5a6301ca80', '1001ZZ100000000044XC', 'bd_defdoc@@@creator', null, 'bd_defdoc', '2017-08-08 09:36:59');
INSERT INTO md_ormap (attributeid, classid, columnid, dr, tableid, ts) VALUES ('111c65ce-7bda-11e7-9177-7f5a6301ca80', '1001ZZ100000000044XC', 'bd_defdoc@@@innercode', null, 'bd_defdoc', '2017-08-08 09:36:59');
INSERT INTO md_ormap (attributeid, classid, columnid, dr, tableid, ts) VALUES ('111c65cf-7bda-11e7-9177-7f5a6301ca80', '1001ZZ100000000044XC', 'bd_defdoc@@PK@@', null, 'bd_defdoc', '2017-08-08 09:36:59');
INSERT INTO md_ormap (attributeid, classid, columnid, dr, tableid, ts) VALUES ('111c65d0-7bda-11e7-9177-7f5a6301ca80', '1001ZZ100000000044XC', 'bd_defdoc@@@memo', null, 'bd_defdoc', '2017-08-08 09:36:59');
INSERT INTO md_ormap (attributeid, classid, columnid, dr, tableid, ts) VALUES ('111c65d1-7bda-11e7-9177-7f5a6301ca80', '1001ZZ100000000044XC', 'bd_defdoc@@@mnecode', null, 'bd_defdoc', '2017-08-08 09:36:59');
INSERT INTO md_ormap (attributeid, classid, columnid, dr, tableid, ts) VALUES ('111c65d2-7bda-11e7-9177-7f5a6301ca80', '1001ZZ100000000044XC', 'bd_defdoc@@@modifier', null, 'bd_defdoc', '2017-08-08 09:36:59');
INSERT INTO md_ormap (attributeid, classid, columnid, dr, tableid, ts) VALUES ('111c65d4-7bda-11e7-9177-7f5a6301ca80', '1001ZZ100000000044XC', 'bd_defdoc@@@modifiedtime', null, 'bd_defdoc', '2017-08-08 09:36:59');
INSERT INTO md_ormap (attributeid, classid, columnid, dr, tableid, ts) VALUES ('111c65d5-7bda-11e7-9177-7f5a6301ca80', '1001ZZ100000000044XC', 'bd_defdoc@@@name', null, 'bd_defdoc', '2017-08-08 09:36:59');
INSERT INTO md_ormap (attributeid, classid, columnid, dr, tableid, ts) VALUES ('111c65d6-7bda-11e7-9177-7f5a6301ca80', '1001ZZ100000000044XC', 'bd_defdoc@@@shortname', null, 'bd_defdoc', '2017-08-08 09:36:59');
INSERT INTO md_ormap (attributeid, classid, columnid, dr, tableid, ts) VALUES ('111c65d8-7bda-11e7-9177-7f5a6301ca80', '1001ZZ100000000044XC', 'bd_defdoc@@@pid', null, 'bd_defdoc', '2017-08-08 09:36:59');
INSERT INTO md_ormap (attributeid, classid, columnid, dr, tableid, ts) VALUES ('111c65da-7bda-11e7-9177-7f5a6301ca80', '1001ZZ100000000044XC', 'bd_defdoc@@@pk_defdoclist', null, 'bd_defdoc', '2017-08-08 09:36:59');
INSERT INTO md_ormap (attributeid, classid, columnid, dr, tableid, ts) VALUES ('111c65db-7bda-11e7-9177-7f5a6301ca80', '1001ZZ100000000044XC', 'bd_defdoc@@@pk_group', null, 'bd_defdoc', '2017-08-08 09:36:59');
INSERT INTO md_ormap (attributeid, classid, columnid, dr, tableid, ts) VALUES ('111c65dc-7bda-11e7-9177-7f5a6301ca80', '1001ZZ100000000044XC', 'bd_defdoc@@@pk_org', null, 'bd_defdoc', '2017-08-08 09:36:59');
INSERT INTO md_ormap (attributeid, classid, columnid, dr, tableid, ts) VALUES ('111c65dd-7bda-11e7-9177-7f5a6301ca80', '1001ZZ100000000044XC', 'bd_defdoc@@@enablestate', null, 'bd_defdoc', '2017-08-08 09:36:59');
INSERT INTO md_ormap (attributeid, classid, columnid, dr, tableid, ts) VALUES ('111c65df-7bda-11e7-9177-7f5a6301ca80', '1001ZZ100000000044XC', 'bd_defdoc@@@dataoriginflag', null, 'bd_defdoc', '2017-08-08 09:36:59');
INSERT INTO md_ormap (attributeid, classid, columnid, dr, tableid, ts) VALUES ('111c65e0-7bda-11e7-9177-7f5a6301ca80', '1001ZZ100000000044XC', 'bd_defdoc@@@datatype', null, 'bd_defdoc', '2017-08-08 09:36:59');
INSERT INTO md_ormap (attributeid, classid, columnid, dr, tableid, ts) VALUES ('4cb3fb98-7bda-11e7-9177-7f5a6301ca80', '1001ZZ100000000044YG', 'bd_defdoc@@@code', null, 'bd_defdoc', '2017-08-08 09:38:38');
INSERT INTO md_ormap (attributeid, classid, columnid, dr, tableid, ts) VALUES ('4cb3fb9b-7bda-11e7-9177-7f5a6301ca80', '1001ZZ100000000044YG', 'bd_defdoc@@@creationtime', null, 'bd_defdoc', '2017-08-08 09:38:38');
INSERT INTO md_ormap (attributeid, classid, columnid, dr, tableid, ts) VALUES ('4cb3fb9c-7bda-11e7-9177-7f5a6301ca80', '1001ZZ100000000044YG', 'bd_defdoc@@@creator', null, 'bd_defdoc', '2017-08-08 09:38:38');
INSERT INTO md_ormap (attributeid, classid, columnid, dr, tableid, ts) VALUES ('4cb3fb9e-7bda-11e7-9177-7f5a6301ca80', '1001ZZ100000000044YG', 'bd_defdoc@@@innercode', null, 'bd_defdoc', '2017-08-08 09:38:38');
INSERT INTO md_ormap (attributeid, classid, columnid, dr, tableid, ts) VALUES ('4cb3fb9f-7bda-11e7-9177-7f5a6301ca80', '1001ZZ100000000044YG', 'bd_defdoc@@PK@@', null, 'bd_defdoc', '2017-08-08 09:38:38');
INSERT INTO md_ormap (attributeid, classid, columnid, dr, tableid, ts) VALUES ('4cb3fba0-7bda-11e7-9177-7f5a6301ca80', '1001ZZ100000000044YG', 'bd_defdoc@@@memo', null, 'bd_defdoc', '2017-08-08 09:38:38');
INSERT INTO md_ormap (attributeid, classid, columnid, dr, tableid, ts) VALUES ('4cb3fba1-7bda-11e7-9177-7f5a6301ca80', '1001ZZ100000000044YG', 'bd_defdoc@@@mnecode', null, 'bd_defdoc', '2017-08-08 09:38:38');
INSERT INTO md_ormap (attributeid, classid, columnid, dr, tableid, ts) VALUES ('4cb3fba2-7bda-11e7-9177-7f5a6301ca80', '1001ZZ100000000044YG', 'bd_defdoc@@@modifier', null, 'bd_defdoc', '2017-08-08 09:38:38');
INSERT INTO md_ormap (attributeid, classid, columnid, dr, tableid, ts) VALUES ('4cb3fba4-7bda-11e7-9177-7f5a6301ca80', '1001ZZ100000000044YG', 'bd_defdoc@@@modifiedtime', null, 'bd_defdoc', '2017-08-08 09:38:38');
INSERT INTO md_ormap (attributeid, classid, columnid, dr, tableid, ts) VALUES ('4cb3fba5-7bda-11e7-9177-7f5a6301ca80', '1001ZZ100000000044YG', 'bd_defdoc@@@name', null, 'bd_defdoc', '2017-08-08 09:38:38');
INSERT INTO md_ormap (attributeid, classid, columnid, dr, tableid, ts) VALUES ('4cb3fba6-7bda-11e7-9177-7f5a6301ca80', '1001ZZ100000000044YG', 'bd_defdoc@@@shortname', null, 'bd_defdoc', '2017-08-08 09:38:38');
INSERT INTO md_ormap (attributeid, classid, columnid, dr, tableid, ts) VALUES ('4cb3fba8-7bda-11e7-9177-7f5a6301ca80', '1001ZZ100000000044YG', 'bd_defdoc@@@pid', null, 'bd_defdoc', '2017-08-08 09:38:38');
INSERT INTO md_ormap (attributeid, classid, columnid, dr, tableid, ts) VALUES ('4cb3fbaa-7bda-11e7-9177-7f5a6301ca80', '1001ZZ100000000044YG', 'bd_defdoc@@@pk_defdoclist', null, 'bd_defdoc', '2017-08-08 09:38:38');
INSERT INTO md_ormap (attributeid, classid, columnid, dr, tableid, ts) VALUES ('4cb3fbab-7bda-11e7-9177-7f5a6301ca80', '1001ZZ100000000044YG', 'bd_defdoc@@@pk_group', null, 'bd_defdoc', '2017-08-08 09:38:38');
INSERT INTO md_ormap (attributeid, classid, columnid, dr, tableid, ts) VALUES ('4cb3fbac-7bda-11e7-9177-7f5a6301ca80', '1001ZZ100000000044YG', 'bd_defdoc@@@pk_org', null, 'bd_defdoc', '2017-08-08 09:38:38');
INSERT INTO md_ormap (attributeid, classid, columnid, dr, tableid, ts) VALUES ('4cb3fbad-7bda-11e7-9177-7f5a6301ca80', '1001ZZ100000000044YG', 'bd_defdoc@@@enablestate', null, 'bd_defdoc', '2017-08-08 09:38:38');
INSERT INTO md_ormap (attributeid, classid, columnid, dr, tableid, ts) VALUES ('4cb3fbaf-7bda-11e7-9177-7f5a6301ca80', '1001ZZ100000000044YG', 'bd_defdoc@@@dataoriginflag', null, 'bd_defdoc', '2017-08-08 09:38:38');
INSERT INTO md_ormap (attributeid, classid, columnid, dr, tableid, ts) VALUES ('4cb3fbb0-7bda-11e7-9177-7f5a6301ca80', '1001ZZ100000000044YG', 'bd_defdoc@@@datatype', null, 'bd_defdoc', '2017-08-08 09:38:38');
GO

delete from md_db_relation where name = 'Defdoc-TWHR009_defdoclist' or name = 'Defdoc-TWHR010_defdoclist';
INSERT INTO md_db_relation (asstype, createtime, creator, description, displayname, dr, endcardinality, endfieldid, endtableid, help, id, isforeignkey, modifier, modifytime, name, resid, startattrid, startcardinality, startfieldid, starttableid, ts, versiontype) VALUES (3, null, null, null, 'Defdoc-TWHR009_defdoclist', null, null, 'bd_defdoclist@@PK@@', 'bd_defdoclist', null, '311f952c-b920-456c-accc-eb0a33a451e4', 'N', null, null, 'Defdoc-TWHR009_defdoclist', null, '111c65da-7bda-11e7-9177-7f5a6301ca80', null, 'bd_defdoc@@@pk_defdoclist', 'bd_defdoc', '2017-08-08 09:36:59', 0);
INSERT INTO md_db_relation (asstype, createtime, creator, description, displayname, dr, endcardinality, endfieldid, endtableid, help, id, isforeignkey, modifier, modifytime, name, resid, startattrid, startcardinality, startfieldid, starttableid, ts, versiontype) VALUES (3, null, null, null, 'Defdoc-TWHR010_defdoclist', null, null, 'bd_defdoclist@@PK@@', 'bd_defdoclist', null, '4f2ea3ef-df90-4b1c-ba7c-ba816601785c', 'N', null, null, 'Defdoc-TWHR010_defdoclist', null, '4cb3fbaa-7bda-11e7-9177-7f5a6301ca80', null, 'bd_defdoc@@@pk_defdoclist', 'bd_defdoc', '2017-08-08 09:38:38', 0);
GO

delete from md_busiop where ownertype = '1001ZZ100000000044XC' or ownertype='1001ZZ100000000044YG';
INSERT INTO md_busiop (authorizable, componentid, createtime, creator, description, displayname, dr, help, id, industry, isbusiactivity, logtype, modifier, modifytime, name, needlog, ownertype, parentid, resid, ts, versiontype) VALUES ('Y', '12477861-7bda-11e7-9177-7f5a6301ca80', '2017-08-08 09:36:59', null, null, '新增', null, null, '12477862-7bda-11e7-9177-7f5a6301ca80', '0', 'N', 'ADD       ', null, '2017-08-08 09:36:59', 'add', 'Y', '1001ZZ100000000044XC', null, '2UC000-001114', '2017-08-08 09:37:01', 0);
INSERT INTO md_busiop (authorizable, componentid, createtime, creator, description, displayname, dr, help, id, industry, isbusiactivity, logtype, modifier, modifytime, name, needlog, ownertype, parentid, resid, ts, versiontype) VALUES ('Y', '12477861-7bda-11e7-9177-7f5a6301ca80', '2017-08-08 09:36:59', null, null, '删除', null, null, '12479f73-7bda-11e7-9177-7f5a6301ca80', '0', 'N', 'DELETE    ', null, '2017-08-08 09:36:59', 'delete', 'Y', '1001ZZ100000000044XC', null, '2UC000-001104', '2017-08-08 09:37:01', 0);
INSERT INTO md_busiop (authorizable, componentid, createtime, creator, description, displayname, dr, help, id, industry, isbusiactivity, logtype, modifier, modifytime, name, needlog, ownertype, parentid, resid, ts, versiontype) VALUES ('Y', '12477861-7bda-11e7-9177-7f5a6301ca80', '2017-08-08 09:36:59', null, null, '停用', null, null, '12479f74-7bda-11e7-9177-7f5a6301ca80', '0', 'N', 'MODIFY    ', null, '2017-08-08 09:36:59', 'disable', 'Y', '1001ZZ100000000044XC', null, '2UC000-001106', '2017-08-08 09:37:01', 0);
INSERT INTO md_busiop (authorizable, componentid, createtime, creator, description, displayname, dr, help, id, industry, isbusiactivity, logtype, modifier, modifytime, name, needlog, ownertype, parentid, resid, ts, versiontype) VALUES ('Y', '12477861-7bda-11e7-9177-7f5a6301ca80', '2017-08-08 09:36:59', null, null, '修改', null, null, '12479f75-7bda-11e7-9177-7f5a6301ca80', '0', 'N', 'MODIFY    ', null, '2017-08-08 09:36:59', 'edit', 'Y', '1001ZZ100000000044XC', null, '2UC000-001103', '2017-08-08 09:37:01', 0);
INSERT INTO md_busiop (authorizable, componentid, createtime, creator, description, displayname, dr, help, id, industry, isbusiactivity, logtype, modifier, modifytime, name, needlog, ownertype, parentid, resid, ts, versiontype) VALUES ('Y', '12477861-7bda-11e7-9177-7f5a6301ca80', '2017-08-08 09:36:59', null, null, '启用', null, null, '12479f76-7bda-11e7-9177-7f5a6301ca80', '0', 'N', 'MODIFY    ', null, '2017-08-08 09:36:59', 'enable', 'Y', '1001ZZ100000000044XC', null, '2UC000-001105', '2017-08-08 09:37:01', 0);
INSERT INTO md_busiop (authorizable, componentid, createtime, creator, description, displayname, dr, help, id, industry, isbusiactivity, logtype, modifier, modifytime, name, needlog, ownertype, parentid, resid, ts, versiontype) VALUES ('Y', '4d537001-7bda-11e7-9177-7f5a6301ca80', '2017-08-08 09:38:38', null, null, '新增', null, null, '4d537002-7bda-11e7-9177-7f5a6301ca80', '0', 'N', 'ADD       ', null, '2017-08-08 09:38:38', 'add', 'Y', '1001ZZ100000000044YG', null, '2UC000-001114', '2017-08-08 09:38:39', 0);
INSERT INTO md_busiop (authorizable, componentid, createtime, creator, description, displayname, dr, help, id, industry, isbusiactivity, logtype, modifier, modifytime, name, needlog, ownertype, parentid, resid, ts, versiontype) VALUES ('Y', '4d537001-7bda-11e7-9177-7f5a6301ca80', '2017-08-08 09:38:38', null, null, '删除', null, null, '4d537003-7bda-11e7-9177-7f5a6301ca80', '0', 'N', 'DELETE    ', null, '2017-08-08 09:38:38', 'delete', 'Y', '1001ZZ100000000044YG', null, '2UC000-001104', '2017-08-08 09:38:39', 0);
INSERT INTO md_busiop (authorizable, componentid, createtime, creator, description, displayname, dr, help, id, industry, isbusiactivity, logtype, modifier, modifytime, name, needlog, ownertype, parentid, resid, ts, versiontype) VALUES ('Y', '4d537001-7bda-11e7-9177-7f5a6301ca80', '2017-08-08 09:38:38', null, null, '停用', null, null, '4d537004-7bda-11e7-9177-7f5a6301ca80', '0', 'N', 'MODIFY    ', null, '2017-08-08 09:38:38', 'disable', 'Y', '1001ZZ100000000044YG', null, '2UC000-001106', '2017-08-08 09:38:39', 0);
INSERT INTO md_busiop (authorizable, componentid, createtime, creator, description, displayname, dr, help, id, industry, isbusiactivity, logtype, modifier, modifytime, name, needlog, ownertype, parentid, resid, ts, versiontype) VALUES ('Y', '4d537001-7bda-11e7-9177-7f5a6301ca80', '2017-08-08 09:38:38', null, null, '修改', null, null, '4d537005-7bda-11e7-9177-7f5a6301ca80', '0', 'N', 'MODIFY    ', null, '2017-08-08 09:38:38', 'edit', 'Y', '1001ZZ100000000044YG', null, '2UC000-001103', '2017-08-08 09:38:39', 0);
INSERT INTO md_busiop (authorizable, componentid, createtime, creator, description, displayname, dr, help, id, industry, isbusiactivity, logtype, modifier, modifytime, name, needlog, ownertype, parentid, resid, ts, versiontype) VALUES ('Y', '4d537001-7bda-11e7-9177-7f5a6301ca80', '2017-08-08 09:38:38', null, null, '启用', null, null, '4d537006-7bda-11e7-9177-7f5a6301ca80', '0', 'N', 'MODIFY    ', null, '2017-08-08 09:38:38', 'enable', 'Y', '1001ZZ100000000044YG', null, '2UC000-001105', '2017-08-08 09:38:39', 0);
GO

delete from md_attr_power where beanid = '1001ZZ100000000044XC' or beanid='1001ZZ100000000044YG';
INSERT INTO md_attr_power (beanid, dr, fullpath, id, powertype, ts) VALUES ('1001ZZ100000000044XC', 0, 'uap.Defdoc-TWHR009.code', '1001ZZ100000000044XJ', 'datapower', '2017-08-08 09:37:01');
INSERT INTO md_attr_power (beanid, dr, fullpath, id, powertype, ts) VALUES ('1001ZZ100000000044XC', 0, 'uap.Defdoc-TWHR009.name', '1001ZZ100000000044XK', 'datapower', '2017-08-08 09:37:01');
INSERT INTO md_attr_power (beanid, dr, fullpath, id, powertype, ts) VALUES ('1001ZZ100000000044XC', 0, 'uap.Defdoc-TWHR009.shortname', '1001ZZ100000000044XL', 'datapower', '2017-08-08 09:37:01');
INSERT INTO md_attr_power (beanid, dr, fullpath, id, powertype, ts) VALUES ('1001ZZ100000000044XC', 0, 'uap.Defdoc-TWHR009.pk_org', '1001ZZ100000000044XM', 'datapower', '2017-08-08 09:37:01');
INSERT INTO md_attr_power (beanid, dr, fullpath, id, powertype, ts) VALUES ('1001ZZ100000000044YG', 0, 'uap.Defdoc-TWHR010.code', '1001ZZ100000000044YN', 'datapower', '2017-08-08 09:38:40');
INSERT INTO md_attr_power (beanid, dr, fullpath, id, powertype, ts) VALUES ('1001ZZ100000000044YG', 0, 'uap.Defdoc-TWHR010.name', '1001ZZ100000000044YO', 'datapower', '2017-08-08 09:38:40');
INSERT INTO md_attr_power (beanid, dr, fullpath, id, powertype, ts) VALUES ('1001ZZ100000000044YG', 0, 'uap.Defdoc-TWHR010.shortname', '1001ZZ100000000044YP', 'datapower', '2017-08-08 09:38:40');
INSERT INTO md_attr_power (beanid, dr, fullpath, id, powertype, ts) VALUES ('1001ZZ100000000044YG', 0, 'uap.Defdoc-TWHR010.pk_org', '1001ZZ100000000044YQ', 'datapower', '2017-08-08 09:38:40');
GO

delete from sm_permission_res where resourcecode='TWHR009' or resourcecode='TWHR010';
INSERT INTO sm_permission_res (dpgenclassname, dpjudgerclassname, dr, innercode, isabstract, isenablespecialperm, issptapproverperm, keycolumnname, maintablename, mdid, ownmodule, parentid, pk_permission_res, resourcecode, resourcename, resourcename2, resourcename3, resourcename4, resourcename5, resourcename6, ts) VALUES (null, null, 0, 'C19W', 'N', 'N', null, 'pk_defdoc', 'bd_defdoc', '1001ZZ100000000044XC', '1014', '1001Z01000000000KXUX', '1001ZZ100000000044XN', 'TWHR009', '团保险种(自定义)', null, null, null, null, null, '2017-08-08 09:37:02');
INSERT INTO sm_permission_res (dpgenclassname, dpjudgerclassname, dr, innercode, isabstract, isenablespecialperm, issptapproverperm, keycolumnname, maintablename, mdid, ownmodule, parentid, pk_permission_res, resourcecode, resourcename, resourcename2, resourcename3, resourcename4, resourcename5, resourcename6, ts) VALUES (null, null, 0, 'EUND', 'N', 'N', null, 'pk_defdoc', 'bd_defdoc', '1001ZZ100000000044YG', '1014', '1001Z01000000000KXUX', '1001ZZ100000000044YR', 'TWHR010', '团保身份(自定义)', null, null, null, null, null, '2017-08-08 09:38:40');
GO

delete from sm_res_operation where resourceid='1001ZZ100000000044YR' or resourceid='1001ZZ100000000044XN';
INSERT INTO sm_res_operation (dr, isformaintain, isforspecial, iskeyoperation, operationcode, operationname, operationtype, ownmodule, pk_res_operation, resid, resourceid, ts) VALUES (0, null, null, 'N', 'default', '通用引用', 1, '1014', '1001ZZ100000000044XO', 'Ouapdefault', '1001ZZ100000000044XN', '2017-08-08 09:37:02');
INSERT INTO sm_res_operation (dr, isformaintain, isforspecial, iskeyoperation, operationcode, operationname, operationtype, ownmodule, pk_res_operation, resid, resourceid, ts) VALUES (0, null, null, 'N', 'operate', '维护', 0, '1014', '1001ZZ100000000044XP', 'Ouapoperate', '1001ZZ100000000044XN', '2017-08-08 09:37:02');
INSERT INTO sm_res_operation (dr, isformaintain, isforspecial, iskeyoperation, operationcode, operationname, operationtype, ownmodule, pk_res_operation, resid, resourceid, ts) VALUES (0, null, null, 'N', 'default', '通用引用', 1, '1014', '1001ZZ100000000044YS', 'Ouapdefault', '1001ZZ100000000044YR', '2017-08-08 09:38:40');
INSERT INTO sm_res_operation (dr, isformaintain, isforspecial, iskeyoperation, operationcode, operationname, operationtype, ownmodule, pk_res_operation, resid, resourceid, ts) VALUES (0, null, null, 'N', 'operate', '维护', 0, '1014', '1001ZZ100000000044YT', 'Ouapoperate', '1001ZZ100000000044YR', '2017-08-08 09:38:40');
GO

delete from sm_rule_type where ownresource='1001ZZ100000000044YR' or ownresource='1001ZZ100000000044XN';
INSERT INTO sm_rule_type (dr, ismetadatatype, ownmodule, ownresource, pk_rule_type, ruleeditorclass, rulefactoryclass, seqnum, ts, typecode, typename) VALUES (0, 'Y', '~', '1001ZZ100000000044XN', '1001ZZ100000000044XQ', 'nc.uap.rbac.core.rule.impl.MetaDataRuleEditor', 'nc.uap.rbac.core.rule.impl.MetaDataRuleFactory', 2, '2017-08-08 09:37:02', 'md_rule_type', '元数据规则类型');
INSERT INTO sm_rule_type (dr, ismetadatatype, ownmodule, ownresource, pk_rule_type, ruleeditorclass, rulefactoryclass, seqnum, ts, typecode, typename) VALUES (0, 'N', '~', '1001ZZ100000000044XN', '1001ZZ100000000044XR', 'nc.ui.bd.rbac.discret.DefdocDiscretTableRuleEditor', 'nc.uap.rbac.rule.discret.DefaultDiscretRuleFactory', 1, '2017-08-08 09:37:02', 'table_rule_type', '列表规则类型');
INSERT INTO sm_rule_type (dr, ismetadatatype, ownmodule, ownresource, pk_rule_type, ruleeditorclass, rulefactoryclass, seqnum, ts, typecode, typename) VALUES (0, 'Y', '~', '1001ZZ100000000044YR', '1001ZZ100000000044YU', 'nc.uap.rbac.core.rule.impl.MetaDataRuleEditor', 'nc.uap.rbac.core.rule.impl.MetaDataRuleFactory', 2, '2017-08-08 09:38:40', 'md_rule_type', '元数据规则类型');
INSERT INTO sm_rule_type (dr, ismetadatatype, ownmodule, ownresource, pk_rule_type, ruleeditorclass, rulefactoryclass, seqnum, ts, typecode, typename) VALUES (0, 'N', '~', '1001ZZ100000000044YR', '1001ZZ100000000044YV', 'nc.ui.bd.rbac.discret.DefdocDiscretTableRuleEditor', 'nc.uap.rbac.rule.discret.DefaultDiscretRuleFactory', 1, '2017-08-08 09:38:40', 'table_rule_type', '列表规则类型');
GO

delete from aam_appasset where dataid='1001ZZ100000000044YR' or dataid='1001ZZ100000000044XN';
INSERT INTO aam_appasset (assetcode, assetdesc, assetlayer, assetname, assetname2, assetname3, assetname4, assetname5, assetname6, creationtime, creator, dataid, dataidname, dataidname2, dataidname3, dataidname4, dataidname5, dataidname6, def1, def2, def3, def4, def5, dr, isvalid, modifiedtime, modifier, pk_aamindustry, pk_asset, pk_assettype, pk_countryzone, pk_developer, pk_developorg, pk_group, pk_industry, pk_module, pk_org, ts) VALUES ('AANCAAM170800000001', null, '4', '团保险种(自定义)', null, null, null, null, null, '2017-08-08 09:37:19', '1001A1100000000004MR', '1001ZZ100000000044XN', '团保险种(自定义)', null, null, null, null, null, null, null, null, null, null, 0, '1', null, '~', null, '1001ZZ100000000044XT', '1001Z01000000000MWVQ', '~', '~', '~', '0001A11000000000099Q', '~', '~', 'GLOBLE00000000000000', '2017-08-08 09:37:19');
INSERT INTO aam_appasset (assetcode, assetdesc, assetlayer, assetname, assetname2, assetname3, assetname4, assetname5, assetname6, creationtime, creator, dataid, dataidname, dataidname2, dataidname3, dataidname4, dataidname5, dataidname6, def1, def2, def3, def4, def5, dr, isvalid, modifiedtime, modifier, pk_aamindustry, pk_asset, pk_assettype, pk_countryzone, pk_developer, pk_developorg, pk_group, pk_industry, pk_module, pk_org, ts) VALUES ('AANCAAM170800000002', null, '4', '团保身份(自定义)', null, null, null, null, null, '2017-08-08 09:38:41', '1001A1100000000004MR', '1001ZZ100000000044YR', '团保身份(自定义)', null, null, null, null, null, null, null, null, null, null, 0, '1', null, '~', null, '1001ZZ100000000044YW', '1001Z01000000000MWVQ', '~', '~', '~', '0001A11000000000099Q', '~', '~', 'GLOBLE00000000000000', '2017-08-08 09:38:41');
GO

delete from sm_op_busiop where pk_operation in (select pk_res_operation from sm_res_operation where resourceid='1001ZZ100000000044YR' or resourceid='1001ZZ100000000044XN');
INSERT INTO sm_op_busiop (dr, pk_busiop, pk_op_busiop, pk_operation, ts) VALUES (null, '12477862-7bda-11e7-9177-7f5a6301ca80', '1001ZZ100000000044XU', '1001ZZ100000000044XP', '2017-08-08 09:37:19');
INSERT INTO sm_op_busiop (dr, pk_busiop, pk_op_busiop, pk_operation, ts) VALUES (null, '12479f73-7bda-11e7-9177-7f5a6301ca80', '1001ZZ100000000044XV', '1001ZZ100000000044XP', '2017-08-08 09:37:19');
INSERT INTO sm_op_busiop (dr, pk_busiop, pk_op_busiop, pk_operation, ts) VALUES (null, '12479f74-7bda-11e7-9177-7f5a6301ca80', '1001ZZ100000000044XW', '1001ZZ100000000044XP', '2017-08-08 09:37:19');
INSERT INTO sm_op_busiop (dr, pk_busiop, pk_op_busiop, pk_operation, ts) VALUES (null, '12479f75-7bda-11e7-9177-7f5a6301ca80', '1001ZZ100000000044XX', '1001ZZ100000000044XP', '2017-08-08 09:37:19');
INSERT INTO sm_op_busiop (dr, pk_busiop, pk_op_busiop, pk_operation, ts) VALUES (null, '12479f76-7bda-11e7-9177-7f5a6301ca80', '1001ZZ100000000044XY', '1001ZZ100000000044XP', '2017-08-08 09:37:19');
INSERT INTO sm_op_busiop (dr, pk_busiop, pk_op_busiop, pk_operation, ts) VALUES (null, '4d537002-7bda-11e7-9177-7f5a6301ca80', '1001ZZ100000000044YX', '1001ZZ100000000044YT', '2017-08-08 09:38:41');
INSERT INTO sm_op_busiop (dr, pk_busiop, pk_op_busiop, pk_operation, ts) VALUES (null, '4d537003-7bda-11e7-9177-7f5a6301ca80', '1001ZZ100000000044YY', '1001ZZ100000000044YT', '2017-08-08 09:38:41');
INSERT INTO sm_op_busiop (dr, pk_busiop, pk_op_busiop, pk_operation, ts) VALUES (null, '4d537004-7bda-11e7-9177-7f5a6301ca80', '1001ZZ100000000044YZ', '1001ZZ100000000044YT', '2017-08-08 09:38:41');
INSERT INTO sm_op_busiop (dr, pk_busiop, pk_op_busiop, pk_operation, ts) VALUES (null, '4d537005-7bda-11e7-9177-7f5a6301ca80', '1001ZZ100000000044Z0', '1001ZZ100000000044YT', '2017-08-08 09:38:41');
INSERT INTO sm_op_busiop (dr, pk_busiop, pk_op_busiop, pk_operation, ts) VALUES (null, '4d537006-7bda-11e7-9177-7f5a6301ca80', '1001ZZ100000000044Z1', '1001ZZ100000000044YT', '2017-08-08 09:38:41');
GO

delete from bd_mode_all where mdclassid = '1001ZZ100000000044XC' or mdclassid='1001ZZ100000000044YG';
INSERT INTO bd_mode_all (dataoriginflag, dr, ischecked, managemode, mdclassid, pk_bdmode, ts, uniquescope, visiblescope) VALUES (0, 0, 'N', 7, '1001ZZ100000000044XC', '1001ZZ100000000044XZ', '2017-08-08 09:37:19', 7, 7);
INSERT INTO bd_mode_all (dataoriginflag, dr, ischecked, managemode, mdclassid, pk_bdmode, ts, uniquescope, visiblescope) VALUES (0, 0, 'N', 7, '1001ZZ100000000044YG', '1001ZZ100000000044Z2', '2017-08-08 09:38:41', 7, 7);
GO

delete from bd_mode_selected where mdclassid = '1001ZZ100000000044XC' or mdclassid='1001ZZ100000000044YG';
INSERT INTO bd_mode_selected (dataoriginflag, dr, managemode, mdclassid, pk_bdmode, ts, uniquescope, visiblescope) VALUES (0, 0, 7, '1001ZZ100000000044XC', '1001ZZ100000000044Y0', '2017-08-08 09:37:19', 7, 7);
INSERT INTO bd_mode_selected (dataoriginflag, dr, managemode, mdclassid, pk_bdmode, ts, uniquescope, visiblescope) VALUES (0, 0, 7, '1001ZZ100000000044YG', '1001ZZ100000000044Z3', '2017-08-08 09:38:41', 7, 7);
GO

delete from bd_uniquerule where mdclassid = '1001ZZ100000000044XC' or mdclassid='1001ZZ100000000044YG';
INSERT INTO bd_uniquerule (dataoriginflag, dr, errorcode, ischecknull, isdefault, mdclassid, pk_rule, rulecontent, rulecontent2, rulecontent3, rulecontent4, rulecontent5, rulecontent6, ts) VALUES (0, 0, '32000', 'N', 'Y', '1001ZZ100000000044XC', '1001ZZ100000000044Y1', '编码唯一', null, null, null, null, null, '2017-08-08 09:37:20');
INSERT INTO bd_uniquerule (dataoriginflag, dr, errorcode, ischecknull, isdefault, mdclassid, pk_rule, rulecontent, rulecontent2, rulecontent3, rulecontent4, rulecontent5, rulecontent6, ts) VALUES (0, 0, '32000', 'N', 'N', '1001ZZ100000000044XC', '1001ZZ100000000044Y2', '名称唯一', null, null, null, null, null, '2017-08-08 09:37:20');
INSERT INTO bd_uniquerule (dataoriginflag, dr, errorcode, ischecknull, isdefault, mdclassid, pk_rule, rulecontent, rulecontent2, rulecontent3, rulecontent4, rulecontent5, rulecontent6, ts) VALUES (0, 0, '32000', 'N', 'Y', '1001ZZ100000000044YG', '1001ZZ100000000044Z4', '编码唯一', null, null, null, null, null, '2017-08-08 09:38:41');
INSERT INTO bd_uniquerule (dataoriginflag, dr, errorcode, ischecknull, isdefault, mdclassid, pk_rule, rulecontent, rulecontent2, rulecontent3, rulecontent4, rulecontent5, rulecontent6, ts) VALUES (0, 0, '32000', 'N', 'N', '1001ZZ100000000044YG', '1001ZZ100000000044Z5', '名称唯一', null, null, null, null, null, '2017-08-08 09:38:41');
GO

delete from bd_uniquerule_item where pk_rule in (select pk_rule from bd_uniquerule where mdclassid = '1001ZZ100000000044XC' or mdclassid='1001ZZ100000000044YG');
INSERT INTO bd_uniquerule_item (dataoriginflag, dr, mdcolumnid, mdcolumnname, pk_rule, pk_ruleitem, ts) VALUES (0, 0, '111c65c8-7bda-11e7-9177-7f5a6301ca80', '编码', '1001ZZ100000000044Y1', '1001ZZ100000000044Y3', '2017-08-08 09:37:20');
INSERT INTO bd_uniquerule_item (dataoriginflag, dr, mdcolumnid, mdcolumnname, pk_rule, pk_ruleitem, ts) VALUES (0, 0, '111c65d5-7bda-11e7-9177-7f5a6301ca80', '名称', '1001ZZ100000000044Y2', '1001ZZ100000000044Y4', '2017-08-08 09:37:20');
INSERT INTO bd_uniquerule_item (dataoriginflag, dr, mdcolumnid, mdcolumnname, pk_rule, pk_ruleitem, ts) VALUES (0, 0, '4cb3fb98-7bda-11e7-9177-7f5a6301ca80', '编码', '1001ZZ100000000044Z4', '1001ZZ100000000044Z6', '2017-08-08 09:38:41');
INSERT INTO bd_uniquerule_item (dataoriginflag, dr, mdcolumnid, mdcolumnname, pk_rule, pk_ruleitem, ts) VALUES (0, 0, '4cb3fba5-7bda-11e7-9177-7f5a6301ca80', '名称', '1001ZZ100000000044Z5', '1001ZZ100000000044Z7', '2017-08-08 09:38:41');
GO

delete from pub_bcr_nbcr where code='TWHR009' or code='TWHR010';
INSERT INTO pub_bcr_nbcr (code, codelenth, codescope, codestyle, dr, metaid, name, name2, name3, name4, name5, name6, orgtype, pk_nbcr, ts) VALUES ('TWHR009', 40, 'both', 'pre', 0, '1001ZZ100000000044XC', '团保险种(自定义)', null, null, null, null, null, 'BUSINESSUNIT00000000', '1001ZZ100000000044Y5', '2017-08-08 09:37:20');
INSERT INTO pub_bcr_nbcr (code, codelenth, codescope, codestyle, dr, metaid, name, name2, name3, name4, name5, name6, orgtype, pk_nbcr, ts) VALUES ('TWHR010', 40, 'both', 'pre', 0, '1001ZZ100000000044YG', '团保身份(自定义)', null, null, null, null, null, 'BUSINESSUNIT00000000', '1001ZZ100000000044Z8', '2017-08-08 09:38:41');
GO

delete from pub_eventtype where sourceid='1001ZZ100000000044YG' or sourceid='1001ZZ100000000044XC';
INSERT INTO pub_eventtype (dr, eventtypecode, eventtypename, eventtypename2, eventtypename3, eventtypename4, eventtypename5, eventtypename6, note, owner, pk_eventtype, sourceid, sourcename, sourcename2, sourcename3, sourcename4, sourcename5, sourcename6, ts) VALUES (0, '1003', '修改前', null, null, null, null, null, '事件类型为BDCommonEvent', '1014', '1001ZZ100000000044Y6', '1001ZZ100000000044XC', '团保险种(自定义)', null, null, null, null, null, '2017-08-08 09:37:20');
INSERT INTO pub_eventtype (dr, eventtypecode, eventtypename, eventtypename2, eventtypename3, eventtypename4, eventtypename5, eventtypename6, note, owner, pk_eventtype, sourceid, sourcename, sourcename2, sourcename3, sourcename4, sourcename5, sourcename6, ts) VALUES (0, '1004', '修改后', null, null, null, null, null, '事件类型为BDCommonEvent', '1014', '1001ZZ100000000044Y7', '1001ZZ100000000044XC', '团保险种(自定义)', null, null, null, null, null, '2017-08-08 09:37:20');
INSERT INTO pub_eventtype (dr, eventtypecode, eventtypename, eventtypename2, eventtypename3, eventtypename4, eventtypename5, eventtypename6, note, owner, pk_eventtype, sourceid, sourcename, sourcename2, sourcename3, sourcename4, sourcename5, sourcename6, ts) VALUES (0, '1001', '新增前', null, null, null, null, null, '事件类型为BDCommonEvent', '1014', '1001ZZ100000000044Y8', '1001ZZ100000000044XC', '团保险种(自定义)', null, null, null, null, null, '2017-08-08 09:37:20');
INSERT INTO pub_eventtype (dr, eventtypecode, eventtypename, eventtypename2, eventtypename3, eventtypename4, eventtypename5, eventtypename6, note, owner, pk_eventtype, sourceid, sourcename, sourcename2, sourcename3, sourcename4, sourcename5, sourcename6, ts) VALUES (0, '1002', '新增后', null, null, null, null, null, '事件类型为BDCommonEvent', '1014', '1001ZZ100000000044Y9', '1001ZZ100000000044XC', '团保险种(自定义)', null, null, null, null, null, '2017-08-08 09:37:20');
INSERT INTO pub_eventtype (dr, eventtypecode, eventtypename, eventtypename2, eventtypename3, eventtypename4, eventtypename5, eventtypename6, note, owner, pk_eventtype, sourceid, sourcename, sourcename2, sourcename3, sourcename4, sourcename5, sourcename6, ts) VALUES (0, '1068', '状态由启用变为停用前', null, null, null, null, null, '事件类型为BDCommonEvent', '1014', '1001ZZ100000000044YA', '1001ZZ100000000044XC', '团保险种(自定义)', null, null, null, null, null, '2017-08-08 09:37:20');
INSERT INTO pub_eventtype (dr, eventtypecode, eventtypename, eventtypename2, eventtypename3, eventtypename4, eventtypename5, eventtypename6, note, owner, pk_eventtype, sourceid, sourcename, sourcename2, sourcename3, sourcename4, sourcename5, sourcename6, ts) VALUES (0, '1069', '状态由启用变为停用后', null, null, null, null, null, '事件类型为BDCommonEvent', '1014', '1001ZZ100000000044YB', '1001ZZ100000000044XC', '团保险种(自定义)', null, null, null, null, null, '2017-08-08 09:37:20');
INSERT INTO pub_eventtype (dr, eventtypecode, eventtypename, eventtypename2, eventtypename3, eventtypename4, eventtypename5, eventtypename6, note, owner, pk_eventtype, sourceid, sourcename, sourcename2, sourcename3, sourcename4, sourcename5, sourcename6, ts) VALUES (0, '1005', '删除前', null, null, null, null, null, '事件类型为BDCommonEvent', '1014', '1001ZZ100000000044YC', '1001ZZ100000000044XC', '团保险种(自定义)', null, null, null, null, null, '2017-08-08 09:37:20');
INSERT INTO pub_eventtype (dr, eventtypecode, eventtypename, eventtypename2, eventtypename3, eventtypename4, eventtypename5, eventtypename6, note, owner, pk_eventtype, sourceid, sourcename, sourcename2, sourcename3, sourcename4, sourcename5, sourcename6, ts) VALUES (0, '1006', '删除后', null, null, null, null, null, '事件类型为BDCommonEvent', '1014', '1001ZZ100000000044YD', '1001ZZ100000000044XC', '团保险种(自定义)', null, null, null, null, null, '2017-08-08 09:37:20');
INSERT INTO pub_eventtype (dr, eventtypecode, eventtypename, eventtypename2, eventtypename3, eventtypename4, eventtypename5, eventtypename6, note, owner, pk_eventtype, sourceid, sourcename, sourcename2, sourcename3, sourcename4, sourcename5, sourcename6, ts) VALUES (0, '1071', '状态由停用变为启用后', null, null, null, null, null, '事件类型为BDCommonEvent', '1014', '1001ZZ100000000044YE', '1001ZZ100000000044XC', '团保险种(自定义)', null, null, null, null, null, '2017-08-08 09:37:20');
INSERT INTO pub_eventtype (dr, eventtypecode, eventtypename, eventtypename2, eventtypename3, eventtypename4, eventtypename5, eventtypename6, note, owner, pk_eventtype, sourceid, sourcename, sourcename2, sourcename3, sourcename4, sourcename5, sourcename6, ts) VALUES (0, '1070', '状态由停用变为启用前', null, null, null, null, null, '事件类型为BDCommonEvent', '1014', '1001ZZ100000000044YF', '1001ZZ100000000044XC', '团保险种(自定义)', null, null, null, null, null, '2017-08-08 09:37:20');
INSERT INTO pub_eventtype (dr, eventtypecode, eventtypename, eventtypename2, eventtypename3, eventtypename4, eventtypename5, eventtypename6, note, owner, pk_eventtype, sourceid, sourcename, sourcename2, sourcename3, sourcename4, sourcename5, sourcename6, ts) VALUES (0, '1003', '修改前', null, null, null, null, null, '事件类型为BDCommonEvent', '1014', '1001ZZ100000000044Z9', '1001ZZ100000000044YG', '团保身份(自定义)', null, null, null, null, null, '2017-08-08 09:38:41');
INSERT INTO pub_eventtype (dr, eventtypecode, eventtypename, eventtypename2, eventtypename3, eventtypename4, eventtypename5, eventtypename6, note, owner, pk_eventtype, sourceid, sourcename, sourcename2, sourcename3, sourcename4, sourcename5, sourcename6, ts) VALUES (0, '1004', '修改后', null, null, null, null, null, '事件类型为BDCommonEvent', '1014', '1001ZZ100000000044ZA', '1001ZZ100000000044YG', '团保身份(自定义)', null, null, null, null, null, '2017-08-08 09:38:41');
INSERT INTO pub_eventtype (dr, eventtypecode, eventtypename, eventtypename2, eventtypename3, eventtypename4, eventtypename5, eventtypename6, note, owner, pk_eventtype, sourceid, sourcename, sourcename2, sourcename3, sourcename4, sourcename5, sourcename6, ts) VALUES (0, '1001', '新增前', null, null, null, null, null, '事件类型为BDCommonEvent', '1014', '1001ZZ100000000044ZB', '1001ZZ100000000044YG', '团保身份(自定义)', null, null, null, null, null, '2017-08-08 09:38:41');
INSERT INTO pub_eventtype (dr, eventtypecode, eventtypename, eventtypename2, eventtypename3, eventtypename4, eventtypename5, eventtypename6, note, owner, pk_eventtype, sourceid, sourcename, sourcename2, sourcename3, sourcename4, sourcename5, sourcename6, ts) VALUES (0, '1002', '新增后', null, null, null, null, null, '事件类型为BDCommonEvent', '1014', '1001ZZ100000000044ZC', '1001ZZ100000000044YG', '团保身份(自定义)', null, null, null, null, null, '2017-08-08 09:38:41');
INSERT INTO pub_eventtype (dr, eventtypecode, eventtypename, eventtypename2, eventtypename3, eventtypename4, eventtypename5, eventtypename6, note, owner, pk_eventtype, sourceid, sourcename, sourcename2, sourcename3, sourcename4, sourcename5, sourcename6, ts) VALUES (0, '1068', '状态由启用变为停用前', null, null, null, null, null, '事件类型为BDCommonEvent', '1014', '1001ZZ100000000044ZD', '1001ZZ100000000044YG', '团保身份(自定义)', null, null, null, null, null, '2017-08-08 09:38:41');
INSERT INTO pub_eventtype (dr, eventtypecode, eventtypename, eventtypename2, eventtypename3, eventtypename4, eventtypename5, eventtypename6, note, owner, pk_eventtype, sourceid, sourcename, sourcename2, sourcename3, sourcename4, sourcename5, sourcename6, ts) VALUES (0, '1069', '状态由启用变为停用后', null, null, null, null, null, '事件类型为BDCommonEvent', '1014', '1001ZZ100000000044ZE', '1001ZZ100000000044YG', '团保身份(自定义)', null, null, null, null, null, '2017-08-08 09:38:41');
INSERT INTO pub_eventtype (dr, eventtypecode, eventtypename, eventtypename2, eventtypename3, eventtypename4, eventtypename5, eventtypename6, note, owner, pk_eventtype, sourceid, sourcename, sourcename2, sourcename3, sourcename4, sourcename5, sourcename6, ts) VALUES (0, '1005', '删除前', null, null, null, null, null, '事件类型为BDCommonEvent', '1014', '1001ZZ100000000044ZF', '1001ZZ100000000044YG', '团保身份(自定义)', null, null, null, null, null, '2017-08-08 09:38:41');
INSERT INTO pub_eventtype (dr, eventtypecode, eventtypename, eventtypename2, eventtypename3, eventtypename4, eventtypename5, eventtypename6, note, owner, pk_eventtype, sourceid, sourcename, sourcename2, sourcename3, sourcename4, sourcename5, sourcename6, ts) VALUES (0, '1006', '删除后', null, null, null, null, null, '事件类型为BDCommonEvent', '1014', '1001ZZ100000000044ZG', '1001ZZ100000000044YG', '团保身份(自定义)', null, null, null, null, null, '2017-08-08 09:38:41');
INSERT INTO pub_eventtype (dr, eventtypecode, eventtypename, eventtypename2, eventtypename3, eventtypename4, eventtypename5, eventtypename6, note, owner, pk_eventtype, sourceid, sourcename, sourcename2, sourcename3, sourcename4, sourcename5, sourcename6, ts) VALUES (0, '1071', '状态由停用变为启用后', null, null, null, null, null, '事件类型为BDCommonEvent', '1014', '1001ZZ100000000044ZH', '1001ZZ100000000044YG', '团保身份(自定义)', null, null, null, null, null, '2017-08-08 09:38:41');
INSERT INTO pub_eventtype (dr, eventtypecode, eventtypename, eventtypename2, eventtypename3, eventtypename4, eventtypename5, eventtypename6, note, owner, pk_eventtype, sourceid, sourcename, sourcename2, sourcename3, sourcename4, sourcename5, sourcename6, ts) VALUES (0, '1070', '状态由停用变为启用前', null, null, null, null, null, '事件类型为BDCommonEvent', '1014', '1001ZZ100000000044ZI', '1001ZZ100000000044YG', '团保身份(自定义)', null, null, null, null, null, '2017-08-08 09:38:41');
GO

DELETE FROM bd_defdoc WHERE pk_defdoclist = (SELECT pk_defdoclist FROM bd_defdoclist WHERE code = 'TWHR000');
DELETE FROM bd_defdoclist WHERE pk_defdoclist = (select id from md_class where componentid='d38fa53d-5fc2-11e7-a555-c71e1f695584');
DELETE FROM md_property WHERE classid = (select id from md_class where componentid='d38fa53d-5fc2-11e7-a555-c71e1f695584');
DELETE FROM bd_refinfo WHERE para1 = (select id from md_class where componentid='d38fa53d-5fc2-11e7-a555-c71e1f695584');
DELETE FROM md_bizitfmap WHERE classid=(select id from md_class where componentid='d38fa53d-5fc2-11e7-a555-c71e1f695584');
DELETE FROM md_association WHERE startbeanid=(select id from md_class where componentid='d38fa53d-5fc2-11e7-a555-c71e1f695584');
DELETE FROM md_ormap WHERE classid=(select id from md_class where componentid='d38fa53d-5fc2-11e7-a555-c71e1f695584');
DELETE FROM md_busiop WHERE ownertype=(select id from md_class where componentid='d38fa53d-5fc2-11e7-a555-c71e1f695584');
DELETE FROM md_attr_power WHERE beanid=(select id from md_class where componentid='d38fa53d-5fc2-11e7-a555-c71e1f695584');
DELETE FROM sm_permission_res WHERE mdid=(select id from md_class where componentid='d38fa53d-5fc2-11e7-a555-c71e1f695584');
DELETE FROM bd_mode_all WHERE mdclassid=(select id from md_class where componentid='d38fa53d-5fc2-11e7-a555-c71e1f695584');
DELETE FROM bd_mode_selected WHERE mdclassid=(select id from md_class where componentid='d38fa53d-5fc2-11e7-a555-c71e1f695584');
DELETE FROM bd_uniquerule_item WHERE pk_rule in (select pk_rule FROM bd_uniquerule WHERE mdclassid=(select id from md_class where componentid='d38fa53d-5fc2-11e7-a555-c71e1f695584'));
DELETE FROM bd_uniquerule WHERE mdclassid=(select id from md_class where componentid='d38fa53d-5fc2-11e7-a555-c71e1f695584');
DELETE FROM pub_bcr_nbcr WHERE metaid=(select id from md_class where componentid='d38fa53d-5fc2-11e7-a555-c71e1f695584');
DELETE FROM pub_eventtype WHERE sourceid=(select id from md_class where componentid='d38fa53d-5fc2-11e7-a555-c71e1f695584');
DELETE FROM md_class WHERE componentid='d38fa53d-5fc2-11e7-a555-c71e1f695584';

INSERT INTO bd_defdoclist (associatename, bpfcomponentid, code, codectlgrade, coderule, componentid, creationtime, creator, dataoriginflag, docclass, doclevel, doctype, dr, funcode, isgrade, isrelease, mngctlmode, modifiedtime, modifier, name, name2, name3, name4, name5, name6, pk_defdoclist, pk_group, pk_org) VALUES ('bd_defdoc', 'd470b685-5fc2-11e7-a555-c71e1f695584', 'TWHR000', null, null, 'd38fa53d-5fc2-11e7-a555-c71e1f695584', null, 'NC_USER0000000000000', 0, null, 0, null, 0, null, 'N', 'N', 2, null, '~', '台灣本地化對照表', null, null, null, null, null, 'TWHRA210000000DEFSET', '~', 'GLOBLE00000000000000');

INSERT INTO md_class (accessorclassname, bizitfimpclassname, classtype, componentid, createtime, creator, defaulttablename, description, displayname, dr, fixedlength, fullclassname, help, id, industry, isactive, isauthen, iscreatesql, isextendbean, isprimary, keyattribute, modifier, modifytime, modinfoclassname, name, parentclassid, precise, refmodelname, resid, returntype, stereotype, userdefclassname, versiontype) VALUES ('nc.md.model.access.javamap.NCBeanStyle', null, 201, 'd38fa53d-5fc2-11e7-a555-c71e1f695584', '2017-07-03 15:40:03', null, 'bd_defdoc', null, '台灣本地化對照表(自定义档案)', null, null, 'nc.vo.bd.defdoc.DefdocVO', 'ignorebdmode,BDMODE,URC,DEFDOC,BUSILOG,DOC', 'TWHRA210000000DEFSET', '0', null, 'Y', 'Y', null, 'Y', 'd38fa543-5fc2-11e7-a555-c71e1f695584', null, null, null, 'Defdoc-TWHR000', null, null, '台灣本地化對照表(自定义档案)', null, null, null, null, 0);

INSERT INTO md_property (accessorclassname, accesspower, accesspowergroup, attrlength, attrmaxvalue, attrminvalue, attrsequence, calculation, classid, createindustry, createtime, creator, customattr, datatype, datatypestyle, defaultvalue, description, displayname, dr, dynamicattr, dynamictable, fixedlength, help, hided, id, industry, isactive, isauthen, modifier, modifytime, name, notserialize, nullable, precise, readonly, refmodelname, resid, versiontype, visibility) VALUES (null, 'N', null, 40, null, null, 4, 'N', 'TWHRA210000000DEFSET', '0', null, null, 'N', 'BS000010000100001001', 300, null, null, '档案编码', null, 'N', null, 'N', 'URC', 'N', 'd38fa53c-5fc2-11e7-a555-c71e1f695584', '0', 'Y', null, null, null, 'code', 'N', 'N', 0, 'N', null, '2UC000-000557', 0, 0);
INSERT INTO md_property (accessorclassname, accesspower, accesspowergroup, attrlength, attrmaxvalue, attrminvalue, attrsequence, calculation, classid, createindustry, createtime, creator, customattr, datatype, datatypestyle, defaultvalue, description, displayname, dr, dynamicattr, dynamictable, fixedlength, help, hided, id, industry, isactive, isauthen, modifier, modifytime, name, notserialize, nullable, precise, readonly, refmodelname, resid, versiontype, visibility) VALUES (null, 'N', null, 19, null, null, 11, 'N', 'TWHRA210000000DEFSET', '0', null, null, 'N', 'BS000010000100001034', 300, null, null, '创建时间', null, 'N', null, 'N', null, 'N', 'd38fa53f-5fc2-11e7-a555-c71e1f695584', '0', 'Y', null, null, null, 'creationtime', 'N', 'Y', 0, 'N', null, '2UC000-000157', 0, 0);
INSERT INTO md_property (accessorclassname, accesspower, accesspowergroup, attrlength, attrmaxvalue, attrminvalue, attrsequence, calculation, classid, createindustry, createtime, creator, customattr, datatype, datatypestyle, defaultvalue, description, displayname, dr, dynamicattr, dynamictable, fixedlength, help, hided, id, industry, isactive, isauthen, modifier, modifytime, name, notserialize, nullable, precise, readonly, refmodelname, resid, versiontype, visibility) VALUES (null, 'N', null, 20, null, null, 10, 'N', 'TWHRA210000000DEFSET', '0', null, null, 'N', 'f6f9a473-56c0-432f-8bc7-fbf8fde54fee', 305, null, null, '创建人', null, 'N', null, 'N', null, 'N', 'd38fa540-5fc2-11e7-a555-c71e1f695584', '0', 'Y', null, null, null, 'creator', 'N', 'Y', 0, 'N', '用户', '2UC000-000155', 0, 0);
INSERT INTO md_property (accessorclassname, accesspower, accesspowergroup, attrlength, attrmaxvalue, attrminvalue, attrsequence, calculation, classid, createindustry, createtime, creator, customattr, datatype, datatypestyle, defaultvalue, description, displayname, dr, dynamicattr, dynamictable, fixedlength, help, hided, id, industry, isactive, isauthen, modifier, modifytime, name, notserialize, nullable, precise, readonly, refmodelname, resid, versiontype, visibility) VALUES (null, 'N', null, 200, null, null, 14, 'N', 'TWHRA210000000DEFSET', '0', null, null, 'N', 'BS000010000100001001', 300, null, null, '内部编码', null, 'N', null, 'N', null, 'N', 'd38fa542-5fc2-11e7-a555-c71e1f695584', '0', 'Y', null, null, null, 'innercode', 'N', 'Y', 0, 'N', null, '2UC000-000136', 0, 0);
INSERT INTO md_property (accessorclassname, accesspower, accesspowergroup, attrlength, attrmaxvalue, attrminvalue, attrsequence, calculation, classid, createindustry, createtime, creator, customattr, datatype, datatypestyle, defaultvalue, description, displayname, dr, dynamicattr, dynamictable, fixedlength, help, hided, id, industry, isactive, isauthen, modifier, modifytime, name, notserialize, nullable, precise, readonly, refmodelname, resid, versiontype, visibility) VALUES (null, 'N', null, 20, null, null, 0, 'N', 'TWHRA210000000DEFSET', '0', null, null, 'N', 'BS000010000100001051', 300, null, null, '自定义档案主键', null, 'N', null, 'N', null, 'N', 'd38fa543-5fc2-11e7-a555-c71e1f695584', '0', 'Y', null, null, null, 'pk_defdoc', 'N', 'N', 0, 'N', null, '2UC000-000747', 0, 0);
INSERT INTO md_property (accessorclassname, accesspower, accesspowergroup, attrlength, attrmaxvalue, attrminvalue, attrsequence, calculation, classid, createindustry, createtime, creator, customattr, datatype, datatypestyle, defaultvalue, description, displayname, dr, dynamicattr, dynamictable, fixedlength, help, hided, id, industry, isactive, isauthen, modifier, modifytime, name, notserialize, nullable, precise, readonly, refmodelname, resid, versiontype, visibility) VALUES (null, 'N', null, 200, null, null, 9, 'N', 'TWHRA210000000DEFSET', '0', null, null, 'N', 'BS000010000100001001', 300, null, null, '备注', null, 'N', null, 'N', null, 'N', 'd38fa544-5fc2-11e7-a555-c71e1f695584', '0', 'Y', null, null, null, 'memo', 'N', 'Y', 0, 'N', null, '2UC000-000258', 0, 0);
INSERT INTO md_property (accessorclassname, accesspower, accesspowergroup, attrlength, attrmaxvalue, attrminvalue, attrsequence, calculation, classid, createindustry, createtime, creator, customattr, datatype, datatypestyle, defaultvalue, description, displayname, dr, dynamicattr, dynamictable, fixedlength, help, hided, id, industry, isactive, isauthen, modifier, modifytime, name, notserialize, nullable, precise, readonly, refmodelname, resid, versiontype, visibility) VALUES (null, 'N', null, 50, null, null, 7, 'N', 'TWHRA210000000DEFSET', '0', null, null, 'N', 'BS000010000100001001', 300, null, null, '助记码', null, 'N', null, 'N', null, 'N', 'd38fa545-5fc2-11e7-a555-c71e1f695584', '0', 'Y', null, null, null, 'mnecode', 'N', 'Y', 0, 'N', null, '2UC000-000172', 0, 0);
INSERT INTO md_property (accessorclassname, accesspower, accesspowergroup, attrlength, attrmaxvalue, attrminvalue, attrsequence, calculation, classid, createindustry, createtime, creator, customattr, datatype, datatypestyle, defaultvalue, description, displayname, dr, dynamicattr, dynamictable, fixedlength, help, hided, id, industry, isactive, isauthen, modifier, modifytime, name, notserialize, nullable, precise, readonly, refmodelname, resid, versiontype, visibility) VALUES (null, 'N', null, 20, null, null, 12, 'N', 'TWHRA210000000DEFSET', '0', null, null, 'N', 'f6f9a473-56c0-432f-8bc7-fbf8fde54fee', 305, null, null, '最后修改人', null, 'N', null, 'N', null, 'N', 'd38fa546-5fc2-11e7-a555-c71e1f695584', '0', 'Y', null, null, null, 'modifier', 'N', 'Y', 0, 'N', '用户', '2UC000-000490', 0, 0);
INSERT INTO md_property (accessorclassname, accesspower, accesspowergroup, attrlength, attrmaxvalue, attrminvalue, attrsequence, calculation, classid, createindustry, createtime, creator, customattr, datatype, datatypestyle, defaultvalue, description, displayname, dr, dynamicattr, dynamictable, fixedlength, help, hided, id, industry, isactive, isauthen, modifier, modifytime, name, notserialize, nullable, precise, readonly, refmodelname, resid, versiontype, visibility) VALUES (null, 'N', null, 19, null, null, 13, 'N', 'TWHRA210000000DEFSET', '0', null, null, 'N', 'BS000010000100001034', 300, null, null, '最后修改时间', null, 'N', null, 'N', null, 'N', 'd38fa548-5fc2-11e7-a555-c71e1f695584', '0', 'Y', null, null, null, 'modifiedtime', 'N', 'Y', 0, 'N', null, '2UC000-000491', 0, 0);
INSERT INTO md_property (accessorclassname, accesspower, accesspowergroup, attrlength, attrmaxvalue, attrminvalue, attrsequence, calculation, classid, createindustry, createtime, creator, customattr, datatype, datatypestyle, defaultvalue, description, displayname, dr, dynamicattr, dynamictable, fixedlength, help, hided, id, industry, isactive, isauthen, modifier, modifytime, name, notserialize, nullable, precise, readonly, refmodelname, resid, versiontype, visibility) VALUES (null, 'N', null, 200, null, null, 5, 'N', 'TWHRA210000000DEFSET', '0', null, null, 'N', 'BS000010000100001058', 300, null, null, '档案名称', null, 'N', null, 'N', 'URC', 'N', 'd38fa549-5fc2-11e7-a555-c71e1f695584', '0', 'Y', null, null, null, 'name', 'N', 'Y', 0, 'N', null, '2UC000-000556', 0, 0);
INSERT INTO md_property (accessorclassname, accesspower, accesspowergroup, attrlength, attrmaxvalue, attrminvalue, attrsequence, calculation, classid, createindustry, createtime, creator, customattr, datatype, datatypestyle, defaultvalue, description, displayname, dr, dynamicattr, dynamictable, fixedlength, help, hided, id, industry, isactive, isauthen, modifier, modifytime, name, notserialize, nullable, precise, readonly, refmodelname, resid, versiontype, visibility) VALUES (null, 'N', null, 200, null, null, 6, 'N', 'TWHRA210000000DEFSET', '0', null, null, 'N', 'BS000010000100001058', 300, null, null, '简称', null, 'N', null, 'N', null, 'N', 'd38fa54a-5fc2-11e7-a555-c71e1f695584', '0', 'Y', null, null, null, 'shortname', 'N', 'Y', 0, 'N', null, '2UC000-000675', 0, 0);
INSERT INTO md_property (accessorclassname, accesspower, accesspowergroup, attrlength, attrmaxvalue, attrminvalue, attrsequence, calculation, classid, createindustry, createtime, creator, customattr, datatype, datatypestyle, defaultvalue, description, displayname, dr, dynamicattr, dynamictable, fixedlength, help, hided, id, industry, isactive, isauthen, modifier, modifytime, name, notserialize, nullable, precise, readonly, refmodelname, resid, versiontype, visibility) VALUES (null, 'N', null, 20, null, null, 8, 'N', 'TWHRA210000000DEFSET', '0', null, null, 'N', 'BS000010000100001001', 300, null, null, '上级档案', null, 'N', null, 'N', null, 'N', 'd38fa54c-5fc2-11e7-a555-c71e1f695584', '0', 'Y', null, null, null, 'pid', 'N', 'Y', 0, 'N', null, '2UC000-000007', 0, 0);
INSERT INTO md_property (accessorclassname, accesspower, accesspowergroup, attrlength, attrmaxvalue, attrminvalue, attrsequence, calculation, classid, createindustry, createtime, creator, customattr, datatype, datatypestyle, defaultvalue, description, displayname, dr, dynamicattr, dynamictable, fixedlength, help, hided, id, industry, isactive, isauthen, modifier, modifytime, name, notserialize, nullable, precise, readonly, refmodelname, resid, versiontype, visibility) VALUES (null, 'N', null, 20, null, null, 1, 'N', 'TWHRA210000000DEFSET', '0', null, null, 'N', '16c1dca0-e3ed-4dcc-8ed7-75fd59e2bef1', 305, null, null, '自定义档案列表主键', null, 'N', null, 'N', null, 'N', 'd38fa54e-5fc2-11e7-a555-c71e1f695584', '0', 'Y', null, null, null, 'pk_defdoclist', 'N', 'N', 0, 'N', '自定义档案列表', '2UC000-000748', 0, 0);
INSERT INTO md_property (accessorclassname, accesspower, accesspowergroup, attrlength, attrmaxvalue, attrminvalue, attrsequence, calculation, classid, createindustry, createtime, creator, customattr, datatype, datatypestyle, defaultvalue, description, displayname, dr, dynamicattr, dynamictable, fixedlength, help, hided, id, industry, isactive, isauthen, modifier, modifytime, name, notserialize, nullable, precise, readonly, refmodelname, resid, versiontype, visibility) VALUES (null, 'N', null, 20, null, null, 3, 'N', 'TWHRA210000000DEFSET', '0', null, null, 'N', '3b6dd171-2900-47f3-bfbe-41e4483a2a65', 305, null, null, '所属集团', null, 'N', null, 'N', null, 'N', 'd38fa54f-5fc2-11e7-a555-c71e1f695584', '0', 'Y', null, null, null, 'pk_group', 'N', 'Y', 0, 'N', '集团', '2UC000-000367', 0, 0);
INSERT INTO md_property (accessorclassname, accesspower, accesspowergroup, attrlength, attrmaxvalue, attrminvalue, attrsequence, calculation, classid, createindustry, createtime, creator, customattr, datatype, datatypestyle, defaultvalue, description, displayname, dr, dynamicattr, dynamictable, fixedlength, help, hided, id, industry, isactive, isauthen, modifier, modifytime, name, notserialize, nullable, precise, readonly, refmodelname, resid, versiontype, visibility) VALUES (null, 'N', null, 20, null, null, 2, 'N', 'TWHRA210000000DEFSET', '0', null, null, 'N', '985be8a4-3a36-4778-8afe-2d8ed3902659', 305, null, null, '所属组织', null, 'N', null, 'N', null, 'N', 'd38fa550-5fc2-11e7-a555-c71e1f695584', '0', 'Y', null, null, null, 'pk_org', 'N', 'N', 0, 'N', '业务单元', '2UC000-000360', 0, 0);
INSERT INTO md_property (accessorclassname, accesspower, accesspowergroup, attrlength, attrmaxvalue, attrminvalue, attrsequence, calculation, classid, createindustry, createtime, creator, customattr, datatype, datatypestyle, defaultvalue, description, displayname, dr, dynamicattr, dynamictable, fixedlength, help, hided, id, industry, isactive, isauthen, modifier, modifytime, name, notserialize, nullable, precise, readonly, refmodelname, resid, versiontype, visibility) VALUES (null, 'N', null, 0, null, null, 15, 'N', 'TWHRA210000000DEFSET', '0', null, null, 'N', '6b533ffa-3e43-4147-8670-ba0f5471fd40', 300, null, null, '启用状态', null, 'N', null, 'N', null, 'N', 'd38fa551-5fc2-11e7-a555-c71e1f695584', '0', 'Y', null, null, null, 'enablestate', 'N', 'Y', 0, 'N', null, '2UC000-000249', 0, 0);
INSERT INTO md_property (accessorclassname, accesspower, accesspowergroup, attrlength, attrmaxvalue, attrminvalue, attrsequence, calculation, classid, createindustry, createtime, creator, customattr, datatype, datatypestyle, defaultvalue, description, displayname, dr, dynamicattr, dynamictable, fixedlength, help, hided, id, industry, isactive, isauthen, modifier, modifytime, name, notserialize, nullable, precise, readonly, refmodelname, resid, versiontype, visibility) VALUES (null, 'N', null, 0, null, null, 16, 'N', 'TWHRA210000000DEFSET', '0', null, null, 'N', 'BS000010000100001004', 300, null, null, '分布式', null, 'N', null, 'N', null, 'N', 'd38fa553-5fc2-11e7-a555-c71e1f695584', '0', 'Y', null, null, null, 'dataoriginflag', 'N', 'Y', 0, 'N', null, '2UC000-000151', 0, 0);
INSERT INTO md_property (accessorclassname, accesspower, accesspowergroup, attrlength, attrmaxvalue, attrminvalue, attrsequence, calculation, classid, createindustry, createtime, creator, customattr, datatype, datatypestyle, defaultvalue, description, displayname, dr, dynamicattr, dynamictable, fixedlength, help, hided, id, industry, isactive, isauthen, modifier, modifytime, name, notserialize, nullable, precise, readonly, refmodelname, resid, versiontype, visibility) VALUES (null, 'N', null, 0, null, null, 17, 'N', 'TWHRA210000000DEFSET', '0', null, null, 'N', 'ba3f1197-8584-445d-88a0-102e505f94e5', 300, '1', null, '数据类型', null, 'N', null, 'N', null, 'N', 'd38fa554-5fc2-11e7-a555-c71e1f695584', '0', 'Y', null, null, null, 'datatype', 'N', 'Y', 0, 'N', null, '2UC000-000458', 0, 0);

INSERT INTO bd_refinfo (code, dr, isneedpara, isspecialref, metadatatypename, modulename, name, para1, para2, para3, pk_refinfo, refclass, refsystem, reftype, reserv1, reserv2, reserv3, resid, residpath, wherepart) VALUES ('D10090', 0, 'Y', null, 'Defdoc-TWHR000', 'uap', '台灣本地化對照表(自定义档案)', 'TWHRA210000000DEFSET', 'bd_defdoc', null, '1001ZZ1000000000370M', 'nc.ui.bd.ref.model.DefdocGridRefModel', null, 0, null, null, 'TWHR000', '台灣本地化對照表', '10140uddb', null);

INSERT INTO md_bizitfmap (bizinterfaceid, bizitfimpclassname, classattrid, classattrpath, classid, dr, industry, intattrid, versiontype) VALUES ('6c8722b9-911a-489b-8d0d-18bd3734fcf6', null, 'd38fa543-5fc2-11e7-a555-c71e1f695584', null, 'TWHRA210000000DEFSET', null, null, '5dd3c721-22ad-42b1-9c10-4351c236bc77', null);
INSERT INTO md_bizitfmap (bizinterfaceid, bizitfimpclassname, classattrid, classattrpath, classid, dr, industry, intattrid, versiontype) VALUES ('6c8722b9-911a-489b-8d0d-18bd3734fcf6', null, 'd38fa549-5fc2-11e7-a555-c71e1f695584', null, 'TWHRA210000000DEFSET', null, null, '89578a97-42fe-439b-827c-8eabd9e3604c', null);
INSERT INTO md_bizitfmap (bizinterfaceid, bizitfimpclassname, classattrid, classattrpath, classid, dr, industry, intattrid, versiontype) VALUES ('6c8722b9-911a-489b-8d0d-18bd3734fcf6', null, 'd38fa54f-5fc2-11e7-a555-c71e1f695584', null, 'TWHRA210000000DEFSET', null, null, 'a47e6cda-09e4-480b-923f-ec6f41e3e06c', null);
INSERT INTO md_bizitfmap (bizinterfaceid, bizitfimpclassname, classattrid, classattrpath, classid, dr, industry, intattrid, versiontype) VALUES ('6c8722b9-911a-489b-8d0d-18bd3734fcf6', null, 'd38fa53c-5fc2-11e7-a555-c71e1f695584', null, 'TWHRA210000000DEFSET', null, null, 'd32cc17b-f415-415a-923f-0764443eb102', null);
INSERT INTO md_bizitfmap (bizinterfaceid, bizitfimpclassname, classattrid, classattrpath, classid, dr, industry, intattrid, versiontype) VALUES ('6c8722b9-911a-489b-8d0d-18bd3734fcf6', null, 'd38fa550-5fc2-11e7-a555-c71e1f695584', null, 'TWHRA210000000DEFSET', null, null, 'ecf1b76a-6e44-42e2-a55e-87596504775b', null);

INSERT INTO md_association (cascadedelete, cascadeupdate, componentid, createtime, creator, dr, endcardinality, endelementid, id, industry, isactive, modifier, modifytime, name, startbeanid, startcardinality, startelementid, type, versiontype) VALUES (null, null, 'd38fa53d-5fc2-11e7-a555-c71e1f695584', null, null, null, '1', '985be8a4-3a36-4778-8afe-2d8ed3902659', '5936be13-5ef1-4204-b49c-ba54d20ad10c', '0', 'Y', null, null, 'Defdoc-TWHR000_pk_org', 'TWHRA210000000DEFSET', '1', 'd38fa550-5fc2-11e7-a555-c71e1f695584', 3, 0);
INSERT INTO md_association (cascadedelete, cascadeupdate, componentid, createtime, creator, dr, endcardinality, endelementid, id, industry, isactive, modifier, modifytime, name, startbeanid, startcardinality, startelementid, type, versiontype) VALUES (null, null, 'd38fa53d-5fc2-11e7-a555-c71e1f695584', null, null, null, '1', 'f6f9a473-56c0-432f-8bc7-fbf8fde54fee', '852d3e98-32ff-4e70-b82a-b69b960229a7', '0', 'Y', null, null, 'Defdoc-TWHR000_modifier', 'TWHRA210000000DEFSET', '1', 'd38fa546-5fc2-11e7-a555-c71e1f695584', 3, 0);
INSERT INTO md_association (cascadedelete, cascadeupdate, componentid, createtime, creator, dr, endcardinality, endelementid, id, industry, isactive, modifier, modifytime, name, startbeanid, startcardinality, startelementid, type, versiontype) VALUES (null, null, 'd38fa53d-5fc2-11e7-a555-c71e1f695584', null, null, null, '1', '16c1dca0-e3ed-4dcc-8ed7-75fd59e2bef1', '8fd9b531-ec8c-4eeb-9e2c-707e40a8518b', '0', 'Y', null, null, 'Defdoc-TWHR000_pk_defdoclist', 'TWHRA210000000DEFSET', '1', 'd38fa54e-5fc2-11e7-a555-c71e1f695584', 3, 0);
INSERT INTO md_association (cascadedelete, cascadeupdate, componentid, createtime, creator, dr, endcardinality, endelementid, id, industry, isactive, modifier, modifytime, name, startbeanid, startcardinality, startelementid, type, versiontype) VALUES (null, null, 'd38fa53d-5fc2-11e7-a555-c71e1f695584', null, null, null, '1', '3b6dd171-2900-47f3-bfbe-41e4483a2a65', 'c0fe0889-f7df-4cfe-924e-75afee43e6f7', '0', 'Y', null, null, 'Defdoc-TWHR000_pk_group', 'TWHRA210000000DEFSET', '1', 'd38fa54f-5fc2-11e7-a555-c71e1f695584', 3, 0);
INSERT INTO md_association (cascadedelete, cascadeupdate, componentid, createtime, creator, dr, endcardinality, endelementid, id, industry, isactive, modifier, modifytime, name, startbeanid, startcardinality, startelementid, type, versiontype) VALUES (null, null, 'd38fa53d-5fc2-11e7-a555-c71e1f695584', null, null, null, '1', 'f6f9a473-56c0-432f-8bc7-fbf8fde54fee', 'eb66afc2-cade-469d-86f4-ce9eb1153ae0', '0', 'Y', null, null, 'Defdoc-TWHR000_creator', 'TWHRA210000000DEFSET', '1', 'd38fa540-5fc2-11e7-a555-c71e1f695584', 3, 0);

INSERT INTO md_ormap (attributeid, classid, columnid, dr, tableid) VALUES ('d38fa53c-5fc2-11e7-a555-c71e1f695584', 'TWHRA210000000DEFSET', 'bd_defdoc@@@code', null, 'bd_defdoc');
INSERT INTO md_ormap (attributeid, classid, columnid, dr, tableid) VALUES ('d38fa53f-5fc2-11e7-a555-c71e1f695584', 'TWHRA210000000DEFSET', 'bd_defdoc@@@creationtime', null, 'bd_defdoc');
INSERT INTO md_ormap (attributeid, classid, columnid, dr, tableid) VALUES ('d38fa540-5fc2-11e7-a555-c71e1f695584', 'TWHRA210000000DEFSET', 'bd_defdoc@@@creator', null, 'bd_defdoc');
INSERT INTO md_ormap (attributeid, classid, columnid, dr, tableid) VALUES ('d38fa542-5fc2-11e7-a555-c71e1f695584', 'TWHRA210000000DEFSET', 'bd_defdoc@@@innercode', null, 'bd_defdoc');
INSERT INTO md_ormap (attributeid, classid, columnid, dr, tableid) VALUES ('d38fa543-5fc2-11e7-a555-c71e1f695584', 'TWHRA210000000DEFSET', 'bd_defdoc@@PK@@', null, 'bd_defdoc');
INSERT INTO md_ormap (attributeid, classid, columnid, dr, tableid) VALUES ('d38fa544-5fc2-11e7-a555-c71e1f695584', 'TWHRA210000000DEFSET', 'bd_defdoc@@@memo', null, 'bd_defdoc');
INSERT INTO md_ormap (attributeid, classid, columnid, dr, tableid) VALUES ('d38fa545-5fc2-11e7-a555-c71e1f695584', 'TWHRA210000000DEFSET', 'bd_defdoc@@@mnecode', null, 'bd_defdoc');
INSERT INTO md_ormap (attributeid, classid, columnid, dr, tableid) VALUES ('d38fa546-5fc2-11e7-a555-c71e1f695584', 'TWHRA210000000DEFSET', 'bd_defdoc@@@modifier', null, 'bd_defdoc');
INSERT INTO md_ormap (attributeid, classid, columnid, dr, tableid) VALUES ('d38fa548-5fc2-11e7-a555-c71e1f695584', 'TWHRA210000000DEFSET', 'bd_defdoc@@@modifiedtime', null, 'bd_defdoc');
INSERT INTO md_ormap (attributeid, classid, columnid, dr, tableid) VALUES ('d38fa549-5fc2-11e7-a555-c71e1f695584', 'TWHRA210000000DEFSET', 'bd_defdoc@@@name', null, 'bd_defdoc');
INSERT INTO md_ormap (attributeid, classid, columnid, dr, tableid) VALUES ('d38fa54a-5fc2-11e7-a555-c71e1f695584', 'TWHRA210000000DEFSET', 'bd_defdoc@@@shortname', null, 'bd_defdoc');
INSERT INTO md_ormap (attributeid, classid, columnid, dr, tableid) VALUES ('d38fa54c-5fc2-11e7-a555-c71e1f695584', 'TWHRA210000000DEFSET', 'bd_defdoc@@@pid', null, 'bd_defdoc');
INSERT INTO md_ormap (attributeid, classid, columnid, dr, tableid) VALUES ('d38fa54e-5fc2-11e7-a555-c71e1f695584', 'TWHRA210000000DEFSET', 'bd_defdoc@@@pk_defdoclist', null, 'bd_defdoc');
INSERT INTO md_ormap (attributeid, classid, columnid, dr, tableid) VALUES ('d38fa54f-5fc2-11e7-a555-c71e1f695584', 'TWHRA210000000DEFSET', 'bd_defdoc@@@pk_group', null, 'bd_defdoc');
INSERT INTO md_ormap (attributeid, classid, columnid, dr, tableid) VALUES ('d38fa550-5fc2-11e7-a555-c71e1f695584', 'TWHRA210000000DEFSET', 'bd_defdoc@@@pk_org', null, 'bd_defdoc');
INSERT INTO md_ormap (attributeid, classid, columnid, dr, tableid) VALUES ('d38fa551-5fc2-11e7-a555-c71e1f695584', 'TWHRA210000000DEFSET', 'bd_defdoc@@@enablestate', null, 'bd_defdoc');
INSERT INTO md_ormap (attributeid, classid, columnid, dr, tableid) VALUES ('d38fa553-5fc2-11e7-a555-c71e1f695584', 'TWHRA210000000DEFSET', 'bd_defdoc@@@dataoriginflag', null, 'bd_defdoc');
INSERT INTO md_ormap (attributeid, classid, columnid, dr, tableid) VALUES ('d38fa554-5fc2-11e7-a555-c71e1f695584', 'TWHRA210000000DEFSET', 'bd_defdoc@@@datatype', null, 'bd_defdoc');

INSERT INTO md_busiop (authorizable, componentid, createtime, creator, description, displayname, dr, help, id, industry, isbusiactivity, logtype, modifier, modifytime, name, needlog, ownertype, parentid, resid, versiontype) VALUES ('Y', 'd470b685-5fc2-11e7-a555-c71e1f695584', '2017-07-03 15:40:05', null, null, '新增', null, null, 'd470b686-5fc2-11e7-a555-c71e1f695584', '0', 'N', 'ADD       ', null, '2017-07-03 15:40:05', 'add', 'Y', 'TWHRA210000000DEFSET', null, '2UC000-001114', 0);
INSERT INTO md_busiop (authorizable, componentid, createtime, creator, description, displayname, dr, help, id, industry, isbusiactivity, logtype, modifier, modifytime, name, needlog, ownertype, parentid, resid, versiontype) VALUES ('Y', 'd470b685-5fc2-11e7-a555-c71e1f695584', '2017-07-03 15:40:05', null, null, '删除', null, null, 'd470b687-5fc2-11e7-a555-c71e1f695584', '0', 'N', 'DELETE    ', null, '2017-07-03 15:40:05', 'delete', 'Y', 'TWHRA210000000DEFSET', null, '2UC000-001104', 0);
INSERT INTO md_busiop (authorizable, componentid, createtime, creator, description, displayname, dr, help, id, industry, isbusiactivity, logtype, modifier, modifytime, name, needlog, ownertype, parentid, resid, versiontype) VALUES ('Y', 'd470b685-5fc2-11e7-a555-c71e1f695584', '2017-07-03 15:40:05', null, null, '停用', null, null, 'd470b688-5fc2-11e7-a555-c71e1f695584', '0', 'N', 'MODIFY    ', null, '2017-07-03 15:40:05', 'disable', 'Y', 'TWHRA210000000DEFSET', null, '2UC000-001106', 0);
INSERT INTO md_busiop (authorizable, componentid, createtime, creator, description, displayname, dr, help, id, industry, isbusiactivity, logtype, modifier, modifytime, name, needlog, ownertype, parentid, resid, versiontype) VALUES ('Y', 'd470b685-5fc2-11e7-a555-c71e1f695584', '2017-07-03 15:40:05', null, null, '修改', null, null, 'd470b689-5fc2-11e7-a555-c71e1f695584', '0', 'N', 'MODIFY    ', null, '2017-07-03 15:40:05', 'edit', 'Y', 'TWHRA210000000DEFSET', null, '2UC000-001103', 0);
INSERT INTO md_busiop (authorizable, componentid, createtime, creator, description, displayname, dr, help, id, industry, isbusiactivity, logtype, modifier, modifytime, name, needlog, ownertype, parentid, resid, versiontype) VALUES ('Y', 'd470b685-5fc2-11e7-a555-c71e1f695584', '2017-07-03 15:40:05', null, null, '启用', null, null, 'd470b68a-5fc2-11e7-a555-c71e1f695584', '0', 'N', 'MODIFY    ', null, '2017-07-03 15:40:05', 'enable', 'Y', 'TWHRA210000000DEFSET', null, '2UC000-001105', 0);

INSERT INTO md_attr_power (beanid, dr, fullpath, id, powertype) VALUES ('TWHRA210000000DEFSET', 0, 'uap.Defdoc-TWHR000.code', '1001ZZ1000000000370S', 'datapower');
INSERT INTO md_attr_power (beanid, dr, fullpath, id, powertype) VALUES ('TWHRA210000000DEFSET', 0, 'uap.Defdoc-TWHR000.name', '1001ZZ1000000000370T', 'datapower');
INSERT INTO md_attr_power (beanid, dr, fullpath, id, powertype) VALUES ('TWHRA210000000DEFSET', 0, 'uap.Defdoc-TWHR000.shortname', '1001ZZ1000000000370U', 'datapower');
INSERT INTO md_attr_power (beanid, dr, fullpath, id, powertype) VALUES ('TWHRA210000000DEFSET', 0, 'uap.Defdoc-TWHR000.pk_org', '1001ZZ1000000000370V', 'datapower');

INSERT INTO sm_permission_res (dpgenclassname, dpjudgerclassname, dr, innercode, isabstract, isenablespecialperm, issptapproverperm, keycolumnname, maintablename, mdid, ownmodule, parentid, pk_permission_res, resourcecode, resourcename, resourcename2, resourcename3, resourcename4, resourcename5, resourcename6) VALUES (null, null, 0, 'WKVQ', 'N', 'N', null, 'pk_defdoc', 'bd_defdoc', 'TWHRA210000000DEFSET', '1014', '1001Z01000000000KXUX', '1001ZZ1000000000370W', 'TWHR000', '台灣本地化對照表(自定义)', null, null, null, null, null);

INSERT INTO bd_mode_all (dataoriginflag, dr, ischecked, managemode, mdclassid, pk_bdmode, uniquescope, visiblescope) VALUES (0, 0, 'N', 6, 'TWHRA210000000DEFSET', '1001ZZ10000000003717', 6, 6);

INSERT INTO bd_mode_selected (dataoriginflag, dr, managemode, mdclassid, pk_bdmode, uniquescope, visiblescope) VALUES (0, 0, 6, 'TWHRA210000000DEFSET', '1001ZZ10000000003718', 6, 6);

INSERT INTO bd_uniquerule (dataoriginflag, dr, errorcode, ischecknull, isdefault, mdclassid, pk_rule, rulecontent, rulecontent2, rulecontent3, rulecontent4, rulecontent5, rulecontent6) VALUES (0, 0, '32000', 'N', 'Y', 'TWHRA210000000DEFSET', '1001ZZ10000000003719', '编码唯一', null, null, null, null, null);
INSERT INTO bd_uniquerule (dataoriginflag, dr, errorcode, ischecknull, isdefault, mdclassid, pk_rule, rulecontent, rulecontent2, rulecontent3, rulecontent4, rulecontent5, rulecontent6) VALUES (0, 0, '32000', 'N', 'N', 'TWHRA210000000DEFSET', '1001ZZ1000000000371A', '名称唯一', null, null, null, null, null);

INSERT INTO bd_uniquerule_item (dataoriginflag, dr, mdcolumnid, mdcolumnname, pk_rule, pk_ruleitem) VALUES (0, 0, 'd38fa53c-5fc2-11e7-a555-c71e1f695584', '编码', '1001ZZ10000000003719', '1001ZZ1000000000371B');
INSERT INTO bd_uniquerule_item (dataoriginflag, dr, mdcolumnid, mdcolumnname, pk_rule, pk_ruleitem) VALUES (0, 0, 'd38fa549-5fc2-11e7-a555-c71e1f695584', '名称', '1001ZZ1000000000371A', '1001ZZ1000000000371C');

INSERT INTO pub_bcr_nbcr (code, codelenth, codescope, codestyle, dr, metaid, name, name2, name3, name4, name5, name6, orgtype, pk_nbcr, ts) VALUES ('TWHR000', 40, 'both', 'pre', 0, 'TWHRA210000000DEFSET', '台灣本地化對照表(自定义)', null, null, null, null, null, 'BUSINESSUNIT00000000', '1001ZZ1000000000371D', '2017-07-03 15:40:09');

INSERT INTO pub_eventtype (dr, eventtypecode, eventtypename, eventtypename2, eventtypename3, eventtypename4, eventtypename5, eventtypename6, note, owner, pk_eventtype, sourceid, sourcename, sourcename2, sourcename3, sourcename4, sourcename5, sourcename6) VALUES (0, '1003', '修改前', null, null, null, null, null, '事件类型为BDCommonEvent', '1014', '1001ZZ1000000000371E', 'TWHRA210000000DEFSET', '台灣本地化對照表(自定义)', null, null, null, null, null);
INSERT INTO pub_eventtype (dr, eventtypecode, eventtypename, eventtypename2, eventtypename3, eventtypename4, eventtypename5, eventtypename6, note, owner, pk_eventtype, sourceid, sourcename, sourcename2, sourcename3, sourcename4, sourcename5, sourcename6) VALUES (0, '1004', '修改后', null, null, null, null, null, '事件类型为BDCommonEvent', '1014', '1001ZZ1000000000371F', 'TWHRA210000000DEFSET', '台灣本地化對照表(自定义)', null, null, null, null, null);
INSERT INTO pub_eventtype (dr, eventtypecode, eventtypename, eventtypename2, eventtypename3, eventtypename4, eventtypename5, eventtypename6, note, owner, pk_eventtype, sourceid, sourcename, sourcename2, sourcename3, sourcename4, sourcename5, sourcename6) VALUES (0, '1001', '新增前', null, null, null, null, null, '事件类型为BDCommonEvent', '1014', '1001ZZ1000000000371G', 'TWHRA210000000DEFSET', '台灣本地化對照表(自定义)', null, null, null, null, null);
INSERT INTO pub_eventtype (dr, eventtypecode, eventtypename, eventtypename2, eventtypename3, eventtypename4, eventtypename5, eventtypename6, note, owner, pk_eventtype, sourceid, sourcename, sourcename2, sourcename3, sourcename4, sourcename5, sourcename6) VALUES (0, '1002', '新增后', null, null, null, null, null, '事件类型为BDCommonEvent', '1014', '1001ZZ1000000000371H', 'TWHRA210000000DEFSET', '台灣本地化對照表(自定义)', null, null, null, null, null);
INSERT INTO pub_eventtype (dr, eventtypecode, eventtypename, eventtypename2, eventtypename3, eventtypename4, eventtypename5, eventtypename6, note, owner, pk_eventtype, sourceid, sourcename, sourcename2, sourcename3, sourcename4, sourcename5, sourcename6) VALUES (0, '1068', '状态由启用变为停用前', null, null, null, null, null, '事件类型为BDCommonEvent', '1014', '1001ZZ1000000000371I', 'TWHRA210000000DEFSET', '台灣本地化對照表(自定义)', null, null, null, null, null);
INSERT INTO pub_eventtype (dr, eventtypecode, eventtypename, eventtypename2, eventtypename3, eventtypename4, eventtypename5, eventtypename6, note, owner, pk_eventtype, sourceid, sourcename, sourcename2, sourcename3, sourcename4, sourcename5, sourcename6) VALUES (0, '1069', '状态由启用变为停用后', null, null, null, null, null, '事件类型为BDCommonEvent', '1014', '1001ZZ1000000000371J', 'TWHRA210000000DEFSET', '台灣本地化對照表(自定义)', null, null, null, null, null);
INSERT INTO pub_eventtype (dr, eventtypecode, eventtypename, eventtypename2, eventtypename3, eventtypename4, eventtypename5, eventtypename6, note, owner, pk_eventtype, sourceid, sourcename, sourcename2, sourcename3, sourcename4, sourcename5, sourcename6) VALUES (0, '1005', '删除前', null, null, null, null, null, '事件类型为BDCommonEvent', '1014', '1001ZZ1000000000371K', 'TWHRA210000000DEFSET', '台灣本地化對照表(自定义)', null, null, null, null, null);
INSERT INTO pub_eventtype (dr, eventtypecode, eventtypename, eventtypename2, eventtypename3, eventtypename4, eventtypename5, eventtypename6, note, owner, pk_eventtype, sourceid, sourcename, sourcename2, sourcename3, sourcename4, sourcename5, sourcename6) VALUES (0, '1006', '删除后', null, null, null, null, null, '事件类型为BDCommonEvent', '1014', '1001ZZ1000000000371L', 'TWHRA210000000DEFSET', '台灣本地化對照表(自定义)', null, null, null, null, null);
INSERT INTO pub_eventtype (dr, eventtypecode, eventtypename, eventtypename2, eventtypename3, eventtypename4, eventtypename5, eventtypename6, note, owner, pk_eventtype, sourceid, sourcename, sourcename2, sourcename3, sourcename4, sourcename5, sourcename6) VALUES (0, '1071', '状态由停用变为启用后', null, null, null, null, null, '事件类型为BDCommonEvent', '1014', '1001ZZ1000000000371M', 'TWHRA210000000DEFSET', '台灣本地化對照表(自定义)', null, null, null, null, null);
INSERT INTO pub_eventtype (dr, eventtypecode, eventtypename, eventtypename2, eventtypename3, eventtypename4, eventtypename5, eventtypename6, note, owner, pk_eventtype, sourceid, sourcename, sourcename2, sourcename3, sourcename4, sourcename5, sourcename6) VALUES (0, '1070', '状态由停用变为启用前', null, null, null, null, null, '事件类型为BDCommonEvent', '1014', '1001ZZ1000000000371N', 'TWHRA210000000DEFSET', '台灣本地化對照表(自定义)', null, null, null, null, null);



INSERT INTO bd_defdoc (code, creationtime, creator, dataoriginflag, datatype, dr, enablestate, innercode, memo, mnecode, modifiedtime, modifier, name, name2, name3, name4, name5, name6, pid, pk_defdoc, pk_defdoclist, pk_group, pk_org, shortname, shortname2, shortname3, shortname4, shortname5, shortname6) 
SELECT infoset_code, null, 'NC_USER0000000000000', 0, 1, 0, 2, null, null, null, null, null, infoset_name, null, null, null, null, null, '~', replace(pk_infoset, '00000', 'TWDEF'), 'TWHRA210000000DEFSET', (select pk_group from org_group where rownum=1), (select pk_group from org_group where rownum=1), null, null, null, null, null, null
FROM hr_infoset WHERE infoset_code like 'hi_psndoc_glbdef%' and dr=0;

--update md_class set id='TWHRA210000000DEFSET' where id='1001ZZ1000000000370L';
--update md_property set classid='TWHRA210000000DEFSET' where classid='1001ZZ1000000000370L';
--update bd_refinfo set para1 ='TWHRA210000000DEFSET' where para1 = '1001ZZ1000000000370L';
--update md_bizitfmap set classid='TWHRA210000000DEFSET' where classid='1001ZZ1000000000370L';
--update md_association set startbeanid = 'TWHRA210000000DEFSET' where startbeanid = '1001ZZ1000000000370L';
--update md_ormap set classid='TWHRA210000000DEFSET' where classid='1001ZZ1000000000370L';
--update md_busiop set ownertype='TWHRA210000000DEFSET' where ownertype='1001ZZ1000000000370L';
--update md_attr_power set beanid='TWHRA210000000DEFSET' where beanid='1001ZZ1000000000370L';
--update sm_permission_res set mdid='TWHRA210000000DEFSET' where mdid='1001ZZ1000000000370L';
--update bd_mode_all set mdclassid='TWHRA210000000DEFSET' where mdclassid='1001ZZ1000000000370L';
--update bd_mode_selected set mdclassid='TWHRA210000000DEFSET' where mdclassid='1001ZZ1000000000370L';
--update bd_uniquerule set mdclassid='TWHRA210000000DEFSET' where mdclassid='1001ZZ1000000000370L';
--update pub_bcr_nbcr set metaid='TWHRA210000000DEFSET' where metaid='1001ZZ1000000000370L';
--update pub_eventtype set sourceid='TWHRA210000000DEFSET' where sourceid='1001ZZ1000000000370L';