--Java Classes
-- 01. nc.vo.wa.item.WaItemVO
-- 02. nc.impl.wa.item.ItemServiceImpl
-- 03. nc.ui.wa.paydata.action.PayAction
-- 04. paydata lang pack
-- 05. nc.itf.twhr.ICalculateTWNHI
-- 06. nc.pubimpl.wa.paydata.nhiservice.CalculateTWNHIImpl
-- 07. nc.vo.twhr.nhicalc.PsndocDefTableUtil
-- 08. nc.ui.hi.employee.employee_config, employee_config.xml
-- 09. nc.ui.hi.keypsn.keypsn_config, keypsn_config.xml
-- 10. nc.ui.hi.poi.poi_config, poi_config.xml
-- 11. nc.ui.hi.register.register_config, register_config
-- 12. nc.ui.hi.psndoc.model.PsndocModel
-- 13. nc.ui.wa.paydata.action.UnPayAction
-- 14. hr.wa.otherdatasource.wa_otherdatasource.xml
-- 15. nc.vo.hr.itemsource.ItemPropertyConst
-- 16. nc.vo.wa.item.FromEnumVO
-- 17. nc.impl.wa.classitem.HRWADatasource
-- 18. nc.impl.wa.func.NHISettingValue
-- 19. hr.wa.formula.wa_formula.xml
-- 20. nc.ui.wa.formular.func.NHISettingParaPanel
-- 21. nc.itf.hi.PsndocDefUtil
-- 22. nc.vo.twhr.nhicalc.PsndocDefUtil
-- 23. nc.itf.hi.PsndocDefUtil
-- 24. nc.ui.hi.psndoc.model.PsndocDataManager

ALTER TABLE twhr_waitem_30 ADD ishealthinsexsum_30 CHAR(1) DEFAULT 'N';

DELETE FROM md_column WHERE id='twhr_waitem_30@@@ishealthinsexsum_30';
INSERT INTO md_column (columnlength, columnsequence, columntype, createtime, creator, defaultvalue, description, displayname, dr, forlocale, groupid, help, id, identitied, incrementseed, incrementstep, isactive, modifier, modifytime, name, nullable, pkey, precise, resid, sqldatetype, tableid, ts, versiontype) VALUES (1, 37, 0, null, null, null, null, '是否二代健保累計項目', 0, 'N', null, null, 'twhr_waitem_30@@@ishealthinsexsum_30', null, null, null, 'Y', null, null, 'ishealthinsexsum_30', 'Y', 'N', 0, null, 'char', 'twhr_waitem_30', '2017-06-26 20:02:00', 3);
GO

DELETE FROM md_ormap WHERE attributeid = 'a685d100-2cef-4d31-8f2e-0a61f6d87c79';
INSERT INTO md_ormap (attributeid, classid, columnid, dr, tableid, ts) VALUES ('a685d100-2cef-4d31-8f2e-0a61f6d87c79', '317f74f8-7bc5-4496-a51b-0648ffbfd48b', 'twhr_waitem_30@@@ishealthinsexsum_30', 0, 'twhr_waitem_30', '2017-06-26 20:02:00');
GO

DELETE FROM md_property WHERE id='a685d100-2cef-4d31-8f2e-0a61f6d87c79';
INSERT INTO md_property (accessorclassname, accesspower, accesspowergroup, attrlength, attrmaxvalue, attrminvalue, attrsequence, calculation, classid, createindustry, createtime, creator, customattr, datatype, datatypestyle, defaultvalue, description, displayname, dr, dynamicattr, dynamictable, fixedlength, help, hided, id, industry, isactive, isauthen, modifier, modifytime, name, notserialize, nullable, precise, readonly, refmodelname, resid, ts, versiontype, visibility) VALUES (null, 'N', null, 1, null, null, 37, 'N', '317f74f8-7bc5-4496-a51b-0648ffbfd48b', null, null, null, 'N', 'BS000010000100001032', 300, null, null, '是否二代健保累計項目', 0, 'N', 'twhr_waitem_30', 'N', null, 'N', 'a685d100-2cef-4d31-8f2e-0a61f6d87c79', '0', 'Y', 'Y', null, null, 'ishealthinsexsum_30', 'N', 'Y', 0, 'N', null, null, '2017-06-26 20:02:00', 3, 0);
GO

DELETE FROM pub_billtemplet_b WHERE itemkey like '%ishealthinsexsum_30' and pk_billtemplet in (select pk_billtemplet from pub_billtemplet where nodecode = '60130payitem');
DELETE FROM pub_billtemplet_b WHERE itemkey like '%ishealthinsexsum_30' and pk_billtemplet in (select pk_billtemplet from pub_billtemplet where nodecode = '60130glbitem');
INSERT INTO pub_billtemplet_b (cardflag, datatype, defaultshowname, defaultvalue, dr, editflag, editformula, foreground, hyperlinkflag, idcolname, inputlength, itemkey, itemtype, leafflag, listflag, listhyperlinkflag, listshowflag, listshoworder, loadformula, lockflag, metadatapath, metadataproperty, metadatarelation, newlineflag, nullflag, options, pk_billtemplet, pk_billtemplet_b, pk_corp, pos, reftype, resid, resid_tabname, reviseflag, showflag, showorder, table_code, table_name, totalflag, ts, userdefflag, userdefine1, userdefine2, userdefine3, usereditflag, userflag, userreviseflag, usershowflag, validateformula, width) VALUES (1, -1, null, null, 0, 1, null, -1, 'N', null, -1, 'ishealthinsexsum_30', 0, 'N', 1, 'N', 'Y', 23, null, 0, 'ishealthinsexsum_30', 'hrwa.waitem.ishealthinsexsum_30', null, 'N', 0, null, '1001Z710000000006DXV', '1001EXNHI00000000PGU', '@@@@', 0, null, null, null, 'N', 1, 23, 'waitem', 'waitem', 0, '2017-07-14 04:55:18', 'N', null, null, null, 1, 1, 'N', 1, null, 1);
INSERT INTO pub_billtemplet_b (cardflag, datatype, defaultshowname, defaultvalue, dr, editflag, editformula, foreground, hyperlinkflag, idcolname, inputlength, itemkey, itemtype, leafflag, listflag, listhyperlinkflag, listshowflag, listshoworder, loadformula, lockflag, metadatapath, metadataproperty, metadatarelation, newlineflag, nullflag, options, pk_billtemplet, pk_billtemplet_b, pk_corp, pos, reftype, resid, resid_tabname, reviseflag, showflag, showorder, table_code, table_name, totalflag, ts, userdefflag, userdefine1, userdefine2, userdefine3, usereditflag, userflag, userreviseflag, usershowflag, validateformula, width) VALUES (1, -1, null, 'false', 0, 0, null, -1, 'N', 'pk_wa_item', -1, 'pk_wa_item.ishealthinsexsum_30', 0, 'N', 1, 'N', 'Y', 32, null, 0, 'ishealthinsexsum_30', 'hrwa.waitem.ishealthinsexsum_30', null, 'N', 0, null, '1001Z71000000000D832', '1001EXNHI00000000PGZ', '@@@@', 0, null, null, null, 'N', 1, 32, 'wa_classitem', null, 0, '2017-07-14 04:57:13', 'N', null, null, null, 1, 1, 'N', 1, null, 1);
GO

DELETE FROM pub_billtemplet_b WHERE itemkey='ishealthinsexsum_30' and pk_billtemplet=(select pk_billtemplet from pub_billtemplet where nodecode = '60130glbitem');
INSERT INTO pub_billtemplet_b (cardflag, datatype, defaultshowname, defaultvalue, dr, editflag, editformula, foreground, hyperlinkflag, idcolname, inputlength, itemkey, itemtype, leafflag, listflag, listhyperlinkflag, listshowflag, loadformula, lockflag, metadatapath, metadataproperty, metadatarelation, newlineflag, nullflag, options, pk_billtemplet, pk_billtemplet_b, pk_corp, pos, reftype, resid, resid_tabname, reviseflag, showflag, showorder, table_code, table_name, totalflag, ts, userdefflag, userdefine1, userdefine2, userdefine3, usereditflag, userflag, userreviseflag, usershowflag, validateformula, width) VALUES (1, -1, null, 'false', 0, 1, null, -1, 'N', null, -1, 'ishealthinsexsum_30', 0, 'N', 1, 'N', 'Y', null, 0, 'ishealthinsexsum_30', 'hrwa.waitem.ishealthinsexsum_30', null, 'N', 0, null, (select pk_billtemplet from pub_billtemplet where nodecode = '60130glbitem'), '1001TW100000000GHIES', '@@@@', 0, null, null, null, 'N', 1, 24, 'waitem', 'waitem', 0, '2017-06-26 20:02:00', 'N', null, null, null, 1, 1, 'N', 1, null, 1);
GO


UPDATE twhr_waitem_30 SET ishealthinsexsum_30='N' WHERE ishealthinsexsum_30 IS NULL;
GO

INSERT INTO twhr_waitem_30 (pk_wa_item, isnhiitem_30, ishealthinsexsum_30, ts, dr)
SELECT pk_wa_item, 'N', 'N', ts, dr
FROM wa_item where pk_wa_item not in (select pk_wa_item from twhr_waitem_30);
GO

DELETE FROM bd_refinfo WHERE pk_refinfo = 'twhrA100000000PEROID';
INSERT INTO bd_refinfo (code, dr, isneedpara, isspecialref, metadatatypename, modulename, name, para1, para2, para3, pk_refinfo, refclass, refsystem, reftype, reserv1, reserv2, reserv3, resid, residpath, ts, wherepart) VALUES ('waperiod4tw', 0, null, null, 'PeriodVO', 'hrwa', '薪資期間(台灣本地化)', null, null, null, 'twhrA100000000PEROID', 'nc.ref.twhr.refmodel.TWHRPeriodRefModel', null, 1, null, null, null, '~', '~', '2017-06-26 20:02:00', null);
GO

DELETE FROM hr_infoset_item WHERE pk_infoset='TWHRA21000000000DEF5';
DELETE FROM hr_infoset WHERE pk_infoset='TWHRA21000000000DEF5';
GO

INSERT INTO hr_infoset (dr, infoset_code, infoset_name, infoset_type, look_history_flag, main_table_flag, memo, meta_data, meta_data_id, pk_field_code, pk_group, pk_infoset, pk_infoset_sort, pk_org, record_character, resid, respath, showorder, sync_main_code, sync_main_table, table_code, ts, user_def_flag, vo_class_name, infoset_name2, infoset_name3, infoset_name4, infoset_name5, infoset_name6) VALUES (0, 'hi_psndoc_glbdef'||(select RTRIM(CAST(count(*)+1 as CHAR)) from hr_infoset where user_def_flag='Y'), '二代健保資訊', 1, null, 'N', null, null, null, 'pk_psndoc_sub', '~', 'TWHRA21000000000DEF5', (select pk_infoset_sort from hr_infoset_sort where sort_code = 'psndoc'), 'GLOBLE00000000000000', 1, 'hi_psndoc_glbdef'||(select RTRIM(CAST(count(*)+1 as CHAR)) from hr_infoset where user_def_flag='Y'), '6007psn', (select MAX(showorder)+1 from hr_infoset where user_def_flag='Y'), null, 'N', 'hi_psndoc_glbdef'||(select RTRIM(CAST(count(*)+1 as CHAR)) from hr_infoset where user_def_flag='Y'), '2017-06-26 20:02:00', 'Y', 'nc.vo.hi.psndoc.Glbdef'||(select RTRIM(CAST(count(*)+1 as CHAR)) from hr_infoset where user_def_flag='Y')||'VO', null, null, null, null, null);
GO

INSERT INTO hr_infoset_item (accessor_classname, calculation, class_id, creationtime, creator, custom_attr, data_type, data_type_id, data_type_style, default_value, description, dr, dynamic_flag, enum_id, fixed_length, help, hided, id, is_active, is_authen, item_code, item_formula, item_formula_sql, item_name, max_length, max_value, meta_data, min_value, modifiedtime, modifier, not_serialize, nullable, pk_group, pk_infoset, pk_infoset_item, pk_main_item, pk_org, precise, read_only, ref_leaf_flag, ref_model_name, resid, respath, showorder, sub_formula, sub_formula_sql, ts, unique_flag, visibility, item_name2, item_name3, item_name4, item_name5, item_name6) VALUES (null, null, null, null, null, 'N', 0, null, null, null, null, 0, null, null, null, null, 'Y', null, null, null, 'pk_psndoc_sub', null, null, '人员子表主键', 20, null, null, null, '2017-06-26 20:02:00', null, null, 'Y', '~', 'TWHRA21000000000DEF5', 'TWHRA210000DEFITEM01', '~', 'GLOBLE00000000000000', null, 'N', 'N', null, '06007psn0133', '6007psn', 0, null, null, '2017-06-26 20:02:00', 'N', null, null, null, null, null, null);
INSERT INTO hr_infoset_item (accessor_classname, calculation, class_id, creationtime, creator, custom_attr, data_type, data_type_id, data_type_style, default_value, description, dr, dynamic_flag, enum_id, fixed_length, help, hided, id, is_active, is_authen, item_code, item_formula, item_formula_sql, item_name, max_length, max_value, meta_data, min_value, modifiedtime, modifier, not_serialize, nullable, pk_group, pk_infoset, pk_infoset_item, pk_main_item, pk_org, precise, read_only, ref_leaf_flag, ref_model_name, resid, respath, showorder, sub_formula, sub_formula_sql, ts, unique_flag, visibility, item_name2, item_name3, item_name4, item_name5, item_name6) VALUES (null, null, null, null, null, 'N', 0, null, null, null, null, 0, null, null, null, null, 'Y', null, null, null, 'pk_psndoc', null, null, '人员档案主键', 20, null, null, null, '2017-06-26 20:02:00', null, null, 'Y', '~', 'TWHRA21000000000DEF5', 'TWHRA210000DEFITEM02', '~', 'GLOBLE00000000000000', null, 'N', 'N', null, 'UC000-0000139', '6007psn', 1, null, null, '2017-06-26 20:02:00', 'N', null, null, null, null, null, null);
INSERT INTO hr_infoset_item (accessor_classname, calculation, class_id, creationtime, creator, custom_attr, data_type, data_type_id, data_type_style, default_value, description, dr, dynamic_flag, enum_id, fixed_length, help, hided, id, is_active, is_authen, item_code, item_formula, item_formula_sql, item_name, max_length, max_value, meta_data, min_value, modifiedtime, modifier, not_serialize, nullable, pk_group, pk_infoset, pk_infoset_item, pk_main_item, pk_org, precise, read_only, ref_leaf_flag, ref_model_name, resid, respath, showorder, sub_formula, sub_formula_sql, ts, unique_flag, visibility, item_name2, item_name3, item_name4, item_name5, item_name6) VALUES (null, null, null, null, null, 'N', 20, null, null, null, null, 0, null, null, null, null, 'Y', null, null, null, 'begindate', null, null, '开始日期', 10, null, null, null, '2017-06-26 20:02:00', null, null, 'Y', '~', 'TWHRA21000000000DEF5', 'TWHRA210000DEFITEM03', '~', 'GLOBLE00000000000000', null, 'N', 'N', null, 'UC000-0001892', '6007psn', 2, null, null, '2017-06-26 20:02:00', 'N', null, null, null, null, null, null);
INSERT INTO hr_infoset_item (accessor_classname, calculation, class_id, creationtime, creator, custom_attr, data_type, data_type_id, data_type_style, default_value, description, dr, dynamic_flag, enum_id, fixed_length, help, hided, id, is_active, is_authen, item_code, item_formula, item_formula_sql, item_name, max_length, max_value, meta_data, min_value, modifiedtime, modifier, not_serialize, nullable, pk_group, pk_infoset, pk_infoset_item, pk_main_item, pk_org, precise, read_only, ref_leaf_flag, ref_model_name, resid, respath, showorder, sub_formula, sub_formula_sql, ts, unique_flag, visibility, item_name2, item_name3, item_name4, item_name5, item_name6) VALUES (null, null, null, null, null, 'N', 20, null, null, null, null, 0, null, null, null, null, 'Y', null, null, null, 'enddate', null, null, '结束日期', 10, null, null, null, '2017-06-26 20:02:00', null, null, 'Y', '~', 'TWHRA21000000000DEF5', 'TWHRA210000DEFITEM04', '~', 'GLOBLE00000000000000', null, 'N', 'N', null, 'UC000-0003230', '6007psn', 3, null, null, '2017-06-26 20:02:00', 'N', null, null, null, null, null, null);
INSERT INTO hr_infoset_item (accessor_classname, calculation, class_id, creationtime, creator, custom_attr, data_type, data_type_id, data_type_style, default_value, description, dr, dynamic_flag, enum_id, fixed_length, help, hided, id, is_active, is_authen, item_code, item_formula, item_formula_sql, item_name, max_length, max_value, meta_data, min_value, modifiedtime, modifier, not_serialize, nullable, pk_group, pk_infoset, pk_infoset_item, pk_main_item, pk_org, precise, read_only, ref_leaf_flag, ref_model_name, resid, respath, showorder, sub_formula, sub_formula_sql, ts, unique_flag, visibility, item_name2, item_name3, item_name4, item_name5, item_name6) VALUES (null, null, null, null, null, 'N', 1, null, null, null, null, 0, null, null, null, null, 'Y', null, null, null, 'recordnum', null, null, '记录序号', 8, null, null, null, '2017-06-26 20:02:00', null, null, 'Y', '~', 'TWHRA21000000000DEF5', 'TWHRA210000DEFITEM05', '~', 'GLOBLE00000000000000', null, 'N', 'N', null, '06007psn0134', '6007psn', 4, null, null, '2017-06-26 20:02:00', 'N', null, null, null, null, null, null);
INSERT INTO hr_infoset_item (accessor_classname, calculation, class_id, creationtime, creator, custom_attr, data_type, data_type_id, data_type_style, default_value, description, dr, dynamic_flag, enum_id, fixed_length, help, hided, id, is_active, is_authen, item_code, item_formula, item_formula_sql, item_name, max_length, max_value, meta_data, min_value, modifiedtime, modifier, not_serialize, nullable, pk_group, pk_infoset, pk_infoset_item, pk_main_item, pk_org, precise, read_only, ref_leaf_flag, ref_model_name, resid, respath, showorder, sub_formula, sub_formula_sql, ts, unique_flag, visibility, item_name2, item_name3, item_name4, item_name5, item_name6) VALUES (null, null, null, null, null, 'N', 4, null, null, null, null, 0, null, null, null, null, 'Y', null, null, null, 'lastflag', null, null, '最近记录标志', 1, null, null, null, '2017-06-26 20:02:00', null, null, 'Y', '~', 'TWHRA21000000000DEF5', 'TWHRA210000DEFITEM06', '~', 'GLOBLE00000000000000', null, 'N', 'N', null, '06007psn0135', '6007psn', 5, null, null, '2017-06-26 20:02:00', 'N', null, null, null, null, null, null);
INSERT INTO hr_infoset_item (accessor_classname, calculation, class_id, creationtime, creator, custom_attr, data_type, data_type_id, data_type_style, default_value, description, dr, dynamic_flag, enum_id, fixed_length, help, hided, id, is_active, is_authen, item_code, item_formula, item_formula_sql, item_name, max_length, max_value, meta_data, min_value, modifiedtime, modifier, not_serialize, nullable, pk_group, pk_infoset, pk_infoset_item, pk_main_item, pk_org, precise, read_only, ref_leaf_flag, ref_model_name, resid, respath, showorder, sub_formula, sub_formula_sql, ts, unique_flag, visibility, item_name2, item_name3, item_name4, item_name5, item_name6) VALUES (null, null, null, null, null, 'N', 5, null, null, null, null, 0, null, null, null, null, 'Y', null, null, null, 'creator', null, null, '创建人', 20, null, null, null, '2017-06-26 20:02:00', null, null, 'Y', 'GLOBLE00000000000000', 'TWHRA21000000000DEF5', 'TWHRA210000DEFITEM07', '~', 'GLOBLE00000000000000', null, 'Y', 'N', '0001Z01000000001BVPB', 'UC001-0000091', 'common', 100, null, null, '2017-06-26 20:02:00', 'N', null, null, null, null, null, null);
INSERT INTO hr_infoset_item (accessor_classname, calculation, class_id, creationtime, creator, custom_attr, data_type, data_type_id, data_type_style, default_value, description, dr, dynamic_flag, enum_id, fixed_length, help, hided, id, is_active, is_authen, item_code, item_formula, item_formula_sql, item_name, max_length, max_value, meta_data, min_value, modifiedtime, modifier, not_serialize, nullable, pk_group, pk_infoset, pk_infoset_item, pk_main_item, pk_org, precise, read_only, ref_leaf_flag, ref_model_name, resid, respath, showorder, sub_formula, sub_formula_sql, ts, unique_flag, visibility, item_name2, item_name3, item_name4, item_name5, item_name6) VALUES (null, null, null, null, null, 'N', 15, null, null, null, null, 0, null, null, null, null, 'Y', null, null, null, 'creationtime', null, null, '创建时间', 19, null, null, null, '2017-06-26 20:02:00', null, null, 'Y', 'GLOBLE00000000000000', 'TWHRA21000000000DEF5', 'TWHRA210000DEFITEM08', '~', 'GLOBLE00000000000000', null, 'Y', 'N', null, 'UC001-0000092', 'common', 101, null, null, '2017-06-26 20:02:00', 'N', null, null, null, null, null, null);
INSERT INTO hr_infoset_item (accessor_classname, calculation, class_id, creationtime, creator, custom_attr, data_type, data_type_id, data_type_style, default_value, description, dr, dynamic_flag, enum_id, fixed_length, help, hided, id, is_active, is_authen, item_code, item_formula, item_formula_sql, item_name, max_length, max_value, meta_data, min_value, modifiedtime, modifier, not_serialize, nullable, pk_group, pk_infoset, pk_infoset_item, pk_main_item, pk_org, precise, read_only, ref_leaf_flag, ref_model_name, resid, respath, showorder, sub_formula, sub_formula_sql, ts, unique_flag, visibility, item_name2, item_name3, item_name4, item_name5, item_name6) VALUES (null, null, null, null, null, 'N', 5, null, null, null, null, 0, null, null, null, null, 'Y', null, null, null, 'modifier', null, null, '修改人', 20, null, null, null, '2017-06-26 20:02:00', null, null, 'Y', 'GLOBLE00000000000000', 'TWHRA21000000000DEF5', 'TWHRA210000DEFITEM09', '~', 'GLOBLE00000000000000', null, 'Y', 'N', '0001Z01000000001BVPB', 'UC001-0000093', 'common', 102, null, null, '2017-06-26 20:02:00', 'N', null, null, null, null, null, null);
INSERT INTO hr_infoset_item (accessor_classname, calculation, class_id, creationtime, creator, custom_attr, data_type, data_type_id, data_type_style, default_value, description, dr, dynamic_flag, enum_id, fixed_length, help, hided, id, is_active, is_authen, item_code, item_formula, item_formula_sql, item_name, max_length, max_value, meta_data, min_value, modifiedtime, modifier, not_serialize, nullable, pk_group, pk_infoset, pk_infoset_item, pk_main_item, pk_org, precise, read_only, ref_leaf_flag, ref_model_name, resid, respath, showorder, sub_formula, sub_formula_sql, ts, unique_flag, visibility, item_name2, item_name3, item_name4, item_name5, item_name6) VALUES (null, null, null, null, null, 'N', 15, null, null, null, null, 0, null, null, null, null, 'Y', null, null, null, 'modifiedtime', null, null, '修改时间', 19, null, null, null, '2017-06-26 20:02:00', null, null, 'Y', 'GLOBLE00000000000000', 'TWHRA21000000000DEF5', 'TWHRA210000DEFITEM10', '~', 'GLOBLE00000000000000', null, 'Y', 'N', null, 'UC001-0000094', 'common', 103, null, null, '2017-06-26 20:02:00', 'N', null, null, null, null, null, null);
INSERT INTO hr_infoset_item (accessor_classname, calculation, class_id, creationtime, creator, custom_attr, data_type, data_type_id, data_type_style, default_value, description, dr, dynamic_flag, enum_id, fixed_length, help, hided, id, is_active, is_authen, item_code, item_formula, item_formula_sql, item_name, max_length, max_value, meta_data, min_value, modifiedtime, modifier, not_serialize, nullable, pk_group, pk_infoset, pk_infoset_item, pk_main_item, pk_org, precise, read_only, ref_leaf_flag, ref_model_name, resid, respath, showorder, sub_formula, sub_formula_sql, ts, unique_flag, visibility, item_name2, item_name3, item_name4, item_name5, item_name6) VALUES (null, null, null, '2017-06-26 20:02:00', null, 'Y', 5, null, null, null, null, 0, null, null, null, null, 'N', null, null, null, 'glbdef1', null, null, '薪資期間', 20, null, null, null, '2017-06-26 20:02:00', null, null, 'Y', '~', 'TWHRA21000000000DEF5', 'TWHRA210000DEFITEM11', '~', 'GLOBLE00000000000000', null, 'N', 'N', 'twhrA100000000PEROID', 'hi_psndoc_glbdef'||(select RTRIM(CAST(count(*) as CHAR)) from hr_infoset where user_def_flag='Y')||'_1000', '6007psn', 104, null, null, '2017-06-26 20:02:00', 'N', null, null, null, null, null, null);
INSERT INTO hr_infoset_item (accessor_classname, calculation, class_id, creationtime, creator, custom_attr, data_type, data_type_id, data_type_style, default_value, description, dr, dynamic_flag, enum_id, fixed_length, help, hided, id, is_active, is_authen, item_code, item_formula, item_formula_sql, item_name, max_length, max_value, meta_data, min_value, modifiedtime, modifier, not_serialize, nullable, pk_group, pk_infoset, pk_infoset_item, pk_main_item, pk_org, precise, read_only, ref_leaf_flag, ref_model_name, resid, respath, showorder, sub_formula, sub_formula_sql, ts, unique_flag, visibility, item_name2, item_name3, item_name4, item_name5, item_name6) VALUES (null, null, null, '2017-06-26 20:02:00', null, 'Y', 5, null, null, null, null, 0, null, null, null, null, 'N', null, null, null, 'glbdef2', null, null, '薪資方案', 20, null, null, null, '2017-06-26 20:02:00', null, null, 'Y', '~', 'TWHRA21000000000DEF5', 'TWHRA210000DEFITEM12', '~', 'GLOBLE00000000000000', null, 'N', 'N', 'hrwaZ7100000000XAY67', 'hi_psndoc_glbdef'||(select RTRIM(CAST(count(*) as CHAR)) from hr_infoset where user_def_flag='Y')||'_1001', '6007psn', 105, null, null, '2017-06-26 20:02:00', 'N', null, null, null, null, null, null);
INSERT INTO hr_infoset_item (accessor_classname, calculation, class_id, creationtime, creator, custom_attr, data_type, data_type_id, data_type_style, default_value, description, dr, dynamic_flag, enum_id, fixed_length, help, hided, id, is_active, is_authen, item_code, item_formula, item_formula_sql, item_name, max_length, max_value, meta_data, min_value, modifiedtime, modifier, not_serialize, nullable, pk_group, pk_infoset, pk_infoset_item, pk_main_item, pk_org, precise, read_only, ref_leaf_flag, ref_model_name, resid, respath, showorder, sub_formula, sub_formula_sql, ts, unique_flag, visibility, item_name2, item_name3, item_name4, item_name5, item_name6) VALUES (null, null, null, '2017-06-26 20:02:00', null, 'Y', 2, null, null, null, null, 0, null, null, null, null, 'N', null, null, null, 'glbdef3', null, null, '當期金額', 28, null, null, null, '2017-06-26 20:02:00', null, null, 'Y', '~', 'TWHRA21000000000DEF5', 'TWHRA210000DEFITEM13', '~', 'GLOBLE00000000000000', 0, 'N', 'N', null, 'hi_psndoc_glbdef'||(select RTRIM(CAST(count(*) as CHAR)) from hr_infoset where user_def_flag='Y')||'_1002', '6007psn', 106, null, null, '2017-06-26 20:02:00', 'N', null, null, null, null, null, null);
INSERT INTO hr_infoset_item (accessor_classname, calculation, class_id, creationtime, creator, custom_attr, data_type, data_type_id, data_type_style, default_value, description, dr, dynamic_flag, enum_id, fixed_length, help, hided, id, is_active, is_authen, item_code, item_formula, item_formula_sql, item_name, max_length, max_value, meta_data, min_value, modifiedtime, modifier, not_serialize, nullable, pk_group, pk_infoset, pk_infoset_item, pk_main_item, pk_org, precise, read_only, ref_leaf_flag, ref_model_name, resid, respath, showorder, sub_formula, sub_formula_sql, ts, unique_flag, visibility, item_name2, item_name3, item_name4, item_name5, item_name6) VALUES (null, null, null, '2017-06-26 20:02:00', null, 'Y', 3, null, null, null, null, 0, null, null, null, null, 'N', null, null, null, 'glbdef4', null, null, '發放日期', 19, null, null, null, '2017-06-26 20:02:00', null, null, 'Y', '~', 'TWHRA21000000000DEF5', 'TWHRA210000DEFITEM14', '~', 'GLOBLE00000000000000', null, 'N', 'N', null, 'hi_psndoc_glbdef'||(select RTRIM(CAST(count(*) as CHAR)) from hr_infoset where user_def_flag='Y')||'_3089', '6007psn', 107, null, null, '2017-06-26 20:02:00', 'N', null, null, null, null, null, null);
INSERT INTO hr_infoset_item (accessor_classname, calculation, class_id, creationtime, creator, custom_attr, data_type, data_type_id, data_type_style, default_value, description, dr, dynamic_flag, enum_id, fixed_length, help, hided, id, is_active, is_authen, item_code, item_formula, item_formula_sql, item_name, max_length, max_value, meta_data, min_value, modifiedtime, modifier, not_serialize, nullable, pk_group, pk_infoset, pk_infoset_item, pk_main_item, pk_org, precise, read_only, ref_leaf_flag, ref_model_name, resid, respath, showorder, sub_formula, sub_formula_sql, ts, unique_flag, visibility, item_name2, item_name3, item_name4, item_name5, item_name6) VALUES (null, null, null, '2017-06-26 20:02:00', null, 'Y', 2, null, null, null, null, 0, null, null, null, null, 'N', null, null, null, 'glbdef5', null, null, '當年獎金累計', 28, null, null, null, '2017-06-26 20:02:00', null, null, 'Y', '~', 'TWHRA21000000000DEF5', 'TWHRA210000DEFITEM15', '~', 'GLOBLE00000000000000', 0, 'Y', 'N', null, 'hi_psndoc_glbdef'||(select RTRIM(CAST(count(*) as CHAR)) from hr_infoset where user_def_flag='Y')||'_3090', '6007psn', 108, null, null, '2017-06-26 20:02:00', 'N', null, null, null, null, null, null);
INSERT INTO hr_infoset_item (accessor_classname, calculation, class_id, creationtime, creator, custom_attr, data_type, data_type_id, data_type_style, default_value, description, dr, dynamic_flag, enum_id, fixed_length, help, hided, id, is_active, is_authen, item_code, item_formula, item_formula_sql, item_name, max_length, max_value, meta_data, min_value, modifiedtime, modifier, not_serialize, nullable, pk_group, pk_infoset, pk_infoset_item, pk_main_item, pk_org, precise, read_only, ref_leaf_flag, ref_model_name, resid, respath, showorder, sub_formula, sub_formula_sql, ts, unique_flag, visibility, item_name2, item_name3, item_name4, item_name5, item_name6) VALUES (null, null, null, '2017-06-26 20:02:00', null, 'Y', 2, null, null, null, null, 0, null, null, null, null, 'N', null, null, null, 'glbdef6', null, null, '本次補充保費', 28, null, null, null, '2017-06-26 20:02:00', null, null, 'Y', '~', 'TWHRA21000000000DEF5', 'TWHRA210000DEFITEM16', '~', 'GLOBLE00000000000000', 0, 'N', 'N', null, 'hi_psndoc_glbdef'||(select RTRIM(CAST(count(*) as CHAR)) from hr_infoset where user_def_flag='Y')||'_3091', '6007psn', 109, null, null, '2017-06-26 20:02:00', 'N', null, null, null, null, null, null);
INSERT INTO hr_infoset_item (accessor_classname, calculation, class_id, creationtime, creator, custom_attr, data_type, data_type_id, data_type_style, default_value, description, dr, dynamic_flag, enum_id, fixed_length, help, hided, id, is_active, is_authen, item_code, item_formula, item_formula_sql, item_name, max_length, max_value, meta_data, min_value, modifiedtime, modifier, not_serialize, nullable, pk_group, pk_infoset, pk_infoset_item, pk_main_item, pk_org, precise, read_only, ref_leaf_flag, ref_model_name, resid, respath, showorder, sub_formula, sub_formula_sql, ts, unique_flag, visibility, item_name2, item_name3, item_name4, item_name5, item_name6) VALUES (null, null, null, '2017-06-26 20:02:00', null, 'Y', 0, null, null, null, null, 0, null, null, null, null, 'N', null, null, null, 'glbdef7', null, null, '備註', 200, null, null, null, '2017-06-26 20:02:00', null, null, 'Y', '~', 'TWHRA21000000000DEF5', 'TWHRA210000DEFITEM17', '~', 'GLOBLE00000000000000', null, 'N', 'N', null, 'hi_psndoc_glbdef'||(select RTRIM(CAST(count(*) as CHAR)) from hr_infoset where user_def_flag='Y')||'_3092', '6007psn', 110, null, null, '2017-06-26 20:02:00', 'N', null, null, null, null, null, null);
GO

DELETE FROM md_property WHERE classid='df95eda2-3a1a-4389-bf4c-c103d30bd5f9' and name='waitemvalue';
INSERT INTO md_property (accessorclassname, accesspower, accesspowergroup, attrlength, attrmaxvalue, attrminvalue, attrsequence, calculation, classid, createindustry, createtime, creator, customattr, datatype, datatypestyle, defaultvalue, description, displayname, dr, dynamicattr, dynamictable, fixedlength, help, hided, id, industry, isactive, isauthen, modifier, modifytime, name, notserialize, nullable, precise, readonly, refmodelname, resid, ts, versiontype, visibility) VALUES (null, 'N', null, 20, null, null, 33, 'N', 'df95eda2-3a1a-4389-bf4c-c103d30bd5f9', null, null, null, 'N', '317f74f8-7bc5-4496-a51b-0648ffbfd48b', 305, null, null, '公共薪资项目', 0, 'N', null, 'N', null, 'N', '3942d234-9a35-4a3a-86bf-a8599a2cdf0a', '0', 'Y', 'Y', null, null, 'waitemvalue', 'N', 'Y', 0, 'N', '公共薪资项目', '268861005-00005', '2017-07-04 18:32:12', 0, 0);
GO

delete from md_enumvalue where id = '28b94d24-6d65-4cc5-b6ac-ca1b638b0da3';
INSERT INTO md_enumvalue (description, dr, enumsequence, hidden, id, industry, name, resid, ts, value, versiontype) VALUES ('formula', null, 0, 'N', '28b94d24-6d65-4cc5-b6ac-ca1b638b0da3', '0', '由公式计算', '2waitem-000011', '2016-08-18 16:40:43', '0', 0);
INSERT INTO md_enumvalue (description, dr, enumsequence, hidden, id, industry, name, resid, ts, value, versiontype) VALUES ('wa_wageform', null, 1, 'N', '28b94d24-6d65-4cc5-b6ac-ca1b638b0da3', '0', '按薪资规则表', '2waitem-000010', '2016-08-18 16:40:43', '1', 0);
INSERT INTO md_enumvalue (description, dr, enumsequence, hidden, id, industry, name, resid, ts, value, versiontype) VALUES ('bm', null, 10, 'N', '28b94d24-6d65-4cc5-b6ac-ca1b638b0da3', '0', '其他系统社保', '2waitem-000052', '2016-08-18 16:40:43', '10', 0);
INSERT INTO md_enumvalue (description, dr, enumsequence, hidden, id, industry, name, resid, ts, value, versiontype) VALUES ('pe', null, 11, 'N', '28b94d24-6d65-4cc5-b6ac-ca1b638b0da3', '0', '其他系统绩效', '2waitem-000053', '2016-08-18 16:40:43', '11', 0);
INSERT INTO md_enumvalue (description, dr, enumsequence, hidden, id, industry, name, resid, ts, value, versiontype) VALUES ('twhr', 0, 12, 'N', '28b94d24-6d65-4cc5-b6ac-ca1b638b0da3', '0', '勞健保參數設置', null, '2017-07-24 14:47:00', '12', 0);
INSERT INTO md_enumvalue (description, dr, enumsequence, hidden, id, industry, name, resid, ts, value, versiontype) VALUES ('user_input', null, 2, 'N', '28b94d24-6d65-4cc5-b6ac-ca1b638b0da3', '0', '手工输入', '2waitem-000031', '2016-08-18 16:40:43', '2', 0);
INSERT INTO md_enumvalue (description, dr, enumsequence, hidden, id, industry, name, resid, ts, value, versiontype) VALUES ('fix_value', null, 3, 'N', '28b94d24-6d65-4cc5-b6ac-ca1b638b0da3', '0', '固定值', '2waitem-000042', '2016-08-18 16:40:43', '3', 0);
INSERT INTO md_enumvalue (description, dr, enumsequence, hidden, id, industry, name, resid, ts, value, versiontype) VALUES ('wa_grade', null, 4, 'N', '28b94d24-6d65-4cc5-b6ac-ca1b638b0da3', '0', '按薪资标准表', '2waitem-000038', '2016-08-18 16:40:43', '4', 0);
INSERT INTO md_enumvalue (description, dr, enumsequence, hidden, id, industry, name, resid, ts, value, versiontype) VALUES ('other_system', null, 5, 'N', '28b94d24-6d65-4cc5-b6ac-ca1b638b0da3', '0', '其他系统(组)', '2waitem-000000', '2016-08-18 16:40:43', '5', 0);
INSERT INTO md_enumvalue (description, dr, enumsequence, hidden, id, industry, name, resid, ts, value, versiontype) VALUES ('waorther', null, 6, 'N', '28b94d24-6d65-4cc5-b6ac-ca1b638b0da3', '0', '其他系统', '2waitem-000039', '2016-08-18 16:40:43', '6', 0);
INSERT INTO md_enumvalue (description, dr, enumsequence, hidden, id, industry, name, resid, ts, value, versiontype) VALUES ('hi', null, 7, 'N', '28b94d24-6d65-4cc5-b6ac-ca1b638b0da3', '0', '其他系统人事', '2waitem-000037', '2016-08-18 16:40:43', '7', 0);
INSERT INTO md_enumvalue (description, dr, enumsequence, hidden, id, industry, name, resid, ts, value, versiontype) VALUES ('timescollect', null, 8, 'N', '28b94d24-6d65-4cc5-b6ac-ca1b638b0da3', '0', '发放次数汇总', '2waitem-000043', '2016-08-18 16:40:43', '8', 0);
INSERT INTO md_enumvalue (description, dr, enumsequence, hidden, id, industry, name, resid, ts, value, versiontype) VALUES ('ta', null, 9, 'N', '28b94d24-6d65-4cc5-b6ac-ca1b638b0da3', '0', '其他系统考勤', '2waitem-000048', '2016-08-18 16:40:43', '9', 0);
INSERT INTO md_enumvalue (description, dr, enumsequence, hidden, id, industry, name, resid, ts, value, versiontype) VALUES ('formula', 0, 0, null, '28b94d24-6d65-4cc5-b6ac-ca1b638b0da3', '86', '由公式计算', null, '2017-07-24 16:10:10', '0', 4);
INSERT INTO md_enumvalue (description, dr, enumsequence, hidden, id, industry, name, resid, ts, value, versiontype) VALUES ('wa_wageform', 0, 1, null, '28b94d24-6d65-4cc5-b6ac-ca1b638b0da3', '86', '按薪资规则表', null, '2017-07-24 16:10:10', '1', 4);
INSERT INTO md_enumvalue (description, dr, enumsequence, hidden, id, industry, name, resid, ts, value, versiontype) VALUES ('bm', 0, 10, null, '28b94d24-6d65-4cc5-b6ac-ca1b638b0da3', '86', '其他系统社保', null, '2017-07-24 16:10:10', '10', 4);
INSERT INTO md_enumvalue (description, dr, enumsequence, hidden, id, industry, name, resid, ts, value, versiontype) VALUES ('pe', 0, 11, null, '28b94d24-6d65-4cc5-b6ac-ca1b638b0da3', '86', '其他系统绩效', null, '2017-07-24 16:10:10', '11', 4);
INSERT INTO md_enumvalue (description, dr, enumsequence, hidden, id, industry, name, resid, ts, value, versiontype) VALUES ('twhr', 0, 12, null, '28b94d24-6d65-4cc5-b6ac-ca1b638b0da3', '86', '劳健保参数设置', null, '2017-07-24 16:10:10', '12', 4);
INSERT INTO md_enumvalue (description, dr, enumsequence, hidden, id, industry, name, resid, ts, value, versiontype) VALUES ('user_input', 0, 2, null, '28b94d24-6d65-4cc5-b6ac-ca1b638b0da3', '86', '手工输入', null, '2017-07-24 16:10:10', '2', 4);
INSERT INTO md_enumvalue (description, dr, enumsequence, hidden, id, industry, name, resid, ts, value, versiontype) VALUES ('fix_value', 0, 3, null, '28b94d24-6d65-4cc5-b6ac-ca1b638b0da3', '86', '固定值', null, '2017-07-24 16:10:10', '3', 4);
INSERT INTO md_enumvalue (description, dr, enumsequence, hidden, id, industry, name, resid, ts, value, versiontype) VALUES ('wa_grade', 0, 4, null, '28b94d24-6d65-4cc5-b6ac-ca1b638b0da3', '86', '按薪资标准表', null, '2017-07-24 16:10:10', '4', 4);
INSERT INTO md_enumvalue (description, dr, enumsequence, hidden, id, industry, name, resid, ts, value, versiontype) VALUES ('other_system', 0, 5, null, '28b94d24-6d65-4cc5-b6ac-ca1b638b0da3', '86', '其他系统(组)', null, '2017-07-24 16:10:10', '5', 4);
INSERT INTO md_enumvalue (description, dr, enumsequence, hidden, id, industry, name, resid, ts, value, versiontype) VALUES ('waorther', 0, 6, null, '28b94d24-6d65-4cc5-b6ac-ca1b638b0da3', '86', '其他系统', null, '2017-07-24 16:10:10', '6', 4);
INSERT INTO md_enumvalue (description, dr, enumsequence, hidden, id, industry, name, resid, ts, value, versiontype) VALUES ('hi', 0, 7, null, '28b94d24-6d65-4cc5-b6ac-ca1b638b0da3', '86', '其他系统人事', null, '2017-07-24 16:10:10', '7', 4);
INSERT INTO md_enumvalue (description, dr, enumsequence, hidden, id, industry, name, resid, ts, value, versiontype) VALUES ('timescollect', 0, 8, null, '28b94d24-6d65-4cc5-b6ac-ca1b638b0da3', '86', '发放次数汇总', null, '2017-07-24 16:10:10', '8', 4);
INSERT INTO md_enumvalue (description, dr, enumsequence, hidden, id, industry, name, resid, ts, value, versiontype) VALUES ('ta', 0, 9, null, '28b94d24-6d65-4cc5-b6ac-ca1b638b0da3', '86', '其他系统考勤', null, '2017-07-24 16:10:10', '9', 4);
GO


delete from md_class where componentid='c314d979-3ddd-47a2-adb1-12c2640d9ef0' and id = '28b94d24-6d65-4cc5-b6ac-ca1b638b0da3' and industry='86';
INSERT INTO md_class (accessorclassname, bizitfimpclassname, classtype, componentid, createtime, creator, defaulttablename, description, displayname, dr, fixedlength, fullclassname, help, id, industry, isactive, isauthen, iscreatesql, isextendbean, isprimary, keyattribute, modifier, modifytime, modinfoclassname, name, parentclassid, precise, refmodelname, resid, returntype, stereotype, ts, userdefclassname, versiontype) VALUES (null, null, 203, 'c314d979-3ddd-47a2-adb1-12c2640d9ef0', null, null, null, null, '数据来源', 0, null, 'nc.vo.wa.item.FromEnumVO', null, '28b94d24-6d65-4cc5-b6ac-ca1b638b0da3', '86', 'Y', null, null, null, null, null, null, null, null, 'fromenum', null, null, null, null, 'BS000010000100001004', null, '2017-07-24 16:10:09', null, 4);
GO


INSERT INTO hr_infoset_item (accessor_classname, calculation, class_id, creationtime, creator, custom_attr, data_type, data_type_id, data_type_style, default_value, description, dr, dynamic_flag, enum_id, fixed_length, help, hided, id, is_active, is_authen, item_code, item_formula, item_formula_sql, item_name, max_length, max_value, meta_data, min_value, modifiedtime, modifier, not_serialize, nullable, pk_group, pk_infoset, pk_infoset_item, pk_main_item, pk_org, precise, read_only, ref_leaf_flag, ref_model_name, resid, respath, showorder, sub_formula, sub_formula_sql, ts, unique_flag, visibility, item_name2, item_name3, item_name4, item_name5, item_name6) 
select null, null, null, '2017-08-03 11:48:05', null, 'Y', 4, null, null, null, null, 0, null, null, null, null, 'N', null, null, null, (select 'glbdef'|| (select count(*)+1 from hr_infoset_item where pk_infoset = (select pk_infoset from hr_infoset where infoset_code = 'bd_psndoc') and item_code like 'glbdef%') from dual), null, null, '免扣補充保費', 1, null, 'hrhi.bd_psndoc.glbdef4', null, '2017-08-03 11:48:23', null, null, 'Y', '~', (select pk_infoset from hr_infoset where infoset_code = 'bd_psndoc'), 'TWHRA01000INFOSET004', '~', 'GLOBLE00000000000000', null, 'N', 'N', null, 'bd_psndoc_3244', '6007psn', 87, null, null, '2017-08-03 11:48:23', 'N', null, null, null, null, null, null
from DUAL
WHERE not exists(select * from hr_infoset_item where pk_infoset = (select pk_infoset from hr_infoset where infoset_code = 'bd_psndoc') and item_name = '免扣補充保費');
GO

update md_property set createindustry=0, dr=0, isauthen='Y'  where classid in ('317f74f8-7bc5-4496-a51b-0648ffbfd48b') and dynamictable = 'twhr_waitem_30';
update md_property set displayname=replace(displayname, '纍計', '累計') where displayname like '%纍計%';
update md_column set displayname=replace(displayname, '纍計', '累計') where displayname like '%纍計%';
update hr_infoset_item set item_name=replace(item_name, '纍計', '累計') where item_name like '%纍計%';
GO

DELETE FROM bd_defdoc WHERE pk_defdoclist = (SELECT pk_defdoclist FROM bd_defdoclist WHERE code = 'TWHR000');
DELETE FROM bd_defdoclist WHERE pk_defdoclist = (SELECT pk_defdoclist FROM bd_defdoclist WHERE code = 'TWHR000');
DELETE FROM md_property WHERE classid=(select id from md_class where componentid='d38fa53d-5fc2-11e7-a555-c71e1f695584');
DELETE FROM bd_refinfo WHERE para1 = (select id from md_class where componentid='d38fa53d-5fc2-11e7-a555-c71e1f695584');
DELETE FROM md_bizitfmap WHERE classid=(select id from md_class where componentid='d38fa53d-5fc2-11e7-a555-c71e1f695584');
DELETE FROM md_association WHERE startbeanid=(select id from md_class where componentid='d38fa53d-5fc2-11e7-a555-c71e1f695584');
DELETE FROM md_ormap WHERE classid=(select id from md_class where componentid='d38fa53d-5fc2-11e7-a555-c71e1f695584');
DELETE FROM md_busiop WHERE ownertype=(select id from md_class where componentid='d38fa53d-5fc2-11e7-a555-c71e1f695584');
DELETE FROM md_attr_power WHERE beanid=(select id from md_class where componentid='d38fa53d-5fc2-11e7-a555-c71e1f695584');
DELETE FROM sm_permission_res WHERE mdid=(select id from md_class where componentid='d38fa53d-5fc2-11e7-a555-c71e1f695584');
DELETE FROM bd_mode_all WHERE mdclassid=(select id from md_class where componentid='d38fa53d-5fc2-11e7-a555-c71e1f695584');
DELETE FROM bd_mode_selected WHERE mdclassid=(select id from md_class where componentid='d38fa53d-5fc2-11e7-a555-c71e1f695584');
DELETE FROM bd_uniquerule_item WHERE pk_rule in (select pk_rule from bd_uniquerule WHERE mdclassid=(select id from md_class where componentid='d38fa53d-5fc2-11e7-a555-c71e1f695584'));
DELETE FROM bd_uniquerule WHERE mdclassid=(select id from md_class where componentid='d38fa53d-5fc2-11e7-a555-c71e1f695584');
DELETE FROM pub_bcr_nbcr WHERE metaid=(select id from md_class where componentid='d38fa53d-5fc2-11e7-a555-c71e1f695584');
DELETE FROM pub_eventtype WHERE sourceid=(select id from md_class where componentid='d38fa53d-5fc2-11e7-a555-c71e1f695584');
DELETE FROM md_class WHERE componentid='d38fa53d-5fc2-11e7-a555-c71e1f695584';
GO

INSERT INTO bd_defdoclist (associatename, bpfcomponentid, code, codectlgrade, coderule, componentid, creationtime, creator, dataoriginflag, docclass, doclevel, doctype, dr, funcode, isgrade, isrelease, mngctlmode, modifiedtime, modifier, name, name2, name3, name4, name5, name6, pk_defdoclist, pk_group, pk_org) VALUES ('bd_defdoc', 'd470b685-5fc2-11e7-a555-c71e1f695584', 'TWHR000', null, null, 'd38fa53d-5fc2-11e7-a555-c71e1f695584', null, 'NC_USER0000000000000', 0, null, 0, null, 0, null, 'N', 'N', 2, null, '~', '台灣本地化對照表', null, null, null, null, null, 'TWHRA210000000DEFSET', '~', 'GLOBLE00000000000000');

INSERT INTO md_class (accessorclassname, bizitfimpclassname, classtype, componentid, createtime, creator, defaulttablename, description, displayname, dr, fixedlength, fullclassname, help, id, industry, isactive, isauthen, iscreatesql, isextendbean, isprimary, keyattribute, modifier, modifytime, modinfoclassname, name, parentclassid, precise, refmodelname, resid, returntype, stereotype, userdefclassname, versiontype) VALUES ('nc.md.model.access.javamap.NCBeanStyle', null, 201, 'd38fa53d-5fc2-11e7-a555-c71e1f695584', '2017-07-03 15:40:03', null, 'bd_defdoc', null, '台灣本地化對照表(自定义档案)', null, null, 'nc.vo.bd.defdoc.DefdocVO', 'ignorebdmode,BDMODE,URC,DEFDOC,BUSILOG,DOC', 'TWHRA210000000DEFSET', '0', null, 'Y', 'Y', null, 'Y', 'd38fa543-5fc2-11e7-a555-c71e1f695584', null, null, null, 'Defdoc-TWHR000', null, null, '台灣本地化對照表(自定义档案)', null, null, null, null, 0);

INSERT INTO md_property (accessorclassname, accesspower, accesspowergroup, attrlength, attrmaxvalue, attrminvalue, attrsequence, calculation, classid, createindustry, createtime, creator, customattr, datatype, datatypestyle, defaultvalue, description, displayname, dr, dynamicattr, dynamictable, fixedlength, help, hided, id, industry, isactive, isauthen, modifier, modifytime, name, notserialize, nullable, precise, readonly, refmodelname, resid, versiontype, visibility) VALUES (null, 'N', null, 40, null, null, 4, 'N', 'TWHRA210000000DEFSET', '0', null, null, 'N', 'BS000010000100001001', 300, null, null, '档案编码', null, 'N', null, 'N', 'URC', 'N', 'd38fa53c-5fc2-11e7-a555-c71e1f695584', '0', 'Y', null, null, null, 'code', 'N', 'N', 0, 'N', null, '2UC000-000557', 0, 0);
INSERT INTO md_property (accessorclassname, accesspower, accesspowergroup, attrlength, attrmaxvalue, attrminvalue, attrsequence, calculation, classid, createindustry, createtime, creator, customattr, datatype, datatypestyle, defaultvalue, description, displayname, dr, dynamicattr, dynamictable, fixedlength, help, hided, id, industry, isactive, isauthen, modifier, modifytime, name, notserialize, nullable, precise, readonly, refmodelname, resid, versiontype, visibility) VALUES (null, 'N', null, 19, null, null, 11, 'N', 'TWHRA210000000DEFSET', '0', null, null, 'N', 'BS000010000100001034', 300, null, null, '创建时间', null, 'N', null, 'N', null, 'N', 'd38fa53f-5fc2-11e7-a555-c71e1f695584', '0', 'Y', null, null, null, 'creationtime', 'N', 'Y', 0, 'N', null, '2UC000-000157', 0, 0);
INSERT INTO md_property (accessorclassname, accesspower, accesspowergroup, attrlength, attrmaxvalue, attrminvalue, attrsequence, calculation, classid, createindustry, createtime, creator, customattr, datatype, datatypestyle, defaultvalue, description, displayname, dr, dynamicattr, dynamictable, fixedlength, help, hided, id, industry, isactive, isauthen, modifier, modifytime, name, notserialize, nullable, precise, readonly, refmodelname, resid, versiontype, visibility) VALUES (null, 'N', null, 20, null, null, 10, 'N', 'TWHRA210000000DEFSET', '0', null, null, 'N', 'f6f9a473-56c0-432f-8bc7-fbf8fde54fee', 305, null, null, '创建人', null, 'N', null, 'N', null, 'N', 'd38fa540-5fc2-11e7-a555-c71e1f695584', '0', 'Y', null, null, null, 'creator', 'N', 'Y', 0, 'N', '用户', '2UC000-000155', 0, 0);
INSERT INTO md_property (accessorclassname, accesspower, accesspowergroup, attrlength, attrmaxvalue, attrminvalue, attrsequence, calculation, classid, createindustry, createtime, creator, customattr, datatype, datatypestyle, defaultvalue, description, displayname, dr, dynamicattr, dynamictable, fixedlength, help, hided, id, industry, isactive, isauthen, modifier, modifytime, name, notserialize, nullable, precise, readonly, refmodelname, resid, versiontype, visibility) VALUES (null, 'N', null, 200, null, null, 14, 'N', 'TWHRA210000000DEFSET', '0', null, null, 'N', 'BS000010000100001001', 300, null, null, '内部编码', null, 'N', null, 'N', null, 'N', 'd38fa542-5fc2-11e7-a555-c71e1f695584', '0', 'Y', null, null, null, 'innercode', 'N', 'Y', 0, 'N', null, '2UC000-000136', 0, 0);
INSERT INTO md_property (accessorclassname, accesspower, accesspowergroup, attrlength, attrmaxvalue, attrminvalue, attrsequence, calculation, classid, createindustry, createtime, creator, customattr, datatype, datatypestyle, defaultvalue, description, displayname, dr, dynamicattr, dynamictable, fixedlength, help, hided, id, industry, isactive, isauthen, modifier, modifytime, name, notserialize, nullable, precise, readonly, refmodelname, resid, versiontype, visibility) VALUES (null, 'N', null, 20, null, null, 0, 'N', 'TWHRA210000000DEFSET', '0', null, null, 'N', 'BS000010000100001051', 300, null, null, '自定义档案主键', null, 'N', null, 'N', null, 'N', 'd38fa543-5fc2-11e7-a555-c71e1f695584', '0', 'Y', null, null, null, 'pk_defdoc', 'N', 'N', 0, 'N', null, '2UC000-000747', 0, 0);
INSERT INTO md_property (accessorclassname, accesspower, accesspowergroup, attrlength, attrmaxvalue, attrminvalue, attrsequence, calculation, classid, createindustry, createtime, creator, customattr, datatype, datatypestyle, defaultvalue, description, displayname, dr, dynamicattr, dynamictable, fixedlength, help, hided, id, industry, isactive, isauthen, modifier, modifytime, name, notserialize, nullable, precise, readonly, refmodelname, resid, versiontype, visibility) VALUES (null, 'N', null, 200, null, null, 9, 'N', 'TWHRA210000000DEFSET', '0', null, null, 'N', 'BS000010000100001001', 300, null, null, '备注', null, 'N', null, 'N', null, 'N', 'd38fa544-5fc2-11e7-a555-c71e1f695584', '0', 'Y', null, null, null, 'memo', 'N', 'Y', 0, 'N', null, '2UC000-000258', 0, 0);
INSERT INTO md_property (accessorclassname, accesspower, accesspowergroup, attrlength, attrmaxvalue, attrminvalue, attrsequence, calculation, classid, createindustry, createtime, creator, customattr, datatype, datatypestyle, defaultvalue, description, displayname, dr, dynamicattr, dynamictable, fixedlength, help, hided, id, industry, isactive, isauthen, modifier, modifytime, name, notserialize, nullable, precise, readonly, refmodelname, resid, versiontype, visibility) VALUES (null, 'N', null, 50, null, null, 7, 'N', 'TWHRA210000000DEFSET', '0', null, null, 'N', 'BS000010000100001001', 300, null, null, '助记码', null, 'N', null, 'N', null, 'N', 'd38fa545-5fc2-11e7-a555-c71e1f695584', '0', 'Y', null, null, null, 'mnecode', 'N', 'Y', 0, 'N', null, '2UC000-000172', 0, 0);
INSERT INTO md_property (accessorclassname, accesspower, accesspowergroup, attrlength, attrmaxvalue, attrminvalue, attrsequence, calculation, classid, createindustry, createtime, creator, customattr, datatype, datatypestyle, defaultvalue, description, displayname, dr, dynamicattr, dynamictable, fixedlength, help, hided, id, industry, isactive, isauthen, modifier, modifytime, name, notserialize, nullable, precise, readonly, refmodelname, resid, versiontype, visibility) VALUES (null, 'N', null, 20, null, null, 12, 'N', 'TWHRA210000000DEFSET', '0', null, null, 'N', 'f6f9a473-56c0-432f-8bc7-fbf8fde54fee', 305, null, null, '最后修改人', null, 'N', null, 'N', null, 'N', 'd38fa546-5fc2-11e7-a555-c71e1f695584', '0', 'Y', null, null, null, 'modifier', 'N', 'Y', 0, 'N', '用户', '2UC000-000490', 0, 0);
INSERT INTO md_property (accessorclassname, accesspower, accesspowergroup, attrlength, attrmaxvalue, attrminvalue, attrsequence, calculation, classid, createindustry, createtime, creator, customattr, datatype, datatypestyle, defaultvalue, description, displayname, dr, dynamicattr, dynamictable, fixedlength, help, hided, id, industry, isactive, isauthen, modifier, modifytime, name, notserialize, nullable, precise, readonly, refmodelname, resid, versiontype, visibility) VALUES (null, 'N', null, 19, null, null, 13, 'N', 'TWHRA210000000DEFSET', '0', null, null, 'N', 'BS000010000100001034', 300, null, null, '最后修改时间', null, 'N', null, 'N', null, 'N', 'd38fa548-5fc2-11e7-a555-c71e1f695584', '0', 'Y', null, null, null, 'modifiedtime', 'N', 'Y', 0, 'N', null, '2UC000-000491', 0, 0);
INSERT INTO md_property (accessorclassname, accesspower, accesspowergroup, attrlength, attrmaxvalue, attrminvalue, attrsequence, calculation, classid, createindustry, createtime, creator, customattr, datatype, datatypestyle, defaultvalue, description, displayname, dr, dynamicattr, dynamictable, fixedlength, help, hided, id, industry, isactive, isauthen, modifier, modifytime, name, notserialize, nullable, precise, readonly, refmodelname, resid, versiontype, visibility) VALUES (null, 'N', null, 200, null, null, 5, 'N', 'TWHRA210000000DEFSET', '0', null, null, 'N', 'BS000010000100001058', 300, null, null, '档案名称', null, 'N', null, 'N', 'URC', 'N', 'd38fa549-5fc2-11e7-a555-c71e1f695584', '0', 'Y', null, null, null, 'name', 'N', 'Y', 0, 'N', null, '2UC000-000556', 0, 0);
INSERT INTO md_property (accessorclassname, accesspower, accesspowergroup, attrlength, attrmaxvalue, attrminvalue, attrsequence, calculation, classid, createindustry, createtime, creator, customattr, datatype, datatypestyle, defaultvalue, description, displayname, dr, dynamicattr, dynamictable, fixedlength, help, hided, id, industry, isactive, isauthen, modifier, modifytime, name, notserialize, nullable, precise, readonly, refmodelname, resid, versiontype, visibility) VALUES (null, 'N', null, 200, null, null, 6, 'N', 'TWHRA210000000DEFSET', '0', null, null, 'N', 'BS000010000100001058', 300, null, null, '简称', null, 'N', null, 'N', null, 'N', 'd38fa54a-5fc2-11e7-a555-c71e1f695584', '0', 'Y', null, null, null, 'shortname', 'N', 'Y', 0, 'N', null, '2UC000-000675', 0, 0);
INSERT INTO md_property (accessorclassname, accesspower, accesspowergroup, attrlength, attrmaxvalue, attrminvalue, attrsequence, calculation, classid, createindustry, createtime, creator, customattr, datatype, datatypestyle, defaultvalue, description, displayname, dr, dynamicattr, dynamictable, fixedlength, help, hided, id, industry, isactive, isauthen, modifier, modifytime, name, notserialize, nullable, precise, readonly, refmodelname, resid, versiontype, visibility) VALUES (null, 'N', null, 20, null, null, 8, 'N', 'TWHRA210000000DEFSET', '0', null, null, 'N', 'BS000010000100001001', 300, null, null, '上级档案', null, 'N', null, 'N', null, 'N', 'd38fa54c-5fc2-11e7-a555-c71e1f695584', '0', 'Y', null, null, null, 'pid', 'N', 'Y', 0, 'N', null, '2UC000-000007', 0, 0);
INSERT INTO md_property (accessorclassname, accesspower, accesspowergroup, attrlength, attrmaxvalue, attrminvalue, attrsequence, calculation, classid, createindustry, createtime, creator, customattr, datatype, datatypestyle, defaultvalue, description, displayname, dr, dynamicattr, dynamictable, fixedlength, help, hided, id, industry, isactive, isauthen, modifier, modifytime, name, notserialize, nullable, precise, readonly, refmodelname, resid, versiontype, visibility) VALUES (null, 'N', null, 20, null, null, 1, 'N', 'TWHRA210000000DEFSET', '0', null, null, 'N', '16c1dca0-e3ed-4dcc-8ed7-75fd59e2bef1', 305, null, null, '自定义档案列表主键', null, 'N', null, 'N', null, 'N', 'd38fa54e-5fc2-11e7-a555-c71e1f695584', '0', 'Y', null, null, null, 'pk_defdoclist', 'N', 'N', 0, 'N', '自定义档案列表', '2UC000-000748', 0, 0);
INSERT INTO md_property (accessorclassname, accesspower, accesspowergroup, attrlength, attrmaxvalue, attrminvalue, attrsequence, calculation, classid, createindustry, createtime, creator, customattr, datatype, datatypestyle, defaultvalue, description, displayname, dr, dynamicattr, dynamictable, fixedlength, help, hided, id, industry, isactive, isauthen, modifier, modifytime, name, notserialize, nullable, precise, readonly, refmodelname, resid, versiontype, visibility) VALUES (null, 'N', null, 20, null, null, 3, 'N', 'TWHRA210000000DEFSET', '0', null, null, 'N', '3b6dd171-2900-47f3-bfbe-41e4483a2a65', 305, null, null, '所属集团', null, 'N', null, 'N', null, 'N', 'd38fa54f-5fc2-11e7-a555-c71e1f695584', '0', 'Y', null, null, null, 'pk_group', 'N', 'Y', 0, 'N', '集团', '2UC000-000367', 0, 0);
INSERT INTO md_property (accessorclassname, accesspower, accesspowergroup, attrlength, attrmaxvalue, attrminvalue, attrsequence, calculation, classid, createindustry, createtime, creator, customattr, datatype, datatypestyle, defaultvalue, description, displayname, dr, dynamicattr, dynamictable, fixedlength, help, hided, id, industry, isactive, isauthen, modifier, modifytime, name, notserialize, nullable, precise, readonly, refmodelname, resid, versiontype, visibility) VALUES (null, 'N', null, 20, null, null, 2, 'N', 'TWHRA210000000DEFSET', '0', null, null, 'N', '985be8a4-3a36-4778-8afe-2d8ed3902659', 305, null, null, '所属组织', null, 'N', null, 'N', null, 'N', 'd38fa550-5fc2-11e7-a555-c71e1f695584', '0', 'Y', null, null, null, 'pk_org', 'N', 'N', 0, 'N', '业务单元', '2UC000-000360', 0, 0);
INSERT INTO md_property (accessorclassname, accesspower, accesspowergroup, attrlength, attrmaxvalue, attrminvalue, attrsequence, calculation, classid, createindustry, createtime, creator, customattr, datatype, datatypestyle, defaultvalue, description, displayname, dr, dynamicattr, dynamictable, fixedlength, help, hided, id, industry, isactive, isauthen, modifier, modifytime, name, notserialize, nullable, precise, readonly, refmodelname, resid, versiontype, visibility) VALUES (null, 'N', null, 0, null, null, 15, 'N', 'TWHRA210000000DEFSET', '0', null, null, 'N', '6b533ffa-3e43-4147-8670-ba0f5471fd40', 300, null, null, '启用状态', null, 'N', null, 'N', null, 'N', 'd38fa551-5fc2-11e7-a555-c71e1f695584', '0', 'Y', null, null, null, 'enablestate', 'N', 'Y', 0, 'N', null, '2UC000-000249', 0, 0);
INSERT INTO md_property (accessorclassname, accesspower, accesspowergroup, attrlength, attrmaxvalue, attrminvalue, attrsequence, calculation, classid, createindustry, createtime, creator, customattr, datatype, datatypestyle, defaultvalue, description, displayname, dr, dynamicattr, dynamictable, fixedlength, help, hided, id, industry, isactive, isauthen, modifier, modifytime, name, notserialize, nullable, precise, readonly, refmodelname, resid, versiontype, visibility) VALUES (null, 'N', null, 0, null, null, 16, 'N', 'TWHRA210000000DEFSET', '0', null, null, 'N', 'BS000010000100001004', 300, null, null, '分布式', null, 'N', null, 'N', null, 'N', 'd38fa553-5fc2-11e7-a555-c71e1f695584', '0', 'Y', null, null, null, 'dataoriginflag', 'N', 'Y', 0, 'N', null, '2UC000-000151', 0, 0);
INSERT INTO md_property (accessorclassname, accesspower, accesspowergroup, attrlength, attrmaxvalue, attrminvalue, attrsequence, calculation, classid, createindustry, createtime, creator, customattr, datatype, datatypestyle, defaultvalue, description, displayname, dr, dynamicattr, dynamictable, fixedlength, help, hided, id, industry, isactive, isauthen, modifier, modifytime, name, notserialize, nullable, precise, readonly, refmodelname, resid, versiontype, visibility) VALUES (null, 'N', null, 0, null, null, 17, 'N', 'TWHRA210000000DEFSET', '0', null, null, 'N', 'ba3f1197-8584-445d-88a0-102e505f94e5', 300, '1', null, '数据类型', null, 'N', null, 'N', null, 'N', 'd38fa554-5fc2-11e7-a555-c71e1f695584', '0', 'Y', null, null, null, 'datatype', 'N', 'Y', 0, 'N', null, '2UC000-000458', 0, 0);

INSERT INTO bd_refinfo (code, dr, isneedpara, isspecialref, metadatatypename, modulename, name, para1, para2, para3, pk_refinfo, refclass, refsystem, reftype, reserv1, reserv2, reserv3, resid, residpath, wherepart) VALUES ('D10090', 0, 'Y', null, 'Defdoc-TWHR000', 'uap', '台灣本地化對照表(自定义档案)', 'TWHRA210000000DEFSET', 'bd_defdoc', null, '1001ZZ1000000000370M', 'nc.ui.bd.ref.model.DefdocGridRefModel', null, 0, null, null, 'TWHR000', '台灣本地化對照表', '10140uddb', null);

INSERT INTO md_bizitfmap (bizinterfaceid, bizitfimpclassname, classattrid, classattrpath, classid, dr, industry, intattrid, versiontype) VALUES ('6c8722b9-911a-489b-8d0d-18bd3734fcf6', null, 'd38fa543-5fc2-11e7-a555-c71e1f695584', null, 'TWHRA210000000DEFSET', null, null, '5dd3c721-22ad-42b1-9c10-4351c236bc77', null);
INSERT INTO md_bizitfmap (bizinterfaceid, bizitfimpclassname, classattrid, classattrpath, classid, dr, industry, intattrid, versiontype) VALUES ('6c8722b9-911a-489b-8d0d-18bd3734fcf6', null, 'd38fa549-5fc2-11e7-a555-c71e1f695584', null, 'TWHRA210000000DEFSET', null, null, '89578a97-42fe-439b-827c-8eabd9e3604c', null);
INSERT INTO md_bizitfmap (bizinterfaceid, bizitfimpclassname, classattrid, classattrpath, classid, dr, industry, intattrid, versiontype) VALUES ('6c8722b9-911a-489b-8d0d-18bd3734fcf6', null, 'd38fa54f-5fc2-11e7-a555-c71e1f695584', null, 'TWHRA210000000DEFSET', null, null, 'a47e6cda-09e4-480b-923f-ec6f41e3e06c', null);
INSERT INTO md_bizitfmap (bizinterfaceid, bizitfimpclassname, classattrid, classattrpath, classid, dr, industry, intattrid, versiontype) VALUES ('6c8722b9-911a-489b-8d0d-18bd3734fcf6', null, 'd38fa53c-5fc2-11e7-a555-c71e1f695584', null, 'TWHRA210000000DEFSET', null, null, 'd32cc17b-f415-415a-923f-0764443eb102', null);
INSERT INTO md_bizitfmap (bizinterfaceid, bizitfimpclassname, classattrid, classattrpath, classid, dr, industry, intattrid, versiontype) VALUES ('6c8722b9-911a-489b-8d0d-18bd3734fcf6', null, 'd38fa550-5fc2-11e7-a555-c71e1f695584', null, 'TWHRA210000000DEFSET', null, null, 'ecf1b76a-6e44-42e2-a55e-87596504775b', null);

INSERT INTO md_association (cascadedelete, cascadeupdate, componentid, createtime, creator, dr, endcardinality, endelementid, id, industry, isactive, modifier, modifytime, name, startbeanid, startcardinality, startelementid, type, versiontype) VALUES (null, null, 'd38fa53d-5fc2-11e7-a555-c71e1f695584', null, null, null, '1', '985be8a4-3a36-4778-8afe-2d8ed3902659', '5936be13-5ef1-4204-b49c-ba54d20ad10c', '0', 'Y', null, null, 'Defdoc-TWHR000_pk_org', 'TWHRA210000000DEFSET', '1', 'd38fa550-5fc2-11e7-a555-c71e1f695584', 3, 0);
INSERT INTO md_association (cascadedelete, cascadeupdate, componentid, createtime, creator, dr, endcardinality, endelementid, id, industry, isactive, modifier, modifytime, name, startbeanid, startcardinality, startelementid, type, versiontype) VALUES (null, null, 'd38fa53d-5fc2-11e7-a555-c71e1f695584', null, null, null, '1', 'f6f9a473-56c0-432f-8bc7-fbf8fde54fee', '852d3e98-32ff-4e70-b82a-b69b960229a7', '0', 'Y', null, null, 'Defdoc-TWHR000_modifier', 'TWHRA210000000DEFSET', '1', 'd38fa546-5fc2-11e7-a555-c71e1f695584', 3, 0);
INSERT INTO md_association (cascadedelete, cascadeupdate, componentid, createtime, creator, dr, endcardinality, endelementid, id, industry, isactive, modifier, modifytime, name, startbeanid, startcardinality, startelementid, type, versiontype) VALUES (null, null, 'd38fa53d-5fc2-11e7-a555-c71e1f695584', null, null, null, '1', '16c1dca0-e3ed-4dcc-8ed7-75fd59e2bef1', '8fd9b531-ec8c-4eeb-9e2c-707e40a8518b', '0', 'Y', null, null, 'Defdoc-TWHR000_pk_defdoclist', 'TWHRA210000000DEFSET', '1', 'd38fa54e-5fc2-11e7-a555-c71e1f695584', 3, 0);
INSERT INTO md_association (cascadedelete, cascadeupdate, componentid, createtime, creator, dr, endcardinality, endelementid, id, industry, isactive, modifier, modifytime, name, startbeanid, startcardinality, startelementid, type, versiontype) VALUES (null, null, 'd38fa53d-5fc2-11e7-a555-c71e1f695584', null, null, null, '1', '3b6dd171-2900-47f3-bfbe-41e4483a2a65', 'c0fe0889-f7df-4cfe-924e-75afee43e6f7', '0', 'Y', null, null, 'Defdoc-TWHR000_pk_group', 'TWHRA210000000DEFSET', '1', 'd38fa54f-5fc2-11e7-a555-c71e1f695584', 3, 0);
INSERT INTO md_association (cascadedelete, cascadeupdate, componentid, createtime, creator, dr, endcardinality, endelementid, id, industry, isactive, modifier, modifytime, name, startbeanid, startcardinality, startelementid, type, versiontype) VALUES (null, null, 'd38fa53d-5fc2-11e7-a555-c71e1f695584', null, null, null, '1', 'f6f9a473-56c0-432f-8bc7-fbf8fde54fee', 'eb66afc2-cade-469d-86f4-ce9eb1153ae0', '0', 'Y', null, null, 'Defdoc-TWHR000_creator', 'TWHRA210000000DEFSET', '1', 'd38fa540-5fc2-11e7-a555-c71e1f695584', 3, 0);

INSERT INTO md_ormap (attributeid, classid, columnid, dr, tableid) VALUES ('d38fa53c-5fc2-11e7-a555-c71e1f695584', 'TWHRA210000000DEFSET', 'bd_defdoc@@@code', null, 'bd_defdoc');
INSERT INTO md_ormap (attributeid, classid, columnid, dr, tableid) VALUES ('d38fa53f-5fc2-11e7-a555-c71e1f695584', 'TWHRA210000000DEFSET', 'bd_defdoc@@@creationtime', null, 'bd_defdoc');
INSERT INTO md_ormap (attributeid, classid, columnid, dr, tableid) VALUES ('d38fa540-5fc2-11e7-a555-c71e1f695584', 'TWHRA210000000DEFSET', 'bd_defdoc@@@creator', null, 'bd_defdoc');
INSERT INTO md_ormap (attributeid, classid, columnid, dr, tableid) VALUES ('d38fa542-5fc2-11e7-a555-c71e1f695584', 'TWHRA210000000DEFSET', 'bd_defdoc@@@innercode', null, 'bd_defdoc');
INSERT INTO md_ormap (attributeid, classid, columnid, dr, tableid) VALUES ('d38fa543-5fc2-11e7-a555-c71e1f695584', 'TWHRA210000000DEFSET', 'bd_defdoc@@PK@@', null, 'bd_defdoc');
INSERT INTO md_ormap (attributeid, classid, columnid, dr, tableid) VALUES ('d38fa544-5fc2-11e7-a555-c71e1f695584', 'TWHRA210000000DEFSET', 'bd_defdoc@@@memo', null, 'bd_defdoc');
INSERT INTO md_ormap (attributeid, classid, columnid, dr, tableid) VALUES ('d38fa545-5fc2-11e7-a555-c71e1f695584', 'TWHRA210000000DEFSET', 'bd_defdoc@@@mnecode', null, 'bd_defdoc');
INSERT INTO md_ormap (attributeid, classid, columnid, dr, tableid) VALUES ('d38fa546-5fc2-11e7-a555-c71e1f695584', 'TWHRA210000000DEFSET', 'bd_defdoc@@@modifier', null, 'bd_defdoc');
INSERT INTO md_ormap (attributeid, classid, columnid, dr, tableid) VALUES ('d38fa548-5fc2-11e7-a555-c71e1f695584', 'TWHRA210000000DEFSET', 'bd_defdoc@@@modifiedtime', null, 'bd_defdoc');
INSERT INTO md_ormap (attributeid, classid, columnid, dr, tableid) VALUES ('d38fa549-5fc2-11e7-a555-c71e1f695584', 'TWHRA210000000DEFSET', 'bd_defdoc@@@name', null, 'bd_defdoc');
INSERT INTO md_ormap (attributeid, classid, columnid, dr, tableid) VALUES ('d38fa54a-5fc2-11e7-a555-c71e1f695584', 'TWHRA210000000DEFSET', 'bd_defdoc@@@shortname', null, 'bd_defdoc');
INSERT INTO md_ormap (attributeid, classid, columnid, dr, tableid) VALUES ('d38fa54c-5fc2-11e7-a555-c71e1f695584', 'TWHRA210000000DEFSET', 'bd_defdoc@@@pid', null, 'bd_defdoc');
INSERT INTO md_ormap (attributeid, classid, columnid, dr, tableid) VALUES ('d38fa54e-5fc2-11e7-a555-c71e1f695584', 'TWHRA210000000DEFSET', 'bd_defdoc@@@pk_defdoclist', null, 'bd_defdoc');
INSERT INTO md_ormap (attributeid, classid, columnid, dr, tableid) VALUES ('d38fa54f-5fc2-11e7-a555-c71e1f695584', 'TWHRA210000000DEFSET', 'bd_defdoc@@@pk_group', null, 'bd_defdoc');
INSERT INTO md_ormap (attributeid, classid, columnid, dr, tableid) VALUES ('d38fa550-5fc2-11e7-a555-c71e1f695584', 'TWHRA210000000DEFSET', 'bd_defdoc@@@pk_org', null, 'bd_defdoc');
INSERT INTO md_ormap (attributeid, classid, columnid, dr, tableid) VALUES ('d38fa551-5fc2-11e7-a555-c71e1f695584', 'TWHRA210000000DEFSET', 'bd_defdoc@@@enablestate', null, 'bd_defdoc');
INSERT INTO md_ormap (attributeid, classid, columnid, dr, tableid) VALUES ('d38fa553-5fc2-11e7-a555-c71e1f695584', 'TWHRA210000000DEFSET', 'bd_defdoc@@@dataoriginflag', null, 'bd_defdoc');
INSERT INTO md_ormap (attributeid, classid, columnid, dr, tableid) VALUES ('d38fa554-5fc2-11e7-a555-c71e1f695584', 'TWHRA210000000DEFSET', 'bd_defdoc@@@datatype', null, 'bd_defdoc');

INSERT INTO md_busiop (authorizable, componentid, createtime, creator, description, displayname, dr, help, id, industry, isbusiactivity, logtype, modifier, modifytime, name, needlog, ownertype, parentid, resid, versiontype) VALUES ('Y', 'd470b685-5fc2-11e7-a555-c71e1f695584', '2017-07-03 15:40:05', null, null, '新增', null, null, 'd470b686-5fc2-11e7-a555-c71e1f695584', '0', 'N', 'ADD       ', null, '2017-07-03 15:40:05', 'add', 'Y', 'TWHRA210000000DEFSET', null, '2UC000-001114', 0);
INSERT INTO md_busiop (authorizable, componentid, createtime, creator, description, displayname, dr, help, id, industry, isbusiactivity, logtype, modifier, modifytime, name, needlog, ownertype, parentid, resid, versiontype) VALUES ('Y', 'd470b685-5fc2-11e7-a555-c71e1f695584', '2017-07-03 15:40:05', null, null, '删除', null, null, 'd470b687-5fc2-11e7-a555-c71e1f695584', '0', 'N', 'DELETE    ', null, '2017-07-03 15:40:05', 'delete', 'Y', 'TWHRA210000000DEFSET', null, '2UC000-001104', 0);
INSERT INTO md_busiop (authorizable, componentid, createtime, creator, description, displayname, dr, help, id, industry, isbusiactivity, logtype, modifier, modifytime, name, needlog, ownertype, parentid, resid, versiontype) VALUES ('Y', 'd470b685-5fc2-11e7-a555-c71e1f695584', '2017-07-03 15:40:05', null, null, '停用', null, null, 'd470b688-5fc2-11e7-a555-c71e1f695584', '0', 'N', 'MODIFY    ', null, '2017-07-03 15:40:05', 'disable', 'Y', 'TWHRA210000000DEFSET', null, '2UC000-001106', 0);
INSERT INTO md_busiop (authorizable, componentid, createtime, creator, description, displayname, dr, help, id, industry, isbusiactivity, logtype, modifier, modifytime, name, needlog, ownertype, parentid, resid, versiontype) VALUES ('Y', 'd470b685-5fc2-11e7-a555-c71e1f695584', '2017-07-03 15:40:05', null, null, '修改', null, null, 'd470b689-5fc2-11e7-a555-c71e1f695584', '0', 'N', 'MODIFY    ', null, '2017-07-03 15:40:05', 'edit', 'Y', 'TWHRA210000000DEFSET', null, '2UC000-001103', 0);
INSERT INTO md_busiop (authorizable, componentid, createtime, creator, description, displayname, dr, help, id, industry, isbusiactivity, logtype, modifier, modifytime, name, needlog, ownertype, parentid, resid, versiontype) VALUES ('Y', 'd470b685-5fc2-11e7-a555-c71e1f695584', '2017-07-03 15:40:05', null, null, '启用', null, null, 'd470b68a-5fc2-11e7-a555-c71e1f695584', '0', 'N', 'MODIFY    ', null, '2017-07-03 15:40:05', 'enable', 'Y', 'TWHRA210000000DEFSET', null, '2UC000-001105', 0);

INSERT INTO md_attr_power (beanid, dr, fullpath, id, powertype) VALUES ('TWHRA210000000DEFSET', 0, 'uap.Defdoc-TWHR000.code', '1001ZZ1000000000370S', 'datapower');
INSERT INTO md_attr_power (beanid, dr, fullpath, id, powertype) VALUES ('TWHRA210000000DEFSET', 0, 'uap.Defdoc-TWHR000.name', '1001ZZ1000000000370T', 'datapower');
INSERT INTO md_attr_power (beanid, dr, fullpath, id, powertype) VALUES ('TWHRA210000000DEFSET', 0, 'uap.Defdoc-TWHR000.shortname', '1001ZZ1000000000370U', 'datapower');
INSERT INTO md_attr_power (beanid, dr, fullpath, id, powertype) VALUES ('TWHRA210000000DEFSET', 0, 'uap.Defdoc-TWHR000.pk_org', '1001ZZ1000000000370V', 'datapower');

INSERT INTO sm_permission_res (dpgenclassname, dpjudgerclassname, dr, innercode, isabstract, isenablespecialperm, issptapproverperm, keycolumnname, maintablename, mdid, ownmodule, parentid, pk_permission_res, resourcecode, resourcename, resourcename2, resourcename3, resourcename4, resourcename5, resourcename6) VALUES (null, null, 0, 'WKVQ', 'N', 'N', null, 'pk_defdoc', 'bd_defdoc', 'TWHRA210000000DEFSET', '1014', '1001Z01000000000KXUX', '1001ZZ1000000000370W', 'TWHR000', '台灣本地化對照表(自定义)', null, null, null, null, null);

INSERT INTO bd_mode_all (dataoriginflag, dr, ischecked, managemode, mdclassid, pk_bdmode, uniquescope, visiblescope) VALUES (0, 0, 'N', 6, 'TWHRA210000000DEFSET', '1001ZZ10000000003717', 6, 6);

INSERT INTO bd_mode_selected (dataoriginflag, dr, managemode, mdclassid, pk_bdmode, uniquescope, visiblescope) VALUES (0, 0, 6, 'TWHRA210000000DEFSET', '1001ZZ10000000003718', 6, 6);

INSERT INTO bd_uniquerule (dataoriginflag, dr, errorcode, ischecknull, isdefault, mdclassid, pk_rule, rulecontent, rulecontent2, rulecontent3, rulecontent4, rulecontent5, rulecontent6) VALUES (0, 0, '32000', 'N', 'Y', 'TWHRA210000000DEFSET', '1001ZZ10000000003719', '编码唯一', null, null, null, null, null);
INSERT INTO bd_uniquerule (dataoriginflag, dr, errorcode, ischecknull, isdefault, mdclassid, pk_rule, rulecontent, rulecontent2, rulecontent3, rulecontent4, rulecontent5, rulecontent6) VALUES (0, 0, '32000', 'N', 'N', 'TWHRA210000000DEFSET', '1001ZZ1000000000371A', '名称唯一', null, null, null, null, null);

INSERT INTO bd_uniquerule_item (dataoriginflag, dr, mdcolumnid, mdcolumnname, pk_rule, pk_ruleitem) VALUES (0, 0, 'd38fa53c-5fc2-11e7-a555-c71e1f695584', '编码', '1001ZZ10000000003719', '1001ZZ1000000000371B');
INSERT INTO bd_uniquerule_item (dataoriginflag, dr, mdcolumnid, mdcolumnname, pk_rule, pk_ruleitem) VALUES (0, 0, 'd38fa549-5fc2-11e7-a555-c71e1f695584', '名称', '1001ZZ1000000000371A', '1001ZZ1000000000371C');

INSERT INTO pub_bcr_nbcr (code, codelenth, codescope, codestyle, dr, metaid, name, name2, name3, name4, name5, name6, orgtype, pk_nbcr, ts) VALUES ('TWHR000', 40, 'both', 'pre', 0, 'TWHRA210000000DEFSET', '台灣本地化對照表(自定义)', null, null, null, null, null, 'BUSINESSUNIT00000000', '1001ZZ1000000000371D', '2017-07-03 15:40:09');

INSERT INTO pub_eventtype (dr, eventtypecode, eventtypename, eventtypename2, eventtypename3, eventtypename4, eventtypename5, eventtypename6, note, owner, pk_eventtype, sourceid, sourcename, sourcename2, sourcename3, sourcename4, sourcename5, sourcename6) VALUES (0, '1003', '修改前', null, null, null, null, null, '事件类型为BDCommonEvent', '1014', '1001ZZ1000000000371E', 'TWHRA210000000DEFSET', '台灣本地化對照表(自定义)', null, null, null, null, null);
INSERT INTO pub_eventtype (dr, eventtypecode, eventtypename, eventtypename2, eventtypename3, eventtypename4, eventtypename5, eventtypename6, note, owner, pk_eventtype, sourceid, sourcename, sourcename2, sourcename3, sourcename4, sourcename5, sourcename6) VALUES (0, '1004', '修改后', null, null, null, null, null, '事件类型为BDCommonEvent', '1014', '1001ZZ1000000000371F', 'TWHRA210000000DEFSET', '台灣本地化對照表(自定义)', null, null, null, null, null);
INSERT INTO pub_eventtype (dr, eventtypecode, eventtypename, eventtypename2, eventtypename3, eventtypename4, eventtypename5, eventtypename6, note, owner, pk_eventtype, sourceid, sourcename, sourcename2, sourcename3, sourcename4, sourcename5, sourcename6) VALUES (0, '1001', '新增前', null, null, null, null, null, '事件类型为BDCommonEvent', '1014', '1001ZZ1000000000371G', 'TWHRA210000000DEFSET', '台灣本地化對照表(自定义)', null, null, null, null, null);
INSERT INTO pub_eventtype (dr, eventtypecode, eventtypename, eventtypename2, eventtypename3, eventtypename4, eventtypename5, eventtypename6, note, owner, pk_eventtype, sourceid, sourcename, sourcename2, sourcename3, sourcename4, sourcename5, sourcename6) VALUES (0, '1002', '新增后', null, null, null, null, null, '事件类型为BDCommonEvent', '1014', '1001ZZ1000000000371H', 'TWHRA210000000DEFSET', '台灣本地化對照表(自定义)', null, null, null, null, null);
INSERT INTO pub_eventtype (dr, eventtypecode, eventtypename, eventtypename2, eventtypename3, eventtypename4, eventtypename5, eventtypename6, note, owner, pk_eventtype, sourceid, sourcename, sourcename2, sourcename3, sourcename4, sourcename5, sourcename6) VALUES (0, '1068', '状态由启用变为停用前', null, null, null, null, null, '事件类型为BDCommonEvent', '1014', '1001ZZ1000000000371I', 'TWHRA210000000DEFSET', '台灣本地化對照表(自定义)', null, null, null, null, null);
INSERT INTO pub_eventtype (dr, eventtypecode, eventtypename, eventtypename2, eventtypename3, eventtypename4, eventtypename5, eventtypename6, note, owner, pk_eventtype, sourceid, sourcename, sourcename2, sourcename3, sourcename4, sourcename5, sourcename6) VALUES (0, '1069', '状态由启用变为停用后', null, null, null, null, null, '事件类型为BDCommonEvent', '1014', '1001ZZ1000000000371J', 'TWHRA210000000DEFSET', '台灣本地化對照表(自定义)', null, null, null, null, null);
INSERT INTO pub_eventtype (dr, eventtypecode, eventtypename, eventtypename2, eventtypename3, eventtypename4, eventtypename5, eventtypename6, note, owner, pk_eventtype, sourceid, sourcename, sourcename2, sourcename3, sourcename4, sourcename5, sourcename6) VALUES (0, '1005', '删除前', null, null, null, null, null, '事件类型为BDCommonEvent', '1014', '1001ZZ1000000000371K', 'TWHRA210000000DEFSET', '台灣本地化對照表(自定义)', null, null, null, null, null);
INSERT INTO pub_eventtype (dr, eventtypecode, eventtypename, eventtypename2, eventtypename3, eventtypename4, eventtypename5, eventtypename6, note, owner, pk_eventtype, sourceid, sourcename, sourcename2, sourcename3, sourcename4, sourcename5, sourcename6) VALUES (0, '1006', '删除后', null, null, null, null, null, '事件类型为BDCommonEvent', '1014', '1001ZZ1000000000371L', 'TWHRA210000000DEFSET', '台灣本地化對照表(自定义)', null, null, null, null, null);
INSERT INTO pub_eventtype (dr, eventtypecode, eventtypename, eventtypename2, eventtypename3, eventtypename4, eventtypename5, eventtypename6, note, owner, pk_eventtype, sourceid, sourcename, sourcename2, sourcename3, sourcename4, sourcename5, sourcename6) VALUES (0, '1071', '状态由停用变为启用后', null, null, null, null, null, '事件类型为BDCommonEvent', '1014', '1001ZZ1000000000371M', 'TWHRA210000000DEFSET', '台灣本地化對照表(自定义)', null, null, null, null, null);
INSERT INTO pub_eventtype (dr, eventtypecode, eventtypename, eventtypename2, eventtypename3, eventtypename4, eventtypename5, eventtypename6, note, owner, pk_eventtype, sourceid, sourcename, sourcename2, sourcename3, sourcename4, sourcename5, sourcename6) VALUES (0, '1070', '状态由停用变为启用前', null, null, null, null, null, '事件类型为BDCommonEvent', '1014', '1001ZZ1000000000371N', 'TWHRA210000000DEFSET', '台灣本地化對照表(自定义)', null, null, null, null, null);



INSERT INTO bd_defdoc (code, creationtime, creator, dataoriginflag, datatype, dr, enablestate, innercode, memo, mnecode, modifiedtime, modifier, name, name2, name3, name4, name5, name6, pid, pk_defdoc, pk_defdoclist, pk_group, pk_org, shortname, shortname2, shortname3, shortname4, shortname5, shortname6) 
SELECT infoset_code, null, 'NC_USER0000000000000', 0, 1, 0, 2, null, null, null, null, null, infoset_name, null, null, null, null, null, '~', replace(pk_infoset, '00000', 'TWDEF'), 'TWHRA210000000DEFSET', (select pk_group from org_group where rownum=1), (select pk_group from org_group where rownum=1), null, null, null, null, null, null
FROM hr_infoset 
WHERE infoset_code like 'hi_psndoc_glbdef%' and dr=0;

INSERT INTO bd_defdoc (code, creationtime, creator, dataoriginflag, datatype, dr, enablestate, innercode, memo, mnecode, modifiedtime, modifier, name, name2, name3, name4, name5, name6, pid, pk_defdoc, pk_defdoclist, pk_group, pk_org, shortname, shortname2, shortname3, shortname4, shortname5, shortname6) 
select 'bd_psndoc.'||(select item_code from hr_infoset_item where pk_infoset=(select pk_infoset from hr_infoset where infoset_code='bd_psndoc') and item_name = '免扣補充保費'), null, 'NC_USER0000000000000', 0, 1, 0, 2, null, null, null, null, null, '免扣補充保費', null, null, null, null, null, '~', '1001ZZ100000000042UN', 'TWHRA210000000DEFSET', (select pk_group from org_group where rownum=1), (select pk_group from org_group where rownum=1), null, null, null, null, null, null
from dual
WHERE EXISTS (select item_code from hr_infoset_item where pk_infoset=(select pk_infoset from hr_infoset where infoset_code='bd_psndoc') and item_name = '免扣補充保費');