
delete md_association where ( componentid in ('ead4535a-b34d-4135-aaa7-069a2db8152b') and (dr=0 or dr is null) )
go

delete md_property where ( classid in ('a0fbca21-fc66-4b7a-ad0a-15d643cc0ba6', 'e2d14b43-c222-42c9-aede-325dcd2f997a') and (dr=0 or dr is null) )
go

delete md_db_relation where ( endtableid in ('wa_classitem') and (dr=0 or dr is null) )
go

delete md_column where ( tableid in ('wa_classitem') and (dr=0 or dr is null) )
go

delete md_table where ( id in ('wa_classitem') and (dr=0 or dr is null) )
go

delete md_ormap where ( classid in ('a0fbca21-fc66-4b7a-ad0a-15d643cc0ba6', 'e2d14b43-c222-42c9-aede-325dcd2f997a') and (dr=0 or dr is null) )
go

delete md_bizitfmap where ( classid in ('a0fbca21-fc66-4b7a-ad0a-15d643cc0ba6', 'e2d14b43-c222-42c9-aede-325dcd2f997a') and (dr=0 or dr is null) )
go

delete md_enumvalue where ( id in ('a0fbca21-fc66-4b7a-ad0a-15d643cc0ba6', 'e2d14b43-c222-42c9-aede-325dcd2f997a') and (dr=0 or dr is null) )
go

delete md_class where ( componentid in ('ead4535a-b34d-4135-aaa7-069a2db8152b') and (dr=0 or dr is null) )
go

delete md_component where ( id='ead4535a-b34d-4135-aaa7-069a2db8152b' and (versiontype='0') and (dr=0 or dr is null) )
go


insert into md_component(createtime,creator,description,displayname,dr,fromsourcebmf,help,id,industry,isbizmodel,modifier,modifytime,name,namespace,ownmodule,preload,resid,resmodule,ts,version,versiontype) values( '2009-12-03 09:38:21',null,null,'薪资发放项目',0,'Y',null,'ead4535a-b34d-4135-aaa7-069a2db8152b','0','N','YONYOU NC','2017-09-08 17:49:15','class_item','hrwa','hrwa',null,'2payitem-000026','class_item','2017-09-19 18:48:28','68',0)
go


insert into md_class(accessorclassname,bizitfimpclassname,classtype,componentid,createtime,creator,defaulttablename,description,displayname,dr,fixedlength,fullclassname,help,id,industry,isactive,isauthen,iscreatesql,isextendbean,isprimary,keyattribute,modifier,modifytime,modinfoclassname,name,parentclassid,precise,refmodelname,resid,returntype,stereotype,ts,userdefclassname,versiontype) values( null,null,203,'ead4535a-b34d-4135-aaa7-069a2db8152b','2010-06-18 13:37:56',null,'enum',null,'舍位方式',0,null,'nc.vo.wa.classitem.RoundTypeEnum',null,'a0fbca21-fc66-4b7a-ad0a-15d643cc0ba6','0',null,null,null,null,'N',null,'YONYOU NC','2017-09-08 17:49:15',null,'enum',null,null,null,'2payitem-000004','BS000010000100001004',null,'2017-09-19 18:48:28',null,0)
go
insert into md_class(accessorclassname,bizitfimpclassname,classtype,componentid,createtime,creator,defaulttablename,description,displayname,dr,fixedlength,fullclassname,help,id,industry,isactive,isauthen,iscreatesql,isextendbean,isprimary,keyattribute,modifier,modifytime,modinfoclassname,name,parentclassid,precise,refmodelname,resid,returntype,stereotype,ts,userdefclassname,versiontype) values( 'nc.md.model.access.javamap.NCBeanStyle',null,201,'ead4535a-b34d-4135-aaa7-069a2db8152b','2009-12-03 09:38:36',null,'wa_classitem',null,'薪资发放项目',0,null,'nc.vo.wa.classitem.WaClassItemVO','BDMODE,URC','e2d14b43-c222-42c9-aede-325dcd2f997a','0',null,'Y','Y',null,'Y','d6840134-5338-4a2e-8990-61086152875a','YONYOU NC','2017-09-08 18:22:40',null,'wa_classitem',null,null,'薪资发放项目;薪资结转项目','2payitem-000026',null,null,'2017-09-19 18:48:28',null,0)
go


insert into md_enumvalue(description,dr,enumsequence,hidden,id,industry,name,resid,ts,value,versiontype) values( 'round',0,0,'N','a0fbca21-fc66-4b7a-ad0a-15d643cc0ba6','0','四舍五入','2payitem-000005','2017-09-19 18:48:28','0',0)
go
insert into md_enumvalue(description,dr,enumsequence,hidden,id,industry,name,resid,ts,value,versiontype) values( 'addOne',0,1,'N','a0fbca21-fc66-4b7a-ad0a-15d643cc0ba6','0','进位','2payitem-000003','2017-09-19 18:48:28','1',0)
go
insert into md_enumvalue(description,dr,enumsequence,hidden,id,industry,name,resid,ts,value,versiontype) values( 'subDigit',0,2,'N','a0fbca21-fc66-4b7a-ad0a-15d643cc0ba6','0','舍位','2payitem-000000','2017-09-19 18:48:28','2',0)
go


insert into md_bizitfmap(bizinterfaceid,bizitfimpclassname,classattrid,classattrpath,classid,dr,industry,intattrid,ts,versiontype) values( '6c8722b9-911a-489b-8d0d-18bd3734fcf6',null,'d6840134-5338-4a2e-8990-61086152875a',null,'e2d14b43-c222-42c9-aede-325dcd2f997a',0,null,'5dd3c721-22ad-42b1-9c10-4351c236bc77','2017-09-19 18:48:28',null)
go
insert into md_bizitfmap(bizinterfaceid,bizitfimpclassname,classattrid,classattrpath,classid,dr,industry,intattrid,ts,versiontype) values( '6c8722b9-911a-489b-8d0d-18bd3734fcf6',null,'20ecc075-068f-4121-ac68-85cb000cd6a9',null,'e2d14b43-c222-42c9-aede-325dcd2f997a',0,null,'89578a97-42fe-439b-827c-8eabd9e3604c','2017-09-19 18:48:28',null)
go
insert into md_bizitfmap(bizinterfaceid,bizitfimpclassname,classattrid,classattrpath,classid,dr,industry,intattrid,ts,versiontype) values( '6c8722b9-911a-489b-8d0d-18bd3734fcf6',null,'9a3d90e3-53ca-42f2-bc2a-e4d4aa94202b',null,'e2d14b43-c222-42c9-aede-325dcd2f997a',0,null,'a47e6cda-09e4-480b-923f-ec6f41e3e06c','2017-09-19 18:48:28',null)
go
insert into md_bizitfmap(bizinterfaceid,bizitfimpclassname,classattrid,classattrpath,classid,dr,industry,intattrid,ts,versiontype) values( '6c8722b9-911a-489b-8d0d-18bd3734fcf6',null,null,null,'e2d14b43-c222-42c9-aede-325dcd2f997a',0,null,'c8334364-7ab9-4266-8d4b-e74537935e46','2017-09-19 18:48:28',null)
go
insert into md_bizitfmap(bizinterfaceid,bizitfimpclassname,classattrid,classattrpath,classid,dr,industry,intattrid,ts,versiontype) values( '6c8722b9-911a-489b-8d0d-18bd3734fcf6',null,null,null,'e2d14b43-c222-42c9-aede-325dcd2f997a',0,null,'d32cc17b-f415-415a-923f-0764443eb102','2017-09-19 18:48:28',null)
go
insert into md_bizitfmap(bizinterfaceid,bizitfimpclassname,classattrid,classattrpath,classid,dr,industry,intattrid,ts,versiontype) values( '6c8722b9-911a-489b-8d0d-18bd3734fcf6',null,'251343e7-7096-4cf2-96f7-85f772e86c90',null,'e2d14b43-c222-42c9-aede-325dcd2f997a',0,null,'ecf1b76a-6e44-42e2-a55e-87596504775b','2017-09-19 18:48:28',null)
go


insert into md_ormap(attributeid,classid,columnid,dr,tableid,ts) values( '0def4235-dd6a-4c05-9067-b8caa9bab67f','e2d14b43-c222-42c9-aede-325dcd2f997a','wa_classitem@@@psnceilflag',0,'wa_classitem','2017-09-19 18:48:29')
go
insert into md_ormap(attributeid,classid,columnid,dr,tableid,ts) values( '0f51c6ca-f740-404c-94d7-fd8662f9fa49','e2d14b43-c222-42c9-aede-325dcd2f997a','wa_classitem@@@round_type',0,'wa_classitem','2017-09-19 18:48:29')
go
insert into md_ormap(attributeid,classid,columnid,dr,tableid,ts) values( '14b43f7e-2efb-4959-a258-fa7557ecd370','e2d14b43-c222-42c9-aede-325dcd2f997a','wa_classitem@@@def15',0,'wa_classitem','2017-09-19 18:48:29')
go
insert into md_ormap(attributeid,classid,columnid,dr,tableid,ts) values( '171c84c8-9170-4bb1-b20b-e33f3369bc0d','e2d14b43-c222-42c9-aede-325dcd2f997a','wa_classitem@@@clearflag',0,'wa_classitem','2017-09-19 18:48:29')
go
insert into md_ormap(attributeid,classid,columnid,dr,tableid,ts) values( '1fb5f695-0bce-4fb4-a5eb-cf41d19ee73f','e2d14b43-c222-42c9-aede-325dcd2f997a','wa_classitem@@@def4',0,'wa_classitem','2017-09-19 18:48:29')
go
insert into md_ormap(attributeid,classid,columnid,dr,tableid,ts) values( '203c1bb0-775c-4ec3-b30d-9ea29af118a1','e2d14b43-c222-42c9-aede-325dcd2f997a','wa_classitem@@@icomputeseq',0,'wa_classitem','2017-09-19 18:48:29')
go
insert into md_ormap(attributeid,classid,columnid,dr,tableid,ts) values( '20ecc075-068f-4121-ac68-85cb000cd6a9','e2d14b43-c222-42c9-aede-325dcd2f997a','wa_classitem@@@name',0,'wa_classitem','2017-09-19 18:48:29')
go
insert into md_ormap(attributeid,classid,columnid,dr,tableid,ts) values( '23b2d417-25bf-4edd-960d-80da7a4931d1','e2d14b43-c222-42c9-aede-325dcd2f997a','wa_classitem@@@sumfloorflag',0,'wa_classitem','2017-09-19 18:48:29')
go
insert into md_ormap(attributeid,classid,columnid,dr,tableid,ts) values( '251343e7-7096-4cf2-96f7-85f772e86c90','e2d14b43-c222-42c9-aede-325dcd2f997a','wa_classitem@@@pk_org',0,'wa_classitem','2017-09-19 18:48:29')
go
insert into md_ormap(attributeid,classid,columnid,dr,tableid,ts) values( '29cf916f-9e28-4427-a74d-7656b8cc24ba','e2d14b43-c222-42c9-aede-325dcd2f997a','wa_classitem@@@ifromflag',0,'wa_classitem','2017-09-19 18:48:29')
go
insert into md_ormap(attributeid,classid,columnid,dr,tableid,ts) values( '2bfcd5fe-3433-4a9a-869e-4f140cf50929','e2d14b43-c222-42c9-aede-325dcd2f997a','wa_classitem@@@def1',0,'wa_classitem','2017-09-19 18:48:29')
go
insert into md_ormap(attributeid,classid,columnid,dr,tableid,ts) values( '2c6140e4-754b-4a40-9061-f2e5c6c7c4c1','e2d14b43-c222-42c9-aede-325dcd2f997a','wa_classitem@@@istransfer',0,'wa_classitem','2017-09-19 18:48:29')
go
insert into md_ormap(attributeid,classid,columnid,dr,tableid,ts) values( '304ba677-ad07-4302-88c5-949963a4b407','e2d14b43-c222-42c9-aede-325dcd2f997a','wa_classitem@@@modifiedtime',0,'wa_classitem','2017-09-19 18:48:29')
go
insert into md_ormap(attributeid,classid,columnid,dr,tableid,ts) values( '309c8cdd-dbec-475f-9b72-214549bd55de','e2d14b43-c222-42c9-aede-325dcd2f997a','wa_classitem@@@def3',0,'wa_classitem','2017-09-19 18:48:29')
go
insert into md_ormap(attributeid,classid,columnid,dr,tableid,ts) values( '34408dc4-ac78-43cd-9523-fec37c40b50c','e2d14b43-c222-42c9-aede-325dcd2f997a','wa_classitem@@@inapproveditem',0,'wa_classitem','2017-09-19 18:48:29')
go
insert into md_ormap(attributeid,classid,columnid,dr,tableid,ts) values( '34ea721a-20d2-4bb2-8879-9d9661e779e5','e2d14b43-c222-42c9-aede-325dcd2f997a','wa_classitem@@@nsumfloor',0,'wa_classitem','2017-09-19 18:48:29')
go
insert into md_ormap(attributeid,classid,columnid,dr,tableid,ts) values( '372401a3-dc38-4268-9348-3f788a495f39','e2d14b43-c222-42c9-aede-325dcd2f997a','wa_classitem@@@def17',0,'wa_classitem','2017-09-19 18:48:29')
go
insert into md_ormap(attributeid,classid,columnid,dr,tableid,ts) values( '392ed6a9-bf29-4f5f-b083-23fa57af7e14','e2d14b43-c222-42c9-aede-325dcd2f997a','wa_classitem@@@sumceilflag',0,'wa_classitem','2017-09-19 18:48:29')
go
insert into md_ormap(attributeid,classid,columnid,dr,tableid,ts) values( '3e75d800-1e66-41a7-98cb-1f4c1678c165','e2d14b43-c222-42c9-aede-325dcd2f997a','wa_classitem@@@iflddecimal',0,'wa_classitem','2017-09-19 18:48:29')
go
insert into md_ormap(attributeid,classid,columnid,dr,tableid,ts) values( '3f4a71c6-e65d-405a-97f1-d076fcd6a404','e2d14b43-c222-42c9-aede-325dcd2f997a','wa_classitem@@@issysformula',0,'wa_classitem','2017-09-19 18:48:29')
go
insert into md_ormap(attributeid,classid,columnid,dr,tableid,ts) values( '437bcb2b-4ebe-4e8b-9166-76ced11b3930','e2d14b43-c222-42c9-aede-325dcd2f997a','wa_classitem@@@creationtime',0,'wa_classitem','2017-09-19 18:48:29')
go
insert into md_ormap(attributeid,classid,columnid,dr,tableid,ts) values( '461115b8-4aaa-481a-acd8-afa0dc25fb2a','e2d14b43-c222-42c9-aede-325dcd2f997a','wa_classitem@@@idisplayseq',0,'wa_classitem','2017-09-19 18:48:29')
go
insert into md_ormap(attributeid,classid,columnid,dr,tableid,ts) values( '4696f3b7-18bc-4824-9196-94ce111da8a7','e2d14b43-c222-42c9-aede-325dcd2f997a','wa_classitem@@@def19',0,'wa_classitem','2017-09-19 18:48:29')
go
insert into md_ormap(attributeid,classid,columnid,dr,tableid,ts) values( '46f6e5e0-e11d-473a-9381-550533fabe6b','e2d14b43-c222-42c9-aede-325dcd2f997a','wa_classitem@@@taxflag',0,'wa_classitem','2017-09-19 18:48:29')
go
insert into md_ormap(attributeid,classid,columnid,dr,tableid,ts) values( '511e27c2-b3a1-4db2-af79-21df1bb5dd33','e2d14b43-c222-42c9-aede-325dcd2f997a','wa_classitem@@@def9',0,'wa_classitem','2017-09-19 18:48:29')
go
insert into md_ormap(attributeid,classid,columnid,dr,tableid,ts) values( '59f6bba5-e79d-46ec-b859-2c80ccc9e8c0','e2d14b43-c222-42c9-aede-325dcd2f997a','wa_classitem@@@npsnceil',0,'wa_classitem','2017-09-19 18:48:29')
go
insert into md_ormap(attributeid,classid,columnid,dr,tableid,ts) values( '5aa0d91a-b790-4a39-950a-c28f6082245a','e2d14b43-c222-42c9-aede-325dcd2f997a','wa_classitem@@@npsnfloor',0,'wa_classitem','2017-09-19 18:48:29')
go
insert into md_ormap(attributeid,classid,columnid,dr,tableid,ts) values( '62972db6-97c0-4da9-8f54-b1adf2b69f60','e2d14b43-c222-42c9-aede-325dcd2f997a','wa_classitem@@@vformula',0,'wa_classitem','2017-09-19 18:48:29')
go
insert into md_ormap(attributeid,classid,columnid,dr,tableid,ts) values( '6830b74f-7f1a-460c-8c1a-4672d3103018','e2d14b43-c222-42c9-aede-325dcd2f997a','wa_classitem@@@destitempk',0,'wa_classitem','2017-09-19 18:48:29')
go
insert into md_ormap(attributeid,classid,columnid,dr,tableid,ts) values( '69ef5177-0607-4fec-bc39-b342dedf3349','e2d14b43-c222-42c9-aede-325dcd2f997a','wa_classitem@@@modifier',0,'wa_classitem','2017-09-19 18:48:29')
go
insert into md_ormap(attributeid,classid,columnid,dr,tableid,ts) values( '6abe966a-ea5a-4f74-9371-0dd4de87e05f','e2d14b43-c222-42c9-aede-325dcd2f997a','wa_classitem@@@vformulastr',0,'wa_classitem','2017-09-19 18:48:29')
go
insert into md_ormap(attributeid,classid,columnid,dr,tableid,ts) values( '72148d0f-e155-450f-9090-fab8e8ff1c10','e2d14b43-c222-42c9-aede-325dcd2f997a','wa_classitem@@@creator',0,'wa_classitem','2017-09-19 18:48:29')
go
insert into md_ormap(attributeid,classid,columnid,dr,tableid,ts) values( '7ac3d055-81a7-49b4-8e1c-07f0fa341d9e','e2d14b43-c222-42c9-aede-325dcd2f997a','wa_classitem@@@category_id',0,'wa_classitem','2017-09-19 18:48:29')
go
insert into md_ormap(attributeid,classid,columnid,dr,tableid,ts) values( '831bbb17-8a98-4ddf-bfac-b3a34fe6e15f','e2d14b43-c222-42c9-aede-325dcd2f997a','wa_classitem@@@cperiod',0,'wa_classitem','2017-09-19 18:48:29')
go
insert into md_ormap(attributeid,classid,columnid,dr,tableid,ts) values( '8785d6b3-b1d9-43b0-89ff-ada8156b8399','e2d14b43-c222-42c9-aede-325dcd2f997a','wa_classitem@@@def16',0,'wa_classitem','2017-09-19 18:48:29')
go
insert into md_ormap(attributeid,classid,columnid,dr,tableid,ts) values( '8d63e507-e652-4ffd-9413-4ccbd918a67d','e2d14b43-c222-42c9-aede-325dcd2f997a','wa_classitem@@@showflag',0,'wa_classitem','2017-09-19 18:48:29')
go
insert into md_ormap(attributeid,classid,columnid,dr,tableid,ts) values( '8e001fa9-38a0-4ce9-b136-25e782afd5cd','e2d14b43-c222-42c9-aede-325dcd2f997a','wa_classitem@@@def12',0,'wa_classitem','2017-09-19 18:48:29')
go
insert into md_ormap(attributeid,classid,columnid,dr,tableid,ts) values( '94b70d88-a670-4ce8-9b06-48de0cee18d7','e2d14b43-c222-42c9-aede-325dcd2f997a','wa_classitem@@@cyear',0,'wa_classitem','2017-09-19 18:48:29')
go
insert into md_ormap(attributeid,classid,columnid,dr,tableid,ts) values( '94fdd4e7-14ec-4b16-8248-8cdebfb891a7','e2d14b43-c222-42c9-aede-325dcd2f997a','wa_classitem@@@itemkey',0,'wa_classitem','2017-09-19 18:48:29')
go
insert into md_ormap(attributeid,classid,columnid,dr,tableid,ts) values( '9a3d90e3-53ca-42f2-bc2a-e4d4aa94202b','e2d14b43-c222-42c9-aede-325dcd2f997a','wa_classitem@@@pk_group',0,'wa_classitem','2017-09-19 18:48:29')
go
insert into md_ormap(attributeid,classid,columnid,dr,tableid,ts) values( '9d641afb-5d27-4f66-a6a8-5dc8460ebd05','e2d14b43-c222-42c9-aede-325dcd2f997a','wa_classitem@@@nsumceil',0,'wa_classitem','2017-09-19 18:48:29')
go
insert into md_ormap(attributeid,classid,columnid,dr,tableid,ts) values( 'a15fa53e-c6e1-47e3-bc88-badc62ea016f','e2d14b43-c222-42c9-aede-325dcd2f997a','wa_classitem@@@def20',0,'wa_classitem','2017-09-19 18:48:29')
go
insert into md_ormap(attributeid,classid,columnid,dr,tableid,ts) values( 'a7474889-6104-4696-99fd-4fd8c7168b01','e2d14b43-c222-42c9-aede-325dcd2f997a','wa_classitem@@@def5',0,'wa_classitem','2017-09-19 18:48:29')
go
insert into md_ormap(attributeid,classid,columnid,dr,tableid,ts) values( 'b0583edc-4e96-4f9f-a067-c4ead6bce280','e2d14b43-c222-42c9-aede-325dcd2f997a','wa_classitem@@@def10',0,'wa_classitem','2017-09-19 18:48:29')
go
insert into md_ormap(attributeid,classid,columnid,dr,tableid,ts) values( 'b41034e6-b8da-4fca-afb8-d3c3c02f5a33','e2d14b43-c222-42c9-aede-325dcd2f997a','wa_classitem@@@def13',0,'wa_classitem','2017-09-19 18:48:29')
go
insert into md_ormap(attributeid,classid,columnid,dr,tableid,ts) values( 'bc4c7f48-f344-466b-a5e1-39df83b2750a','e2d14b43-c222-42c9-aede-325dcd2f997a','wa_classitem@@@def2',0,'wa_classitem','2017-09-19 18:48:29')
go
insert into md_ormap(attributeid,classid,columnid,dr,tableid,ts) values( 'c2bc7968-f500-48cf-9138-26d927260398','e2d14b43-c222-42c9-aede-325dcd2f997a','wa_classitem@@@def7',0,'wa_classitem','2017-09-19 18:48:29')
go
insert into md_ormap(attributeid,classid,columnid,dr,tableid,ts) values( 'c571c7be-5213-423e-bdb5-25ca093986a0','e2d14b43-c222-42c9-aede-325dcd2f997a','wa_classitem@@@psnfloorflag',0,'wa_classitem','2017-09-19 18:48:29')
go
insert into md_ormap(attributeid,classid,columnid,dr,tableid,ts) values( 'c75074e6-9ce1-43f8-a546-6b437c051014','e2d14b43-c222-42c9-aede-325dcd2f997a','wa_classitem@@@pk_wa_item',0,'wa_classitem','2017-09-19 18:48:29')
go
insert into md_ormap(attributeid,classid,columnid,dr,tableid,ts) values( 'd121fb84-c7c1-44f6-8152-51e6c43e780e','e2d14b43-c222-42c9-aede-325dcd2f997a','wa_classitem@@@def18',0,'wa_classitem','2017-09-19 18:48:29')
go
insert into md_ormap(attributeid,classid,columnid,dr,tableid,ts) values( 'd1a98e49-742b-405f-9729-50081857417e','e2d14b43-c222-42c9-aede-325dcd2f997a','wa_classitem@@@pk_wa_class',0,'wa_classitem','2017-09-19 18:48:29')
go
insert into md_ormap(attributeid,classid,columnid,dr,tableid,ts) values( 'd6840134-5338-4a2e-8990-61086152875a','e2d14b43-c222-42c9-aede-325dcd2f997a','wa_classitem@@PK@@',0,'wa_classitem','2017-09-19 18:48:29')
go
insert into md_ormap(attributeid,classid,columnid,dr,tableid,ts) values( 'de8c8caa-b7ca-4fbe-bc02-98ebf9094c2a','e2d14b43-c222-42c9-aede-325dcd2f997a','wa_classitem@@@destitemcol',0,'wa_classitem','2017-09-19 18:48:29')
go
insert into md_ormap(attributeid,classid,columnid,dr,tableid,ts) values( 'e7a7fc19-1449-4ba7-95a5-98e88813a15f','e2d14b43-c222-42c9-aede-325dcd2f997a','wa_classitem@@@def11',0,'wa_classitem','2017-09-19 18:48:29')
go
insert into md_ormap(attributeid,classid,columnid,dr,tableid,ts) values( 'e93db3d0-e6e0-42ca-ae4c-8f2978f8e566','e2d14b43-c222-42c9-aede-325dcd2f997a','wa_classitem@@@def8',0,'wa_classitem','2017-09-19 18:48:29')
go
insert into md_ormap(attributeid,classid,columnid,dr,tableid,ts) values( 'f652fa60-c2ba-4cf4-8660-bc2cf781be00','e2d14b43-c222-42c9-aede-325dcd2f997a','wa_classitem@@@def6',0,'wa_classitem','2017-09-19 18:48:29')
go
insert into md_ormap(attributeid,classid,columnid,dr,tableid,ts) values( 'fc031a66-2d47-43db-8122-46749dded3cc','e2d14b43-c222-42c9-aede-325dcd2f997a','wa_classitem@@@def14',0,'wa_classitem','2017-09-19 18:48:29')
go
insert into md_ormap(attributeid,classid,columnid,dr,tableid,ts) values( 'ff8e59da-33b8-4599-ba38-a32a9cd57996','e2d14b43-c222-42c9-aede-325dcd2f997a','wa_classitem@@@bankaccount',0,'wa_classitem','2017-09-19 18:48:29')
go


insert into md_table(createtime,creator,databaseid,description,displayname,dr,fromsourcebmf,help,id,industry,isactive,isextendtable,modifier,modifytime,name,parenttable,resid,resmodule,ts,versiontype) values( '2009-12-03 09:38:36',null,null,null,'薪资发放项目',0,'Y','BDMODE,URC','wa_classitem','0',null,null,'YONYOU NC','2017-09-08 18:22:40','wa_classitem',null,'2payitem-000026','class_item','2017-09-19 18:48:29',0)
go


insert into md_column(columnlength,columnsequence,columntype,createtime,creator,defaultvalue,description,displayname,dr,forlocale,groupid,help,id,identitied,incrementseed,incrementstep,isactive,modifier,modifytime,name,nullable,pkey,precise,resid,sqldatetype,tableid,ts,versiontype) values( 0,14,0,null,null,null,null,'银行账号',0,'N',null,null,'wa_classitem@@@bankaccount',null,null,null,'Y',null,null,'bankaccount','Y','N',0,'2payitem-000019','int','wa_classitem','2017-09-19 18:48:29',0)
go
insert into md_column(columnlength,columnsequence,columntype,createtime,creator,defaultvalue,description,displayname,dr,forlocale,groupid,help,id,identitied,incrementseed,incrementstep,isactive,modifier,modifytime,name,nullable,pkey,precise,resid,sqldatetype,tableid,ts,versiontype) values( 20,35,0,null,null,'*~',null,'项目分类',0,'N',null,null,'wa_classitem@@@category_id',null,null,null,'Y',null,null,'category_id','Y','N',0,'2payitem-000035','varchar','wa_classitem','2017-09-19 18:48:29',0)
go
insert into md_column(columnlength,columnsequence,columntype,createtime,creator,defaultvalue,description,displayname,dr,forlocale,groupid,help,id,identitied,incrementseed,incrementstep,isactive,modifier,modifytime,name,nullable,pkey,precise,resid,sqldatetype,tableid,ts,versiontype) values( 1,9,0,null,null,null,null,'下月清零',0,'N',null,null,'wa_classitem@@@clearflag',null,null,null,'Y',null,null,'clearflag','Y','N',0,'2payitem-000014','char','wa_classitem','2017-09-19 18:48:29',0)
go
insert into md_column(columnlength,columnsequence,columntype,createtime,creator,defaultvalue,description,displayname,dr,forlocale,groupid,help,id,identitied,incrementseed,incrementstep,isactive,modifier,modifytime,name,nullable,pkey,precise,resid,sqldatetype,tableid,ts,versiontype) values( 50,3,0,null,null,null,null,'薪资期间',0,'N',null,null,'wa_classitem@@@cperiod',null,null,null,'Y',null,null,'cperiod','Y','N',0,'2payitem-000013','varchar','wa_classitem','2017-09-19 18:48:29',0)
go
insert into md_column(columnlength,columnsequence,columntype,createtime,creator,defaultvalue,description,displayname,dr,forlocale,groupid,help,id,identitied,incrementseed,incrementstep,isactive,modifier,modifytime,name,nullable,pkey,precise,resid,sqldatetype,tableid,ts,versiontype) values( 19,32,0,null,null,null,null,'创建时间',0,'N',null,null,'wa_classitem@@@creationtime',null,null,null,'Y',null,null,'creationtime','Y','N',0,'2UC000-000157','char','wa_classitem','2017-09-19 18:48:29',0)
go
insert into md_column(columnlength,columnsequence,columntype,createtime,creator,defaultvalue,description,displayname,dr,forlocale,groupid,help,id,identitied,incrementseed,incrementstep,isactive,modifier,modifytime,name,nullable,pkey,precise,resid,sqldatetype,tableid,ts,versiontype) values( 20,31,0,null,null,'*~',null,'创建人',0,'N',null,null,'wa_classitem@@@creator',null,null,null,'Y',null,null,'creator','Y','N',0,'2UC000-000155','varchar','wa_classitem','2017-09-19 18:48:29',0)
go
insert into md_column(columnlength,columnsequence,columntype,createtime,creator,defaultvalue,description,displayname,dr,forlocale,groupid,help,id,identitied,incrementseed,incrementstep,isactive,modifier,modifytime,name,nullable,pkey,precise,resid,sqldatetype,tableid,ts,versiontype) values( 50,2,0,null,null,null,null,'薪资年度',0,'N',null,null,'wa_classitem@@@cyear',null,null,null,'Y',null,null,'cyear','Y','N',0,'2payitem-000006','varchar','wa_classitem','2017-09-19 18:48:29',0)
go
insert into md_column(columnlength,columnsequence,columntype,createtime,creator,defaultvalue,description,displayname,dr,forlocale,groupid,help,id,identitied,incrementseed,incrementstep,isactive,modifier,modifytime,name,nullable,pkey,precise,resid,sqldatetype,tableid,ts,versiontype) values( 101,42,0,null,null,null,null,'自定义项1',0,'N',null,null,'wa_classitem@@@def1',null,null,null,'Y',null,null,'def1','Y','N',0,'2UC000-000749','varchar','wa_classitem','2017-09-19 18:48:29',0)
go
insert into md_column(columnlength,columnsequence,columntype,createtime,creator,defaultvalue,description,displayname,dr,forlocale,groupid,help,id,identitied,incrementseed,incrementstep,isactive,modifier,modifytime,name,nullable,pkey,precise,resid,sqldatetype,tableid,ts,versiontype) values( 101,51,0,null,null,null,null,'自定义项10',0,'N',null,null,'wa_classitem@@@def10',null,null,null,'Y',null,null,'def10','Y','N',0,'2UC000-000750','varchar','wa_classitem','2017-09-19 18:48:29',0)
go
insert into md_column(columnlength,columnsequence,columntype,createtime,creator,defaultvalue,description,displayname,dr,forlocale,groupid,help,id,identitied,incrementseed,incrementstep,isactive,modifier,modifytime,name,nullable,pkey,precise,resid,sqldatetype,tableid,ts,versiontype) values( 101,52,0,null,null,null,null,'自定义项11',0,'N',null,null,'wa_classitem@@@def11',null,null,null,'Y',null,null,'def11','Y','N',0,'2UC000-000751','varchar','wa_classitem','2017-09-19 18:48:29',0)
go
insert into md_column(columnlength,columnsequence,columntype,createtime,creator,defaultvalue,description,displayname,dr,forlocale,groupid,help,id,identitied,incrementseed,incrementstep,isactive,modifier,modifytime,name,nullable,pkey,precise,resid,sqldatetype,tableid,ts,versiontype) values( 101,53,0,null,null,null,null,'自定义项12',0,'N',null,null,'wa_classitem@@@def12',null,null,null,'Y',null,null,'def12','Y','N',0,'2UC000-000752','varchar','wa_classitem','2017-09-19 18:48:29',0)
go
insert into md_column(columnlength,columnsequence,columntype,createtime,creator,defaultvalue,description,displayname,dr,forlocale,groupid,help,id,identitied,incrementseed,incrementstep,isactive,modifier,modifytime,name,nullable,pkey,precise,resid,sqldatetype,tableid,ts,versiontype) values( 101,54,0,null,null,null,null,'自定义项13',0,'N',null,null,'wa_classitem@@@def13',null,null,null,'Y',null,null,'def13','Y','N',0,'2UC000-000753','varchar','wa_classitem','2017-09-19 18:48:29',0)
go
insert into md_column(columnlength,columnsequence,columntype,createtime,creator,defaultvalue,description,displayname,dr,forlocale,groupid,help,id,identitied,incrementseed,incrementstep,isactive,modifier,modifytime,name,nullable,pkey,precise,resid,sqldatetype,tableid,ts,versiontype) values( 101,55,0,null,null,null,null,'自定义项14',0,'N',null,null,'wa_classitem@@@def14',null,null,null,'Y',null,null,'def14','Y','N',0,'2UC000-000754','varchar','wa_classitem','2017-09-19 18:48:29',0)
go
insert into md_column(columnlength,columnsequence,columntype,createtime,creator,defaultvalue,description,displayname,dr,forlocale,groupid,help,id,identitied,incrementseed,incrementstep,isactive,modifier,modifytime,name,nullable,pkey,precise,resid,sqldatetype,tableid,ts,versiontype) values( 101,56,0,null,null,null,null,'自定义项15',0,'N',null,null,'wa_classitem@@@def15',null,null,null,'Y',null,null,'def15','Y','N',0,'2UC000-000755','varchar','wa_classitem','2017-09-19 18:48:29',0)
go
insert into md_column(columnlength,columnsequence,columntype,createtime,creator,defaultvalue,description,displayname,dr,forlocale,groupid,help,id,identitied,incrementseed,incrementstep,isactive,modifier,modifytime,name,nullable,pkey,precise,resid,sqldatetype,tableid,ts,versiontype) values( 101,57,0,null,null,null,null,'自定义项16',0,'N',null,null,'wa_classitem@@@def16',null,null,null,'Y',null,null,'def16','Y','N',0,'2UC000-000756','varchar','wa_classitem','2017-09-19 18:48:29',0)
go
insert into md_column(columnlength,columnsequence,columntype,createtime,creator,defaultvalue,description,displayname,dr,forlocale,groupid,help,id,identitied,incrementseed,incrementstep,isactive,modifier,modifytime,name,nullable,pkey,precise,resid,sqldatetype,tableid,ts,versiontype) values( 101,58,0,null,null,null,null,'自定义项17',0,'N',null,null,'wa_classitem@@@def17',null,null,null,'Y',null,null,'def17','Y','N',0,'2UC000-000757','varchar','wa_classitem','2017-09-19 18:48:29',0)
go
insert into md_column(columnlength,columnsequence,columntype,createtime,creator,defaultvalue,description,displayname,dr,forlocale,groupid,help,id,identitied,incrementseed,incrementstep,isactive,modifier,modifytime,name,nullable,pkey,precise,resid,sqldatetype,tableid,ts,versiontype) values( 101,59,0,null,null,null,null,'自定义项18',0,'N',null,null,'wa_classitem@@@def18',null,null,null,'Y',null,null,'def18','Y','N',0,'2UC000-000758','varchar','wa_classitem','2017-09-19 18:48:29',0)
go
insert into md_column(columnlength,columnsequence,columntype,createtime,creator,defaultvalue,description,displayname,dr,forlocale,groupid,help,id,identitied,incrementseed,incrementstep,isactive,modifier,modifytime,name,nullable,pkey,precise,resid,sqldatetype,tableid,ts,versiontype) values( 101,60,0,null,null,null,null,'自定义项19',0,'N',null,null,'wa_classitem@@@def19',null,null,null,'Y',null,null,'def19','Y','N',0,'2UC000-000759','varchar','wa_classitem','2017-09-19 18:48:29',0)
go
insert into md_column(columnlength,columnsequence,columntype,createtime,creator,defaultvalue,description,displayname,dr,forlocale,groupid,help,id,identitied,incrementseed,incrementstep,isactive,modifier,modifytime,name,nullable,pkey,precise,resid,sqldatetype,tableid,ts,versiontype) values( 101,43,0,null,null,null,null,'自定义项2',0,'N',null,null,'wa_classitem@@@def2',null,null,null,'Y',null,null,'def2','Y','N',0,'2UC000-000760','varchar','wa_classitem','2017-09-19 18:48:29',0)
go
insert into md_column(columnlength,columnsequence,columntype,createtime,creator,defaultvalue,description,displayname,dr,forlocale,groupid,help,id,identitied,incrementseed,incrementstep,isactive,modifier,modifytime,name,nullable,pkey,precise,resid,sqldatetype,tableid,ts,versiontype) values( 101,61,0,null,null,null,null,'自定义项20',0,'N',null,null,'wa_classitem@@@def20',null,null,null,'Y',null,null,'def20','Y','N',0,'2UC000-000761','varchar','wa_classitem','2017-09-19 18:48:29',0)
go
insert into md_column(columnlength,columnsequence,columntype,createtime,creator,defaultvalue,description,displayname,dr,forlocale,groupid,help,id,identitied,incrementseed,incrementstep,isactive,modifier,modifytime,name,nullable,pkey,precise,resid,sqldatetype,tableid,ts,versiontype) values( 101,44,0,null,null,null,null,'自定义项3',0,'N',null,null,'wa_classitem@@@def3',null,null,null,'Y',null,null,'def3','Y','N',0,'2UC000-000771','varchar','wa_classitem','2017-09-19 18:48:29',0)
go
insert into md_column(columnlength,columnsequence,columntype,createtime,creator,defaultvalue,description,displayname,dr,forlocale,groupid,help,id,identitied,incrementseed,incrementstep,isactive,modifier,modifytime,name,nullable,pkey,precise,resid,sqldatetype,tableid,ts,versiontype) values( 101,45,0,null,null,null,null,'自定义项4',0,'N',null,null,'wa_classitem@@@def4',null,null,null,'Y',null,null,'def4','Y','N',0,'2UC000-000782','varchar','wa_classitem','2017-09-19 18:48:29',0)
go
insert into md_column(columnlength,columnsequence,columntype,createtime,creator,defaultvalue,description,displayname,dr,forlocale,groupid,help,id,identitied,incrementseed,incrementstep,isactive,modifier,modifytime,name,nullable,pkey,precise,resid,sqldatetype,tableid,ts,versiontype) values( 101,46,0,null,null,null,null,'自定义项5',0,'N',null,null,'wa_classitem@@@def5',null,null,null,'Y',null,null,'def5','Y','N',0,'2UC000-000784','varchar','wa_classitem','2017-09-19 18:48:29',0)
go
insert into md_column(columnlength,columnsequence,columntype,createtime,creator,defaultvalue,description,displayname,dr,forlocale,groupid,help,id,identitied,incrementseed,incrementstep,isactive,modifier,modifytime,name,nullable,pkey,precise,resid,sqldatetype,tableid,ts,versiontype) values( 101,47,0,null,null,null,null,'自定义项6',0,'N',null,null,'wa_classitem@@@def6',null,null,null,'Y',null,null,'def6','Y','N',0,'2UC000-000785','varchar','wa_classitem','2017-09-19 18:48:29',0)
go
insert into md_column(columnlength,columnsequence,columntype,createtime,creator,defaultvalue,description,displayname,dr,forlocale,groupid,help,id,identitied,incrementseed,incrementstep,isactive,modifier,modifytime,name,nullable,pkey,precise,resid,sqldatetype,tableid,ts,versiontype) values( 101,48,0,null,null,null,null,'自定义项7',0,'N',null,null,'wa_classitem@@@def7',null,null,null,'Y',null,null,'def7','Y','N',0,'2UC000-000786','varchar','wa_classitem','2017-09-19 18:48:29',0)
go
insert into md_column(columnlength,columnsequence,columntype,createtime,creator,defaultvalue,description,displayname,dr,forlocale,groupid,help,id,identitied,incrementseed,incrementstep,isactive,modifier,modifytime,name,nullable,pkey,precise,resid,sqldatetype,tableid,ts,versiontype) values( 101,49,0,null,null,null,null,'自定义项8',0,'N',null,null,'wa_classitem@@@def8',null,null,null,'Y',null,null,'def8','Y','N',0,'2UC000-000787','varchar','wa_classitem','2017-09-19 18:48:29',0)
go
insert into md_column(columnlength,columnsequence,columntype,createtime,creator,defaultvalue,description,displayname,dr,forlocale,groupid,help,id,identitied,incrementseed,incrementstep,isactive,modifier,modifytime,name,nullable,pkey,precise,resid,sqldatetype,tableid,ts,versiontype) values( 101,50,0,null,null,null,null,'自定义项9',0,'N',null,null,'wa_classitem@@@def9',null,null,null,'Y',null,null,'def9','Y','N',0,'2UC000-000788','varchar','wa_classitem','2017-09-19 18:48:29',0)
go
insert into md_column(columnlength,columnsequence,columntype,createtime,creator,defaultvalue,description,displayname,dr,forlocale,groupid,help,id,identitied,incrementseed,incrementstep,isactive,modifier,modifytime,name,nullable,pkey,precise,resid,sqldatetype,tableid,ts,versiontype) values( 5,16,0,null,null,null,null,'结转目标项目列名',0,'N',null,null,'wa_classitem@@@destitemcol',null,null,null,'Y',null,null,'destitemcol','Y','N',0,'2payitem-000007','varchar','wa_classitem','2017-09-19 18:48:29',0)
go
insert into md_column(columnlength,columnsequence,columntype,createtime,creator,defaultvalue,description,displayname,dr,forlocale,groupid,help,id,identitied,incrementseed,incrementstep,isactive,modifier,modifytime,name,nullable,pkey,precise,resid,sqldatetype,tableid,ts,versiontype) values( 20,15,0,null,null,'*~',null,'下期结转至',0,'N',null,null,'wa_classitem@@@destitempk',null,null,null,'Y',null,null,'destitempk','Y','N',0,'2payitem-000032','varchar','wa_classitem','2017-09-19 18:48:29',0)
go
insert into md_column(columnlength,columnsequence,columntype,createtime,creator,defaultvalue,description,displayname,dr,forlocale,groupid,help,id,identitied,incrementseed,incrementstep,isactive,modifier,modifytime,name,nullable,pkey,precise,resid,sqldatetype,tableid,ts,versiontype) values( 0,12,0,null,null,null,null,'计算顺序',0,'N',null,null,'wa_classitem@@@icomputeseq',null,null,null,'Y',null,null,'icomputeseq','Y','N',0,'2payitem-000018','int','wa_classitem','2017-09-19 18:48:29',0)
go
insert into md_column(columnlength,columnsequence,columntype,createtime,creator,defaultvalue,description,displayname,dr,forlocale,groupid,help,id,identitied,incrementseed,incrementstep,isactive,modifier,modifytime,name,nullable,pkey,precise,resid,sqldatetype,tableid,ts,versiontype) values( 0,13,0,null,null,null,null,'显示顺序',0,'N',null,null,'wa_classitem@@@idisplayseq',null,null,null,'Y',null,null,'idisplayseq','Y','N',0,'2UC000-000489','int','wa_classitem','2017-09-19 18:48:29',0)
go
insert into md_column(columnlength,columnsequence,columntype,createtime,creator,defaultvalue,description,displayname,dr,forlocale,groupid,help,id,identitied,incrementseed,incrementstep,isactive,modifier,modifytime,name,nullable,pkey,precise,resid,sqldatetype,tableid,ts,versiontype) values( 0,40,0,null,null,null,null,'小数位数',0,'N',null,null,'wa_classitem@@@iflddecimal',null,null,null,'Y',null,null,'iflddecimal','Y','N',0,'2payitem-000002','int','wa_classitem','2017-09-19 18:48:29',0)
go
insert into md_column(columnlength,columnsequence,columntype,createtime,creator,defaultvalue,description,displayname,dr,forlocale,groupid,help,id,identitied,incrementseed,incrementstep,isactive,modifier,modifytime,name,nullable,pkey,precise,resid,sqldatetype,tableid,ts,versiontype) values( 0,7,0,null,null,null,null,'数据来源',0,'N',null,null,'wa_classitem@@@ifromflag',null,null,null,'Y',null,null,'ifromflag','Y','N',0,'2UC000-000455','int','wa_classitem','2017-09-19 18:48:29',0)
go
insert into md_column(columnlength,columnsequence,columntype,createtime,creator,defaultvalue,description,displayname,dr,forlocale,groupid,help,id,identitied,incrementseed,incrementstep,isactive,modifier,modifytime,name,nullable,pkey,precise,resid,sqldatetype,tableid,ts,versiontype) values( 1,30,0,null,null,null,null,'审批项目',0,'N',null,null,'wa_classitem@@@inapproveditem',null,null,null,'Y',null,null,'inapproveditem','Y','N',0,'2payitem-000022','char','wa_classitem','2017-09-19 18:48:29',0)
go
insert into md_column(columnlength,columnsequence,columntype,createtime,creator,defaultvalue,description,displayname,dr,forlocale,groupid,help,id,identitied,incrementseed,incrementstep,isactive,modifier,modifytime,name,nullable,pkey,precise,resid,sqldatetype,tableid,ts,versiontype) values( 1,22,0,null,null,null,null,'系统默认公式',0,'N',null,null,'wa_classitem@@@issysformula',null,null,null,'Y',null,null,'issysformula','Y','N',0,'2payitem-000020','char','wa_classitem','2017-09-19 18:48:29',0)
go
insert into md_column(columnlength,columnsequence,columntype,createtime,creator,defaultvalue,description,displayname,dr,forlocale,groupid,help,id,identitied,incrementseed,incrementstep,isactive,modifier,modifytime,name,nullable,pkey,precise,resid,sqldatetype,tableid,ts,versiontype) values( 1,29,0,null,null,null,null,'是否结转',0,'N',null,null,'wa_classitem@@@istransfer',null,null,null,'Y',null,null,'istransfer','Y','N',0,'2payitem-000024','char','wa_classitem','2017-09-19 18:48:29',0)
go
insert into md_column(columnlength,columnsequence,columntype,createtime,creator,defaultvalue,description,displayname,dr,forlocale,groupid,help,id,identitied,incrementseed,incrementstep,isactive,modifier,modifytime,name,nullable,pkey,precise,resid,sqldatetype,tableid,ts,versiontype) values( 50,5,0,null,null,null,null,'公共薪资项目键值',0,'N',null,null,'wa_classitem@@@itemkey',null,null,null,'Y',null,null,'itemkey','Y','N',0,'2payitem-000021','varchar','wa_classitem','2017-09-19 18:48:29',0)
go
insert into md_column(columnlength,columnsequence,columntype,createtime,creator,defaultvalue,description,displayname,dr,forlocale,groupid,help,id,identitied,incrementseed,incrementstep,isactive,modifier,modifytime,name,nullable,pkey,precise,resid,sqldatetype,tableid,ts,versiontype) values( 19,34,0,null,null,null,null,'最后修改时间',0,'N',null,null,'wa_classitem@@@modifiedtime',null,null,null,'Y',null,null,'modifiedtime','Y','N',0,'2UC000-000491','char','wa_classitem','2017-09-19 18:48:29',0)
go
insert into md_column(columnlength,columnsequence,columntype,createtime,creator,defaultvalue,description,displayname,dr,forlocale,groupid,help,id,identitied,incrementseed,incrementstep,isactive,modifier,modifytime,name,nullable,pkey,precise,resid,sqldatetype,tableid,ts,versiontype) values( 20,33,0,null,null,'*~',null,'最后修改人',0,'N',null,null,'wa_classitem@@@modifier',null,null,null,'Y',null,null,'modifier','Y','N',0,'2UC000-000490','varchar','wa_classitem','2017-09-19 18:48:29',0)
go
insert into md_column(columnlength,columnsequence,columntype,createtime,creator,defaultvalue,description,displayname,dr,forlocale,groupid,help,id,identitied,incrementseed,incrementstep,isactive,modifier,modifytime,name,nullable,pkey,precise,resid,sqldatetype,tableid,ts,versiontype) values( 100,0,0,null,null,null,null,'发放项目名称',0,'Y','wa_classitem@@@name','URC','wa_classitem@@@name',null,null,null,'Y',null,null,'name','Y','N',0,'2payitem-000030','varchar','wa_classitem','2017-09-19 18:48:29',0)
go
insert into md_column(columnlength,columnsequence,columntype,createtime,creator,defaultvalue,description,displayname,dr,forlocale,groupid,help,id,identitied,incrementseed,incrementstep,isactive,modifier,modifytime,name,nullable,pkey,precise,resid,sqldatetype,tableid,ts,versiontype) values( 100,0,0,null,null,null,null,'发放项目名称2',0,'Y','wa_classitem@@@name','URC','wa_classitem@@@name2',null,null,null,'Y',null,null,'name2','Y','N',0,'2payitem-000030','varchar','wa_classitem','2017-09-19 18:48:29',0)
go
insert into md_column(columnlength,columnsequence,columntype,createtime,creator,defaultvalue,description,displayname,dr,forlocale,groupid,help,id,identitied,incrementseed,incrementstep,isactive,modifier,modifytime,name,nullable,pkey,precise,resid,sqldatetype,tableid,ts,versiontype) values( 100,0,0,null,null,null,null,'发放项目名称3',0,'Y','wa_classitem@@@name','URC','wa_classitem@@@name3',null,null,null,'Y',null,null,'name3','Y','N',0,'2payitem-000030','varchar','wa_classitem','2017-09-19 18:48:29',0)
go
insert into md_column(columnlength,columnsequence,columntype,createtime,creator,defaultvalue,description,displayname,dr,forlocale,groupid,help,id,identitied,incrementseed,incrementstep,isactive,modifier,modifytime,name,nullable,pkey,precise,resid,sqldatetype,tableid,ts,versiontype) values( 100,0,0,null,null,null,null,'发放项目名称4',0,'Y','wa_classitem@@@name','URC','wa_classitem@@@name4',null,null,null,'Y',null,null,'name4','Y','N',0,'2payitem-000030','varchar','wa_classitem','2017-09-19 18:48:29',0)
go
insert into md_column(columnlength,columnsequence,columntype,createtime,creator,defaultvalue,description,displayname,dr,forlocale,groupid,help,id,identitied,incrementseed,incrementstep,isactive,modifier,modifytime,name,nullable,pkey,precise,resid,sqldatetype,tableid,ts,versiontype) values( 100,0,0,null,null,null,null,'发放项目名称5',0,'Y','wa_classitem@@@name','URC','wa_classitem@@@name5',null,null,null,'Y',null,null,'name5','Y','N',0,'2payitem-000030','varchar','wa_classitem','2017-09-19 18:48:29',0)
go
insert into md_column(columnlength,columnsequence,columntype,createtime,creator,defaultvalue,description,displayname,dr,forlocale,groupid,help,id,identitied,incrementseed,incrementstep,isactive,modifier,modifytime,name,nullable,pkey,precise,resid,sqldatetype,tableid,ts,versiontype) values( 100,0,0,null,null,null,null,'发放项目名称6',0,'Y','wa_classitem@@@name','URC','wa_classitem@@@name6',null,null,null,'Y',null,null,'name6','Y','N',0,'2payitem-000030','varchar','wa_classitem','2017-09-19 18:48:29',0)
go
insert into md_column(columnlength,columnsequence,columntype,createtime,creator,defaultvalue,description,displayname,dr,forlocale,groupid,help,id,identitied,incrementseed,incrementstep,isactive,modifier,modifytime,name,nullable,pkey,precise,resid,sqldatetype,tableid,ts,versiontype) values( 31,19,0,null,null,null,null,'个人上限值',0,'N',null,null,'wa_classitem@@@npsnceil',null,null,null,'Y',null,null,'npsnceil','Y','N',8,'2payitem-000033','decimal','wa_classitem','2017-09-19 18:48:29',0)
go
insert into md_column(columnlength,columnsequence,columntype,createtime,creator,defaultvalue,description,displayname,dr,forlocale,groupid,help,id,identitied,incrementseed,incrementstep,isactive,modifier,modifytime,name,nullable,pkey,precise,resid,sqldatetype,tableid,ts,versiontype) values( 31,20,0,null,null,null,null,'个人下限值',0,'N',null,null,'wa_classitem@@@npsnfloor',null,null,null,'Y',null,null,'npsnfloor','Y','N',8,'2payitem-000023','decimal','wa_classitem','2017-09-19 18:48:29',0)
go
insert into md_column(columnlength,columnsequence,columntype,createtime,creator,defaultvalue,description,displayname,dr,forlocale,groupid,help,id,identitied,incrementseed,incrementstep,isactive,modifier,modifytime,name,nullable,pkey,precise,resid,sqldatetype,tableid,ts,versiontype) values( 31,17,0,null,null,null,null,'总额上限值',0,'N',null,null,'wa_classitem@@@nsumceil',null,null,null,'Y',null,null,'nsumceil','Y','N',8,'2payitem-000009','decimal','wa_classitem','2017-09-19 18:48:29',0)
go
insert into md_column(columnlength,columnsequence,columntype,createtime,creator,defaultvalue,description,displayname,dr,forlocale,groupid,help,id,identitied,incrementseed,incrementstep,isactive,modifier,modifytime,name,nullable,pkey,precise,resid,sqldatetype,tableid,ts,versiontype) values( 31,18,0,null,null,null,null,'总额下限值',0,'N',null,null,'wa_classitem@@@nsumfloor',null,null,null,'Y',null,null,'nsumfloor','Y','N',8,'2payitem-000008','decimal','wa_classitem','2017-09-19 18:48:29',0)
go
insert into md_column(columnlength,columnsequence,columntype,createtime,creator,defaultvalue,description,displayname,dr,forlocale,groupid,help,id,identitied,incrementseed,incrementstep,isactive,modifier,modifytime,name,nullable,pkey,precise,resid,sqldatetype,tableid,ts,versiontype) values( 20,28,0,null,null,'*~',null,'所属集团',0,'N',null,null,'wa_classitem@@@pk_group',null,null,null,'Y',null,null,'pk_group','Y','N',0,'2UC000-000367','varchar','wa_classitem','2017-09-19 18:48:29',0)
go
insert into md_column(columnlength,columnsequence,columntype,createtime,creator,defaultvalue,description,displayname,dr,forlocale,groupid,help,id,identitied,incrementseed,incrementstep,isactive,modifier,modifytime,name,nullable,pkey,precise,resid,sqldatetype,tableid,ts,versiontype) values( 20,27,0,null,null,'*~',null,'所属组织',0,'N',null,null,'wa_classitem@@@pk_org',null,null,null,'Y',null,null,'pk_org','Y','N',0,'2UC000-000360','varchar','wa_classitem','2017-09-19 18:48:29',0)
go
insert into md_column(columnlength,columnsequence,columntype,createtime,creator,defaultvalue,description,displayname,dr,forlocale,groupid,help,id,identitied,incrementseed,incrementstep,isactive,modifier,modifytime,name,nullable,pkey,precise,resid,sqldatetype,tableid,ts,versiontype) values( 20,1,0,null,null,'*~',null,'薪资类别',0,'N',null,null,'wa_classitem@@@pk_wa_class',null,null,null,'Y',null,null,'pk_wa_class','Y','N',0,'2payitem-000012','varchar','wa_classitem','2017-09-19 18:48:29',0)
go
insert into md_column(columnlength,columnsequence,columntype,createtime,creator,defaultvalue,description,displayname,dr,forlocale,groupid,help,id,identitied,incrementseed,incrementstep,isactive,modifier,modifytime,name,nullable,pkey,precise,resid,sqldatetype,tableid,ts,versiontype) values( 20,4,0,null,null,'*~',null,'公共项目名称',0,'N',null,null,'wa_classitem@@@pk_wa_item',null,null,null,'Y',null,null,'pk_wa_item','Y','N',0,'2payitem-000025','varchar','wa_classitem','2017-09-19 18:48:29',0)
go
insert into md_column(columnlength,columnsequence,columntype,createtime,creator,defaultvalue,description,displayname,dr,forlocale,groupid,help,id,identitied,incrementseed,incrementstep,isactive,modifier,modifytime,name,nullable,pkey,precise,resid,sqldatetype,tableid,ts,versiontype) values( 1,25,0,null,null,null,null,'个人上限控制标志',0,'N',null,null,'wa_classitem@@@psnceilflag',null,null,null,'Y',null,null,'psnceilflag','Y','N',0,'2payitem-000017','char','wa_classitem','2017-09-19 18:48:29',0)
go
insert into md_column(columnlength,columnsequence,columntype,createtime,creator,defaultvalue,description,displayname,dr,forlocale,groupid,help,id,identitied,incrementseed,incrementstep,isactive,modifier,modifytime,name,nullable,pkey,precise,resid,sqldatetype,tableid,ts,versiontype) values( 1,26,0,null,null,null,null,'个人下限控制标志',0,'N',null,null,'wa_classitem@@@psnfloorflag',null,null,null,'Y',null,null,'psnfloorflag','Y','N',0,'2payitem-000016','char','wa_classitem','2017-09-19 18:48:29',0)
go
insert into md_column(columnlength,columnsequence,columntype,createtime,creator,defaultvalue,description,displayname,dr,forlocale,groupid,help,id,identitied,incrementseed,incrementstep,isactive,modifier,modifytime,name,nullable,pkey,precise,resid,sqldatetype,tableid,ts,versiontype) values( 50,36,0,null,null,'0',null,'舍位方式',0,'N',null,null,'wa_classitem@@@round_type',null,null,null,'Y',null,null,'round_type','N','N',0,'2payitem-000004','int','wa_classitem','2017-09-19 18:48:29',0)
go
insert into md_column(columnlength,columnsequence,columntype,createtime,creator,defaultvalue,description,displayname,dr,forlocale,groupid,help,id,identitied,incrementseed,incrementstep,isactive,modifier,modifytime,name,nullable,pkey,precise,resid,sqldatetype,tableid,ts,versiontype) values( 1,21,0,null,null,null,null,'是否显示',0,'N',null,null,'wa_classitem@@@showflag',null,null,null,'Y',null,null,'showflag','Y','N',0,'2payitem-000015','char','wa_classitem','2017-09-19 18:48:29',0)
go
insert into md_column(columnlength,columnsequence,columntype,createtime,creator,defaultvalue,description,displayname,dr,forlocale,groupid,help,id,identitied,incrementseed,incrementstep,isactive,modifier,modifytime,name,nullable,pkey,precise,resid,sqldatetype,tableid,ts,versiontype) values( 1,23,0,null,null,null,null,'总额上限控制标志',0,'N',null,null,'wa_classitem@@@sumceilflag',null,null,null,'Y',null,null,'sumceilflag','Y','N',0,'2payitem-000036','char','wa_classitem','2017-09-19 18:48:29',0)
go
insert into md_column(columnlength,columnsequence,columntype,createtime,creator,defaultvalue,description,displayname,dr,forlocale,groupid,help,id,identitied,incrementseed,incrementstep,isactive,modifier,modifytime,name,nullable,pkey,precise,resid,sqldatetype,tableid,ts,versiontype) values( 1,24,0,null,null,null,null,'总额下限控制标志',0,'N',null,null,'wa_classitem@@@sumfloorflag',null,null,null,'Y',null,null,'sumfloorflag','Y','N',0,'2payitem-000028','char','wa_classitem','2017-09-19 18:48:29',0)
go
insert into md_column(columnlength,columnsequence,columntype,createtime,creator,defaultvalue,description,displayname,dr,forlocale,groupid,help,id,identitied,incrementseed,incrementstep,isactive,modifier,modifytime,name,nullable,pkey,precise,resid,sqldatetype,tableid,ts,versiontype) values( 1,8,0,null,null,null,null,'扣税标志',0,'N',null,null,'wa_classitem@@@taxflag',null,null,null,'Y',null,null,'taxflag','Y','N',0,'2payitem-000029','char','wa_classitem','2017-09-19 18:48:29',0)
go
insert into md_column(columnlength,columnsequence,columntype,createtime,creator,defaultvalue,description,displayname,dr,forlocale,groupid,help,id,identitied,incrementseed,incrementstep,isactive,modifier,modifytime,name,nullable,pkey,precise,resid,sqldatetype,tableid,ts,versiontype) values( 2500,10,0,null,null,null,null,'公式',0,'N',null,null,'wa_classitem@@@vformula',null,null,null,'Y',null,null,'vformula','Y','N',0,'2payitem-000011','varchar','wa_classitem','2017-09-19 18:48:29',0)
go
insert into md_column(columnlength,columnsequence,columntype,createtime,creator,defaultvalue,description,displayname,dr,forlocale,groupid,help,id,identitied,incrementseed,incrementstep,isactive,modifier,modifytime,name,nullable,pkey,precise,resid,sqldatetype,tableid,ts,versiontype) values( 2500,11,0,null,null,null,null,'公式显示',0,'N',null,null,'wa_classitem@@@vformulastr',null,null,null,'Y',null,null,'vformulastr','Y','N',0,'2payitem-000010','varchar','wa_classitem','2017-09-19 18:48:29',0)
go
insert into md_column(columnlength,columnsequence,columntype,createtime,creator,defaultvalue,description,displayname,dr,forlocale,groupid,help,id,identitied,incrementseed,incrementstep,isactive,modifier,modifytime,name,nullable,pkey,precise,resid,sqldatetype,tableid,ts,versiontype) values( 20,0,0,null,null,null,null,'薪资发放项目主键',0,'N',null,null,'wa_classitem@@PK@@',null,null,null,'Y',null,null,'pk_wa_classitem','N','Y',0,'2payitem-000031','char','wa_classitem','2017-09-19 18:48:29',0)
go


insert into md_db_relation(asstype,createtime,creator,description,displayname,dr,endcardinality,endfieldid,endtableid,help,id,isforeignkey,modifier,modifytime,name,resid,startattrid,startcardinality,startfieldid,starttableid,ts,versiontype) values( 3,null,null,null,'wa_taxforecast_wa_classitem',null,null,'wa_classitem@@PK@@','wa_classitem',null,'15823022-2164-41b6-b805-274f1a9fd369','N',null,null,'wa_taxforecast_wa_classitem',null,'d70c6819-432b-4d9b-8b71-3d3f922f4997',null,'wa_taxforecast@@@monthitem','wa_taxforecast','2017-06-14 19:11:30',0)
go
insert into md_db_relation(asstype,createtime,creator,description,displayname,dr,endcardinality,endfieldid,endtableid,help,id,isforeignkey,modifier,modifytime,name,resid,startattrid,startcardinality,startfieldid,starttableid,ts,versiontype) values( 3,null,null,null,'basedoc_wa_classitem',null,null,'wa_classitem@@PK@@','wa_classitem',null,'165b1eb8-a51b-4c86-8bbf-54cd0a9e685d','N',null,null,'basedoc_wa_classitem',null,'3942d234-9a35-4a3a-86bf-a8599a2cdf0a',null,'twhr_basedoc@@@waitemvalue','twhr_basedoc','2015-05-28 15:22:59',0)
go
insert into md_db_relation(asstype,createtime,creator,description,displayname,dr,endcardinality,endfieldid,endtableid,help,id,isforeignkey,modifier,modifytime,name,resid,startattrid,startcardinality,startfieldid,starttableid,ts,versiontype) values( 3,null,null,null,'amocond_wa_classitem',null,null,'wa_classitem@@PK@@','wa_classitem',null,'55a5fa36-c0d6-4fde-9e51-0be416e31078','N',null,null,'amocond_wa_classitem',null,'975b0409-3157-4204-a9d0-e5927d66b53e',null,'wa_amocond@@@pk_wa_item','wa_amocond','2017-06-14 19:11:23',0)
go
insert into md_db_relation(asstype,createtime,creator,description,displayname,dr,endcardinality,endfieldid,endtableid,help,id,isforeignkey,modifier,modifytime,name,resid,startattrid,startcardinality,startfieldid,starttableid,ts,versiontype) values( 3,null,null,null,'wa_taxforecast_wa_classitem',null,null,'wa_classitem@@PK@@','wa_classitem',null,'73d0b587-c39f-4b49-b452-c1d067a29bd7','N',null,null,'wa_taxforecast_wa_classitem',null,'11ed41eb-744c-4513-aa06-821bd388a2d9',null,'wa_taxforecast@@@yearitem','wa_taxforecast','2017-06-14 19:11:30',0)
go
insert into md_db_relation(asstype,createtime,creator,description,displayname,dr,endcardinality,endfieldid,endtableid,help,id,isforeignkey,modifier,modifytime,name,resid,startattrid,startcardinality,startfieldid,starttableid,ts,versiontype) values( 3,null,null,null,'wa_taxforecast_wa_classitem',null,null,'wa_classitem@@PK@@','wa_classitem',null,'7992016c-9039-41ef-8cda-10fb8f29f6a2','N',null,null,'wa_taxforecast_wa_classitem',null,'b0a38a09-ea1a-4a94-ae4b-614ad92d30e4',null,'wa_taxforecast@@@monthcount','wa_taxforecast','2017-06-14 19:11:30',0)
go
insert into md_db_relation(asstype,createtime,creator,description,displayname,dr,endcardinality,endfieldid,endtableid,help,id,isforeignkey,modifier,modifytime,name,resid,startattrid,startcardinality,startfieldid,starttableid,ts,versiontype) values( 3,null,null,null,'basedoc_wa_classitem',null,null,'wa_classitem@@PK@@','wa_classitem',null,'f7de8ff2-1550-4f8d-b3ac-d937b3823917','N',null,null,'basedoc_wa_classitem',null,'3942d234-9a35-4a3a-86bf-a8599a2cdf0a',null,'twhr_basedoc@@@waitemvalue','twhr_basedoc','2014-11-11 10:56:23',0)
go


insert into md_property(accessorclassname,accesspower,accesspowergroup,attrlength,attrmaxvalue,attrminvalue,attrsequence,calculation,classid,createindustry,createtime,creator,customattr,datatype,datatypestyle,defaultvalue,description,displayname,dr,dynamicattr,dynamictable,fixedlength,help,hided,id,industry,isactive,isauthen,modifier,modifytime,name,notserialize,nullable,precise,readonly,refmodelname,resid,ts,versiontype,visibility) values( null,'N',null,0,null,null,39,'Y','e2d14b43-c222-42c9-aede-325dcd2f997a',null,null,null,'N','BS000010000100001004',300,null,null,'数据长度',0,'N',null,'N',null,'N','0c953896-5655-4dd0-bb0f-8814ba4fb245','0','Y','Y',null,null,'ifldwidth','N','Y',0,'N',null,'2payitem-000027','2017-09-19 18:48:28',0,0)
go
insert into md_property(accessorclassname,accesspower,accesspowergroup,attrlength,attrmaxvalue,attrminvalue,attrsequence,calculation,classid,createindustry,createtime,creator,customattr,datatype,datatypestyle,defaultvalue,description,displayname,dr,dynamicattr,dynamictable,fixedlength,help,hided,id,industry,isactive,isauthen,modifier,modifytime,name,notserialize,nullable,precise,readonly,refmodelname,resid,ts,versiontype,visibility) values( null,'N',null,1,null,null,25,'N','e2d14b43-c222-42c9-aede-325dcd2f997a',null,null,null,'N','BS000010000100001032',300,null,null,'个人上限控制标志',0,'N',null,'N',null,'N','0def4235-dd6a-4c05-9067-b8caa9bab67f','0','Y','Y',null,null,'psnceilflag','N','Y',0,'N',null,'2payitem-000017','2017-09-19 18:48:28',0,0)
go
insert into md_property(accessorclassname,accesspower,accesspowergroup,attrlength,attrmaxvalue,attrminvalue,attrsequence,calculation,classid,createindustry,createtime,creator,customattr,datatype,datatypestyle,defaultvalue,description,displayname,dr,dynamicattr,dynamictable,fixedlength,help,hided,id,industry,isactive,isauthen,modifier,modifytime,name,notserialize,nullable,precise,readonly,refmodelname,resid,ts,versiontype,visibility) values( null,'N',null,50,null,null,36,'N','e2d14b43-c222-42c9-aede-325dcd2f997a',null,null,null,'N','a0fbca21-fc66-4b7a-ad0a-15d643cc0ba6',300,'0',null,'舍位方式',0,'N',null,'N',null,'N','0f51c6ca-f740-404c-94d7-fd8662f9fa49','0','Y','Y',null,null,'round_type','N','N',0,'N',null,'2payitem-000004','2017-09-19 18:48:28',0,0)
go
insert into md_property(accessorclassname,accesspower,accesspowergroup,attrlength,attrmaxvalue,attrminvalue,attrsequence,calculation,classid,createindustry,createtime,creator,customattr,datatype,datatypestyle,defaultvalue,description,displayname,dr,dynamicattr,dynamictable,fixedlength,help,hided,id,industry,isactive,isauthen,modifier,modifytime,name,notserialize,nullable,precise,readonly,refmodelname,resid,ts,versiontype,visibility) values( null,'N',null,101,null,null,56,'N','e2d14b43-c222-42c9-aede-325dcd2f997a',null,null,null,'Y','BS000010000100001056',300,null,null,'自定义项15',0,'N',null,'N',null,'N','14b43f7e-2efb-4959-a258-fa7557ecd370','0','Y','Y',null,null,'def15','N','Y',0,'N',null,'2UC000-000755','2017-09-19 18:48:28',0,0)
go
insert into md_property(accessorclassname,accesspower,accesspowergroup,attrlength,attrmaxvalue,attrminvalue,attrsequence,calculation,classid,createindustry,createtime,creator,customattr,datatype,datatypestyle,defaultvalue,description,displayname,dr,dynamicattr,dynamictable,fixedlength,help,hided,id,industry,isactive,isauthen,modifier,modifytime,name,notserialize,nullable,precise,readonly,refmodelname,resid,ts,versiontype,visibility) values( null,'N',null,1,null,null,9,'N','e2d14b43-c222-42c9-aede-325dcd2f997a',null,null,null,'N','BS000010000100001032',300,null,null,'下月清零',0,'N',null,'N',null,'N','171c84c8-9170-4bb1-b20b-e33f3369bc0d','0','Y','Y',null,null,'clearflag','N','Y',0,'N',null,'2payitem-000014','2017-09-19 18:48:28',0,0)
go
insert into md_property(accessorclassname,accesspower,accesspowergroup,attrlength,attrmaxvalue,attrminvalue,attrsequence,calculation,classid,createindustry,createtime,creator,customattr,datatype,datatypestyle,defaultvalue,description,displayname,dr,dynamicattr,dynamictable,fixedlength,help,hided,id,industry,isactive,isauthen,modifier,modifytime,name,notserialize,nullable,precise,readonly,refmodelname,resid,ts,versiontype,visibility) values( null,'N',null,101,null,null,45,'N','e2d14b43-c222-42c9-aede-325dcd2f997a',null,null,null,'Y','BS000010000100001056',300,null,null,'自定义项4',0,'N',null,'N',null,'N','1fb5f695-0bce-4fb4-a5eb-cf41d19ee73f','0','Y','Y',null,null,'def4','N','Y',0,'N',null,'2UC000-000782','2017-09-19 18:48:28',0,0)
go
insert into md_property(accessorclassname,accesspower,accesspowergroup,attrlength,attrmaxvalue,attrminvalue,attrsequence,calculation,classid,createindustry,createtime,creator,customattr,datatype,datatypestyle,defaultvalue,description,displayname,dr,dynamicattr,dynamictable,fixedlength,help,hided,id,industry,isactive,isauthen,modifier,modifytime,name,notserialize,nullable,precise,readonly,refmodelname,resid,ts,versiontype,visibility) values( null,'N',null,0,null,null,12,'N','e2d14b43-c222-42c9-aede-325dcd2f997a',null,null,null,'N','BS000010000100001004',300,null,null,'计算顺序',0,'N',null,'N',null,'N','203c1bb0-775c-4ec3-b30d-9ea29af118a1','0','Y','Y',null,null,'icomputeseq','N','Y',0,'N',null,'2payitem-000018','2017-09-19 18:48:28',0,0)
go
insert into md_property(accessorclassname,accesspower,accesspowergroup,attrlength,attrmaxvalue,attrminvalue,attrsequence,calculation,classid,createindustry,createtime,creator,customattr,datatype,datatypestyle,defaultvalue,description,displayname,dr,dynamicattr,dynamictable,fixedlength,help,hided,id,industry,isactive,isauthen,modifier,modifytime,name,notserialize,nullable,precise,readonly,refmodelname,resid,ts,versiontype,visibility) values( null,'N',null,100,null,null,6,'N','e2d14b43-c222-42c9-aede-325dcd2f997a',null,null,null,'N','BS000010000100001058',300,null,null,'发放项目名称',0,'N',null,'N','URC','N','20ecc075-068f-4121-ac68-85cb000cd6a9','0','Y','Y',null,null,'name','N','Y',0,'N',null,'2payitem-000030','2017-09-19 18:48:28',0,0)
go
insert into md_property(accessorclassname,accesspower,accesspowergroup,attrlength,attrmaxvalue,attrminvalue,attrsequence,calculation,classid,createindustry,createtime,creator,customattr,datatype,datatypestyle,defaultvalue,description,displayname,dr,dynamicattr,dynamictable,fixedlength,help,hided,id,industry,isactive,isauthen,modifier,modifytime,name,notserialize,nullable,precise,readonly,refmodelname,resid,ts,versiontype,visibility) values( null,'N',null,1,null,null,24,'N','e2d14b43-c222-42c9-aede-325dcd2f997a',null,null,null,'N','BS000010000100001032',300,null,null,'总额下限控制标志',0,'N',null,'N',null,'N','23b2d417-25bf-4edd-960d-80da7a4931d1','0','Y','Y',null,null,'sumfloorflag','N','Y',0,'N',null,'2payitem-000028','2017-09-19 18:48:28',0,0)
go
insert into md_property(accessorclassname,accesspower,accesspowergroup,attrlength,attrmaxvalue,attrminvalue,attrsequence,calculation,classid,createindustry,createtime,creator,customattr,datatype,datatypestyle,defaultvalue,description,displayname,dr,dynamicattr,dynamictable,fixedlength,help,hided,id,industry,isactive,isauthen,modifier,modifytime,name,notserialize,nullable,precise,readonly,refmodelname,resid,ts,versiontype,visibility) values( null,'N',null,20,null,null,27,'N','e2d14b43-c222-42c9-aede-325dcd2f997a',null,null,null,'N','985be8a4-3a36-4778-8afe-2d8ed3902659',305,null,null,'所属组织',0,'N',null,'N',null,'N','251343e7-7096-4cf2-96f7-85f772e86c90','0','Y','Y',null,null,'pk_org','N','Y',0,'N','组织（包含全局）','2UC000-000360','2017-09-19 18:48:28',0,0)
go
insert into md_property(accessorclassname,accesspower,accesspowergroup,attrlength,attrmaxvalue,attrminvalue,attrsequence,calculation,classid,createindustry,createtime,creator,customattr,datatype,datatypestyle,defaultvalue,description,displayname,dr,dynamicattr,dynamictable,fixedlength,help,hided,id,industry,isactive,isauthen,modifier,modifytime,name,notserialize,nullable,precise,readonly,refmodelname,resid,ts,versiontype,visibility) values( null,'N',null,0,null,null,7,'N','e2d14b43-c222-42c9-aede-325dcd2f997a',null,null,null,'N','28b94d24-6d65-4cc5-b6ac-ca1b638b0da3',300,null,null,'数据来源',0,'N',null,'N',null,'N','29cf916f-9e28-4427-a74d-7656b8cc24ba','0','Y','Y',null,null,'ifromflag','N','Y',0,'N',null,'2UC000-000455','2017-09-19 18:48:28',0,0)
go
insert into md_property(accessorclassname,accesspower,accesspowergroup,attrlength,attrmaxvalue,attrminvalue,attrsequence,calculation,classid,createindustry,createtime,creator,customattr,datatype,datatypestyle,defaultvalue,description,displayname,dr,dynamicattr,dynamictable,fixedlength,help,hided,id,industry,isactive,isauthen,modifier,modifytime,name,notserialize,nullable,precise,readonly,refmodelname,resid,ts,versiontype,visibility) values( null,'N',null,101,null,null,42,'N','e2d14b43-c222-42c9-aede-325dcd2f997a',null,null,null,'Y','BS000010000100001056',300,null,null,'自定义项1',0,'N',null,'N',null,'N','2bfcd5fe-3433-4a9a-869e-4f140cf50929','0','Y','Y',null,null,'def1','N','Y',0,'N',null,'2UC000-000749','2017-09-19 18:48:28',0,0)
go
insert into md_property(accessorclassname,accesspower,accesspowergroup,attrlength,attrmaxvalue,attrminvalue,attrsequence,calculation,classid,createindustry,createtime,creator,customattr,datatype,datatypestyle,defaultvalue,description,displayname,dr,dynamicattr,dynamictable,fixedlength,help,hided,id,industry,isactive,isauthen,modifier,modifytime,name,notserialize,nullable,precise,readonly,refmodelname,resid,ts,versiontype,visibility) values( null,'N',null,1,null,null,29,'N','e2d14b43-c222-42c9-aede-325dcd2f997a',null,null,null,'N','BS000010000100001032',300,null,null,'是否结转',0,'N',null,'N',null,'N','2c6140e4-754b-4a40-9061-f2e5c6c7c4c1','0','Y','Y',null,null,'istransfer','N','Y',0,'N',null,'2payitem-000024','2017-09-19 18:48:28',0,0)
go
insert into md_property(accessorclassname,accesspower,accesspowergroup,attrlength,attrmaxvalue,attrminvalue,attrsequence,calculation,classid,createindustry,createtime,creator,customattr,datatype,datatypestyle,defaultvalue,description,displayname,dr,dynamicattr,dynamictable,fixedlength,help,hided,id,industry,isactive,isauthen,modifier,modifytime,name,notserialize,nullable,precise,readonly,refmodelname,resid,ts,versiontype,visibility) values( null,'N',null,19,null,null,34,'N','e2d14b43-c222-42c9-aede-325dcd2f997a',null,null,null,'N','BS000010000100001034',300,null,null,'最后修改时间',0,'N',null,'N',null,'N','304ba677-ad07-4302-88c5-949963a4b407','0','Y','Y',null,null,'modifiedtime','N','Y',0,'N',null,'2UC000-000491','2017-09-19 18:48:28',0,0)
go
insert into md_property(accessorclassname,accesspower,accesspowergroup,attrlength,attrmaxvalue,attrminvalue,attrsequence,calculation,classid,createindustry,createtime,creator,customattr,datatype,datatypestyle,defaultvalue,description,displayname,dr,dynamicattr,dynamictable,fixedlength,help,hided,id,industry,isactive,isauthen,modifier,modifytime,name,notserialize,nullable,precise,readonly,refmodelname,resid,ts,versiontype,visibility) values( null,'N',null,101,null,null,44,'N','e2d14b43-c222-42c9-aede-325dcd2f997a',null,null,null,'Y','BS000010000100001056',300,null,null,'自定义项3',0,'N',null,'N',null,'N','309c8cdd-dbec-475f-9b72-214549bd55de','0','Y','Y',null,null,'def3','N','Y',0,'N',null,'2UC000-000771','2017-09-19 18:48:28',0,0)
go
insert into md_property(accessorclassname,accesspower,accesspowergroup,attrlength,attrmaxvalue,attrminvalue,attrsequence,calculation,classid,createindustry,createtime,creator,customattr,datatype,datatypestyle,defaultvalue,description,displayname,dr,dynamicattr,dynamictable,fixedlength,help,hided,id,industry,isactive,isauthen,modifier,modifytime,name,notserialize,nullable,precise,readonly,refmodelname,resid,ts,versiontype,visibility) values( null,'N',null,1,null,null,30,'N','e2d14b43-c222-42c9-aede-325dcd2f997a',null,null,null,'N','BS000010000100001032',300,null,null,'审批项目',0,'N',null,'N',null,'N','34408dc4-ac78-43cd-9523-fec37c40b50c','0','Y','Y',null,null,'inapproveditem','N','Y',0,'N',null,'2payitem-000022','2017-09-19 18:48:28',0,0)
go
insert into md_property(accessorclassname,accesspower,accesspowergroup,attrlength,attrmaxvalue,attrminvalue,attrsequence,calculation,classid,createindustry,createtime,creator,customattr,datatype,datatypestyle,defaultvalue,description,displayname,dr,dynamicattr,dynamictable,fixedlength,help,hided,id,industry,isactive,isauthen,modifier,modifytime,name,notserialize,nullable,precise,readonly,refmodelname,resid,ts,versiontype,visibility) values( null,'N',null,31,null,null,18,'N','e2d14b43-c222-42c9-aede-325dcd2f997a',null,null,null,'N','BS000010000100001031',300,null,null,'总额下限值',0,'N',null,'N',null,'N','34ea721a-20d2-4bb2-8879-9d9661e779e5','0','Y','Y',null,null,'nsumfloor','N','Y',8,'N',null,'2payitem-000008','2017-09-19 18:48:28',0,0)
go
insert into md_property(accessorclassname,accesspower,accesspowergroup,attrlength,attrmaxvalue,attrminvalue,attrsequence,calculation,classid,createindustry,createtime,creator,customattr,datatype,datatypestyle,defaultvalue,description,displayname,dr,dynamicattr,dynamictable,fixedlength,help,hided,id,industry,isactive,isauthen,modifier,modifytime,name,notserialize,nullable,precise,readonly,refmodelname,resid,ts,versiontype,visibility) values( null,'N',null,101,null,null,58,'N','e2d14b43-c222-42c9-aede-325dcd2f997a',null,null,null,'Y','BS000010000100001056',300,null,null,'自定义项17',0,'N',null,'N',null,'N','372401a3-dc38-4268-9348-3f788a495f39','0','Y','Y',null,null,'def17','N','Y',0,'N',null,'2UC000-000757','2017-09-19 18:48:28',0,0)
go
insert into md_property(accessorclassname,accesspower,accesspowergroup,attrlength,attrmaxvalue,attrminvalue,attrsequence,calculation,classid,createindustry,createtime,creator,customattr,datatype,datatypestyle,defaultvalue,description,displayname,dr,dynamicattr,dynamictable,fixedlength,help,hided,id,industry,isactive,isauthen,modifier,modifytime,name,notserialize,nullable,precise,readonly,refmodelname,resid,ts,versiontype,visibility) values( null,'N',null,1,null,null,23,'N','e2d14b43-c222-42c9-aede-325dcd2f997a',null,null,null,'N','BS000010000100001032',300,null,null,'总额上限控制标志',0,'N',null,'N',null,'N','392ed6a9-bf29-4f5f-b083-23fa57af7e14','0','Y','Y',null,null,'sumceilflag','N','Y',0,'N',null,'2payitem-000036','2017-09-19 18:48:28',0,0)
go
insert into md_property(accessorclassname,accesspower,accesspowergroup,attrlength,attrmaxvalue,attrminvalue,attrsequence,calculation,classid,createindustry,createtime,creator,customattr,datatype,datatypestyle,defaultvalue,description,displayname,dr,dynamicattr,dynamictable,fixedlength,help,hided,id,industry,isactive,isauthen,modifier,modifytime,name,notserialize,nullable,precise,readonly,refmodelname,resid,ts,versiontype,visibility) values( null,'N',null,0,null,null,40,'N','e2d14b43-c222-42c9-aede-325dcd2f997a',null,null,null,'N','BS000010000100001004',300,null,null,'小数位数',0,'N',null,'N',null,'N','3e75d800-1e66-41a7-98cb-1f4c1678c165','0','Y','Y',null,null,'iflddecimal','N','Y',0,'N',null,'2payitem-000002','2017-09-19 18:48:28',0,0)
go
insert into md_property(accessorclassname,accesspower,accesspowergroup,attrlength,attrmaxvalue,attrminvalue,attrsequence,calculation,classid,createindustry,createtime,creator,customattr,datatype,datatypestyle,defaultvalue,description,displayname,dr,dynamicattr,dynamictable,fixedlength,help,hided,id,industry,isactive,isauthen,modifier,modifytime,name,notserialize,nullable,precise,readonly,refmodelname,resid,ts,versiontype,visibility) values( null,'N',null,1,null,null,22,'N','e2d14b43-c222-42c9-aede-325dcd2f997a',null,null,null,'N','BS000010000100001032',300,null,null,'系统默认公式',0,'N',null,'N',null,'N','3f4a71c6-e65d-405a-97f1-d076fcd6a404','0','Y','Y',null,null,'issysformula','N','Y',0,'N',null,'2payitem-000020','2017-09-19 18:48:28',0,0)
go
insert into md_property(accessorclassname,accesspower,accesspowergroup,attrlength,attrmaxvalue,attrminvalue,attrsequence,calculation,classid,createindustry,createtime,creator,customattr,datatype,datatypestyle,defaultvalue,description,displayname,dr,dynamicattr,dynamictable,fixedlength,help,hided,id,industry,isactive,isauthen,modifier,modifytime,name,notserialize,nullable,precise,readonly,refmodelname,resid,ts,versiontype,visibility) values( null,'N',null,0,null,null,38,'Y','e2d14b43-c222-42c9-aede-325dcd2f997a',null,null,null,'N','e18475d0-13d8-4a62-b4ea-51959399fa36',300,null,null,'增减属性',0,'N',null,'N',null,'N','4102794b-fb39-4f82-b8e7-e354dd30b4d2','0','Y','Y',null,null,'iproperty','N','N',0,'N',null,'2payitem-000001','2017-09-19 18:48:28',0,0)
go
insert into md_property(accessorclassname,accesspower,accesspowergroup,attrlength,attrmaxvalue,attrminvalue,attrsequence,calculation,classid,createindustry,createtime,creator,customattr,datatype,datatypestyle,defaultvalue,description,displayname,dr,dynamicattr,dynamictable,fixedlength,help,hided,id,industry,isactive,isauthen,modifier,modifytime,name,notserialize,nullable,precise,readonly,refmodelname,resid,ts,versiontype,visibility) values( null,'N',null,19,null,null,32,'N','e2d14b43-c222-42c9-aede-325dcd2f997a',null,null,null,'N','BS000010000100001034',300,null,null,'创建时间',0,'N',null,'N',null,'N','437bcb2b-4ebe-4e8b-9166-76ced11b3930','0','Y','Y',null,null,'creationtime','N','Y',0,'N',null,'2UC000-000157','2017-09-19 18:48:28',0,0)
go
insert into md_property(accessorclassname,accesspower,accesspowergroup,attrlength,attrmaxvalue,attrminvalue,attrsequence,calculation,classid,createindustry,createtime,creator,customattr,datatype,datatypestyle,defaultvalue,description,displayname,dr,dynamicattr,dynamictable,fixedlength,help,hided,id,industry,isactive,isauthen,modifier,modifytime,name,notserialize,nullable,precise,readonly,refmodelname,resid,ts,versiontype,visibility) values( null,'N',null,0,null,null,13,'N','e2d14b43-c222-42c9-aede-325dcd2f997a',null,null,null,'N','BS000010000100001004',300,null,null,'显示顺序',0,'N',null,'N',null,'N','461115b8-4aaa-481a-acd8-afa0dc25fb2a','0','Y','Y',null,null,'idisplayseq','N','Y',0,'N',null,'2UC000-000489','2017-09-19 18:48:28',0,0)
go
insert into md_property(accessorclassname,accesspower,accesspowergroup,attrlength,attrmaxvalue,attrminvalue,attrsequence,calculation,classid,createindustry,createtime,creator,customattr,datatype,datatypestyle,defaultvalue,description,displayname,dr,dynamicattr,dynamictable,fixedlength,help,hided,id,industry,isactive,isauthen,modifier,modifytime,name,notserialize,nullable,precise,readonly,refmodelname,resid,ts,versiontype,visibility) values( null,'N',null,101,null,null,60,'N','e2d14b43-c222-42c9-aede-325dcd2f997a',null,null,null,'Y','BS000010000100001056',300,null,null,'自定义项19',0,'N',null,'N',null,'N','4696f3b7-18bc-4824-9196-94ce111da8a7','0','Y','Y',null,null,'def19','N','Y',0,'N',null,'2UC000-000759','2017-09-19 18:48:28',0,0)
go
insert into md_property(accessorclassname,accesspower,accesspowergroup,attrlength,attrmaxvalue,attrminvalue,attrsequence,calculation,classid,createindustry,createtime,creator,customattr,datatype,datatypestyle,defaultvalue,description,displayname,dr,dynamicattr,dynamictable,fixedlength,help,hided,id,industry,isactive,isauthen,modifier,modifytime,name,notserialize,nullable,precise,readonly,refmodelname,resid,ts,versiontype,visibility) values( null,'N',null,1,null,null,8,'N','e2d14b43-c222-42c9-aede-325dcd2f997a',null,null,null,'N','BS000010000100001032',300,null,null,'扣税标志',0,'N',null,'N',null,'N','46f6e5e0-e11d-473a-9381-550533fabe6b','0','Y','Y',null,null,'taxflag','N','Y',0,'N',null,'2payitem-000029','2017-09-19 18:48:28',0,0)
go
insert into md_property(accessorclassname,accesspower,accesspowergroup,attrlength,attrmaxvalue,attrminvalue,attrsequence,calculation,classid,createindustry,createtime,creator,customattr,datatype,datatypestyle,defaultvalue,description,displayname,dr,dynamicattr,dynamictable,fixedlength,help,hided,id,industry,isactive,isauthen,modifier,modifytime,name,notserialize,nullable,precise,readonly,refmodelname,resid,ts,versiontype,visibility) values( null,'N',null,101,null,null,50,'N','e2d14b43-c222-42c9-aede-325dcd2f997a',null,null,null,'Y','BS000010000100001056',300,null,null,'自定义项9',0,'N',null,'N',null,'N','511e27c2-b3a1-4db2-af79-21df1bb5dd33','0','Y','Y',null,null,'def9','N','Y',0,'N',null,'2UC000-000788','2017-09-19 18:48:28',0,0)
go
insert into md_property(accessorclassname,accesspower,accesspowergroup,attrlength,attrmaxvalue,attrminvalue,attrsequence,calculation,classid,createindustry,createtime,creator,customattr,datatype,datatypestyle,defaultvalue,description,displayname,dr,dynamicattr,dynamictable,fixedlength,help,hided,id,industry,isactive,isauthen,modifier,modifytime,name,notserialize,nullable,precise,readonly,refmodelname,resid,ts,versiontype,visibility) values( null,'N',null,31,null,null,19,'N','e2d14b43-c222-42c9-aede-325dcd2f997a',null,null,null,'N','BS000010000100001031',300,null,null,'个人上限值',0,'N',null,'N',null,'N','59f6bba5-e79d-46ec-b859-2c80ccc9e8c0','0','Y','Y',null,null,'npsnceil','N','Y',8,'N',null,'2payitem-000033','2017-09-19 18:48:28',0,0)
go
insert into md_property(accessorclassname,accesspower,accesspowergroup,attrlength,attrmaxvalue,attrminvalue,attrsequence,calculation,classid,createindustry,createtime,creator,customattr,datatype,datatypestyle,defaultvalue,description,displayname,dr,dynamicattr,dynamictable,fixedlength,help,hided,id,industry,isactive,isauthen,modifier,modifytime,name,notserialize,nullable,precise,readonly,refmodelname,resid,ts,versiontype,visibility) values( null,'N',null,31,null,null,20,'N','e2d14b43-c222-42c9-aede-325dcd2f997a',null,null,null,'N','BS000010000100001031',300,null,null,'个人下限值',0,'N',null,'N',null,'N','5aa0d91a-b790-4a39-950a-c28f6082245a','0','Y','Y',null,null,'npsnfloor','N','Y',8,'N',null,'2payitem-000023','2017-09-19 18:48:28',0,0)
go
insert into md_property(accessorclassname,accesspower,accesspowergroup,attrlength,attrmaxvalue,attrminvalue,attrsequence,calculation,classid,createindustry,createtime,creator,customattr,datatype,datatypestyle,defaultvalue,description,displayname,dr,dynamicattr,dynamictable,fixedlength,help,hided,id,industry,isactive,isauthen,modifier,modifytime,name,notserialize,nullable,precise,readonly,refmodelname,resid,ts,versiontype,visibility) values( null,'N',null,2500,null,null,10,'N','e2d14b43-c222-42c9-aede-325dcd2f997a',null,null,null,'N','BS000010000100001001',300,null,null,'公式',0,'N',null,'N',null,'N','62972db6-97c0-4da9-8f54-b1adf2b69f60','0','Y','Y',null,null,'vformula','N','Y',0,'N',null,'2payitem-000011','2017-09-19 18:48:28',0,0)
go
insert into md_property(accessorclassname,accesspower,accesspowergroup,attrlength,attrmaxvalue,attrminvalue,attrsequence,calculation,classid,createindustry,createtime,creator,customattr,datatype,datatypestyle,defaultvalue,description,displayname,dr,dynamicattr,dynamictable,fixedlength,help,hided,id,industry,isactive,isauthen,modifier,modifytime,name,notserialize,nullable,precise,readonly,refmodelname,resid,ts,versiontype,visibility) values( null,'N',null,20,null,null,15,'N','e2d14b43-c222-42c9-aede-325dcd2f997a',null,null,null,'N','e2d14b43-c222-42c9-aede-325dcd2f997a',305,null,null,'下期结转至',0,'N',null,'N',null,'N','6830b74f-7f1a-460c-8c1a-4672d3103018','0','Y','Y',null,null,'destitempk','N','Y',0,'N','薪资结转项目','2payitem-000032','2017-09-19 18:48:28',0,0)
go
insert into md_property(accessorclassname,accesspower,accesspowergroup,attrlength,attrmaxvalue,attrminvalue,attrsequence,calculation,classid,createindustry,createtime,creator,customattr,datatype,datatypestyle,defaultvalue,description,displayname,dr,dynamicattr,dynamictable,fixedlength,help,hided,id,industry,isactive,isauthen,modifier,modifytime,name,notserialize,nullable,precise,readonly,refmodelname,resid,ts,versiontype,visibility) values( null,'N',null,20,null,null,33,'N','e2d14b43-c222-42c9-aede-325dcd2f997a',null,null,null,'N','f6f9a473-56c0-432f-8bc7-fbf8fde54fee',305,null,null,'最后修改人',0,'N',null,'N',null,'N','69ef5177-0607-4fec-bc39-b342dedf3349','0','Y','Y',null,null,'modifier','N','Y',0,'N','用户','2UC000-000490','2017-09-19 18:48:28',0,0)
go
insert into md_property(accessorclassname,accesspower,accesspowergroup,attrlength,attrmaxvalue,attrminvalue,attrsequence,calculation,classid,createindustry,createtime,creator,customattr,datatype,datatypestyle,defaultvalue,description,displayname,dr,dynamicattr,dynamictable,fixedlength,help,hided,id,industry,isactive,isauthen,modifier,modifytime,name,notserialize,nullable,precise,readonly,refmodelname,resid,ts,versiontype,visibility) values( null,'N',null,2500,null,null,11,'N','e2d14b43-c222-42c9-aede-325dcd2f997a',null,null,null,'N','BS000010000100001001',300,null,null,'公式显示',0,'N',null,'N',null,'N','6abe966a-ea5a-4f74-9371-0dd4de87e05f','0','Y','Y',null,null,'vformulastr','N','Y',0,'N',null,'2payitem-000010','2017-09-19 18:48:28',0,0)
go
insert into md_property(accessorclassname,accesspower,accesspowergroup,attrlength,attrmaxvalue,attrminvalue,attrsequence,calculation,classid,createindustry,createtime,creator,customattr,datatype,datatypestyle,defaultvalue,description,displayname,dr,dynamicattr,dynamictable,fixedlength,help,hided,id,industry,isactive,isauthen,modifier,modifytime,name,notserialize,nullable,precise,readonly,refmodelname,resid,ts,versiontype,visibility) values( null,'N',null,20,null,null,31,'N','e2d14b43-c222-42c9-aede-325dcd2f997a',null,null,null,'N','f6f9a473-56c0-432f-8bc7-fbf8fde54fee',305,null,null,'创建人',0,'N',null,'N',null,'N','72148d0f-e155-450f-9090-fab8e8ff1c10','0','Y','Y',null,null,'creator','N','Y',0,'N','用户','2UC000-000155','2017-09-19 18:48:28',0,0)
go
insert into md_property(accessorclassname,accesspower,accesspowergroup,attrlength,attrmaxvalue,attrminvalue,attrsequence,calculation,classid,createindustry,createtime,creator,customattr,datatype,datatypestyle,defaultvalue,description,displayname,dr,dynamicattr,dynamictable,fixedlength,help,hided,id,industry,isactive,isauthen,modifier,modifytime,name,notserialize,nullable,precise,readonly,refmodelname,resid,ts,versiontype,visibility) values( null,'N',null,20,null,null,35,'N','e2d14b43-c222-42c9-aede-325dcd2f997a',null,null,null,'N','1002Z710000000004RC2',305,null,null,'项目分类',0,'N',null,'N',null,'N','7ac3d055-81a7-49b4-8e1c-07f0fa341d9e','0','Y','Y',null,null,'category_id','N','Y',0,'N','薪资项目分类(自定义档案)','2payitem-000035','2017-09-19 18:48:28',0,0)
go
insert into md_property(accessorclassname,accesspower,accesspowergroup,attrlength,attrmaxvalue,attrminvalue,attrsequence,calculation,classid,createindustry,createtime,creator,customattr,datatype,datatypestyle,defaultvalue,description,displayname,dr,dynamicattr,dynamictable,fixedlength,help,hided,id,industry,isactive,isauthen,modifier,modifytime,name,notserialize,nullable,precise,readonly,refmodelname,resid,ts,versiontype,visibility) values( null,'N',null,50,null,null,3,'N','e2d14b43-c222-42c9-aede-325dcd2f997a',null,null,null,'N','BS000010000100001001',300,null,null,'薪资期间',0,'N',null,'N',null,'N','831bbb17-8a98-4ddf-bfac-b3a34fe6e15f','0','Y','Y',null,null,'cperiod','N','Y',0,'N',null,'2payitem-000013','2017-09-19 18:48:28',0,0)
go
insert into md_property(accessorclassname,accesspower,accesspowergroup,attrlength,attrmaxvalue,attrminvalue,attrsequence,calculation,classid,createindustry,createtime,creator,customattr,datatype,datatypestyle,defaultvalue,description,displayname,dr,dynamicattr,dynamictable,fixedlength,help,hided,id,industry,isactive,isauthen,modifier,modifytime,name,notserialize,nullable,precise,readonly,refmodelname,resid,ts,versiontype,visibility) values( null,'N',null,101,null,null,57,'N','e2d14b43-c222-42c9-aede-325dcd2f997a',null,null,null,'Y','BS000010000100001056',300,null,null,'自定义项16',0,'N',null,'N',null,'N','8785d6b3-b1d9-43b0-89ff-ada8156b8399','0','Y','Y',null,null,'def16','N','Y',0,'N',null,'2UC000-000756','2017-09-19 18:48:28',0,0)
go
insert into md_property(accessorclassname,accesspower,accesspowergroup,attrlength,attrmaxvalue,attrminvalue,attrsequence,calculation,classid,createindustry,createtime,creator,customattr,datatype,datatypestyle,defaultvalue,description,displayname,dr,dynamicattr,dynamictable,fixedlength,help,hided,id,industry,isactive,isauthen,modifier,modifytime,name,notserialize,nullable,precise,readonly,refmodelname,resid,ts,versiontype,visibility) values( null,'N',null,1,null,null,21,'N','e2d14b43-c222-42c9-aede-325dcd2f997a',null,null,null,'N','BS000010000100001032',300,null,null,'是否显示',0,'N',null,'N',null,'N','8d63e507-e652-4ffd-9413-4ccbd918a67d','0','Y','Y',null,null,'showflag','N','Y',0,'N',null,'2payitem-000015','2017-09-19 18:48:28',0,0)
go
insert into md_property(accessorclassname,accesspower,accesspowergroup,attrlength,attrmaxvalue,attrminvalue,attrsequence,calculation,classid,createindustry,createtime,creator,customattr,datatype,datatypestyle,defaultvalue,description,displayname,dr,dynamicattr,dynamictable,fixedlength,help,hided,id,industry,isactive,isauthen,modifier,modifytime,name,notserialize,nullable,precise,readonly,refmodelname,resid,ts,versiontype,visibility) values( null,'N',null,101,null,null,53,'N','e2d14b43-c222-42c9-aede-325dcd2f997a',null,null,null,'Y','BS000010000100001056',300,null,null,'自定义项12',0,'N',null,'N',null,'N','8e001fa9-38a0-4ce9-b136-25e782afd5cd','0','Y','Y',null,null,'def12','N','Y',0,'N',null,'2UC000-000752','2017-09-19 18:48:28',0,0)
go
insert into md_property(accessorclassname,accesspower,accesspowergroup,attrlength,attrmaxvalue,attrminvalue,attrsequence,calculation,classid,createindustry,createtime,creator,customattr,datatype,datatypestyle,defaultvalue,description,displayname,dr,dynamicattr,dynamictable,fixedlength,help,hided,id,industry,isactive,isauthen,modifier,modifytime,name,notserialize,nullable,precise,readonly,refmodelname,resid,ts,versiontype,visibility) values( null,'N',null,50,null,null,2,'N','e2d14b43-c222-42c9-aede-325dcd2f997a',null,null,null,'N','BS000010000100001001',300,null,null,'薪资年度',0,'N',null,'N',null,'N','94b70d88-a670-4ce8-9b06-48de0cee18d7','0','Y','Y',null,null,'cyear','N','Y',0,'N',null,'2payitem-000006','2017-09-19 18:48:28',0,0)
go
insert into md_property(accessorclassname,accesspower,accesspowergroup,attrlength,attrmaxvalue,attrminvalue,attrsequence,calculation,classid,createindustry,createtime,creator,customattr,datatype,datatypestyle,defaultvalue,description,displayname,dr,dynamicattr,dynamictable,fixedlength,help,hided,id,industry,isactive,isauthen,modifier,modifytime,name,notserialize,nullable,precise,readonly,refmodelname,resid,ts,versiontype,visibility) values( null,'N',null,50,null,null,5,'N','e2d14b43-c222-42c9-aede-325dcd2f997a',null,null,null,'N','BS000010000100001001',300,null,null,'公共薪资项目键值',0,'N',null,'N',null,'Y','94fdd4e7-14ec-4b16-8248-8cdebfb891a7','0','Y','Y',null,null,'itemkey','N','Y',0,'N',null,'2payitem-000021','2017-09-19 18:48:28',0,0)
go
insert into md_property(accessorclassname,accesspower,accesspowergroup,attrlength,attrmaxvalue,attrminvalue,attrsequence,calculation,classid,createindustry,createtime,creator,customattr,datatype,datatypestyle,defaultvalue,description,displayname,dr,dynamicattr,dynamictable,fixedlength,help,hided,id,industry,isactive,isauthen,modifier,modifytime,name,notserialize,nullable,precise,readonly,refmodelname,resid,ts,versiontype,visibility) values( null,'N',null,20,null,null,28,'N','e2d14b43-c222-42c9-aede-325dcd2f997a',null,null,null,'N','3b6dd171-2900-47f3-bfbe-41e4483a2a65',305,null,null,'所属集团',0,'N',null,'N',null,'N','9a3d90e3-53ca-42f2-bc2a-e4d4aa94202b','0','Y','Y',null,null,'pk_group','N','Y',0,'N','集团','2UC000-000367','2017-09-19 18:48:28',0,0)
go
insert into md_property(accessorclassname,accesspower,accesspowergroup,attrlength,attrmaxvalue,attrminvalue,attrsequence,calculation,classid,createindustry,createtime,creator,customattr,datatype,datatypestyle,defaultvalue,description,displayname,dr,dynamicattr,dynamictable,fixedlength,help,hided,id,industry,isactive,isauthen,modifier,modifytime,name,notserialize,nullable,precise,readonly,refmodelname,resid,ts,versiontype,visibility) values( null,'N',null,31,null,null,17,'N','e2d14b43-c222-42c9-aede-325dcd2f997a',null,null,null,'N','BS000010000100001031',300,null,null,'总额上限值',0,'N',null,'N',null,'N','9d641afb-5d27-4f66-a6a8-5dc8460ebd05','0','Y','Y',null,null,'nsumceil','N','Y',8,'N',null,'2payitem-000009','2017-09-19 18:48:28',0,0)
go
insert into md_property(accessorclassname,accesspower,accesspowergroup,attrlength,attrmaxvalue,attrminvalue,attrsequence,calculation,classid,createindustry,createtime,creator,customattr,datatype,datatypestyle,defaultvalue,description,displayname,dr,dynamicattr,dynamictable,fixedlength,help,hided,id,industry,isactive,isauthen,modifier,modifytime,name,notserialize,nullable,precise,readonly,refmodelname,resid,ts,versiontype,visibility) values( null,'N',null,101,null,null,61,'N','e2d14b43-c222-42c9-aede-325dcd2f997a',null,null,null,'Y','BS000010000100001056',300,null,null,'自定义项20',0,'N',null,'N',null,'N','a15fa53e-c6e1-47e3-bc88-badc62ea016f','0','Y','Y',null,null,'def20','N','Y',0,'N',null,'2UC000-000761','2017-09-19 18:48:28',0,0)
go
insert into md_property(accessorclassname,accesspower,accesspowergroup,attrlength,attrmaxvalue,attrminvalue,attrsequence,calculation,classid,createindustry,createtime,creator,customattr,datatype,datatypestyle,defaultvalue,description,displayname,dr,dynamicattr,dynamictable,fixedlength,help,hided,id,industry,isactive,isauthen,modifier,modifytime,name,notserialize,nullable,precise,readonly,refmodelname,resid,ts,versiontype,visibility) values( null,'N',null,101,null,null,46,'N','e2d14b43-c222-42c9-aede-325dcd2f997a',null,null,null,'Y','BS000010000100001056',300,null,null,'自定义项5',0,'N',null,'N',null,'N','a7474889-6104-4696-99fd-4fd8c7168b01','0','Y','Y',null,null,'def5','N','Y',0,'N',null,'2UC000-000784','2017-09-19 18:48:28',0,0)
go
insert into md_property(accessorclassname,accesspower,accesspowergroup,attrlength,attrmaxvalue,attrminvalue,attrsequence,calculation,classid,createindustry,createtime,creator,customattr,datatype,datatypestyle,defaultvalue,description,displayname,dr,dynamicattr,dynamictable,fixedlength,help,hided,id,industry,isactive,isauthen,modifier,modifytime,name,notserialize,nullable,precise,readonly,refmodelname,resid,ts,versiontype,visibility) values( null,'N',null,101,null,null,51,'N','e2d14b43-c222-42c9-aede-325dcd2f997a',null,null,null,'Y','BS000010000100001056',300,null,null,'自定义项10',0,'N',null,'N',null,'N','b0583edc-4e96-4f9f-a067-c4ead6bce280','0','Y','Y',null,null,'def10','N','Y',0,'N',null,'2UC000-000750','2017-09-19 18:48:28',0,0)
go
insert into md_property(accessorclassname,accesspower,accesspowergroup,attrlength,attrmaxvalue,attrminvalue,attrsequence,calculation,classid,createindustry,createtime,creator,customattr,datatype,datatypestyle,defaultvalue,description,displayname,dr,dynamicattr,dynamictable,fixedlength,help,hided,id,industry,isactive,isauthen,modifier,modifytime,name,notserialize,nullable,precise,readonly,refmodelname,resid,ts,versiontype,visibility) values( null,'N',null,101,null,null,54,'N','e2d14b43-c222-42c9-aede-325dcd2f997a',null,null,null,'Y','BS000010000100001056',300,null,null,'自定义项13',0,'N',null,'N',null,'N','b41034e6-b8da-4fca-afb8-d3c3c02f5a33','0','Y','Y',null,null,'def13','N','Y',0,'N',null,'2UC000-000753','2017-09-19 18:48:28',0,0)
go
insert into md_property(accessorclassname,accesspower,accesspowergroup,attrlength,attrmaxvalue,attrminvalue,attrsequence,calculation,classid,createindustry,createtime,creator,customattr,datatype,datatypestyle,defaultvalue,description,displayname,dr,dynamicattr,dynamictable,fixedlength,help,hided,id,industry,isactive,isauthen,modifier,modifytime,name,notserialize,nullable,precise,readonly,refmodelname,resid,ts,versiontype,visibility) values( null,'N',null,1,null,null,41,'Y','e2d14b43-c222-42c9-aede-325dcd2f997a',null,null,null,'N','BS000010000100001032',300,null,null,'中间项目',0,'N',null,'N',null,'N','b70b3c54-cb6a-4701-9590-1189e0fd1afb','0','Y','Y',null,null,'mid','N','Y',0,'N',null,'2payitem-000034','2017-09-19 18:48:28',0,0)
go
insert into md_property(accessorclassname,accesspower,accesspowergroup,attrlength,attrmaxvalue,attrminvalue,attrsequence,calculation,classid,createindustry,createtime,creator,customattr,datatype,datatypestyle,defaultvalue,description,displayname,dr,dynamicattr,dynamictable,fixedlength,help,hided,id,industry,isactive,isauthen,modifier,modifytime,name,notserialize,nullable,precise,readonly,refmodelname,resid,ts,versiontype,visibility) values( null,'N',null,101,null,null,43,'N','e2d14b43-c222-42c9-aede-325dcd2f997a',null,null,null,'Y','BS000010000100001056',300,null,null,'自定义项2',0,'N',null,'N',null,'N','bc4c7f48-f344-466b-a5e1-39df83b2750a','0','Y','Y',null,null,'def2','N','Y',0,'N',null,'2UC000-000760','2017-09-19 18:48:28',0,0)
go
insert into md_property(accessorclassname,accesspower,accesspowergroup,attrlength,attrmaxvalue,attrminvalue,attrsequence,calculation,classid,createindustry,createtime,creator,customattr,datatype,datatypestyle,defaultvalue,description,displayname,dr,dynamicattr,dynamictable,fixedlength,help,hided,id,industry,isactive,isauthen,modifier,modifytime,name,notserialize,nullable,precise,readonly,refmodelname,resid,ts,versiontype,visibility) values( null,'N',null,0,null,null,37,'Y','e2d14b43-c222-42c9-aede-325dcd2f997a',null,null,null,'N','857905ba-ebee-418d-870b-9ad15119e091',300,null,null,'数据类型',0,'N',null,'N',null,'N','c283ccc3-da23-42d7-a41d-b64c3e2769cb','0','Y','Y',null,null,'iitemtype','N','N',0,'N',null,'2UC000-000458','2017-09-19 18:48:28',0,0)
go
insert into md_property(accessorclassname,accesspower,accesspowergroup,attrlength,attrmaxvalue,attrminvalue,attrsequence,calculation,classid,createindustry,createtime,creator,customattr,datatype,datatypestyle,defaultvalue,description,displayname,dr,dynamicattr,dynamictable,fixedlength,help,hided,id,industry,isactive,isauthen,modifier,modifytime,name,notserialize,nullable,precise,readonly,refmodelname,resid,ts,versiontype,visibility) values( null,'N',null,101,null,null,48,'N','e2d14b43-c222-42c9-aede-325dcd2f997a',null,null,null,'Y','BS000010000100001056',300,null,null,'自定义项7',0,'N',null,'N',null,'N','c2bc7968-f500-48cf-9138-26d927260398','0','Y','Y',null,null,'def7','N','Y',0,'N',null,'2UC000-000786','2017-09-19 18:48:28',0,0)
go
insert into md_property(accessorclassname,accesspower,accesspowergroup,attrlength,attrmaxvalue,attrminvalue,attrsequence,calculation,classid,createindustry,createtime,creator,customattr,datatype,datatypestyle,defaultvalue,description,displayname,dr,dynamicattr,dynamictable,fixedlength,help,hided,id,industry,isactive,isauthen,modifier,modifytime,name,notserialize,nullable,precise,readonly,refmodelname,resid,ts,versiontype,visibility) values( null,'N',null,1,null,null,26,'N','e2d14b43-c222-42c9-aede-325dcd2f997a',null,null,null,'N','BS000010000100001032',300,null,null,'个人下限控制标志',0,'N',null,'N',null,'N','c571c7be-5213-423e-bdb5-25ca093986a0','0','Y','Y',null,null,'psnfloorflag','N','Y',0,'N',null,'2payitem-000016','2017-09-19 18:48:28',0,0)
go
insert into md_property(accessorclassname,accesspower,accesspowergroup,attrlength,attrmaxvalue,attrminvalue,attrsequence,calculation,classid,createindustry,createtime,creator,customattr,datatype,datatypestyle,defaultvalue,description,displayname,dr,dynamicattr,dynamictable,fixedlength,help,hided,id,industry,isactive,isauthen,modifier,modifytime,name,notserialize,nullable,precise,readonly,refmodelname,resid,ts,versiontype,visibility) values( null,'N',null,20,null,null,4,'N','e2d14b43-c222-42c9-aede-325dcd2f997a',null,null,null,'N','317f74f8-7bc5-4496-a51b-0648ffbfd48b',305,null,null,'公共项目名称',0,'N',null,'N',null,'N','c75074e6-9ce1-43f8-a546-6b437c051014','0','Y','Y',null,null,'pk_wa_item','N','Y',0,'N','公共薪资项目（classitem）','2payitem-000025','2017-09-19 18:48:28',0,0)
go
insert into md_property(accessorclassname,accesspower,accesspowergroup,attrlength,attrmaxvalue,attrminvalue,attrsequence,calculation,classid,createindustry,createtime,creator,customattr,datatype,datatypestyle,defaultvalue,description,displayname,dr,dynamicattr,dynamictable,fixedlength,help,hided,id,industry,isactive,isauthen,modifier,modifytime,name,notserialize,nullable,precise,readonly,refmodelname,resid,ts,versiontype,visibility) values( null,'N',null,101,null,null,59,'N','e2d14b43-c222-42c9-aede-325dcd2f997a',null,null,null,'Y','BS000010000100001056',300,null,null,'自定义项18',0,'N',null,'N',null,'N','d121fb84-c7c1-44f6-8152-51e6c43e780e','0','Y','Y',null,null,'def18','N','Y',0,'N',null,'2UC000-000758','2017-09-19 18:48:28',0,0)
go
insert into md_property(accessorclassname,accesspower,accesspowergroup,attrlength,attrmaxvalue,attrminvalue,attrsequence,calculation,classid,createindustry,createtime,creator,customattr,datatype,datatypestyle,defaultvalue,description,displayname,dr,dynamicattr,dynamictable,fixedlength,help,hided,id,industry,isactive,isauthen,modifier,modifytime,name,notserialize,nullable,precise,readonly,refmodelname,resid,ts,versiontype,visibility) values( null,'N',null,20,null,null,1,'N','e2d14b43-c222-42c9-aede-325dcd2f997a',null,null,null,'N','3faa851b-c428-46fd-af37-c7d3b1531537',305,null,null,'薪资类别',0,'N',null,'N',null,'N','d1a98e49-742b-405f-9729-50081857417e','0','Y','Y',null,null,'pk_wa_class','N','Y',0,'N','薪资类别','2payitem-000012','2017-09-19 18:48:28',0,0)
go
insert into md_property(accessorclassname,accesspower,accesspowergroup,attrlength,attrmaxvalue,attrminvalue,attrsequence,calculation,classid,createindustry,createtime,creator,customattr,datatype,datatypestyle,defaultvalue,description,displayname,dr,dynamicattr,dynamictable,fixedlength,help,hided,id,industry,isactive,isauthen,modifier,modifytime,name,notserialize,nullable,precise,readonly,refmodelname,resid,ts,versiontype,visibility) values( null,'N',null,20,null,null,0,'N','e2d14b43-c222-42c9-aede-325dcd2f997a',null,null,null,'N','BS000010000100001051',300,null,null,'薪资发放项目主键',0,'N',null,'N',null,'N','d6840134-5338-4a2e-8990-61086152875a','0','Y','Y',null,null,'pk_wa_classitem','N','N',0,'N',null,'2payitem-000031','2017-09-19 18:48:28',0,0)
go
insert into md_property(accessorclassname,accesspower,accesspowergroup,attrlength,attrmaxvalue,attrminvalue,attrsequence,calculation,classid,createindustry,createtime,creator,customattr,datatype,datatypestyle,defaultvalue,description,displayname,dr,dynamicattr,dynamictable,fixedlength,help,hided,id,industry,isactive,isauthen,modifier,modifytime,name,notserialize,nullable,precise,readonly,refmodelname,resid,ts,versiontype,visibility) values( null,'N',null,5,null,null,16,'N','e2d14b43-c222-42c9-aede-325dcd2f997a',null,null,null,'N','BS000010000100001001',300,null,null,'结转目标项目列名',0,'N',null,'N',null,'N','de8c8caa-b7ca-4fbe-bc02-98ebf9094c2a','0','Y','Y',null,null,'destitemcol','N','Y',0,'N',null,'2payitem-000007','2017-09-19 18:48:28',0,0)
go
insert into md_property(accessorclassname,accesspower,accesspowergroup,attrlength,attrmaxvalue,attrminvalue,attrsequence,calculation,classid,createindustry,createtime,creator,customattr,datatype,datatypestyle,defaultvalue,description,displayname,dr,dynamicattr,dynamictable,fixedlength,help,hided,id,industry,isactive,isauthen,modifier,modifytime,name,notserialize,nullable,precise,readonly,refmodelname,resid,ts,versiontype,visibility) values( null,'N',null,101,null,null,52,'N','e2d14b43-c222-42c9-aede-325dcd2f997a',null,null,null,'Y','BS000010000100001056',300,null,null,'自定义项11',0,'N',null,'N',null,'N','e7a7fc19-1449-4ba7-95a5-98e88813a15f','0','Y','Y',null,null,'def11','N','Y',0,'N',null,'2UC000-000751','2017-09-19 18:48:28',0,0)
go
insert into md_property(accessorclassname,accesspower,accesspowergroup,attrlength,attrmaxvalue,attrminvalue,attrsequence,calculation,classid,createindustry,createtime,creator,customattr,datatype,datatypestyle,defaultvalue,description,displayname,dr,dynamicattr,dynamictable,fixedlength,help,hided,id,industry,isactive,isauthen,modifier,modifytime,name,notserialize,nullable,precise,readonly,refmodelname,resid,ts,versiontype,visibility) values( null,'N',null,101,null,null,49,'N','e2d14b43-c222-42c9-aede-325dcd2f997a',null,null,null,'Y','BS000010000100001056',300,null,null,'自定义项8',0,'N',null,'N',null,'N','e93db3d0-e6e0-42ca-ae4c-8f2978f8e566','0','Y','Y',null,null,'def8','N','Y',0,'N',null,'2UC000-000787','2017-09-19 18:48:28',0,0)
go
insert into md_property(accessorclassname,accesspower,accesspowergroup,attrlength,attrmaxvalue,attrminvalue,attrsequence,calculation,classid,createindustry,createtime,creator,customattr,datatype,datatypestyle,defaultvalue,description,displayname,dr,dynamicattr,dynamictable,fixedlength,help,hided,id,industry,isactive,isauthen,modifier,modifytime,name,notserialize,nullable,precise,readonly,refmodelname,resid,ts,versiontype,visibility) values( null,'N',null,101,null,null,47,'N','e2d14b43-c222-42c9-aede-325dcd2f997a',null,null,null,'Y','BS000010000100001056',300,null,null,'自定义项6',0,'N',null,'N',null,'N','f652fa60-c2ba-4cf4-8660-bc2cf781be00','0','Y','Y',null,null,'def6','N','Y',0,'N',null,'2UC000-000785','2017-09-19 18:48:28',0,0)
go
insert into md_property(accessorclassname,accesspower,accesspowergroup,attrlength,attrmaxvalue,attrminvalue,attrsequence,calculation,classid,createindustry,createtime,creator,customattr,datatype,datatypestyle,defaultvalue,description,displayname,dr,dynamicattr,dynamictable,fixedlength,help,hided,id,industry,isactive,isauthen,modifier,modifytime,name,notserialize,nullable,precise,readonly,refmodelname,resid,ts,versiontype,visibility) values( null,'N',null,101,null,null,55,'N','e2d14b43-c222-42c9-aede-325dcd2f997a',null,null,null,'Y','BS000010000100001056',300,null,null,'自定义项14',0,'N',null,'N',null,'N','fc031a66-2d47-43db-8122-46749dded3cc','0','Y','Y',null,null,'def14','N','Y',0,'N',null,'2UC000-000754','2017-09-19 18:48:28',0,0)
go
insert into md_property(accessorclassname,accesspower,accesspowergroup,attrlength,attrmaxvalue,attrminvalue,attrsequence,calculation,classid,createindustry,createtime,creator,customattr,datatype,datatypestyle,defaultvalue,description,displayname,dr,dynamicattr,dynamictable,fixedlength,help,hided,id,industry,isactive,isauthen,modifier,modifytime,name,notserialize,nullable,precise,readonly,refmodelname,resid,ts,versiontype,visibility) values( null,'N',null,0,null,null,14,'N','e2d14b43-c222-42c9-aede-325dcd2f997a',null,null,null,'N','9ec194df-0467-4e72-af51-28da01e1864e',300,null,null,'银行账号',0,'N',null,'N',null,'N','ff8e59da-33b8-4599-ba38-a32a9cd57996','0','Y','Y',null,null,'bankaccount','N','Y',0,'N',null,'2payitem-000019','2017-09-19 18:48:28',0,0)
go


insert into md_association(cascadedelete,cascadeupdate,componentid,createtime,creator,dr,endcardinality,endelementid,id,industry,isactive,modifier,modifytime,name,startbeanid,startcardinality,startelementid,ts,type,versiontype) values( null,null,'ead4535a-b34d-4135-aaa7-069a2db8152b',null,null,0,'1','3faa851b-c428-46fd-af37-c7d3b1531537','06d5bf4d-b0bf-42ab-8a52-90406aa74032','0','Y',null,null,'wa_classitem_pk_wa_class','e2d14b43-c222-42c9-aede-325dcd2f997a','1','d1a98e49-742b-405f-9729-50081857417e','2017-09-19 18:48:28',3,0)
go
insert into md_association(cascadedelete,cascadeupdate,componentid,createtime,creator,dr,endcardinality,endelementid,id,industry,isactive,modifier,modifytime,name,startbeanid,startcardinality,startelementid,ts,type,versiontype) values( null,null,'ead4535a-b34d-4135-aaa7-069a2db8152b',null,null,0,'1','f6f9a473-56c0-432f-8bc7-fbf8fde54fee','2896e28a-ab4e-460f-add7-8482aa061236','0','Y',null,null,'wa_classitem_modifier','e2d14b43-c222-42c9-aede-325dcd2f997a','1','69ef5177-0607-4fec-bc39-b342dedf3349','2017-09-19 18:48:28',3,0)
go
insert into md_association(cascadedelete,cascadeupdate,componentid,createtime,creator,dr,endcardinality,endelementid,id,industry,isactive,modifier,modifytime,name,startbeanid,startcardinality,startelementid,ts,type,versiontype) values( null,null,'ead4535a-b34d-4135-aaa7-069a2db8152b',null,null,0,'1','1002Z710000000004RC2','45e9645c-56eb-4463-87c7-68ccd4546bfb','0','Y',null,null,'wa_classitem_category_id','e2d14b43-c222-42c9-aede-325dcd2f997a','1','7ac3d055-81a7-49b4-8e1c-07f0fa341d9e','2017-09-19 18:48:28',3,0)
go
insert into md_association(cascadedelete,cascadeupdate,componentid,createtime,creator,dr,endcardinality,endelementid,id,industry,isactive,modifier,modifytime,name,startbeanid,startcardinality,startelementid,ts,type,versiontype) values( null,null,'ead4535a-b34d-4135-aaa7-069a2db8152b',null,null,0,'1','f6f9a473-56c0-432f-8bc7-fbf8fde54fee','5c5c40f2-6889-4821-9e05-4f26ead542d3','0','Y',null,null,'wa_classitem_creator','e2d14b43-c222-42c9-aede-325dcd2f997a','1','72148d0f-e155-450f-9090-fab8e8ff1c10','2017-09-19 18:48:28',3,0)
go
insert into md_association(cascadedelete,cascadeupdate,componentid,createtime,creator,dr,endcardinality,endelementid,id,industry,isactive,modifier,modifytime,name,startbeanid,startcardinality,startelementid,ts,type,versiontype) values( null,null,'ead4535a-b34d-4135-aaa7-069a2db8152b',null,null,0,'1','985be8a4-3a36-4778-8afe-2d8ed3902659','8ecd0914-1ae7-448c-9873-848612414ba0','0','Y',null,null,'wa_classitem_pk_org','e2d14b43-c222-42c9-aede-325dcd2f997a','1','251343e7-7096-4cf2-96f7-85f772e86c90','2017-09-19 18:48:28',3,0)
go
insert into md_association(cascadedelete,cascadeupdate,componentid,createtime,creator,dr,endcardinality,endelementid,id,industry,isactive,modifier,modifytime,name,startbeanid,startcardinality,startelementid,ts,type,versiontype) values( null,null,'ead4535a-b34d-4135-aaa7-069a2db8152b',null,null,0,'1','317f74f8-7bc5-4496-a51b-0648ffbfd48b','93b545a3-b6d4-4e3a-84ad-73c488ecd7b7','0','Y',null,null,'wa_classitem_pk_wa_item','e2d14b43-c222-42c9-aede-325dcd2f997a','1','c75074e6-9ce1-43f8-a546-6b437c051014','2017-09-19 18:48:28',3,0)
go
insert into md_association(cascadedelete,cascadeupdate,componentid,createtime,creator,dr,endcardinality,endelementid,id,industry,isactive,modifier,modifytime,name,startbeanid,startcardinality,startelementid,ts,type,versiontype) values( null,null,'ead4535a-b34d-4135-aaa7-069a2db8152b',null,null,0,'1','3b6dd171-2900-47f3-bfbe-41e4483a2a65','93cf4dcb-543f-4758-9964-051fcfcb63e5','0','Y',null,null,'wa_classitem_pk_group','e2d14b43-c222-42c9-aede-325dcd2f997a','1','9a3d90e3-53ca-42f2-bc2a-e4d4aa94202b','2017-09-19 18:48:28',3,0)
go
insert into md_association(cascadedelete,cascadeupdate,componentid,createtime,creator,dr,endcardinality,endelementid,id,industry,isactive,modifier,modifytime,name,startbeanid,startcardinality,startelementid,ts,type,versiontype) values( null,null,'ead4535a-b34d-4135-aaa7-069a2db8152b',null,null,0,'1','e2d14b43-c222-42c9-aede-325dcd2f997a','cac47c6e-bed3-4fb6-9951-67cb80af4440','0','Y',null,null,'wa_classitem_destitempk','e2d14b43-c222-42c9-aede-325dcd2f997a','1','6830b74f-7f1a-460c-8c1a-4672d3103018','2017-09-19 18:48:28',3,0)
go
