--此脚本作为元数据发布时参考使用,以便开发者了解元数据信息在数据库中的记录.;
--严禁将此脚本直接或修改后在数据库中执行,如由上述行为引发问题,概不支持.;
;
;
delete from md_db_relation where startattrid in (select id from md_property where classid in ('a8a05ebf-1b3e-4977-b0e8-ee9ee3c50b8d','c8b62afe-4bbb-4319-8f47-0989f39c0945','@@@@' ) )  and starttableid in ('wa_daysalary','@@@@');
delete from md_ORMap where ATTRIBUTEID in(select id from md_property where classid in ('a8a05ebf-1b3e-4977-b0e8-ee9ee3c50b8d','c8b62afe-4bbb-4319-8f47-0989f39c0945','@@@@' ) )  and tableid in ('wa_daysalary','@@@@') ;
delete from md_table where id not in (select distinct tableid from md_ormap );
delete from md_column where  tableid in('wa_daysalary','@@@@') and id not in(select distinct columnid from md_ormap) and (isnull(groupid ,'~')='~' or groupid = id )  and name <> 'extend_bean_tag' ;
delete from md_column where tableid in ('wa_daysalary','@@@@')and groupid is not null and groupid not in( select distinct id from md_column where tableid in ('wa_daysalary','@@@@') ) ;
delete from md_db_relation where starttableid not in (select id from md_table);
delete from md_property where classID in (select distinct id from md_class where componentID='d6aedba4-d717-4f89-8f30-8e3b2d994a33'  )  ;
delete from md_association where componentID = 'd6aedba4-d717-4f89-8f30-8e3b2d994a33'  ;
delete from md_bizItfMap where classID in (select distinct id from md_class where componentID='d6aedba4-d717-4f89-8f30-8e3b2d994a33'  );
delete from md_bizItfMap where classID in ( select id from md_opInterface where componentID = 'd6aedba4-d717-4f89-8f30-8e3b2d994a33'  );
delete from md_accessorPara where id in (select distinct id from md_class where componentID='d6aedba4-d717-4f89-8f30-8e3b2d994a33'  );
delete from md_enumValue where id in (select distinct id from md_class where componentID='d6aedba4-d717-4f89-8f30-8e3b2d994a33'  ) ;
delete from md_class where componentID = 'd6aedba4-d717-4f89-8f30-8e3b2d994a33'  ;
delete from md_component where id = 'd6aedba4-d717-4f89-8f30-8e3b2d994a33' ;
delete from md_table where (id='wa_daysalary');
delete from md_column where (id='wa_daysalary@@PK@@');
delete from md_column where (id='wa_daysalary@@@pk_hrorg');
delete from md_column where (id='wa_daysalary@@@pk_wa_class');
delete from md_column where (id='wa_daysalary@@@pk_wa_item');
delete from md_column where (id='wa_daysalary@@@pk_psndoc_sub');
delete from md_column where (id='wa_daysalary@@@wadocts');
delete from md_column where (id='wa_daysalary@@@pk_psndoc');
delete from md_column where (id='wa_daysalary@@@pk_psnjob');
delete from md_column where (id='wa_daysalary@@@salarydate');
delete from md_column where (id='wa_daysalary@@@cyear');
delete from md_column where (id='wa_daysalary@@@cperiod');
delete from md_column where (id='wa_daysalary@@@daysalary');
delete from md_column where (id='wa_daysalary@@@hoursalary');
delete from md_column where (id='wa_daysalary@@@initcode');
;
;
;
INSERT INTO md_component (createtime, creator, description, displayname, dr, fromsourcebmf, help, id, industry, isbizmodel, modifier, modifytime, name, namespace, ownmodule, preload, resid, resmodule, ts, version, versiontype) VALUES ('2018-04-25 14:25:02', 'YONYOU NC', null, 'wadaysalary', 0, 'Y', null, 'd6aedba4-d717-4f89-8f30-8e3b2d994a33', '0', 'N', 'yonyouBQ', '2018-12-13 15:33:26', 'wadaysalary', 'hrwa', 'hrwa', null, null, 'wadaysalary', '2018-12-13 15:46:54', '39', 0);
INSERT INTO md_class (accessorclassname, bizitfimpclassname, classtype, componentid, createtime, creator, defaulttablename, description, displayname, dr, fixedlength, fullclassname, help, id, industry, isactive, isauthen, iscreatesql, isextendbean, isprimary, keyattribute, modifier, modifytime, modinfoclassname, name, parentclassid, precise, refmodelname, resid, returntype, stereotype, ts, userdefclassname, versiontype) VALUES (null, null, 203, 'd6aedba4-d717-4f89-8f30-8e3b2d994a33', '2018-10-28 15:59:07', 'YONYOU NC', 'AvageMonthEnum', null, '平均月数', 0, null, 'nc.vo.hrwa.wadaysalary.AvageMonthEnum', null, 'a8a05ebf-1b3e-4977-b0e8-ee9ee3c50b8d', '0', null, null, null, null, 'N', null, 'yonyouBQ', '2018-12-13 15:33:26', null, 'AvageMonthEnum', null, null, null, null, 'BS000010000100001004', null, '2018-12-13 15:46:54', null, 0);
INSERT INTO md_class (accessorclassname, bizitfimpclassname, classtype, componentid, createtime, creator, defaulttablename, description, displayname, dr, fixedlength, fullclassname, help, id, industry, isactive, isauthen, iscreatesql, isextendbean, isprimary, keyattribute, modifier, modifytime, modinfoclassname, name, parentclassid, precise, refmodelname, resid, returntype, stereotype, ts, userdefclassname, versiontype) VALUES ('nc.md.model.access.javamap.NCBeanStyle', null, 201, 'd6aedba4-d717-4f89-8f30-8e3b2d994a33', '2018-05-02 23:19:08', 'YONYOU NC', 'wa_daysalary', null, '日薪', 0, null, 'nc.vo.hrwa.wadaysalary.DaySalaryVO', null, 'c8b62afe-4bbb-4319-8f47-0989f39c0945', '0', null, 'Y', 'Y', null, 'Y', '67a43946-bba8-4aa6-9ebf-72ad69dd6530', 'yonyouBQ', '2018-12-13 15:43:49', null, 'DaySalaryVO', null, null, null, null, null, null, '2018-12-13 15:46:54', null, 0);
INSERT INTO md_enumValue (description, dr, enumsequence, hidden, id, industry, name, resid, ts, value, versiontype) VALUES (null, 0, 0, 'N', 'a8a05ebf-1b3e-4977-b0e8-ee9ee3c50b8d', '0', '1月份', null, '2018-12-13 15:46:54', '1', 0);
INSERT INTO md_enumValue (description, dr, enumsequence, hidden, id, industry, name, resid, ts, value, versiontype) VALUES (null, 0, 9, 'N', 'a8a05ebf-1b3e-4977-b0e8-ee9ee3c50b8d', '0', '10月份', null, '2018-12-13 15:46:54', '10', 0);
INSERT INTO md_enumValue (description, dr, enumsequence, hidden, id, industry, name, resid, ts, value, versiontype) VALUES (null, 0, 10, 'N', 'a8a05ebf-1b3e-4977-b0e8-ee9ee3c50b8d', '0', '11月份', null, '2018-12-13 15:46:54', '11', 0);
INSERT INTO md_enumValue (description, dr, enumsequence, hidden, id, industry, name, resid, ts, value, versiontype) VALUES (null, 0, 11, 'N', 'a8a05ebf-1b3e-4977-b0e8-ee9ee3c50b8d', '0', '12月份', null, '2018-12-13 15:46:54', '12', 0);
INSERT INTO md_enumValue (description, dr, enumsequence, hidden, id, industry, name, resid, ts, value, versiontype) VALUES (null, 0, 1, 'N', 'a8a05ebf-1b3e-4977-b0e8-ee9ee3c50b8d', '0', '2月份', null, '2018-12-13 15:46:54', '2', 0);
INSERT INTO md_enumValue (description, dr, enumsequence, hidden, id, industry, name, resid, ts, value, versiontype) VALUES (null, 0, 2, 'N', 'a8a05ebf-1b3e-4977-b0e8-ee9ee3c50b8d', '0', '3月份', null, '2018-12-13 15:46:54', '3', 0);
INSERT INTO md_enumValue (description, dr, enumsequence, hidden, id, industry, name, resid, ts, value, versiontype) VALUES (null, 0, 3, 'N', 'a8a05ebf-1b3e-4977-b0e8-ee9ee3c50b8d', '0', '4月份', null, '2018-12-13 15:46:54', '4', 0);
INSERT INTO md_enumValue (description, dr, enumsequence, hidden, id, industry, name, resid, ts, value, versiontype) VALUES (null, 0, 4, 'N', 'a8a05ebf-1b3e-4977-b0e8-ee9ee3c50b8d', '0', '5月份', null, '2018-12-13 15:46:54', '5', 0);
INSERT INTO md_enumValue (description, dr, enumsequence, hidden, id, industry, name, resid, ts, value, versiontype) VALUES (null, 0, 5, 'N', 'a8a05ebf-1b3e-4977-b0e8-ee9ee3c50b8d', '0', '6月份', null, '2018-12-13 15:46:54', '6', 0);
INSERT INTO md_enumValue (description, dr, enumsequence, hidden, id, industry, name, resid, ts, value, versiontype) VALUES (null, 0, 6, 'N', 'a8a05ebf-1b3e-4977-b0e8-ee9ee3c50b8d', '0', '7月份', null, '2018-12-13 15:46:54', '7', 0);
INSERT INTO md_enumValue (description, dr, enumsequence, hidden, id, industry, name, resid, ts, value, versiontype) VALUES (null, 0, 7, 'N', 'a8a05ebf-1b3e-4977-b0e8-ee9ee3c50b8d', '0', '8月份', null, '2018-12-13 15:46:54', '8', 0);
INSERT INTO md_enumValue (description, dr, enumsequence, hidden, id, industry, name, resid, ts, value, versiontype) VALUES (null, 0, 8, 'N', 'a8a05ebf-1b3e-4977-b0e8-ee9ee3c50b8d', '0', '9月份', null, '2018-12-13 15:46:54', '9', 0);
INSERT INTO md_property (accessorclassname, accesspower, accesspowergroup, attrlength, attrmaxvalue, attrminvalue, attrsequence, calculation, classid, createindustry, createtime, creator, customattr, datatype, datatypestyle, defaultvalue, description, displayname, dr, dynamicattr, dynamictable, fixedlength, help, hided, id, industry, isactive, isauthen, modifier, modifytime, name, notserialize, nullable, precise, readonly, refmodelname, resid, ts, versiontype, visibility) VALUES (null, 'N', null, 19, null, null, 5, 'N', 'c8b62afe-4bbb-4319-8f47-0989f39c0945', null, null, null, 'N', 'BS000010000100001034', 300, null, null, '薪资变动情况时间戳', 0, 'N', null, 'N', null, 'N', '08b84e7e-1349-4831-ad1b-aa99c5ff2815', '0', 'Y', 'Y', null, null, 'wadocts', 'N', 'Y', 0, 'N', null, null, '2018-12-13 15:46:54', 0, 0);
INSERT INTO md_property (accessorclassname, accesspower, accesspowergroup, attrlength, attrmaxvalue, attrminvalue, attrsequence, calculation, classid, createindustry, createtime, creator, customattr, datatype, datatypestyle, defaultvalue, description, displayname, dr, dynamicattr, dynamictable, fixedlength, help, hided, id, industry, isactive, isauthen, modifier, modifytime, name, notserialize, nullable, precise, readonly, refmodelname, resid, ts, versiontype, visibility) VALUES (null, 'N', null, 20, null, null, 4, 'N', 'c8b62afe-4bbb-4319-8f47-0989f39c0945', null, null, null, 'N', 'BS000010000100001001', 300, null, null, '薪资变动情况', 0, 'N', null, 'N', null, 'N', '159a1748-4c29-45c3-a103-52f6103baef6', '0', 'Y', 'Y', null, null, 'pk_psndoc_sub', 'N', 'Y', 0, 'N', null, null, '2018-12-13 15:46:54', 0, 0);
INSERT INTO md_property (accessorclassname, accesspower, accesspowergroup, attrlength, attrmaxvalue, attrminvalue, attrsequence, calculation, classid, createindustry, createtime, creator, customattr, datatype, datatypestyle, defaultvalue, description, displayname, dr, dynamicattr, dynamictable, fixedlength, help, hided, id, industry, isactive, isauthen, modifier, modifytime, name, notserialize, nullable, precise, readonly, refmodelname, resid, ts, versiontype, visibility) VALUES (null, 'N', null, 0, null, null, 10, 'N', 'c8b62afe-4bbb-4319-8f47-0989f39c0945', null, null, null, 'N', 'BS000010000100001004', 300, null, null, '薪资月', 0, 'N', null, 'N', null, 'N', '20188956-007c-44d7-be41-9e37ce6d4a32', '0', 'Y', 'Y', null, null, 'cperiod', 'N', 'Y', 0, 'N', null, null, '2018-12-13 15:46:54', 0, 0);
INSERT INTO md_property (accessorclassname, accesspower, accesspowergroup, attrlength, attrmaxvalue, attrminvalue, attrsequence, calculation, classid, createindustry, createtime, creator, customattr, datatype, datatypestyle, defaultvalue, description, displayname, dr, dynamicattr, dynamictable, fixedlength, help, hided, id, industry, isactive, isauthen, modifier, modifytime, name, notserialize, nullable, precise, readonly, refmodelname, resid, ts, versiontype, visibility) VALUES (null, 'N', null, 28, null, null, 11, 'N', 'c8b62afe-4bbb-4319-8f47-0989f39c0945', null, null, null, 'N', 'BS000010000100001031', 300, null, null, '定调资日薪', 0, 'N', null, 'N', null, 'N', '23c233cd-0683-47ef-bbd8-a30a5a957f9c', '0', 'Y', 'Y', null, null, 'daysalary', 'N', 'Y', 8, 'N', null, null, '2018-12-13 15:46:54', 0, 0);
INSERT INTO md_property (accessorclassname, accesspower, accesspowergroup, attrlength, attrmaxvalue, attrminvalue, attrsequence, calculation, classid, createindustry, createtime, creator, customattr, datatype, datatypestyle, defaultvalue, description, displayname, dr, dynamicattr, dynamictable, fixedlength, help, hided, id, industry, isactive, isauthen, modifier, modifytime, name, notserialize, nullable, precise, readonly, refmodelname, resid, ts, versiontype, visibility) VALUES (null, 'N', null, 10, null, null, 8, 'N', 'c8b62afe-4bbb-4319-8f47-0989f39c0945', null, null, null, 'N', 'BS000010000100001039', 300, null, null, '薪资日期', 0, 'N', null, 'N', null, 'N', '398095a5-37b0-407c-989d-005bba5df4d6', '0', 'Y', 'Y', null, null, 'salarydate', 'N', 'Y', 0, 'N', null, null, '2018-12-13 15:46:54', 0, 0);
INSERT INTO md_property (accessorclassname, accesspower, accesspowergroup, attrlength, attrmaxvalue, attrminvalue, attrsequence, calculation, classid, createindustry, createtime, creator, customattr, datatype, datatypestyle, defaultvalue, description, displayname, dr, dynamicattr, dynamictable, fixedlength, help, hided, id, industry, isactive, isauthen, modifier, modifytime, name, notserialize, nullable, precise, readonly, refmodelname, resid, ts, versiontype, visibility) VALUES (null, 'N', null, 28, null, null, 12, 'N', 'c8b62afe-4bbb-4319-8f47-0989f39c0945', null, null, null, 'N', 'BS000010000100001031', 300, null, null, '定调资时薪', 0, 'N', null, 'N', null, 'N', '5772cff2-ef6c-4ba4-9501-7f6d53b14ace', '0', 'Y', 'Y', null, null, 'hoursalary', 'N', 'Y', 8, 'N', null, null, '2018-12-13 15:46:54', 0, 0);
INSERT INTO md_property (accessorclassname, accesspower, accesspowergroup, attrlength, attrmaxvalue, attrminvalue, attrsequence, calculation, classid, createindustry, createtime, creator, customattr, datatype, datatypestyle, defaultvalue, description, displayname, dr, dynamicattr, dynamictable, fixedlength, help, hided, id, industry, isactive, isauthen, modifier, modifytime, name, notserialize, nullable, precise, readonly, refmodelname, resid, ts, versiontype, visibility) VALUES (null, 'N', null, 20, null, null, 6, 'N', 'c8b62afe-4bbb-4319-8f47-0989f39c0945', null, null, null, 'N', '218971f0-e5dc-408b-9a32-56529dddd4db', 305, null, null, '人员基本主键', 0, 'N', null, 'N', null, 'N', '61e843d2-6d65-4d70-a0f7-b223c86faa4e', '0', 'Y', 'Y', null, null, 'pk_psndoc', 'N', 'Y', 0, 'N', 'HR人员', null, '2018-12-13 15:46:54', 0, 0);
INSERT INTO md_property (accessorclassname, accesspower, accesspowergroup, attrlength, attrmaxvalue, attrminvalue, attrsequence, calculation, classid, createindustry, createtime, creator, customattr, datatype, datatypestyle, defaultvalue, description, displayname, dr, dynamicattr, dynamictable, fixedlength, help, hided, id, industry, isactive, isauthen, modifier, modifytime, name, notserialize, nullable, precise, readonly, refmodelname, resid, ts, versiontype, visibility) VALUES (null, 'N', null, 20, null, null, 0, 'N', 'c8b62afe-4bbb-4319-8f47-0989f39c0945', null, null, null, 'N', 'BS000010000100001051', 300, null, null, '日薪主键', 0, 'N', null, 'N', null, 'N', '67a43946-bba8-4aa6-9ebf-72ad69dd6530', '0', 'Y', 'Y', null, null, 'pk_daysalary', 'N', 'N', 0, 'N', null, null, '2018-12-13 15:46:54', 0, 0);
INSERT INTO md_property (accessorclassname, accesspower, accesspowergroup, attrlength, attrmaxvalue, attrminvalue, attrsequence, calculation, classid, createindustry, createtime, creator, customattr, datatype, datatypestyle, defaultvalue, description, displayname, dr, dynamicattr, dynamictable, fixedlength, help, hided, id, industry, isactive, isauthen, modifier, modifytime, name, notserialize, nullable, precise, readonly, refmodelname, resid, ts, versiontype, visibility) VALUES (null, 'N', null, 0, null, null, 13, 'N', 'c8b62afe-4bbb-4319-8f47-0989f39c0945', null, null, null, 'N', 'BS000010000100001004', 300, null, null, '天数取值方式', 0, 'N', null, 'N', null, 'N', '7353d7c0-9252-4357-bd6e-4bd4e764b8eb', '0', 'Y', 'Y', null, null, 'initcode', 'N', 'Y', 0, 'N', null, null, '2018-12-13 15:46:54', 0, 0);
INSERT INTO md_property (accessorclassname, accesspower, accesspowergroup, attrlength, attrmaxvalue, attrminvalue, attrsequence, calculation, classid, createindustry, createtime, creator, customattr, datatype, datatypestyle, defaultvalue, description, displayname, dr, dynamicattr, dynamictable, fixedlength, help, hided, id, industry, isactive, isauthen, modifier, modifytime, name, notserialize, nullable, precise, readonly, refmodelname, resid, ts, versiontype, visibility) VALUES (null, 'N', null, 50, null, null, 2, 'N', 'c8b62afe-4bbb-4319-8f47-0989f39c0945', null, null, null, 'N', 'BS000010000100001001', 300, null, null, '薪资方案', 0, 'N', null, 'N', null, 'N', '78915563-da0b-4656-93bc-8bc76e90cfdf', '0', 'Y', 'Y', null, null, 'pk_wa_class', 'N', 'Y', 0, 'N', null, null, '2018-12-13 15:46:54', 0, 0);
INSERT INTO md_property (accessorclassname, accesspower, accesspowergroup, attrlength, attrmaxvalue, attrminvalue, attrsequence, calculation, classid, createindustry, createtime, creator, customattr, datatype, datatypestyle, defaultvalue, description, displayname, dr, dynamicattr, dynamictable, fixedlength, help, hided, id, industry, isactive, isauthen, modifier, modifytime, name, notserialize, nullable, precise, readonly, refmodelname, resid, ts, versiontype, visibility) VALUES (null, 'N', null, 20, null, null, 1, 'N', 'c8b62afe-4bbb-4319-8f47-0989f39c0945', null, null, null, 'N', 'f3fed5ea-72f2-4a0a-ad43-d30b1c22c86c', 305, null, null, '人力Y源M', 0, 'N', null, 'N', null, 'N', 'cbc1cec7-938c-4122-9afe-2911e364277a', '0', 'Y', 'Y', null, null, 'pk_hrorg', 'N', 'Y', 0, 'N', null, null, '2018-12-13 15:46:54', 0, 0);
INSERT INTO md_property (accessorclassname, accesspower, accesspowergroup, attrlength, attrmaxvalue, attrminvalue, attrsequence, calculation, classid, createindustry, createtime, creator, customattr, datatype, datatypestyle, defaultvalue, description, displayname, dr, dynamicattr, dynamictable, fixedlength, help, hided, id, industry, isactive, isauthen, modifier, modifytime, name, notserialize, nullable, precise, readonly, refmodelname, resid, ts, versiontype, visibility) VALUES (null, 'N', null, 20, null, null, 7, 'N', 'c8b62afe-4bbb-4319-8f47-0989f39c0945', null, null, null, 'N', '7156d223-4531-4337-b192-492ab40098f1', 305, null, null, '人员任职主键', 0, 'N', null, 'N', null, 'N', 'da6221c8-2d95-4e0e-9a79-fa42631ccb1b', '0', 'Y', 'Y', null, null, 'pk_psnjob', 'N', 'Y', 0, 'N', '人员工作记录', null, '2018-12-13 15:46:54', 0, 0);
INSERT INTO md_property (accessorclassname, accesspower, accesspowergroup, attrlength, attrmaxvalue, attrminvalue, attrsequence, calculation, classid, createindustry, createtime, creator, customattr, datatype, datatypestyle, defaultvalue, description, displayname, dr, dynamicattr, dynamictable, fixedlength, help, hided, id, industry, isactive, isauthen, modifier, modifytime, name, notserialize, nullable, precise, readonly, refmodelname, resid, ts, versiontype, visibility) VALUES (null, 'N', null, 0, null, null, 9, 'N', 'c8b62afe-4bbb-4319-8f47-0989f39c0945', null, null, null, 'N', 'BS000010000100001004', 300, null, null, '薪资年', 0, 'N', null, 'N', null, 'N', 'f08360e0-0c61-4182-a61e-d3fa76746aa9', '0', 'Y', 'Y', null, null, 'cyear', 'N', 'Y', 0, 'N', null, null, '2018-12-13 15:46:54', 0, 0);
INSERT INTO md_property (accessorclassname, accesspower, accesspowergroup, attrlength, attrmaxvalue, attrminvalue, attrsequence, calculation, classid, createindustry, createtime, creator, customattr, datatype, datatypestyle, defaultvalue, description, displayname, dr, dynamicattr, dynamictable, fixedlength, help, hided, id, industry, isactive, isauthen, modifier, modifytime, name, notserialize, nullable, precise, readonly, refmodelname, resid, ts, versiontype, visibility) VALUES (null, 'N', null, 20, null, null, 3, 'N', 'c8b62afe-4bbb-4319-8f47-0989f39c0945', null, null, null, 'N', 'BS000010000100001001', 300, null, null, '薪资项目', 0, 'N', null, 'N', null, 'N', 'fb095705-d73b-4eaa-976e-4723c4c7d73c', '0', 'Y', 'Y', null, null, 'pk_wa_item', 'N', 'Y', 0, 'N', null, null, '2018-12-13 15:46:54', 0, 0);
INSERT INTO md_association (cascadedelete, cascadeupdate, componentid, createtime, creator, dr, endcardinality, endelementid, id, industry, isactive, modifier, modifytime, name, startbeanid, startcardinality, startelementid, ts, type, versiontype) VALUES (null, null, 'd6aedba4-d717-4f89-8f30-8e3b2d994a33', null, null, 0, '1', '7156d223-4531-4337-b192-492ab40098f1', '725c79f3-9f86-4b0f-872c-bbf6b9478519', '0', 'Y', null, null, 'DaySalaryVO_pk_psnjob', 'c8b62afe-4bbb-4319-8f47-0989f39c0945', '1', 'da6221c8-2d95-4e0e-9a79-fa42631ccb1b', '2018-12-13 15:46:54', 3, 0);
INSERT INTO md_association (cascadedelete, cascadeupdate, componentid, createtime, creator, dr, endcardinality, endelementid, id, industry, isactive, modifier, modifytime, name, startbeanid, startcardinality, startelementid, ts, type, versiontype) VALUES (null, null, 'd6aedba4-d717-4f89-8f30-8e3b2d994a33', null, null, 0, '1', 'f3fed5ea-72f2-4a0a-ad43-d30b1c22c86c', '9c774c5f-dada-47e0-8c47-8cd171099a97', '0', 'Y', null, null, 'DaySalaryVO_pk_hrorg', 'c8b62afe-4bbb-4319-8f47-0989f39c0945', '1', 'cbc1cec7-938c-4122-9afe-2911e364277a', '2018-12-13 15:46:54', 3, 0);
INSERT INTO md_association (cascadedelete, cascadeupdate, componentid, createtime, creator, dr, endcardinality, endelementid, id, industry, isactive, modifier, modifytime, name, startbeanid, startcardinality, startelementid, ts, type, versiontype) VALUES (null, null, 'd6aedba4-d717-4f89-8f30-8e3b2d994a33', null, null, 0, '1', '218971f0-e5dc-408b-9a32-56529dddd4db', 'e76923f7-8280-4626-96e0-1913f9ad9763', '0', 'Y', null, null, 'DaySalaryVO_pk_psndoc', 'c8b62afe-4bbb-4319-8f47-0989f39c0945', '1', '61e843d2-6d65-4d70-a0f7-b223c86faa4e', '2018-12-13 15:46:54', 3, 0);
INSERT INTO md_table (createtime, creator, databaseid, description, displayname, dr, fromsourcebmf, help, id, industry, isactive, isextendtable, modifier, modifytime, name, parenttable, resid, resmodule, ts, versiontype) VALUES ('2018-05-02 23:19:08', 'YONYOU NC', null, null, '日薪', 0, 'Y', null, 'wa_daysalary', '0', null, null, 'yonyouBQ', '2018-12-13 15:43:49', 'wa_daysalary', null, null, 'wadaysalary', '2018-12-13 15:46:54', 0);
INSERT INTO md_column (columnlength, columnsequence, columntype, createtime, creator, defaultvalue, description, displayname, dr, forlocale, groupid, help, id, identitied, incrementseed, incrementstep, isactive, modifier, modifytime, name, nullable, pkey, precise, resid, sqldatetype, tableid, ts, versiontype) VALUES (0, 13, 0, null, null, null, null, '天数取值方式', 0, 'N', null, null, 'wa_daysalary@@@initcode', null, null, null, 'Y', null, null, 'initcode', 'Y', 'N', 0, null, 'int', 'wa_daysalary', '2018-12-13 15:46:54', 0);
INSERT INTO md_column (columnlength, columnsequence, columntype, createtime, creator, defaultvalue, description, displayname, dr, forlocale, groupid, help, id, identitied, incrementseed, incrementstep, isactive, modifier, modifytime, name, nullable, pkey, precise, resid, sqldatetype, tableid, ts, versiontype) VALUES (28, 12, 0, null, null, null, null, '定调资时薪', 0, 'N', null, null, 'wa_daysalary@@@hoursalary', null, null, null, 'Y', null, null, 'hoursalary', 'Y', 'N', 8, null, 'decimal', 'wa_daysalary', '2018-12-13 15:46:54', 0);
INSERT INTO md_column (columnlength, columnsequence, columntype, createtime, creator, defaultvalue, description, displayname, dr, forlocale, groupid, help, id, identitied, incrementseed, incrementstep, isactive, modifier, modifytime, name, nullable, pkey, precise, resid, sqldatetype, tableid, ts, versiontype) VALUES (28, 11, 0, null, null, null, null, '定调资日薪', 0, 'N', null, null, 'wa_daysalary@@@daysalary', null, null, null, 'Y', null, null, 'daysalary', 'Y', 'N', 8, null, 'decimal', 'wa_daysalary', '2018-12-13 15:46:54', 0);
INSERT INTO md_column (columnlength, columnsequence, columntype, createtime, creator, defaultvalue, description, displayname, dr, forlocale, groupid, help, id, identitied, incrementseed, incrementstep, isactive, modifier, modifytime, name, nullable, pkey, precise, resid, sqldatetype, tableid, ts, versiontype) VALUES (0, 10, 0, null, null, null, null, '薪资月', 0, 'N', null, null, 'wa_daysalary@@@cperiod', null, null, null, 'Y', null, null, 'cperiod', 'Y', 'N', 0, null, 'int', 'wa_daysalary', '2018-12-13 15:46:54', 0);
INSERT INTO md_column (columnlength, columnsequence, columntype, createtime, creator, defaultvalue, description, displayname, dr, forlocale, groupid, help, id, identitied, incrementseed, incrementstep, isactive, modifier, modifytime, name, nullable, pkey, precise, resid, sqldatetype, tableid, ts, versiontype) VALUES (0, 9, 0, null, null, null, null, '薪资年', 0, 'N', null, null, 'wa_daysalary@@@cyear', null, null, null, 'Y', null, null, 'cyear', 'Y', 'N', 0, null, 'int', 'wa_daysalary', '2018-12-13 15:46:54', 0);
INSERT INTO md_column (columnlength, columnsequence, columntype, createtime, creator, defaultvalue, description, displayname, dr, forlocale, groupid, help, id, identitied, incrementseed, incrementstep, isactive, modifier, modifytime, name, nullable, pkey, precise, resid, sqldatetype, tableid, ts, versiontype) VALUES (10, 8, 0, null, null, null, null, '薪资日期', 0, 'N', null, null, 'wa_daysalary@@@salarydate', null, null, null, 'Y', null, null, 'salarydate', 'Y', 'N', 0, null, 'char', 'wa_daysalary', '2018-12-13 15:46:54', 0);
INSERT INTO md_column (columnlength, columnsequence, columntype, createtime, creator, defaultvalue, description, displayname, dr, forlocale, groupid, help, id, identitied, incrementseed, incrementstep, isactive, modifier, modifytime, name, nullable, pkey, precise, resid, sqldatetype, tableid, ts, versiontype) VALUES (20, 7, 0, null, null, '*~', null, '人员任职主键', 0, 'N', null, null, 'wa_daysalary@@@pk_psnjob', null, null, null, 'Y', null, null, 'pk_psnjob', 'Y', 'N', 0, null, 'varchar', 'wa_daysalary', '2018-12-13 15:46:54', 0);
INSERT INTO md_column (columnlength, columnsequence, columntype, createtime, creator, defaultvalue, description, displayname, dr, forlocale, groupid, help, id, identitied, incrementseed, incrementstep, isactive, modifier, modifytime, name, nullable, pkey, precise, resid, sqldatetype, tableid, ts, versiontype) VALUES (20, 6, 0, null, null, '*~', null, '人员基本主键', 0, 'N', null, null, 'wa_daysalary@@@pk_psndoc', null, null, null, 'Y', null, null, 'pk_psndoc', 'Y', 'N', 0, null, 'varchar', 'wa_daysalary', '2018-12-13 15:46:54', 0);
INSERT INTO md_column (columnlength, columnsequence, columntype, createtime, creator, defaultvalue, description, displayname, dr, forlocale, groupid, help, id, identitied, incrementseed, incrementstep, isactive, modifier, modifytime, name, nullable, pkey, precise, resid, sqldatetype, tableid, ts, versiontype) VALUES (19, 5, 0, null, null, null, null, '薪资变动情况时间戳', 0, 'N', null, null, 'wa_daysalary@@@wadocts', null, null, null, 'Y', null, null, 'wadocts', 'Y', 'N', 0, null, 'char', 'wa_daysalary', '2018-12-13 15:46:54', 0);
INSERT INTO md_column (columnlength, columnsequence, columntype, createtime, creator, defaultvalue, description, displayname, dr, forlocale, groupid, help, id, identitied, incrementseed, incrementstep, isactive, modifier, modifytime, name, nullable, pkey, precise, resid, sqldatetype, tableid, ts, versiontype) VALUES (20, 4, 0, null, null, null, null, '薪资变动情况', 0, 'N', null, null, 'wa_daysalary@@@pk_psndoc_sub', null, null, null, 'Y', null, null, 'pk_psndoc_sub', 'Y', 'N', 0, null, 'varchar', 'wa_daysalary', '2018-12-13 15:46:54', 0);
INSERT INTO md_column (columnlength, columnsequence, columntype, createtime, creator, defaultvalue, description, displayname, dr, forlocale, groupid, help, id, identitied, incrementseed, incrementstep, isactive, modifier, modifytime, name, nullable, pkey, precise, resid, sqldatetype, tableid, ts, versiontype) VALUES (20, 3, 0, null, null, null, null, '薪资项目', 0, 'N', null, null, 'wa_daysalary@@@pk_wa_item', null, null, null, 'Y', null, null, 'pk_wa_item', 'Y', 'N', 0, null, 'varchar', 'wa_daysalary', '2018-12-13 15:46:54', 0);
INSERT INTO md_column (columnlength, columnsequence, columntype, createtime, creator, defaultvalue, description, displayname, dr, forlocale, groupid, help, id, identitied, incrementseed, incrementstep, isactive, modifier, modifytime, name, nullable, pkey, precise, resid, sqldatetype, tableid, ts, versiontype) VALUES (50, 2, 0, null, null, null, null, '薪资方案', 0, 'N', null, null, 'wa_daysalary@@@pk_wa_class', null, null, null, 'Y', null, null, 'pk_wa_class', 'Y', 'N', 0, null, 'varchar', 'wa_daysalary', '2018-12-13 15:46:54', 0);
INSERT INTO md_column (columnlength, columnsequence, columntype, createtime, creator, defaultvalue, description, displayname, dr, forlocale, groupid, help, id, identitied, incrementseed, incrementstep, isactive, modifier, modifytime, name, nullable, pkey, precise, resid, sqldatetype, tableid, ts, versiontype) VALUES (20, 1, 0, null, null, '*~', null, '人力Y源M', 0, 'N', null, null, 'wa_daysalary@@@pk_hrorg', null, null, null, 'Y', null, null, 'pk_hrorg', 'Y', 'N', 0, null, 'varchar', 'wa_daysalary', '2018-12-13 15:46:54', 0);
INSERT INTO md_column (columnlength, columnsequence, columntype, createtime, creator, defaultvalue, description, displayname, dr, forlocale, groupid, help, id, identitied, incrementseed, incrementstep, isactive, modifier, modifytime, name, nullable, pkey, precise, resid, sqldatetype, tableid, ts, versiontype) VALUES (20, 0, 0, null, null, null, null, '日薪主键', 0, 'N', null, null, 'wa_daysalary@@PK@@', null, null, null, 'Y', null, null, 'pk_daysalary', 'N', 'Y', 0, null, 'char', 'wa_daysalary', '2018-12-13 15:46:54', 0);
INSERT INTO md_ORMap (attributeid, classid, columnid, dr, tableid, ts) VALUES ('08b84e7e-1349-4831-ad1b-aa99c5ff2815', 'c8b62afe-4bbb-4319-8f47-0989f39c0945', 'wa_daysalary@@@wadocts', 0, 'wa_daysalary', '2018-12-13 15:46:54');
INSERT INTO md_ORMap (attributeid, classid, columnid, dr, tableid, ts) VALUES ('159a1748-4c29-45c3-a103-52f6103baef6', 'c8b62afe-4bbb-4319-8f47-0989f39c0945', 'wa_daysalary@@@pk_psndoc_sub', 0, 'wa_daysalary', '2018-12-13 15:46:54');
INSERT INTO md_ORMap (attributeid, classid, columnid, dr, tableid, ts) VALUES ('20188956-007c-44d7-be41-9e37ce6d4a32', 'c8b62afe-4bbb-4319-8f47-0989f39c0945', 'wa_daysalary@@@cperiod', 0, 'wa_daysalary', '2018-12-13 15:46:54');
INSERT INTO md_ORMap (attributeid, classid, columnid, dr, tableid, ts) VALUES ('23c233cd-0683-47ef-bbd8-a30a5a957f9c', 'c8b62afe-4bbb-4319-8f47-0989f39c0945', 'wa_daysalary@@@daysalary', 0, 'wa_daysalary', '2018-12-13 15:46:54');
INSERT INTO md_ORMap (attributeid, classid, columnid, dr, tableid, ts) VALUES ('398095a5-37b0-407c-989d-005bba5df4d6', 'c8b62afe-4bbb-4319-8f47-0989f39c0945', 'wa_daysalary@@@salarydate', 0, 'wa_daysalary', '2018-12-13 15:46:54');
INSERT INTO md_ORMap (attributeid, classid, columnid, dr, tableid, ts) VALUES ('5772cff2-ef6c-4ba4-9501-7f6d53b14ace', 'c8b62afe-4bbb-4319-8f47-0989f39c0945', 'wa_daysalary@@@hoursalary', 0, 'wa_daysalary', '2018-12-13 15:46:54');
INSERT INTO md_ORMap (attributeid, classid, columnid, dr, tableid, ts) VALUES ('61e843d2-6d65-4d70-a0f7-b223c86faa4e', 'c8b62afe-4bbb-4319-8f47-0989f39c0945', 'wa_daysalary@@@pk_psndoc', 0, 'wa_daysalary', '2018-12-13 15:46:54');
INSERT INTO md_ORMap (attributeid, classid, columnid, dr, tableid, ts) VALUES ('67a43946-bba8-4aa6-9ebf-72ad69dd6530', 'c8b62afe-4bbb-4319-8f47-0989f39c0945', 'wa_daysalary@@PK@@', 0, 'wa_daysalary', '2018-12-13 15:46:54');
INSERT INTO md_ORMap (attributeid, classid, columnid, dr, tableid, ts) VALUES ('7353d7c0-9252-4357-bd6e-4bd4e764b8eb', 'c8b62afe-4bbb-4319-8f47-0989f39c0945', 'wa_daysalary@@@initcode', 0, 'wa_daysalary', '2018-12-13 15:46:54');
INSERT INTO md_ORMap (attributeid, classid, columnid, dr, tableid, ts) VALUES ('78915563-da0b-4656-93bc-8bc76e90cfdf', 'c8b62afe-4bbb-4319-8f47-0989f39c0945', 'wa_daysalary@@@pk_wa_class', 0, 'wa_daysalary', '2018-12-13 15:46:54');
INSERT INTO md_ORMap (attributeid, classid, columnid, dr, tableid, ts) VALUES ('cbc1cec7-938c-4122-9afe-2911e364277a', 'c8b62afe-4bbb-4319-8f47-0989f39c0945', 'wa_daysalary@@@pk_hrorg', 0, 'wa_daysalary', '2018-12-13 15:46:54');
INSERT INTO md_ORMap (attributeid, classid, columnid, dr, tableid, ts) VALUES ('da6221c8-2d95-4e0e-9a79-fa42631ccb1b', 'c8b62afe-4bbb-4319-8f47-0989f39c0945', 'wa_daysalary@@@pk_psnjob', 0, 'wa_daysalary', '2018-12-13 15:46:54');
INSERT INTO md_ORMap (attributeid, classid, columnid, dr, tableid, ts) VALUES ('f08360e0-0c61-4182-a61e-d3fa76746aa9', 'c8b62afe-4bbb-4319-8f47-0989f39c0945', 'wa_daysalary@@@cyear', 0, 'wa_daysalary', '2018-12-13 15:46:54');
INSERT INTO md_ORMap (attributeid, classid, columnid, dr, tableid, ts) VALUES ('fb095705-d73b-4eaa-976e-4723c4c7d73c', 'c8b62afe-4bbb-4319-8f47-0989f39c0945', 'wa_daysalary@@@pk_wa_item', 0, 'wa_daysalary', '2018-12-13 15:46:54');
