alter table tbm_overtimereg add vestdate char(10) NULL;



delete from md_property WHERE CLASSID IN ('d83e3326-c2db-44e5-9cd6-a12bdb786a2a');
delete from bd_refinfo where para1  IN  ('d83e3326-c2db-44e5-9cd6-a12bdb786a2a');
delete from md_bizitfmap where classid IN  ('d83e3326-c2db-44e5-9cd6-a12bdb786a2a');
delete from md_association where startbeanid IN  ('d83e3326-c2db-44e5-9cd6-a12bdb786a2a');
delete from MD_COLUMN where TABLEID in (select tableid from md_ormap where classid IN (select id from md_class where COMPONENTID in ('12498ded-5605-4e13-b6d0-4d7f9490be9d')));
delete from md_busiop where ownertype IN  ('d83e3326-c2db-44e5-9cd6-a12bdb786a2a');
delete from md_attr_power where beanid IN  ('d83e3326-c2db-44e5-9cd6-a12bdb786a2a');
delete from sm_permission_res where mdid IN  ('d83e3326-c2db-44e5-9cd6-a12bdb786a2a');
delete from bd_mode_all where mdclassid IN  ('d83e3326-c2db-44e5-9cd6-a12bdb786a2a');
delete from bd_mode_selected where mdclassid IN  ('d83e3326-c2db-44e5-9cd6-a12bdb786a2a');
delete from bd_uniquerule where mdclassid IN  ('d83e3326-c2db-44e5-9cd6-a12bdb786a2a');
delete from pub_bcr_nbcr where metaid IN  ('d83e3326-c2db-44e5-9cd6-a12bdb786a2a');
delete from pub_eventtype where sourceid IN  ('d83e3326-c2db-44e5-9cd6-a12bdb786a2a');
delete from md_component where name like 'hrtaovertimereg';
delete from md_ormap where classid IN  ('d83e3326-c2db-44e5-9cd6-a12bdb786a2a');
delete from md_class where name like 'hrtaovertimereg' ;



INSERT INTO MD_COMPONENT (CREATETIME, CREATOR, DESCRIPTION, DISPLAYNAME, DR, FROMSOURCEBMF, HELP, ID, INDUSTRY, ISBIZMODEL, MODIFIER, MODIFYTIME, NAME, NAMESPACE, OWNMODULE, PRELOAD, RESID, RESMODULE, TS, VERSION, VERSIONTYPE) VALUES ('2010-11-25 14:39:59', null, null, '加班登记', 0, 'Y', null, '12498ded-5605-4e13-b6d0-4d7f9490be9d', '0', 'N', null, '2018-12-07 11:01:41', 'hrtaovertimereg', 'hrta', 'hrta', null, '2ovtm-000048', 'overtime', '2018-12-07 11:05:17', '50', 0);

INSERT INTO MD_CLASS (ACCESSORCLASSNAME, BIZITFIMPCLASSNAME, CLASSTYPE, COMPONENTID, CREATETIME, CREATOR, DEFAULTTABLENAME, DESCRIPTION, DISPLAYNAME, DR, FIXEDLENGTH, FULLCLASSNAME, HELP, ID, INDUSTRY, ISACTIVE, ISAUTHEN, ISCREATESQL, ISEXTENDBEAN, ISPRIMARY, KEYATTRIBUTE, MODIFIER, MODIFYTIME, MODINFOCLASSNAME, NAME, PARENTCLASSID, PRECISE, REFMODELNAME, RESID, RETURNTYPE, STEREOTYPE, TS, USERDEFCLASSNAME, VERSIONTYPE) VALUES ('nc.md.model.access.javamap.POJOStyle', null, 201, '12498ded-5605-4e13-b6d0-4d7f9490be9d', '2010-11-25 14:40:23', null, 'tbm_overtimereg', null, '加班登记', 0, null, 'nc.vo.ta.overtime.OvertimeRegVO', null, 'd83e3326-c2db-44e5-9cd6-a12bdb786a2a', '0', null, 'Y', 'Y', null, 'Y', '5f83fe82-106e-4d37-a0e2-ba4969ff8da3', null, '2018-12-07 11:04:14', null, 'hrtaovertimereg', null, null, null, '2ovtm-000041', null, null, '2018-12-07 11:05:17', null, 0);

INSERT INTO MD_PROPERTY (ACCESSORCLASSNAME, ACCESSPOWER, ACCESSPOWERGROUP, ATTRLENGTH, ATTRMAXVALUE, ATTRMINVALUE, ATTRSEQUENCE, CALCULATION, CLASSID, CREATEINDUSTRY, CREATETIME, CREATOR, CUSTOMATTR, DATATYPE, DATATYPESTYLE, DEFAULTVALUE, DESCRIPTION, DISPLAYNAME, DR, DYNAMICATTR, DYNAMICTABLE, FIXEDLENGTH, HELP, HIDED, ID, INDUSTRY, ISACTIVE, ISAUTHEN, MODIFIER, MODIFYTIME, NAME, NOTSERIALIZE, NULLABLE, PRECISE, READONLY, REFMODELNAME, RESID, TS, VERSIONTYPE, VISIBILITY) VALUES (null, 'N', null, 20, null, null, 0, 'N', 'd83e3326-c2db-44e5-9cd6-a12bdb786a2a', null, null, null, 'N', 'BS000010000100001051', 300, null, null, '加班登记表主键', 0, 'N', null, 'N', null, 'N', '5f83fe82-106e-4d37-a0e2-ba4969ff8da3', '0', 'Y', 'Y', null, null, 'pk_overtimereg', 'N', 'N', 0, 'N', null, '2ovtm-000033', '2018-12-07 11:05:17', 0, 0);
INSERT INTO MD_PROPERTY (ACCESSORCLASSNAME, ACCESSPOWER, ACCESSPOWERGROUP, ATTRLENGTH, ATTRMAXVALUE, ATTRMINVALUE, ATTRSEQUENCE, CALCULATION, CLASSID, CREATEINDUSTRY, CREATETIME, CREATOR, CUSTOMATTR, DATATYPE, DATATYPESTYLE, DEFAULTVALUE, DESCRIPTION, DISPLAYNAME, DR, DYNAMICATTR, DYNAMICTABLE, FIXEDLENGTH, HELP, HIDED, ID, INDUSTRY, ISACTIVE, ISAUTHEN, MODIFIER, MODIFYTIME, NAME, NOTSERIALIZE, NULLABLE, PRECISE, READONLY, REFMODELNAME, RESID, TS, VERSIONTYPE, VISIBILITY) VALUES (null, 'N', null, 20, null, null, 1, 'N', 'd83e3326-c2db-44e5-9cd6-a12bdb786a2a', null, null, null, 'N', '3b6dd171-2900-47f3-bfbe-41e4483a2a65', 305, null, null, '所属集团', 0, 'N', null, 'N', null, 'N', '615095c6-a74a-4f5a-bd88-4bca92bca478', '0', 'Y', 'Y', null, null, 'pk_group', 'N', 'N', 0, 'N', '集团(所有)', '2UC000-000367', '2018-12-07 11:05:17', 0, 0);
INSERT INTO MD_PROPERTY (ACCESSORCLASSNAME, ACCESSPOWER, ACCESSPOWERGROUP, ATTRLENGTH, ATTRMAXVALUE, ATTRMINVALUE, ATTRSEQUENCE, CALCULATION, CLASSID, CREATEINDUSTRY, CREATETIME, CREATOR, CUSTOMATTR, DATATYPE, DATATYPESTYLE, DEFAULTVALUE, DESCRIPTION, DISPLAYNAME, DR, DYNAMICATTR, DYNAMICTABLE, FIXEDLENGTH, HELP, HIDED, ID, INDUSTRY, ISACTIVE, ISAUTHEN, MODIFIER, MODIFYTIME, NAME, NOTSERIALIZE, NULLABLE, PRECISE, READONLY, REFMODELNAME, RESID, TS, VERSIONTYPE, VISIBILITY) VALUES (null, 'N', null, 20, null, null, 2, 'N', 'd83e3326-c2db-44e5-9cd6-a12bdb786a2a', null, null, null, 'N', 'f3fed5ea-72f2-4a0a-ad43-d30b1c22c86c', 305, null, null, '所属组织', 0, 'N', null, 'N', null, 'N', 'd7fe437c-6807-41e7-ac22-f3299b11ad9c', '0', 'Y', 'Y', null, null, 'pk_org', 'N', 'N', 0, 'N', '人力资源组织(所有)', '2UC000-000360', '2018-12-07 11:05:17', 0, 0);
INSERT INTO MD_PROPERTY (ACCESSORCLASSNAME, ACCESSPOWER, ACCESSPOWERGROUP, ATTRLENGTH, ATTRMAXVALUE, ATTRMINVALUE, ATTRSEQUENCE, CALCULATION, CLASSID, CREATEINDUSTRY, CREATETIME, CREATOR, CUSTOMATTR, DATATYPE, DATATYPESTYLE, DEFAULTVALUE, DESCRIPTION, DISPLAYNAME, DR, DYNAMICATTR, DYNAMICTABLE, FIXEDLENGTH, HELP, HIDED, ID, INDUSTRY, ISACTIVE, ISAUTHEN, MODIFIER, MODIFYTIME, NAME, NOTSERIALIZE, NULLABLE, PRECISE, READONLY, REFMODELNAME, RESID, TS, VERSIONTYPE, VISIBILITY) VALUES (null, 'N', null, 20, null, null, 3, 'N', 'd83e3326-c2db-44e5-9cd6-a12bdb786a2a', null, null, null, 'N', '6a70e954-0544-4cd6-8da4-1461ced5fa1c', 305, null, null, '加班类别', 0, 'N', null, 'N', null, 'N', '33f6a218-e62b-4ac0-823a-ae000ab1153c', '0', 'Y', 'Y', null, null, 'pk_overtimetype', 'N', 'N', 0, 'N', '加班类别', '2ovtm-000020', '2018-12-07 11:05:17', 0, 0);
INSERT INTO MD_PROPERTY (ACCESSORCLASSNAME, ACCESSPOWER, ACCESSPOWERGROUP, ATTRLENGTH, ATTRMAXVALUE, ATTRMINVALUE, ATTRSEQUENCE, CALCULATION, CLASSID, CREATEINDUSTRY, CREATETIME, CREATOR, CUSTOMATTR, DATATYPE, DATATYPESTYLE, DEFAULTVALUE, DESCRIPTION, DISPLAYNAME, DR, DYNAMICATTR, DYNAMICTABLE, FIXEDLENGTH, HELP, HIDED, ID, INDUSTRY, ISACTIVE, ISAUTHEN, MODIFIER, MODIFYTIME, NAME, NOTSERIALIZE, NULLABLE, PRECISE, READONLY, REFMODELNAME, RESID, TS, VERSIONTYPE, VISIBILITY) VALUES (null, 'N', null, 20, null, null, 4, 'N', 'd83e3326-c2db-44e5-9cd6-a12bdb786a2a', null, null, null, 'N', '6b4d6a00-8055-49be-a3d2-e216760157fd', 305, null, null, '加班类别copy', 0, 'N', null, 'N', null, 'N', '23770f18-9503-4846-9990-6c832cd1361b', '0', 'Y', 'Y', null, null, 'pk_overtimetypecopy', 'N', 'Y', 0, 'N', '加班类别拷贝', '2ovtm-000018', '2018-12-07 11:05:17', 0, 0);
INSERT INTO MD_PROPERTY (ACCESSORCLASSNAME, ACCESSPOWER, ACCESSPOWERGROUP, ATTRLENGTH, ATTRMAXVALUE, ATTRMINVALUE, ATTRSEQUENCE, CALCULATION, CLASSID, CREATEINDUSTRY, CREATETIME, CREATOR, CUSTOMATTR, DATATYPE, DATATYPESTYLE, DEFAULTVALUE, DESCRIPTION, DISPLAYNAME, DR, DYNAMICATTR, DYNAMICTABLE, FIXEDLENGTH, HELP, HIDED, ID, INDUSTRY, ISACTIVE, ISAUTHEN, MODIFIER, MODIFYTIME, NAME, NOTSERIALIZE, NULLABLE, PRECISE, READONLY, REFMODELNAME, RESID, TS, VERSIONTYPE, VISIBILITY) VALUES (null, 'N', null, 20, null, null, 5, 'N', 'd83e3326-c2db-44e5-9cd6-a12bdb786a2a', null, null, null, 'N', '218971f0-e5dc-408b-9a32-56529dddd4db', 305, null, null, '人员基本档案主键', 0, 'N', null, 'N', null, 'N', 'e330e462-8426-4302-a4d1-1e05bbe70856', '0', 'Y', 'Y', null, null, 'pk_psndoc', 'N', 'Y', 0, 'N', 'HR人员', '2ovtm-000050', '2018-12-07 11:05:17', 0, 0);
INSERT INTO MD_PROPERTY (ACCESSORCLASSNAME, ACCESSPOWER, ACCESSPOWERGROUP, ATTRLENGTH, ATTRMAXVALUE, ATTRMINVALUE, ATTRSEQUENCE, CALCULATION, CLASSID, CREATEINDUSTRY, CREATETIME, CREATOR, CUSTOMATTR, DATATYPE, DATATYPESTYLE, DEFAULTVALUE, DESCRIPTION, DISPLAYNAME, DR, DYNAMICATTR, DYNAMICTABLE, FIXEDLENGTH, HELP, HIDED, ID, INDUSTRY, ISACTIVE, ISAUTHEN, MODIFIER, MODIFYTIME, NAME, NOTSERIALIZE, NULLABLE, PRECISE, READONLY, REFMODELNAME, RESID, TS, VERSIONTYPE, VISIBILITY) VALUES (null, 'N', null, 20, null, null, 6, 'N', 'd83e3326-c2db-44e5-9cd6-a12bdb786a2a', null, null, null, 'N', '7156d223-4531-4337-b192-492ab40098f1', 305, null, null, '人员工作记录', 0, 'N', null, 'N', null, 'N', '9639339f-63c8-47f8-9e21-b53cf952e8a1', '0', 'Y', 'Y', null, null, 'pk_psnjob', 'N', 'N', 0, 'N', '人员工作记录', '2ovtm-000019', '2018-12-07 11:05:17', 0, 0);
INSERT INTO MD_PROPERTY (ACCESSORCLASSNAME, ACCESSPOWER, ACCESSPOWERGROUP, ATTRLENGTH, ATTRMAXVALUE, ATTRMINVALUE, ATTRSEQUENCE, CALCULATION, CLASSID, CREATEINDUSTRY, CREATETIME, CREATOR, CUSTOMATTR, DATATYPE, DATATYPESTYLE, DEFAULTVALUE, DESCRIPTION, DISPLAYNAME, DR, DYNAMICATTR, DYNAMICTABLE, FIXEDLENGTH, HELP, HIDED, ID, INDUSTRY, ISACTIVE, ISAUTHEN, MODIFIER, MODIFYTIME, NAME, NOTSERIALIZE, NULLABLE, PRECISE, READONLY, REFMODELNAME, RESID, TS, VERSIONTYPE, VISIBILITY) VALUES (null, 'N', null, 20, null, null, 7, 'N', 'd83e3326-c2db-44e5-9cd6-a12bdb786a2a', null, null, null, 'N', 'fa902409-20fe-4c49-89ee-85ee9312174b', 305, null, null, '人员组织版本', 0, 'N', null, 'N', null, 'N', '2fb048f8-ecc3-4e9e-8967-48bb83bdc312', '0', 'Y', 'Y', null, null, 'pk_org_v', 'N', 'Y', 0, 'N', '行政组织版本', '2ovtm-000023', '2018-12-07 11:05:17', 0, 0);
INSERT INTO MD_PROPERTY (ACCESSORCLASSNAME, ACCESSPOWER, ACCESSPOWERGROUP, ATTRLENGTH, ATTRMAXVALUE, ATTRMINVALUE, ATTRSEQUENCE, CALCULATION, CLASSID, CREATEINDUSTRY, CREATETIME, CREATOR, CUSTOMATTR, DATATYPE, DATATYPESTYLE, DEFAULTVALUE, DESCRIPTION, DISPLAYNAME, DR, DYNAMICATTR, DYNAMICTABLE, FIXEDLENGTH, HELP, HIDED, ID, INDUSTRY, ISACTIVE, ISAUTHEN, MODIFIER, MODIFYTIME, NAME, NOTSERIALIZE, NULLABLE, PRECISE, READONLY, REFMODELNAME, RESID, TS, VERSIONTYPE, VISIBILITY) VALUES (null, 'N', null, 20, null, null, 8, 'N', 'd83e3326-c2db-44e5-9cd6-a12bdb786a2a', null, null, null, 'N', '66ed0cf6-e260-4f39-8fbb-172260efd677', 305, null, null, '人员部门版本', 0, 'N', null, 'N', null, 'N', '33580301-d0c6-483a-a7e5-5e6d50533640', '0', 'Y', 'Y', null, null, 'pk_dept_v', 'N', 'Y', 0, 'N', '部门版本(所有)', '2ovtm-000025', '2018-12-07 11:05:17', 0, 0);
INSERT INTO MD_PROPERTY (ACCESSORCLASSNAME, ACCESSPOWER, ACCESSPOWERGROUP, ATTRLENGTH, ATTRMAXVALUE, ATTRMINVALUE, ATTRSEQUENCE, CALCULATION, CLASSID, CREATEINDUSTRY, CREATETIME, CREATOR, CUSTOMATTR, DATATYPE, DATATYPESTYLE, DEFAULTVALUE, DESCRIPTION, DISPLAYNAME, DR, DYNAMICATTR, DYNAMICTABLE, FIXEDLENGTH, HELP, HIDED, ID, INDUSTRY, ISACTIVE, ISAUTHEN, MODIFIER, MODIFYTIME, NAME, NOTSERIALIZE, NULLABLE, PRECISE, READONLY, REFMODELNAME, RESID, TS, VERSIONTYPE, VISIBILITY) VALUES (null, 'N', null, 10, null, null, 9, 'N', 'd83e3326-c2db-44e5-9cd6-a12bdb786a2a', null, null, null, 'N', 'BS000010000100001039', 300, null, null, '加班开始日期', 0, 'N', null, 'N', null, 'N', '962b5b64-5276-4322-9d4c-73dcf9942337', '0', 'Y', 'Y', null, null, 'overtimebegindate', 'N', 'Y', 0, 'N', null, '2ovtm-000026', '2018-12-07 11:05:17', 0, 0);
INSERT INTO MD_PROPERTY (ACCESSORCLASSNAME, ACCESSPOWER, ACCESSPOWERGROUP, ATTRLENGTH, ATTRMAXVALUE, ATTRMINVALUE, ATTRSEQUENCE, CALCULATION, CLASSID, CREATEINDUSTRY, CREATETIME, CREATOR, CUSTOMATTR, DATATYPE, DATATYPESTYLE, DEFAULTVALUE, DESCRIPTION, DISPLAYNAME, DR, DYNAMICATTR, DYNAMICTABLE, FIXEDLENGTH, HELP, HIDED, ID, INDUSTRY, ISACTIVE, ISAUTHEN, MODIFIER, MODIFYTIME, NAME, NOTSERIALIZE, NULLABLE, PRECISE, READONLY, REFMODELNAME, RESID, TS, VERSIONTYPE, VISIBILITY) VALUES (null, 'N', null, 19, null, null, 10, 'N', 'd83e3326-c2db-44e5-9cd6-a12bdb786a2a', null, null, null, 'N', 'BS000010000100001034', 300, null, null, '加班开始时刻', 0, 'N', null, 'N', null, 'N', 'f57745ee-92e5-4572-b10b-49247f711502', '0', 'Y', 'Y', null, null, 'overtimebegintime', 'N', 'Y', 0, 'N', null, '2ovtm-000027', '2018-12-07 11:05:17', 0, 0);
INSERT INTO MD_PROPERTY (ACCESSORCLASSNAME, ACCESSPOWER, ACCESSPOWERGROUP, ATTRLENGTH, ATTRMAXVALUE, ATTRMINVALUE, ATTRSEQUENCE, CALCULATION, CLASSID, CREATEINDUSTRY, CREATETIME, CREATOR, CUSTOMATTR, DATATYPE, DATATYPESTYLE, DEFAULTVALUE, DESCRIPTION, DISPLAYNAME, DR, DYNAMICATTR, DYNAMICTABLE, FIXEDLENGTH, HELP, HIDED, ID, INDUSTRY, ISACTIVE, ISAUTHEN, MODIFIER, MODIFYTIME, NAME, NOTSERIALIZE, NULLABLE, PRECISE, READONLY, REFMODELNAME, RESID, TS, VERSIONTYPE, VISIBILITY) VALUES (null, 'N', null, 10, null, null, 11, 'N', 'd83e3326-c2db-44e5-9cd6-a12bdb786a2a', null, null, null, 'N', 'BS000010000100001039', 300, null, null, '加班结束日期', 0, 'N', null, 'N', null, 'N', '8610f1f7-ff7d-4a17-b568-2d73c1f7580f', '0', 'Y', 'Y', null, null, 'overtimeenddate', 'N', 'Y', 0, 'N', null, '2ovtm-000002', '2018-12-07 11:05:17', 0, 0);
INSERT INTO MD_PROPERTY (ACCESSORCLASSNAME, ACCESSPOWER, ACCESSPOWERGROUP, ATTRLENGTH, ATTRMAXVALUE, ATTRMINVALUE, ATTRSEQUENCE, CALCULATION, CLASSID, CREATEINDUSTRY, CREATETIME, CREATOR, CUSTOMATTR, DATATYPE, DATATYPESTYLE, DEFAULTVALUE, DESCRIPTION, DISPLAYNAME, DR, DYNAMICATTR, DYNAMICTABLE, FIXEDLENGTH, HELP, HIDED, ID, INDUSTRY, ISACTIVE, ISAUTHEN, MODIFIER, MODIFYTIME, NAME, NOTSERIALIZE, NULLABLE, PRECISE, READONLY, REFMODELNAME, RESID, TS, VERSIONTYPE, VISIBILITY) VALUES (null, 'N', null, 19, null, null, 12, 'N', 'd83e3326-c2db-44e5-9cd6-a12bdb786a2a', null, null, null, 'N', 'BS000010000100001034', 300, null, null, '加班结束时刻', 0, 'N', null, 'N', null, 'N', 'daa2facc-a06f-4673-b7c0-e4bb86edab8b', '0', 'Y', 'Y', null, null, 'overtimeendtime', 'N', 'Y', 0, 'N', null, '2ovtm-000009', '2018-12-07 11:05:17', 0, 0);
INSERT INTO MD_PROPERTY (ACCESSORCLASSNAME, ACCESSPOWER, ACCESSPOWERGROUP, ATTRLENGTH, ATTRMAXVALUE, ATTRMINVALUE, ATTRSEQUENCE, CALCULATION, CLASSID, CREATEINDUSTRY, CREATETIME, CREATOR, CUSTOMATTR, DATATYPE, DATATYPESTYLE, DEFAULTVALUE, DESCRIPTION, DISPLAYNAME, DR, DYNAMICATTR, DYNAMICTABLE, FIXEDLENGTH, HELP, HIDED, ID, INDUSTRY, ISACTIVE, ISAUTHEN, MODIFIER, MODIFYTIME, NAME, NOTSERIALIZE, NULLABLE, PRECISE, READONLY, REFMODELNAME, RESID, TS, VERSIONTYPE, VISIBILITY) VALUES (null, 'N', null, 16, null, null, 13, 'N', 'd83e3326-c2db-44e5-9cd6-a12bdb786a2a', null, null, null, 'N', 'BS000010000100001031', 300, null, null, '加班时长', 0, 'N', null, 'N', null, 'N', 'f761da03-224e-42f2-8a09-7755e1619f74', '0', 'Y', 'Y', null, null, 'overtimehour', 'N', 'Y', 2, 'N', null, '2ovtm-000015', '2018-12-07 11:05:17', 0, 0);
INSERT INTO MD_PROPERTY (ACCESSORCLASSNAME, ACCESSPOWER, ACCESSPOWERGROUP, ATTRLENGTH, ATTRMAXVALUE, ATTRMINVALUE, ATTRSEQUENCE, CALCULATION, CLASSID, CREATEINDUSTRY, CREATETIME, CREATOR, CUSTOMATTR, DATATYPE, DATATYPESTYLE, DEFAULTVALUE, DESCRIPTION, DISPLAYNAME, DR, DYNAMICATTR, DYNAMICTABLE, FIXEDLENGTH, HELP, HIDED, ID, INDUSTRY, ISACTIVE, ISAUTHEN, MODIFIER, MODIFYTIME, NAME, NOTSERIALIZE, NULLABLE, PRECISE, READONLY, REFMODELNAME, RESID, TS, VERSIONTYPE, VISIBILITY) VALUES (null, 'N', null, 1, null, null, 14, 'N', 'd83e3326-c2db-44e5-9cd6-a12bdb786a2a', null, null, null, 'N', 'BS000010000100001032', 300, null, null, '是否转调休', 0, 'N', null, 'N', null, 'N', '0cb5c608-078e-4fc3-b83c-bf2a1c7fecd2', '0', 'Y', 'Y', null, null, 'istorest', 'N', 'Y', 0, 'N', null, '2ovtm-000042', '2018-12-07 11:05:17', 0, 0);
INSERT INTO MD_PROPERTY (ACCESSORCLASSNAME, ACCESSPOWER, ACCESSPOWERGROUP, ATTRLENGTH, ATTRMAXVALUE, ATTRMINVALUE, ATTRSEQUENCE, CALCULATION, CLASSID, CREATEINDUSTRY, CREATETIME, CREATOR, CUSTOMATTR, DATATYPE, DATATYPESTYLE, DEFAULTVALUE, DESCRIPTION, DISPLAYNAME, DR, DYNAMICATTR, DYNAMICTABLE, FIXEDLENGTH, HELP, HIDED, ID, INDUSTRY, ISACTIVE, ISAUTHEN, MODIFIER, MODIFYTIME, NAME, NOTSERIALIZE, NULLABLE, PRECISE, READONLY, REFMODELNAME, RESID, TS, VERSIONTYPE, VISIBILITY) VALUES (null, 'N', null, 19, null, null, 33, 'N', 'd83e3326-c2db-44e5-9cd6-a12bdb786a2a', null, null, null, 'N', 'BS000010000100001034', 300, null, null, '校验前结束时间', 0, 'N', null, 'N', null, 'N', '3c667724-4644-4d54-9e08-bec64917ad7c', '0', 'Y', 'Y', null, null, 'endtimebeforecheck', 'N', 'Y', 0, 'N', null, '2ovtm-000043', '2018-12-07 11:05:17', 0, 0);
INSERT INTO MD_PROPERTY (ACCESSORCLASSNAME, ACCESSPOWER, ACCESSPOWERGROUP, ATTRLENGTH, ATTRMAXVALUE, ATTRMINVALUE, ATTRSEQUENCE, CALCULATION, CLASSID, CREATEINDUSTRY, CREATETIME, CREATOR, CUSTOMATTR, DATATYPE, DATATYPESTYLE, DEFAULTVALUE, DESCRIPTION, DISPLAYNAME, DR, DYNAMICATTR, DYNAMICTABLE, FIXEDLENGTH, HELP, HIDED, ID, INDUSTRY, ISACTIVE, ISAUTHEN, MODIFIER, MODIFYTIME, NAME, NOTSERIALIZE, NULLABLE, PRECISE, READONLY, REFMODELNAME, RESID, TS, VERSIONTYPE, VISIBILITY) VALUES (null, 'N', null, 20, null, null, 34, 'N', 'd83e3326-c2db-44e5-9cd6-a12bdb786a2a', null, null, null, 'N', '3a521756-6a6b-4027-858e-e64104b7851b', 305, null, null, '组织关系主键', 0, 'N', null, 'N', null, 'N', 'fcfa2bbd-9207-4db4-9866-09732aee356a', '0', 'Y', 'Y', null, null, 'pk_psnorg', 'N', 'Y', 0, 'N', 'HR组织关系', '2UC000-000695', '2018-12-07 11:05:17', 0, 0);
INSERT INTO MD_PROPERTY (ACCESSORCLASSNAME, ACCESSPOWER, ACCESSPOWERGROUP, ATTRLENGTH, ATTRMAXVALUE, ATTRMINVALUE, ATTRSEQUENCE, CALCULATION, CLASSID, CREATEINDUSTRY, CREATETIME, CREATOR, CUSTOMATTR, DATATYPE, DATATYPESTYLE, DEFAULTVALUE, DESCRIPTION, DISPLAYNAME, DR, DYNAMICATTR, DYNAMICTABLE, FIXEDLENGTH, HELP, HIDED, ID, INDUSTRY, ISACTIVE, ISAUTHEN, MODIFIER, MODIFYTIME, NAME, NOTSERIALIZE, NULLABLE, PRECISE, READONLY, REFMODELNAME, RESID, TS, VERSIONTYPE, VISIBILITY) VALUES (null, 'N', null, 16, null, null, 35, 'N', 'd83e3326-c2db-44e5-9cd6-a12bdb786a2a', null, null, null, 'N', 'BS000010000100001031', 300, null, null, '差异时长', 0, 'N', null, 'N', null, 'N', 'bb346dcb-a4c3-40d4-a749-bba92a194bb6', '0', 'Y', 'Y', null, null, 'diffhour', 'N', 'Y', 2, 'N', null, '2ovtm-000031', '2018-12-07 11:05:17', 0, 0);
INSERT INTO MD_PROPERTY (ACCESSORCLASSNAME, ACCESSPOWER, ACCESSPOWERGROUP, ATTRLENGTH, ATTRMAXVALUE, ATTRMINVALUE, ATTRSEQUENCE, CALCULATION, CLASSID, CREATEINDUSTRY, CREATETIME, CREATOR, CUSTOMATTR, DATATYPE, DATATYPESTYLE, DEFAULTVALUE, DESCRIPTION, DISPLAYNAME, DR, DYNAMICATTR, DYNAMICTABLE, FIXEDLENGTH, HELP, HIDED, ID, INDUSTRY, ISACTIVE, ISAUTHEN, MODIFIER, MODIFYTIME, NAME, NOTSERIALIZE, NULLABLE, PRECISE, READONLY, REFMODELNAME, RESID, TS, VERSIONTYPE, VISIBILITY) VALUES (null, 'N', null, 19, null, null, 36, 'N', 'd83e3326-c2db-44e5-9cd6-a12bdb786a2a', null, null, null, 'N', 'BS000010000100001034', 300, null, null, '审批时间', 0, 'N', null, 'N', null, 'N', '62b8f2f1-b6db-4184-8885-71fe2dc13e9b', '0', 'Y', 'Y', null, null, 'approve_time', 'N', 'Y', 0, 'N', null, '2ovtmext-000002', '2018-12-07 11:05:17', 0, 0);
INSERT INTO MD_PROPERTY (ACCESSORCLASSNAME, ACCESSPOWER, ACCESSPOWERGROUP, ATTRLENGTH, ATTRMAXVALUE, ATTRMINVALUE, ATTRSEQUENCE, CALCULATION, CLASSID, CREATEINDUSTRY, CREATETIME, CREATOR, CUSTOMATTR, DATATYPE, DATATYPESTYLE, DEFAULTVALUE, DESCRIPTION, DISPLAYNAME, DR, DYNAMICATTR, DYNAMICTABLE, FIXEDLENGTH, HELP, HIDED, ID, INDUSTRY, ISACTIVE, ISAUTHEN, MODIFIER, MODIFYTIME, NAME, NOTSERIALIZE, NULLABLE, PRECISE, READONLY, REFMODELNAME, RESID, TS, VERSIONTYPE, VISIBILITY) VALUES (null, 'N', null, 10, null, null, 37, 'N', 'd83e3326-c2db-44e5-9cd6-a12bdb786a2a', null, null, null, 'N', 'BS000010000100001001', 300, null, null, '薪资期间', 0, 'N', null, 'N', null, 'N', '849d41c3-f800-4040-9f3c-1566223bc546', '0', 'Y', 'Y', null, null, 'waperiod', 'N', 'Y', 0, 'N', null, '2ovtmext-000003', '2018-12-07 11:05:17', 0, 0);
INSERT INTO MD_PROPERTY (ACCESSORCLASSNAME, ACCESSPOWER, ACCESSPOWERGROUP, ATTRLENGTH, ATTRMAXVALUE, ATTRMINVALUE, ATTRSEQUENCE, CALCULATION, CLASSID, CREATEINDUSTRY, CREATETIME, CREATOR, CUSTOMATTR, DATATYPE, DATATYPESTYLE, DEFAULTVALUE, DESCRIPTION, DISPLAYNAME, DR, DYNAMICATTR, DYNAMICTABLE, FIXEDLENGTH, HELP, HIDED, ID, INDUSTRY, ISACTIVE, ISAUTHEN, MODIFIER, MODIFYTIME, NAME, NOTSERIALIZE, NULLABLE, PRECISE, READONLY, REFMODELNAME, RESID, TS, VERSIONTYPE, VISIBILITY) VALUES (null, 'N', null, 10, null, null, 38, 'N', 'd83e3326-c2db-44e5-9cd6-a12bdb786a2a', null, null, null, 'N', 'BS000010000100001039', 300, null, null, 'w偃掌', 0, 'N', null, 'N', null, 'N', 'a5c9d6e3-7555-41d4-a299-df3e8982b259', '0', 'Y', 'Y', null, null, 'vestdate', 'N', 'Y', 0, 'N', null, '2ovtmext-000004', '2018-12-07 11:05:17', 0, 0);
INSERT INTO MD_PROPERTY (ACCESSORCLASSNAME, ACCESSPOWER, ACCESSPOWERGROUP, ATTRLENGTH, ATTRMAXVALUE, ATTRMINVALUE, ATTRSEQUENCE, CALCULATION, CLASSID, CREATEINDUSTRY, CREATETIME, CREATOR, CUSTOMATTR, DATATYPE, DATATYPESTYLE, DEFAULTVALUE, DESCRIPTION, DISPLAYNAME, DR, DYNAMICATTR, DYNAMICTABLE, FIXEDLENGTH, HELP, HIDED, ID, INDUSTRY, ISACTIVE, ISAUTHEN, MODIFIER, MODIFYTIME, NAME, NOTSERIALIZE, NULLABLE, PRECISE, READONLY, REFMODELNAME, RESID, TS, VERSIONTYPE, VISIBILITY) VALUES (null, 'N', null, 16, null, null, 23, 'N', 'd83e3326-c2db-44e5-9cd6-a12bdb786a2a', null, null, null, 'N', 'BS000010000100001031', 300, null, null, '实际加班时长', 0, 'N', null, 'N', null, 'N', '7c7c1f7b-be82-45f0-a7fa-a8604511e99e', '0', 'Y', 'Y', null, null, 'acthour', 'N', 'Y', 2, 'N', null, '2ovtm-000007', '2018-12-07 11:05:17', 0, 0);
INSERT INTO MD_PROPERTY (ACCESSORCLASSNAME, ACCESSPOWER, ACCESSPOWERGROUP, ATTRLENGTH, ATTRMAXVALUE, ATTRMINVALUE, ATTRSEQUENCE, CALCULATION, CLASSID, CREATEINDUSTRY, CREATETIME, CREATOR, CUSTOMATTR, DATATYPE, DATATYPESTYLE, DEFAULTVALUE, DESCRIPTION, DISPLAYNAME, DR, DYNAMICATTR, DYNAMICTABLE, FIXEDLENGTH, HELP, HIDED, ID, INDUSTRY, ISACTIVE, ISAUTHEN, MODIFIER, MODIFYTIME, NAME, NOTSERIALIZE, NULLABLE, PRECISE, READONLY, REFMODELNAME, RESID, TS, VERSIONTYPE, VISIBILITY) VALUES (null, 'N', null, 0, null, null, 24, 'N', 'd83e3326-c2db-44e5-9cd6-a12bdb786a2a', null, null, null, 'N', 'eab0b39e-32c7-405f-9317-23b4b0d3471e', 300, null, null, '单据来源', 0, 'N', null, 'N', null, 'N', '865c316f-e0a1-426d-97c3-ce03debea82f', '0', 'Y', 'Y', null, null, 'billsource', 'N', 'Y', 0, 'N', null, '2ovtm-000039', '2018-12-07 11:05:17', 0, 0);
INSERT INTO MD_PROPERTY (ACCESSORCLASSNAME, ACCESSPOWER, ACCESSPOWERGROUP, ATTRLENGTH, ATTRMAXVALUE, ATTRMINVALUE, ATTRSEQUENCE, CALCULATION, CLASSID, CREATEINDUSTRY, CREATETIME, CREATOR, CUSTOMATTR, DATATYPE, DATATYPESTYLE, DEFAULTVALUE, DESCRIPTION, DISPLAYNAME, DR, DYNAMICATTR, DYNAMICTABLE, FIXEDLENGTH, HELP, HIDED, ID, INDUSTRY, ISACTIVE, ISAUTHEN, MODIFIER, MODIFYTIME, NAME, NOTSERIALIZE, NULLABLE, PRECISE, READONLY, REFMODELNAME, RESID, TS, VERSIONTYPE, VISIBILITY) VALUES (null, 'N', null, 20, null, null, 25, 'N', 'd83e3326-c2db-44e5-9cd6-a12bdb786a2a', null, null, null, 'N', 'a7e298c9-3211-489d-8698-7ae65a922156', 305, null, null, '申请单来源主表主键', 0, 'N', null, 'N', 'IgnoreRefCheck', 'N', 'f0c3a0d1-b719-4931-b9ee-9abf0b3e41ab', '0', 'Y', 'Y', null, null, 'pk_billsourceh', 'N', 'Y', 0, 'N', null, '2ovtm-000040', '2018-12-07 11:05:17', 0, 0);
INSERT INTO MD_PROPERTY (ACCESSORCLASSNAME, ACCESSPOWER, ACCESSPOWERGROUP, ATTRLENGTH, ATTRMAXVALUE, ATTRMINVALUE, ATTRSEQUENCE, CALCULATION, CLASSID, CREATEINDUSTRY, CREATETIME, CREATOR, CUSTOMATTR, DATATYPE, DATATYPESTYLE, DEFAULTVALUE, DESCRIPTION, DISPLAYNAME, DR, DYNAMICATTR, DYNAMICTABLE, FIXEDLENGTH, HELP, HIDED, ID, INDUSTRY, ISACTIVE, ISAUTHEN, MODIFIER, MODIFYTIME, NAME, NOTSERIALIZE, NULLABLE, PRECISE, READONLY, REFMODELNAME, RESID, TS, VERSIONTYPE, VISIBILITY) VALUES (null, 'N', null, 20, null, null, 26, 'N', 'd83e3326-c2db-44e5-9cd6-a12bdb786a2a', null, null, null, 'N', 'de0e30a1-d241-4125-8f02-dfc9c64bffd2', 305, null, null, '申请单来源子表主键', 0, 'N', null, 'N', 'IgnoreRefCheck', 'N', 'ce9a93f3-0370-4417-af50-66329162fdc0', '0', 'Y', 'Y', null, null, 'pk_billsourceb', 'N', 'Y', 0, 'N', null, '2ovtm-000034', '2018-12-07 11:05:17', 0, 0);
INSERT INTO MD_PROPERTY (ACCESSORCLASSNAME, ACCESSPOWER, ACCESSPOWERGROUP, ATTRLENGTH, ATTRMAXVALUE, ATTRMINVALUE, ATTRSEQUENCE, CALCULATION, CLASSID, CREATEINDUSTRY, CREATETIME, CREATOR, CUSTOMATTR, DATATYPE, DATATYPESTYLE, DEFAULTVALUE, DESCRIPTION, DISPLAYNAME, DR, DYNAMICATTR, DYNAMICTABLE, FIXEDLENGTH, HELP, HIDED, ID, INDUSTRY, ISACTIVE, ISAUTHEN, MODIFIER, MODIFYTIME, NAME, NOTSERIALIZE, NULLABLE, PRECISE, READONLY, REFMODELNAME, RESID, TS, VERSIONTYPE, VISIBILITY) VALUES (null, 'N', null, 20, null, null, 27, 'N', 'd83e3326-c2db-44e5-9cd6-a12bdb786a2a', null, null, null, 'N', 'f084c108-ef51-49df-a016-397949f7b24d', 305, null, null, '生成单来源主键', 0, 'N', null, 'N', 'IgnoreRefCheck', 'N', '5b8de57e-2520-43a1-acf6-97b07e03b86a', '0', 'Y', 'Y', null, null, 'pk_overtimegen', 'N', 'Y', 0, 'N', null, '2ovtm-000038', '2018-12-07 11:05:17', 0, 0);
INSERT INTO MD_PROPERTY (ACCESSORCLASSNAME, ACCESSPOWER, ACCESSPOWERGROUP, ATTRLENGTH, ATTRMAXVALUE, ATTRMINVALUE, ATTRSEQUENCE, CALCULATION, CLASSID, CREATEINDUSTRY, CREATETIME, CREATOR, CUSTOMATTR, DATATYPE, DATATYPESTYLE, DEFAULTVALUE, DESCRIPTION, DISPLAYNAME, DR, DYNAMICATTR, DYNAMICTABLE, FIXEDLENGTH, HELP, HIDED, ID, INDUSTRY, ISACTIVE, ISAUTHEN, MODIFIER, MODIFYTIME, NAME, NOTSERIALIZE, NULLABLE, PRECISE, READONLY, REFMODELNAME, RESID, TS, VERSIONTYPE, VISIBILITY) VALUES (null, 'N', null, 19, null, null, 28, 'N', 'd83e3326-c2db-44e5-9cd6-a12bdb786a2a', null, null, null, 'N', 'BS000010000100001034', 300, null, null, '创建时间', 0, 'N', null, 'N', null, 'N', '39453ca3-1fea-4cf1-85fe-ad60cf3299a0', '0', 'Y', 'Y', null, null, 'creationtime', 'N', 'Y', 0, 'N', null, '2UC000-000157', '2018-12-07 11:05:17', 0, 0);
INSERT INTO MD_PROPERTY (ACCESSORCLASSNAME, ACCESSPOWER, ACCESSPOWERGROUP, ATTRLENGTH, ATTRMAXVALUE, ATTRMINVALUE, ATTRSEQUENCE, CALCULATION, CLASSID, CREATEINDUSTRY, CREATETIME, CREATOR, CUSTOMATTR, DATATYPE, DATATYPESTYLE, DEFAULTVALUE, DESCRIPTION, DISPLAYNAME, DR, DYNAMICATTR, DYNAMICTABLE, FIXEDLENGTH, HELP, HIDED, ID, INDUSTRY, ISACTIVE, ISAUTHEN, MODIFIER, MODIFYTIME, NAME, NOTSERIALIZE, NULLABLE, PRECISE, READONLY, REFMODELNAME, RESID, TS, VERSIONTYPE, VISIBILITY) VALUES (null, 'N', null, 20, null, null, 29, 'N', 'd83e3326-c2db-44e5-9cd6-a12bdb786a2a', null, null, null, 'N', 'f6f9a473-56c0-432f-8bc7-fbf8fde54fee', 305, null, null, '创建人', 0, 'N', null, 'N', null, 'N', '41ef9730-7eda-4a2e-9ee1-3ee7c14411f1', '0', 'Y', 'Y', null, null, 'creator', 'N', 'Y', 0, 'N', '用户', '2UC000-000155', '2018-12-07 11:05:17', 0, 0);
INSERT INTO MD_PROPERTY (ACCESSORCLASSNAME, ACCESSPOWER, ACCESSPOWERGROUP, ATTRLENGTH, ATTRMAXVALUE, ATTRMINVALUE, ATTRSEQUENCE, CALCULATION, CLASSID, CREATEINDUSTRY, CREATETIME, CREATOR, CUSTOMATTR, DATATYPE, DATATYPESTYLE, DEFAULTVALUE, DESCRIPTION, DISPLAYNAME, DR, DYNAMICATTR, DYNAMICTABLE, FIXEDLENGTH, HELP, HIDED, ID, INDUSTRY, ISACTIVE, ISAUTHEN, MODIFIER, MODIFYTIME, NAME, NOTSERIALIZE, NULLABLE, PRECISE, READONLY, REFMODELNAME, RESID, TS, VERSIONTYPE, VISIBILITY) VALUES (null, 'N', null, 19, null, null, 30, 'N', 'd83e3326-c2db-44e5-9cd6-a12bdb786a2a', null, null, null, 'N', 'BS000010000100001034', 300, null, null, '修改时间', 0, 'N', null, 'N', null, 'N', 'fce451fb-0dd6-442a-a892-453d9c9e0d5e', '0', 'Y', 'Y', null, null, 'modifiedtime', 'N', 'Y', 0, 'N', null, '2UC000-000100', '2018-12-07 11:05:17', 0, 0);
INSERT INTO MD_PROPERTY (ACCESSORCLASSNAME, ACCESSPOWER, ACCESSPOWERGROUP, ATTRLENGTH, ATTRMAXVALUE, ATTRMINVALUE, ATTRSEQUENCE, CALCULATION, CLASSID, CREATEINDUSTRY, CREATETIME, CREATOR, CUSTOMATTR, DATATYPE, DATATYPESTYLE, DEFAULTVALUE, DESCRIPTION, DISPLAYNAME, DR, DYNAMICATTR, DYNAMICTABLE, FIXEDLENGTH, HELP, HIDED, ID, INDUSTRY, ISACTIVE, ISAUTHEN, MODIFIER, MODIFYTIME, NAME, NOTSERIALIZE, NULLABLE, PRECISE, READONLY, REFMODELNAME, RESID, TS, VERSIONTYPE, VISIBILITY) VALUES (null, 'N', null, 20, null, null, 31, 'N', 'd83e3326-c2db-44e5-9cd6-a12bdb786a2a', null, null, null, 'N', 'f6f9a473-56c0-432f-8bc7-fbf8fde54fee', 305, null, null, '修改人', 0, 'N', null, 'N', null, 'N', '4deace58-908f-4a33-b0a3-0341e7a3da80', '0', 'Y', 'Y', null, null, 'modifier', 'N', 'Y', 0, 'N', '用户', '2UC000-000098', '2018-12-07 11:05:17', 0, 0);
INSERT INTO MD_PROPERTY (ACCESSORCLASSNAME, ACCESSPOWER, ACCESSPOWERGROUP, ATTRLENGTH, ATTRMAXVALUE, ATTRMINVALUE, ATTRSEQUENCE, CALCULATION, CLASSID, CREATEINDUSTRY, CREATETIME, CREATOR, CUSTOMATTR, DATATYPE, DATATYPESTYLE, DEFAULTVALUE, DESCRIPTION, DISPLAYNAME, DR, DYNAMICATTR, DYNAMICTABLE, FIXEDLENGTH, HELP, HIDED, ID, INDUSTRY, ISACTIVE, ISAUTHEN, MODIFIER, MODIFYTIME, NAME, NOTSERIALIZE, NULLABLE, PRECISE, READONLY, REFMODELNAME, RESID, TS, VERSIONTYPE, VISIBILITY) VALUES (null, 'N', null, 19, null, null, 32, 'N', 'd83e3326-c2db-44e5-9cd6-a12bdb786a2a', null, null, null, 'N', 'BS000010000100001034', 300, null, null, '校验前开始时间', 0, 'N', null, 'N', null, 'N', '372cbac3-9015-4e2a-836e-79aa86b8fa71', '0', 'Y', 'Y', null, null, 'begintimebeforecheck', 'N', 'Y', 0, 'N', null, '2ovtm-000037', '2018-12-07 11:05:17', 0, 0);
INSERT INTO MD_PROPERTY (ACCESSORCLASSNAME, ACCESSPOWER, ACCESSPOWERGROUP, ATTRLENGTH, ATTRMAXVALUE, ATTRMINVALUE, ATTRSEQUENCE, CALCULATION, CLASSID, CREATEINDUSTRY, CREATETIME, CREATOR, CUSTOMATTR, DATATYPE, DATATYPESTYLE, DEFAULTVALUE, DESCRIPTION, DISPLAYNAME, DR, DYNAMICATTR, DYNAMICTABLE, FIXEDLENGTH, HELP, HIDED, ID, INDUSTRY, ISACTIVE, ISAUTHEN, MODIFIER, MODIFYTIME, NAME, NOTSERIALIZE, NULLABLE, PRECISE, READONLY, REFMODELNAME, RESID, TS, VERSIONTYPE, VISIBILITY) VALUES (null, 'N', null, 16, null, null, 15, 'N', 'd83e3326-c2db-44e5-9cd6-a12bdb786a2a', null, null, null, 'N', 'BS000010000100001031', 300, null, null, '转调休时长', 0, 'N', null, 'N', null, 'N', '3ce2f385-8f3f-4126-bc9e-7ef7f30f6ae3', '0', 'Y', 'Y', null, null, 'toresthour', 'N', 'Y', 2, 'N', null, '2ovtm-000036', '2018-12-07 11:05:17', 0, 0);
INSERT INTO MD_PROPERTY (ACCESSORCLASSNAME, ACCESSPOWER, ACCESSPOWERGROUP, ATTRLENGTH, ATTRMAXVALUE, ATTRMINVALUE, ATTRSEQUENCE, CALCULATION, CLASSID, CREATEINDUSTRY, CREATETIME, CREATOR, CUSTOMATTR, DATATYPE, DATATYPESTYLE, DEFAULTVALUE, DESCRIPTION, DISPLAYNAME, DR, DYNAMICATTR, DYNAMICTABLE, FIXEDLENGTH, HELP, HIDED, ID, INDUSTRY, ISACTIVE, ISAUTHEN, MODIFIER, MODIFYTIME, NAME, NOTSERIALIZE, NULLABLE, PRECISE, READONLY, REFMODELNAME, RESID, TS, VERSIONTYPE, VISIBILITY) VALUES (null, 'N', null, 50, null, null, 16, 'N', 'd83e3326-c2db-44e5-9cd6-a12bdb786a2a', null, null, null, 'N', 'BS000010000100001001', 300, null, null, '转调休年度', 0, 'N', null, 'N', null, 'N', '6570bfbf-21d2-4117-9b0b-91e8b7aac048', '0', 'Y', 'Y', null, null, 'torestyear', 'N', 'Y', 0, 'N', null, '2ovtm-000044', '2018-12-07 11:05:17', 0, 0);
INSERT INTO MD_PROPERTY (ACCESSORCLASSNAME, ACCESSPOWER, ACCESSPOWERGROUP, ATTRLENGTH, ATTRMAXVALUE, ATTRMINVALUE, ATTRSEQUENCE, CALCULATION, CLASSID, CREATEINDUSTRY, CREATETIME, CREATOR, CUSTOMATTR, DATATYPE, DATATYPESTYLE, DEFAULTVALUE, DESCRIPTION, DISPLAYNAME, DR, DYNAMICATTR, DYNAMICTABLE, FIXEDLENGTH, HELP, HIDED, ID, INDUSTRY, ISACTIVE, ISAUTHEN, MODIFIER, MODIFYTIME, NAME, NOTSERIALIZE, NULLABLE, PRECISE, READONLY, REFMODELNAME, RESID, TS, VERSIONTYPE, VISIBILITY) VALUES (null, 'N', null, 50, null, null, 17, 'N', 'd83e3326-c2db-44e5-9cd6-a12bdb786a2a', null, null, null, 'N', 'BS000010000100001001', 300, null, null, '转调休期间', 0, 'N', null, 'N', null, 'N', '859bf950-0345-4994-90ff-dcf57a14e027', '0', 'Y', 'Y', null, null, 'torestmonth', 'N', 'Y', 0, 'N', null, '2ovtm-000035', '2018-12-07 11:05:17', 0, 0);
INSERT INTO MD_PROPERTY (ACCESSORCLASSNAME, ACCESSPOWER, ACCESSPOWERGROUP, ATTRLENGTH, ATTRMAXVALUE, ATTRMINVALUE, ATTRSEQUENCE, CALCULATION, CLASSID, CREATEINDUSTRY, CREATETIME, CREATOR, CUSTOMATTR, DATATYPE, DATATYPESTYLE, DEFAULTVALUE, DESCRIPTION, DISPLAYNAME, DR, DYNAMICATTR, DYNAMICTABLE, FIXEDLENGTH, HELP, HIDED, ID, INDUSTRY, ISACTIVE, ISAUTHEN, MODIFIER, MODIFYTIME, NAME, NOTSERIALIZE, NULLABLE, PRECISE, READONLY, REFMODELNAME, RESID, TS, VERSIONTYPE, VISIBILITY) VALUES (null, 'N', null, 512, null, null, 18, 'N', 'd83e3326-c2db-44e5-9cd6-a12bdb786a2a', null, null, null, 'N', 'BS000010000100001001', 300, null, null, '加班说明', 0, 'N', null, 'N', null, 'N', 'd70b7f39-683f-4453-80e6-4c360d59d62c', '0', 'Y', 'Y', null, null, 'overtimeremark', 'N', 'Y', 0, 'N', null, '2ovtm-000004', '2018-12-07 11:05:17', 0, 0);
INSERT INTO MD_PROPERTY (ACCESSORCLASSNAME, ACCESSPOWER, ACCESSPOWERGROUP, ATTRLENGTH, ATTRMAXVALUE, ATTRMINVALUE, ATTRSEQUENCE, CALCULATION, CLASSID, CREATEINDUSTRY, CREATETIME, CREATOR, CUSTOMATTR, DATATYPE, DATATYPESTYLE, DEFAULTVALUE, DESCRIPTION, DISPLAYNAME, DR, DYNAMICATTR, DYNAMICTABLE, FIXEDLENGTH, HELP, HIDED, ID, INDUSTRY, ISACTIVE, ISAUTHEN, MODIFIER, MODIFYTIME, NAME, NOTSERIALIZE, NULLABLE, PRECISE, READONLY, REFMODELNAME, RESID, TS, VERSIONTYPE, VISIBILITY) VALUES (null, 'N', null, 16, null, null, 19, 'N', 'd83e3326-c2db-44e5-9cd6-a12bdb786a2a', null, null, null, 'N', 'BS000010000100001031', 300, null, null, '所在考勤期间已加班时数', 0, 'N', null, 'N', null, 'N', 'da54c3d9-b5b0-4b40-bcb8-5893e7a9ab44', '0', 'Y', 'Y', null, null, 'overtimealready', 'N', 'Y', 2, 'N', null, '2ovtm-000003', '2018-12-07 11:05:17', 0, 0);
INSERT INTO MD_PROPERTY (ACCESSORCLASSNAME, ACCESSPOWER, ACCESSPOWERGROUP, ATTRLENGTH, ATTRMAXVALUE, ATTRMINVALUE, ATTRSEQUENCE, CALCULATION, CLASSID, CREATEINDUSTRY, CREATETIME, CREATOR, CUSTOMATTR, DATATYPE, DATATYPESTYLE, DEFAULTVALUE, DESCRIPTION, DISPLAYNAME, DR, DYNAMICATTR, DYNAMICTABLE, FIXEDLENGTH, HELP, HIDED, ID, INDUSTRY, ISACTIVE, ISAUTHEN, MODIFIER, MODIFYTIME, NAME, NOTSERIALIZE, NULLABLE, PRECISE, READONLY, REFMODELNAME, RESID, TS, VERSIONTYPE, VISIBILITY) VALUES (null, 'N', null, 1, null, null, 20, 'N', 'd83e3326-c2db-44e5-9cd6-a12bdb786a2a', null, null, null, 'N', 'BS000010000100001032', 300, null, null, '是否需要校验', 0, 'N', null, 'N', null, 'N', '3fcc3c00-762b-43dd-83c1-9ec419aca205', '0', 'Y', 'Y', null, null, 'isneedcheck', 'N', 'Y', 0, 'N', null, '2ovtm-000024', '2018-12-07 11:05:17', 0, 0);
INSERT INTO MD_PROPERTY (ACCESSORCLASSNAME, ACCESSPOWER, ACCESSPOWERGROUP, ATTRLENGTH, ATTRMAXVALUE, ATTRMINVALUE, ATTRSEQUENCE, CALCULATION, CLASSID, CREATEINDUSTRY, CREATETIME, CREATOR, CUSTOMATTR, DATATYPE, DATATYPESTYLE, DEFAULTVALUE, DESCRIPTION, DISPLAYNAME, DR, DYNAMICATTR, DYNAMICTABLE, FIXEDLENGTH, HELP, HIDED, ID, INDUSTRY, ISACTIVE, ISAUTHEN, MODIFIER, MODIFYTIME, NAME, NOTSERIALIZE, NULLABLE, PRECISE, READONLY, REFMODELNAME, RESID, TS, VERSIONTYPE, VISIBILITY) VALUES (null, 'N', null, 1, null, null, 21, 'N', 'd83e3326-c2db-44e5-9cd6-a12bdb786a2a', null, null, null, 'N', 'BS000010000100001032', 300, null, null, '是否已校验', 0, 'N', null, 'N', null, 'N', 'cad01eca-6381-4555-996b-fe788a82d3c4', '0', 'Y', 'Y', null, null, 'ischeck', 'N', 'Y', 0, 'N', null, '2ovtm-000032', '2018-12-07 11:05:17', 0, 0);
INSERT INTO MD_PROPERTY (ACCESSORCLASSNAME, ACCESSPOWER, ACCESSPOWERGROUP, ATTRLENGTH, ATTRMAXVALUE, ATTRMINVALUE, ATTRSEQUENCE, CALCULATION, CLASSID, CREATEINDUSTRY, CREATETIME, CREATOR, CUSTOMATTR, DATATYPE, DATATYPESTYLE, DEFAULTVALUE, DESCRIPTION, DISPLAYNAME, DR, DYNAMICATTR, DYNAMICTABLE, FIXEDLENGTH, HELP, HIDED, ID, INDUSTRY, ISACTIVE, ISAUTHEN, MODIFIER, MODIFYTIME, NAME, NOTSERIALIZE, NULLABLE, PRECISE, READONLY, REFMODELNAME, RESID, TS, VERSIONTYPE, VISIBILITY) VALUES (null, 'N', null, 0, null, null, 22, 'N', 'd83e3326-c2db-44e5-9cd6-a12bdb786a2a', null, null, null, 'N', 'BS000010000100001004', 300, null, null, '扣除时间', 0, 'N', null, 'N', null, 'N', 'b3a4d6ca-35b9-4025-8af9-4c02189936f7', '0', 'Y', 'Y', null, null, 'deduct', 'N', 'Y', 0, 'N', null, '2ovtm-000008', '2018-12-07 11:05:17', 0, 0);

INSERT INTO MD_BIZITFMAP (BIZINTERFACEID, BIZITFIMPCLASSNAME, CLASSATTRID, CLASSATTRPATH, CLASSID, DR, INDUSTRY, INTATTRID, TS, VERSIONTYPE) VALUES ('6c8722b9-911a-489b-8d0d-18bd3734fcf6', null, '5f83fe82-106e-4d37-a0e2-ba4969ff8da3', null, 'd83e3326-c2db-44e5-9cd6-a12bdb786a2a', 0, null, '5dd3c721-22ad-42b1-9c10-4351c236bc77', '2018-12-07 11:05:17', null);
INSERT INTO MD_BIZITFMAP (BIZINTERFACEID, BIZITFIMPCLASSNAME, CLASSATTRID, CLASSATTRPATH, CLASSID, DR, INDUSTRY, INTATTRID, TS, VERSIONTYPE) VALUES ('6c8722b9-911a-489b-8d0d-18bd3734fcf6', null, null, null, 'd83e3326-c2db-44e5-9cd6-a12bdb786a2a', 0, null, 'c8334364-7ab9-4266-8d4b-e74537935e46', '2018-12-07 11:05:17', null);
INSERT INTO MD_BIZITFMAP (BIZINTERFACEID, BIZITFIMPCLASSNAME, CLASSATTRID, CLASSATTRPATH, CLASSID, DR, INDUSTRY, INTATTRID, TS, VERSIONTYPE) VALUES ('6c8722b9-911a-489b-8d0d-18bd3734fcf6', null, 'd7fe437c-6807-41e7-ac22-f3299b11ad9c', null, 'd83e3326-c2db-44e5-9cd6-a12bdb786a2a', 0, null, 'ecf1b76a-6e44-42e2-a55e-87596504775b', '2018-12-07 11:05:17', null);
INSERT INTO MD_BIZITFMAP (BIZINTERFACEID, BIZITFIMPCLASSNAME, CLASSATTRID, CLASSATTRPATH, CLASSID, DR, INDUSTRY, INTATTRID, TS, VERSIONTYPE) VALUES ('6c8722b9-911a-489b-8d0d-18bd3734fcf6', null, 'e330e462-8426-4302-a4d1-1e05bbe70856', null, 'd83e3326-c2db-44e5-9cd6-a12bdb786a2a', 0, null, 'd32cc17b-f415-415a-923f-0764443eb102', '2018-12-07 11:05:17', null);
INSERT INTO MD_BIZITFMAP (BIZINTERFACEID, BIZITFIMPCLASSNAME, CLASSATTRID, CLASSATTRPATH, CLASSID, DR, INDUSTRY, INTATTRID, TS, VERSIONTYPE) VALUES ('6c8722b9-911a-489b-8d0d-18bd3734fcf6', null, 'e330e462-8426-4302-a4d1-1e05bbe70856', null, 'd83e3326-c2db-44e5-9cd6-a12bdb786a2a', 0, null, '89578a97-42fe-439b-827c-8eabd9e3604c', '2018-12-07 11:05:17', null);
INSERT INTO MD_BIZITFMAP (BIZINTERFACEID, BIZITFIMPCLASSNAME, CLASSATTRID, CLASSATTRPATH, CLASSID, DR, INDUSTRY, INTATTRID, TS, VERSIONTYPE) VALUES ('6c8722b9-911a-489b-8d0d-18bd3734fcf6', null, '615095c6-a74a-4f5a-bd88-4bca92bca478', null, 'd83e3326-c2db-44e5-9cd6-a12bdb786a2a', 0, null, 'a47e6cda-09e4-480b-923f-ec6f41e3e06c', '2018-12-07 11:05:17', null);

INSERT INTO MD_ASSOCIATION (CASCADEDELETE, CASCADEUPDATE, COMPONENTID, CREATETIME, CREATOR, DR, ENDCARDINALITY, ENDELEMENTID, ID, INDUSTRY, ISACTIVE, MODIFIER, MODIFYTIME, NAME, STARTBEANID, STARTCARDINALITY, STARTELEMENTID, TS, TYPE, VERSIONTYPE) VALUES (null, null, '12498ded-5605-4e13-b6d0-4d7f9490be9d', null, null, 0, '1', '3b6dd171-2900-47f3-bfbe-41e4483a2a65', 'c98fcf9c-47d0-4039-a744-3477dc72d4c5', '0', 'Y', null, null, 'hrtaovertimereg_pk_group', 'd83e3326-c2db-44e5-9cd6-a12bdb786a2a', '1', '615095c6-a74a-4f5a-bd88-4bca92bca478', '2018-12-07 11:05:17', 3, 0);
INSERT INTO MD_ASSOCIATION (CASCADEDELETE, CASCADEUPDATE, COMPONENTID, CREATETIME, CREATOR, DR, ENDCARDINALITY, ENDELEMENTID, ID, INDUSTRY, ISACTIVE, MODIFIER, MODIFYTIME, NAME, STARTBEANID, STARTCARDINALITY, STARTELEMENTID, TS, TYPE, VERSIONTYPE) VALUES (null, null, '12498ded-5605-4e13-b6d0-4d7f9490be9d', null, null, 0, '1', 'f3fed5ea-72f2-4a0a-ad43-d30b1c22c86c', '30d4af40-2762-4c29-9a3e-46b6a40360c6', '0', 'Y', null, null, 'hrtaovertimereg_pk_org', 'd83e3326-c2db-44e5-9cd6-a12bdb786a2a', '1', 'd7fe437c-6807-41e7-ac22-f3299b11ad9c', '2018-12-07 11:05:17', 3, 0);
INSERT INTO MD_ASSOCIATION (CASCADEDELETE, CASCADEUPDATE, COMPONENTID, CREATETIME, CREATOR, DR, ENDCARDINALITY, ENDELEMENTID, ID, INDUSTRY, ISACTIVE, MODIFIER, MODIFYTIME, NAME, STARTBEANID, STARTCARDINALITY, STARTELEMENTID, TS, TYPE, VERSIONTYPE) VALUES (null, null, '12498ded-5605-4e13-b6d0-4d7f9490be9d', null, null, 0, '1', '6a70e954-0544-4cd6-8da4-1461ced5fa1c', 'ff2a472a-8916-4f1b-85f8-d7dc9c53d492', '0', 'Y', null, null, 'hrtaovertimereg_pk_overtimetype', 'd83e3326-c2db-44e5-9cd6-a12bdb786a2a', '1', '33f6a218-e62b-4ac0-823a-ae000ab1153c', '2018-12-07 11:05:17', 3, 0);
INSERT INTO MD_ASSOCIATION (CASCADEDELETE, CASCADEUPDATE, COMPONENTID, CREATETIME, CREATOR, DR, ENDCARDINALITY, ENDELEMENTID, ID, INDUSTRY, ISACTIVE, MODIFIER, MODIFYTIME, NAME, STARTBEANID, STARTCARDINALITY, STARTELEMENTID, TS, TYPE, VERSIONTYPE) VALUES (null, null, '12498ded-5605-4e13-b6d0-4d7f9490be9d', null, null, 0, '1', '6b4d6a00-8055-49be-a3d2-e216760157fd', 'cc27c0f2-0fc0-4484-8fb2-cadeae0045c4', '0', 'Y', null, null, 'hrtaovertimereg_pk_overtimetypecopy', 'd83e3326-c2db-44e5-9cd6-a12bdb786a2a', '1', '23770f18-9503-4846-9990-6c832cd1361b', '2018-12-07 11:05:17', 3, 0);
INSERT INTO MD_ASSOCIATION (CASCADEDELETE, CASCADEUPDATE, COMPONENTID, CREATETIME, CREATOR, DR, ENDCARDINALITY, ENDELEMENTID, ID, INDUSTRY, ISACTIVE, MODIFIER, MODIFYTIME, NAME, STARTBEANID, STARTCARDINALITY, STARTELEMENTID, TS, TYPE, VERSIONTYPE) VALUES (null, null, '12498ded-5605-4e13-b6d0-4d7f9490be9d', null, null, 0, '1', '218971f0-e5dc-408b-9a32-56529dddd4db', 'aeda1015-8ca6-417f-a8e4-30e7a044b0e0', '0', 'Y', null, null, 'hrtaovertimereg_pk_psndoc', 'd83e3326-c2db-44e5-9cd6-a12bdb786a2a', '1', 'e330e462-8426-4302-a4d1-1e05bbe70856', '2018-12-07 11:05:17', 3, 0);
INSERT INTO MD_ASSOCIATION (CASCADEDELETE, CASCADEUPDATE, COMPONENTID, CREATETIME, CREATOR, DR, ENDCARDINALITY, ENDELEMENTID, ID, INDUSTRY, ISACTIVE, MODIFIER, MODIFYTIME, NAME, STARTBEANID, STARTCARDINALITY, STARTELEMENTID, TS, TYPE, VERSIONTYPE) VALUES (null, null, '12498ded-5605-4e13-b6d0-4d7f9490be9d', null, null, 0, '1', '7156d223-4531-4337-b192-492ab40098f1', 'c4cffe85-9265-448b-9516-d08d206e177d', '0', 'Y', null, null, 'hrtaovertimereg_pk_psnjob', 'd83e3326-c2db-44e5-9cd6-a12bdb786a2a', '1', '9639339f-63c8-47f8-9e21-b53cf952e8a1', '2018-12-07 11:05:17', 3, 0);
INSERT INTO MD_ASSOCIATION (CASCADEDELETE, CASCADEUPDATE, COMPONENTID, CREATETIME, CREATOR, DR, ENDCARDINALITY, ENDELEMENTID, ID, INDUSTRY, ISACTIVE, MODIFIER, MODIFYTIME, NAME, STARTBEANID, STARTCARDINALITY, STARTELEMENTID, TS, TYPE, VERSIONTYPE) VALUES (null, null, '12498ded-5605-4e13-b6d0-4d7f9490be9d', null, null, 0, '1', 'fa902409-20fe-4c49-89ee-85ee9312174b', '450a4cb4-af8b-48e2-a377-66d851de4aae', '0', 'Y', null, null, 'hrtaovertimereg_pk_org_v', 'd83e3326-c2db-44e5-9cd6-a12bdb786a2a', '1', '2fb048f8-ecc3-4e9e-8967-48bb83bdc312', '2018-12-07 11:05:17', 3, 0);
INSERT INTO MD_ASSOCIATION (CASCADEDELETE, CASCADEUPDATE, COMPONENTID, CREATETIME, CREATOR, DR, ENDCARDINALITY, ENDELEMENTID, ID, INDUSTRY, ISACTIVE, MODIFIER, MODIFYTIME, NAME, STARTBEANID, STARTCARDINALITY, STARTELEMENTID, TS, TYPE, VERSIONTYPE) VALUES (null, null, '12498ded-5605-4e13-b6d0-4d7f9490be9d', null, null, 0, '1', '66ed0cf6-e260-4f39-8fbb-172260efd677', '052d618c-cd53-4377-8d50-efd04f69d56d', '0', 'Y', null, null, 'hrtaovertimereg_pk_dept_v', 'd83e3326-c2db-44e5-9cd6-a12bdb786a2a', '1', '33580301-d0c6-483a-a7e5-5e6d50533640', '2018-12-07 11:05:17', 3, 0);
INSERT INTO MD_ASSOCIATION (CASCADEDELETE, CASCADEUPDATE, COMPONENTID, CREATETIME, CREATOR, DR, ENDCARDINALITY, ENDELEMENTID, ID, INDUSTRY, ISACTIVE, MODIFIER, MODIFYTIME, NAME, STARTBEANID, STARTCARDINALITY, STARTELEMENTID, TS, TYPE, VERSIONTYPE) VALUES (null, null, '12498ded-5605-4e13-b6d0-4d7f9490be9d', null, null, 0, '1', 'a7e298c9-3211-489d-8698-7ae65a922156', 'ce60cf5d-17fb-4a06-961f-511f318efc44', '0', 'Y', null, null, 'hrtaovertimereg_pk_billsourceh', 'd83e3326-c2db-44e5-9cd6-a12bdb786a2a', '1', 'f0c3a0d1-b719-4931-b9ee-9abf0b3e41ab', '2018-12-07 11:05:17', 3, 0);
INSERT INTO MD_ASSOCIATION (CASCADEDELETE, CASCADEUPDATE, COMPONENTID, CREATETIME, CREATOR, DR, ENDCARDINALITY, ENDELEMENTID, ID, INDUSTRY, ISACTIVE, MODIFIER, MODIFYTIME, NAME, STARTBEANID, STARTCARDINALITY, STARTELEMENTID, TS, TYPE, VERSIONTYPE) VALUES (null, null, '12498ded-5605-4e13-b6d0-4d7f9490be9d', null, null, 0, '1', 'de0e30a1-d241-4125-8f02-dfc9c64bffd2', '6cb899c1-6751-4585-a2d2-e1c5032b5d85', '0', 'Y', null, null, 'hrtaovertimereg_pk_billsourceb', 'd83e3326-c2db-44e5-9cd6-a12bdb786a2a', '1', 'ce9a93f3-0370-4417-af50-66329162fdc0', '2018-12-07 11:05:17', 3, 0);
INSERT INTO MD_ASSOCIATION (CASCADEDELETE, CASCADEUPDATE, COMPONENTID, CREATETIME, CREATOR, DR, ENDCARDINALITY, ENDELEMENTID, ID, INDUSTRY, ISACTIVE, MODIFIER, MODIFYTIME, NAME, STARTBEANID, STARTCARDINALITY, STARTELEMENTID, TS, TYPE, VERSIONTYPE) VALUES (null, null, '12498ded-5605-4e13-b6d0-4d7f9490be9d', null, null, 0, '1', 'f084c108-ef51-49df-a016-397949f7b24d', '12ce000f-d0c3-4ddc-a363-c857ca2e91d3', '0', 'Y', null, null, 'hrtaovertimereg_pk_overtimegen', 'd83e3326-c2db-44e5-9cd6-a12bdb786a2a', '1', '5b8de57e-2520-43a1-acf6-97b07e03b86a', '2018-12-07 11:05:17', 3, 0);
INSERT INTO MD_ASSOCIATION (CASCADEDELETE, CASCADEUPDATE, COMPONENTID, CREATETIME, CREATOR, DR, ENDCARDINALITY, ENDELEMENTID, ID, INDUSTRY, ISACTIVE, MODIFIER, MODIFYTIME, NAME, STARTBEANID, STARTCARDINALITY, STARTELEMENTID, TS, TYPE, VERSIONTYPE) VALUES (null, null, '12498ded-5605-4e13-b6d0-4d7f9490be9d', null, null, 0, '1', 'f6f9a473-56c0-432f-8bc7-fbf8fde54fee', 'a6fe289a-99bc-4911-afb5-d18a620cb72d', '0', 'Y', null, null, 'hrtaovertimereg_creator', 'd83e3326-c2db-44e5-9cd6-a12bdb786a2a', '1', '41ef9730-7eda-4a2e-9ee1-3ee7c14411f1', '2018-12-07 11:05:17', 3, 0);
INSERT INTO MD_ASSOCIATION (CASCADEDELETE, CASCADEUPDATE, COMPONENTID, CREATETIME, CREATOR, DR, ENDCARDINALITY, ENDELEMENTID, ID, INDUSTRY, ISACTIVE, MODIFIER, MODIFYTIME, NAME, STARTBEANID, STARTCARDINALITY, STARTELEMENTID, TS, TYPE, VERSIONTYPE) VALUES (null, null, '12498ded-5605-4e13-b6d0-4d7f9490be9d', null, null, 0, '1', 'f6f9a473-56c0-432f-8bc7-fbf8fde54fee', '9240c62b-cde4-4109-98bf-fec29cb17ae8', '0', 'Y', null, null, 'hrtaovertimereg_modifier', 'd83e3326-c2db-44e5-9cd6-a12bdb786a2a', '1', '4deace58-908f-4a33-b0a3-0341e7a3da80', '2018-12-07 11:05:17', 3, 0);
INSERT INTO MD_ASSOCIATION (CASCADEDELETE, CASCADEUPDATE, COMPONENTID, CREATETIME, CREATOR, DR, ENDCARDINALITY, ENDELEMENTID, ID, INDUSTRY, ISACTIVE, MODIFIER, MODIFYTIME, NAME, STARTBEANID, STARTCARDINALITY, STARTELEMENTID, TS, TYPE, VERSIONTYPE) VALUES (null, null, '12498ded-5605-4e13-b6d0-4d7f9490be9d', null, null, 0, '1', '3a521756-6a6b-4027-858e-e64104b7851b', '9309a137-e7f9-4be1-bb7f-68d3da3d4e45', '0', 'Y', null, null, 'hrtaovertimereg_pk_psnorg', 'd83e3326-c2db-44e5-9cd6-a12bdb786a2a', '1', 'fcfa2bbd-9207-4db4-9866-09732aee356a', '2018-12-07 11:05:17', 3, 0);

INSERT INTO MD_ORMAP (ATTRIBUTEID, CLASSID, COLUMNID, DR, TABLEID, TS) VALUES ('615095c6-a74a-4f5a-bd88-4bca92bca478', 'd83e3326-c2db-44e5-9cd6-a12bdb786a2a', 'tbm_overtimereg@@@pk_group', 0, 'tbm_overtimereg', '2018-12-07 11:05:17');
INSERT INTO MD_ORMAP (ATTRIBUTEID, CLASSID, COLUMNID, DR, TABLEID, TS) VALUES ('2fb048f8-ecc3-4e9e-8967-48bb83bdc312', 'd83e3326-c2db-44e5-9cd6-a12bdb786a2a', 'tbm_overtimereg@@@pk_org_v', 0, 'tbm_overtimereg', '2018-12-07 11:05:17');
INSERT INTO MD_ORMAP (ATTRIBUTEID, CLASSID, COLUMNID, DR, TABLEID, TS) VALUES ('fce451fb-0dd6-442a-a892-453d9c9e0d5e', 'd83e3326-c2db-44e5-9cd6-a12bdb786a2a', 'tbm_overtimereg@@@modifiedtime', 0, 'tbm_overtimereg', '2018-12-07 11:05:17');
INSERT INTO MD_ORMAP (ATTRIBUTEID, CLASSID, COLUMNID, DR, TABLEID, TS) VALUES ('9639339f-63c8-47f8-9e21-b53cf952e8a1', 'd83e3326-c2db-44e5-9cd6-a12bdb786a2a', 'tbm_overtimereg@@@pk_psnjob', 0, 'tbm_overtimereg', '2018-12-07 11:05:17');
INSERT INTO MD_ORMAP (ATTRIBUTEID, CLASSID, COLUMNID, DR, TABLEID, TS) VALUES ('5b8de57e-2520-43a1-acf6-97b07e03b86a', 'd83e3326-c2db-44e5-9cd6-a12bdb786a2a', 'tbm_overtimereg@@@pk_overtimegen', 0, 'tbm_overtimereg', '2018-12-07 11:05:17');
INSERT INTO MD_ORMAP (ATTRIBUTEID, CLASSID, COLUMNID, DR, TABLEID, TS) VALUES ('fcfa2bbd-9207-4db4-9866-09732aee356a', 'd83e3326-c2db-44e5-9cd6-a12bdb786a2a', 'tbm_overtimereg@@@pk_psnorg', 0, 'tbm_overtimereg', '2018-12-07 11:05:17');
INSERT INTO MD_ORMAP (ATTRIBUTEID, CLASSID, COLUMNID, DR, TABLEID, TS) VALUES ('3ce2f385-8f3f-4126-bc9e-7ef7f30f6ae3', 'd83e3326-c2db-44e5-9cd6-a12bdb786a2a', 'tbm_overtimereg@@@toresthour', 0, 'tbm_overtimereg', '2018-12-07 11:05:17');
INSERT INTO MD_ORMAP (ATTRIBUTEID, CLASSID, COLUMNID, DR, TABLEID, TS) VALUES ('cad01eca-6381-4555-996b-fe788a82d3c4', 'd83e3326-c2db-44e5-9cd6-a12bdb786a2a', 'tbm_overtimereg@@@ischeck', 0, 'tbm_overtimereg', '2018-12-07 11:05:17');
INSERT INTO MD_ORMAP (ATTRIBUTEID, CLASSID, COLUMNID, DR, TABLEID, TS) VALUES ('372cbac3-9015-4e2a-836e-79aa86b8fa71', 'd83e3326-c2db-44e5-9cd6-a12bdb786a2a', 'tbm_overtimereg@@@begintimebeforecheck', 0, 'tbm_overtimereg', '2018-12-07 11:05:17');
INSERT INTO MD_ORMAP (ATTRIBUTEID, CLASSID, COLUMNID, DR, TABLEID, TS) VALUES ('8610f1f7-ff7d-4a17-b568-2d73c1f7580f', 'd83e3326-c2db-44e5-9cd6-a12bdb786a2a', 'tbm_overtimereg@@@overtimeenddate', 0, 'tbm_overtimereg', '2018-12-07 11:05:17');
INSERT INTO MD_ORMAP (ATTRIBUTEID, CLASSID, COLUMNID, DR, TABLEID, TS) VALUES ('b3a4d6ca-35b9-4025-8af9-4c02189936f7', 'd83e3326-c2db-44e5-9cd6-a12bdb786a2a', 'tbm_overtimereg@@@deduct', 0, 'tbm_overtimereg', '2018-12-07 11:05:17');
INSERT INTO MD_ORMAP (ATTRIBUTEID, CLASSID, COLUMNID, DR, TABLEID, TS) VALUES ('6570bfbf-21d2-4117-9b0b-91e8b7aac048', 'd83e3326-c2db-44e5-9cd6-a12bdb786a2a', 'tbm_overtimereg@@@torestyear', 0, 'tbm_overtimereg', '2018-12-07 11:05:17');
INSERT INTO MD_ORMAP (ATTRIBUTEID, CLASSID, COLUMNID, DR, TABLEID, TS) VALUES ('bb346dcb-a4c3-40d4-a749-bba92a194bb6', 'd83e3326-c2db-44e5-9cd6-a12bdb786a2a', 'tbm_overtimereg@@@diffhour', 0, 'tbm_overtimereg', '2018-12-07 11:05:17');
INSERT INTO MD_ORMAP (ATTRIBUTEID, CLASSID, COLUMNID, DR, TABLEID, TS) VALUES ('d7fe437c-6807-41e7-ac22-f3299b11ad9c', 'd83e3326-c2db-44e5-9cd6-a12bdb786a2a', 'tbm_overtimereg@@@pk_org', 0, 'tbm_overtimereg', '2018-12-07 11:05:17');
INSERT INTO MD_ORMAP (ATTRIBUTEID, CLASSID, COLUMNID, DR, TABLEID, TS) VALUES ('d70b7f39-683f-4453-80e6-4c360d59d62c', 'd83e3326-c2db-44e5-9cd6-a12bdb786a2a', 'tbm_overtimereg@@@overtimeremark', 0, 'tbm_overtimereg', '2018-12-07 11:05:17');
INSERT INTO MD_ORMAP (ATTRIBUTEID, CLASSID, COLUMNID, DR, TABLEID, TS) VALUES ('4deace58-908f-4a33-b0a3-0341e7a3da80', 'd83e3326-c2db-44e5-9cd6-a12bdb786a2a', 'tbm_overtimereg@@@modifier', 0, 'tbm_overtimereg', '2018-12-07 11:05:17');
INSERT INTO MD_ORMAP (ATTRIBUTEID, CLASSID, COLUMNID, DR, TABLEID, TS) VALUES ('da54c3d9-b5b0-4b40-bcb8-5893e7a9ab44', 'd83e3326-c2db-44e5-9cd6-a12bdb786a2a', 'tbm_overtimereg@@@overtimealready', 0, 'tbm_overtimereg', '2018-12-07 11:05:17');
INSERT INTO MD_ORMAP (ATTRIBUTEID, CLASSID, COLUMNID, DR, TABLEID, TS) VALUES ('e330e462-8426-4302-a4d1-1e05bbe70856', 'd83e3326-c2db-44e5-9cd6-a12bdb786a2a', 'tbm_overtimereg@@@pk_psndoc', 0, 'tbm_overtimereg', '2018-12-07 11:05:17');
INSERT INTO MD_ORMAP (ATTRIBUTEID, CLASSID, COLUMNID, DR, TABLEID, TS) VALUES ('3c667724-4644-4d54-9e08-bec64917ad7c', 'd83e3326-c2db-44e5-9cd6-a12bdb786a2a', 'tbm_overtimereg@@@endtimebeforecheck', 0, 'tbm_overtimereg', '2018-12-07 11:05:17');
INSERT INTO MD_ORMAP (ATTRIBUTEID, CLASSID, COLUMNID, DR, TABLEID, TS) VALUES ('41ef9730-7eda-4a2e-9ee1-3ee7c14411f1', 'd83e3326-c2db-44e5-9cd6-a12bdb786a2a', 'tbm_overtimereg@@@creator', 0, 'tbm_overtimereg', '2018-12-07 11:05:17');
INSERT INTO MD_ORMAP (ATTRIBUTEID, CLASSID, COLUMNID, DR, TABLEID, TS) VALUES ('5f83fe82-106e-4d37-a0e2-ba4969ff8da3', 'd83e3326-c2db-44e5-9cd6-a12bdb786a2a', 'tbm_overtimereg@@PK@@', 0, 'tbm_overtimereg', '2018-12-07 11:05:17');
INSERT INTO MD_ORMAP (ATTRIBUTEID, CLASSID, COLUMNID, DR, TABLEID, TS) VALUES ('3fcc3c00-762b-43dd-83c1-9ec419aca205', 'd83e3326-c2db-44e5-9cd6-a12bdb786a2a', 'tbm_overtimereg@@@isneedcheck', 0, 'tbm_overtimereg', '2018-12-07 11:05:17');
INSERT INTO MD_ORMAP (ATTRIBUTEID, CLASSID, COLUMNID, DR, TABLEID, TS) VALUES ('f761da03-224e-42f2-8a09-7755e1619f74', 'd83e3326-c2db-44e5-9cd6-a12bdb786a2a', 'tbm_overtimereg@@@overtimehour', 0, 'tbm_overtimereg', '2018-12-07 11:05:17');
INSERT INTO MD_ORMAP (ATTRIBUTEID, CLASSID, COLUMNID, DR, TABLEID, TS) VALUES ('849d41c3-f800-4040-9f3c-1566223bc546', 'd83e3326-c2db-44e5-9cd6-a12bdb786a2a', 'tbm_overtimereg@@@waperiod', 0, 'tbm_overtimereg', '2018-12-07 11:05:17');
INSERT INTO MD_ORMAP (ATTRIBUTEID, CLASSID, COLUMNID, DR, TABLEID, TS) VALUES ('962b5b64-5276-4322-9d4c-73dcf9942337', 'd83e3326-c2db-44e5-9cd6-a12bdb786a2a', 'tbm_overtimereg@@@overtimebegindate', 0, 'tbm_overtimereg', '2018-12-07 11:05:17');
INSERT INTO MD_ORMAP (ATTRIBUTEID, CLASSID, COLUMNID, DR, TABLEID, TS) VALUES ('859bf950-0345-4994-90ff-dcf57a14e027', 'd83e3326-c2db-44e5-9cd6-a12bdb786a2a', 'tbm_overtimereg@@@torestmonth', 0, 'tbm_overtimereg', '2018-12-07 11:05:17');
INSERT INTO MD_ORMAP (ATTRIBUTEID, CLASSID, COLUMNID, DR, TABLEID, TS) VALUES ('daa2facc-a06f-4673-b7c0-e4bb86edab8b', 'd83e3326-c2db-44e5-9cd6-a12bdb786a2a', 'tbm_overtimereg@@@overtimeendtime', 0, 'tbm_overtimereg', '2018-12-07 11:05:17');
INSERT INTO MD_ORMAP (ATTRIBUTEID, CLASSID, COLUMNID, DR, TABLEID, TS) VALUES ('7c7c1f7b-be82-45f0-a7fa-a8604511e99e', 'd83e3326-c2db-44e5-9cd6-a12bdb786a2a', 'tbm_overtimereg@@@acthour', 0, 'tbm_overtimereg', '2018-12-07 11:05:17');
INSERT INTO MD_ORMAP (ATTRIBUTEID, CLASSID, COLUMNID, DR, TABLEID, TS) VALUES ('f57745ee-92e5-4572-b10b-49247f711502', 'd83e3326-c2db-44e5-9cd6-a12bdb786a2a', 'tbm_overtimereg@@@overtimebegintime', 0, 'tbm_overtimereg', '2018-12-07 11:05:17');
INSERT INTO MD_ORMAP (ATTRIBUTEID, CLASSID, COLUMNID, DR, TABLEID, TS) VALUES ('33f6a218-e62b-4ac0-823a-ae000ab1153c', 'd83e3326-c2db-44e5-9cd6-a12bdb786a2a', 'tbm_overtimereg@@@pk_overtimetype', 0, 'tbm_overtimereg', '2018-12-07 11:05:17');
INSERT INTO MD_ORMAP (ATTRIBUTEID, CLASSID, COLUMNID, DR, TABLEID, TS) VALUES ('39453ca3-1fea-4cf1-85fe-ad60cf3299a0', 'd83e3326-c2db-44e5-9cd6-a12bdb786a2a', 'tbm_overtimereg@@@creationtime', 0, 'tbm_overtimereg', '2018-12-07 11:05:17');
INSERT INTO MD_ORMAP (ATTRIBUTEID, CLASSID, COLUMNID, DR, TABLEID, TS) VALUES ('f0c3a0d1-b719-4931-b9ee-9abf0b3e41ab', 'd83e3326-c2db-44e5-9cd6-a12bdb786a2a', 'tbm_overtimereg@@@pk_billsourceh', 0, 'tbm_overtimereg', '2018-12-07 11:05:17');
INSERT INTO MD_ORMAP (ATTRIBUTEID, CLASSID, COLUMNID, DR, TABLEID, TS) VALUES ('62b8f2f1-b6db-4184-8885-71fe2dc13e9b', 'd83e3326-c2db-44e5-9cd6-a12bdb786a2a', 'tbm_overtimereg@@@approve_time', 0, 'tbm_overtimereg', '2018-12-07 11:05:17');
INSERT INTO MD_ORMAP (ATTRIBUTEID, CLASSID, COLUMNID, DR, TABLEID, TS) VALUES ('a5c9d6e3-7555-41d4-a299-df3e8982b259', 'd83e3326-c2db-44e5-9cd6-a12bdb786a2a', 'tbm_overtimereg@@@vestdate', 0, 'tbm_overtimereg', '2018-12-07 11:05:17');
INSERT INTO MD_ORMAP (ATTRIBUTEID, CLASSID, COLUMNID, DR, TABLEID, TS) VALUES ('33580301-d0c6-483a-a7e5-5e6d50533640', 'd83e3326-c2db-44e5-9cd6-a12bdb786a2a', 'tbm_overtimereg@@@pk_dept_v', 0, 'tbm_overtimereg', '2018-12-07 11:05:17');
INSERT INTO MD_ORMAP (ATTRIBUTEID, CLASSID, COLUMNID, DR, TABLEID, TS) VALUES ('23770f18-9503-4846-9990-6c832cd1361b', 'd83e3326-c2db-44e5-9cd6-a12bdb786a2a', 'tbm_overtimereg@@@pk_overtimetypecopy', 0, 'tbm_overtimereg', '2018-12-07 11:05:17');
INSERT INTO MD_ORMAP (ATTRIBUTEID, CLASSID, COLUMNID, DR, TABLEID, TS) VALUES ('865c316f-e0a1-426d-97c3-ce03debea82f', 'd83e3326-c2db-44e5-9cd6-a12bdb786a2a', 'tbm_overtimereg@@@billsource', 0, 'tbm_overtimereg', '2018-12-07 11:05:17');
INSERT INTO MD_ORMAP (ATTRIBUTEID, CLASSID, COLUMNID, DR, TABLEID, TS) VALUES ('ce9a93f3-0370-4417-af50-66329162fdc0', 'd83e3326-c2db-44e5-9cd6-a12bdb786a2a', 'tbm_overtimereg@@@pk_billsourceb', 0, 'tbm_overtimereg', '2018-12-07 11:05:17');
INSERT INTO MD_ORMAP (ATTRIBUTEID, CLASSID, COLUMNID, DR, TABLEID, TS) VALUES ('0cb5c608-078e-4fc3-b83c-bf2a1c7fecd2', 'd83e3326-c2db-44e5-9cd6-a12bdb786a2a', 'tbm_overtimereg@@@istorest', 0, 'tbm_overtimereg', '2018-12-07 11:05:17');

INSERT INTO MD_COLUMN (COLUMNLENGTH, COLUMNSEQUENCE, COLUMNTYPE, CREATETIME, CREATOR, DEFAULTVALUE, DESCRIPTION, DISPLAYNAME, DR, FORLOCALE, GROUPID, HELP, ID, IDENTITIED, INCREMENTSEED, INCREMENTSTEP, ISACTIVE, MODIFIER, MODIFYTIME, NAME, NULLABLE, PKEY, PRECISE, RESID, SQLDATETYPE, TABLEID, TS, VERSIONTYPE) VALUES (1, 21, 0, null, null, null, null, '是否已校验', 0, 'N', null, null, 'tbm_overtimereg@@@ischeck', null, null, null, 'Y', null, null, 'ischeck', 'Y', 'N', 0, '2ovtm-000032', 'char', 'tbm_overtimereg', '2018-12-07 11:05:17', 0);
INSERT INTO MD_COLUMN (COLUMNLENGTH, COLUMNSEQUENCE, COLUMNTYPE, CREATETIME, CREATOR, DEFAULTVALUE, DESCRIPTION, DISPLAYNAME, DR, FORLOCALE, GROUPID, HELP, ID, IDENTITIED, INCREMENTSEED, INCREMENTSTEP, ISACTIVE, MODIFIER, MODIFYTIME, NAME, NULLABLE, PKEY, PRECISE, RESID, SQLDATETYPE, TABLEID, TS, VERSIONTYPE) VALUES (0, 22, 0, null, null, null, null, '扣除时间', 0, 'N', null, null, 'tbm_overtimereg@@@deduct', null, null, null, 'Y', null, null, 'deduct', 'Y', 'N', 0, '2ovtm-000008', 'int', 'tbm_overtimereg', '2018-12-07 11:05:17', 0);
INSERT INTO MD_COLUMN (COLUMNLENGTH, COLUMNSEQUENCE, COLUMNTYPE, CREATETIME, CREATOR, DEFAULTVALUE, DESCRIPTION, DISPLAYNAME, DR, FORLOCALE, GROUPID, HELP, ID, IDENTITIED, INCREMENTSEED, INCREMENTSTEP, ISACTIVE, MODIFIER, MODIFYTIME, NAME, NULLABLE, PKEY, PRECISE, RESID, SQLDATETYPE, TABLEID, TS, VERSIONTYPE) VALUES (16, 23, 0, null, null, null, null, '实际加班时长', 0, 'N', null, null, 'tbm_overtimereg@@@acthour', null, null, null, 'Y', null, null, 'acthour', 'Y', 'N', 2, '2ovtm-000007', 'decimal', 'tbm_overtimereg', '2018-12-07 11:05:17', 0);
INSERT INTO MD_COLUMN (COLUMNLENGTH, COLUMNSEQUENCE, COLUMNTYPE, CREATETIME, CREATOR, DEFAULTVALUE, DESCRIPTION, DISPLAYNAME, DR, FORLOCALE, GROUPID, HELP, ID, IDENTITIED, INCREMENTSEED, INCREMENTSTEP, ISACTIVE, MODIFIER, MODIFYTIME, NAME, NULLABLE, PKEY, PRECISE, RESID, SQLDATETYPE, TABLEID, TS, VERSIONTYPE) VALUES (0, 24, 0, null, null, null, null, '单据来源', 0, 'N', null, null, 'tbm_overtimereg@@@billsource', null, null, null, 'Y', null, null, 'billsource', 'Y', 'N', 0, '2ovtm-000039', 'int', 'tbm_overtimereg', '2018-12-07 11:05:17', 0);
INSERT INTO MD_COLUMN (COLUMNLENGTH, COLUMNSEQUENCE, COLUMNTYPE, CREATETIME, CREATOR, DEFAULTVALUE, DESCRIPTION, DISPLAYNAME, DR, FORLOCALE, GROUPID, HELP, ID, IDENTITIED, INCREMENTSEED, INCREMENTSTEP, ISACTIVE, MODIFIER, MODIFYTIME, NAME, NULLABLE, PKEY, PRECISE, RESID, SQLDATETYPE, TABLEID, TS, VERSIONTYPE) VALUES (20, 25, 0, null, null, '*~', null, '申请单来源主表主键', 0, 'N', null, 'IgnoreRefCheck', 'tbm_overtimereg@@@pk_billsourceh', null, null, null, 'Y', null, null, 'pk_billsourceh', 'Y', 'N', 0, '2ovtm-000040', 'varchar', 'tbm_overtimereg', '2018-12-07 11:05:17', 0);
INSERT INTO MD_COLUMN (COLUMNLENGTH, COLUMNSEQUENCE, COLUMNTYPE, CREATETIME, CREATOR, DEFAULTVALUE, DESCRIPTION, DISPLAYNAME, DR, FORLOCALE, GROUPID, HELP, ID, IDENTITIED, INCREMENTSEED, INCREMENTSTEP, ISACTIVE, MODIFIER, MODIFYTIME, NAME, NULLABLE, PKEY, PRECISE, RESID, SQLDATETYPE, TABLEID, TS, VERSIONTYPE) VALUES (20, 26, 0, null, null, '*~', null, '申请单来源子表主键', 0, 'N', null, 'IgnoreRefCheck', 'tbm_overtimereg@@@pk_billsourceb', null, null, null, 'Y', null, null, 'pk_billsourceb', 'Y', 'N', 0, '2ovtm-000034', 'varchar', 'tbm_overtimereg', '2018-12-07 11:05:17', 0);
INSERT INTO MD_COLUMN (COLUMNLENGTH, COLUMNSEQUENCE, COLUMNTYPE, CREATETIME, CREATOR, DEFAULTVALUE, DESCRIPTION, DISPLAYNAME, DR, FORLOCALE, GROUPID, HELP, ID, IDENTITIED, INCREMENTSEED, INCREMENTSTEP, ISACTIVE, MODIFIER, MODIFYTIME, NAME, NULLABLE, PKEY, PRECISE, RESID, SQLDATETYPE, TABLEID, TS, VERSIONTYPE) VALUES (20, 27, 0, null, null, '*~', null, '生成单来源主键', 0, 'N', null, 'IgnoreRefCheck', 'tbm_overtimereg@@@pk_overtimegen', null, null, null, 'Y', null, null, 'pk_overtimegen', 'Y', 'N', 0, '2ovtm-000038', 'varchar', 'tbm_overtimereg', '2018-12-07 11:05:17', 0);
INSERT INTO MD_COLUMN (COLUMNLENGTH, COLUMNSEQUENCE, COLUMNTYPE, CREATETIME, CREATOR, DEFAULTVALUE, DESCRIPTION, DISPLAYNAME, DR, FORLOCALE, GROUPID, HELP, ID, IDENTITIED, INCREMENTSEED, INCREMENTSTEP, ISACTIVE, MODIFIER, MODIFYTIME, NAME, NULLABLE, PKEY, PRECISE, RESID, SQLDATETYPE, TABLEID, TS, VERSIONTYPE) VALUES (19, 28, 0, null, null, null, null, '创建时间', 0, 'N', null, null, 'tbm_overtimereg@@@creationtime', null, null, null, 'Y', null, null, 'creationtime', 'Y', 'N', 0, '2UC000-000157', 'char', 'tbm_overtimereg', '2018-12-07 11:05:17', 0);
INSERT INTO MD_COLUMN (COLUMNLENGTH, COLUMNSEQUENCE, COLUMNTYPE, CREATETIME, CREATOR, DEFAULTVALUE, DESCRIPTION, DISPLAYNAME, DR, FORLOCALE, GROUPID, HELP, ID, IDENTITIED, INCREMENTSEED, INCREMENTSTEP, ISACTIVE, MODIFIER, MODIFYTIME, NAME, NULLABLE, PKEY, PRECISE, RESID, SQLDATETYPE, TABLEID, TS, VERSIONTYPE) VALUES (20, 29, 0, null, null, '*~', null, '创建人', 0, 'N', null, null, 'tbm_overtimereg@@@creator', null, null, null, 'Y', null, null, 'creator', 'Y', 'N', 0, '2UC000-000155', 'varchar', 'tbm_overtimereg', '2018-12-07 11:05:17', 0);
INSERT INTO MD_COLUMN (COLUMNLENGTH, COLUMNSEQUENCE, COLUMNTYPE, CREATETIME, CREATOR, DEFAULTVALUE, DESCRIPTION, DISPLAYNAME, DR, FORLOCALE, GROUPID, HELP, ID, IDENTITIED, INCREMENTSEED, INCREMENTSTEP, ISACTIVE, MODIFIER, MODIFYTIME, NAME, NULLABLE, PKEY, PRECISE, RESID, SQLDATETYPE, TABLEID, TS, VERSIONTYPE) VALUES (19, 30, 0, null, null, null, null, '修改时间', 0, 'N', null, null, 'tbm_overtimereg@@@modifiedtime', null, null, null, 'Y', null, null, 'modifiedtime', 'Y', 'N', 0, '2UC000-000100', 'char', 'tbm_overtimereg', '2018-12-07 11:05:17', 0);
INSERT INTO MD_COLUMN (COLUMNLENGTH, COLUMNSEQUENCE, COLUMNTYPE, CREATETIME, CREATOR, DEFAULTVALUE, DESCRIPTION, DISPLAYNAME, DR, FORLOCALE, GROUPID, HELP, ID, IDENTITIED, INCREMENTSEED, INCREMENTSTEP, ISACTIVE, MODIFIER, MODIFYTIME, NAME, NULLABLE, PKEY, PRECISE, RESID, SQLDATETYPE, TABLEID, TS, VERSIONTYPE) VALUES (20, 31, 0, null, null, '*~', null, '修改人', 0, 'N', null, null, 'tbm_overtimereg@@@modifier', null, null, null, 'Y', null, null, 'modifier', 'Y', 'N', 0, '2UC000-000098', 'varchar', 'tbm_overtimereg', '2018-12-07 11:05:17', 0);
INSERT INTO MD_COLUMN (COLUMNLENGTH, COLUMNSEQUENCE, COLUMNTYPE, CREATETIME, CREATOR, DEFAULTVALUE, DESCRIPTION, DISPLAYNAME, DR, FORLOCALE, GROUPID, HELP, ID, IDENTITIED, INCREMENTSEED, INCREMENTSTEP, ISACTIVE, MODIFIER, MODIFYTIME, NAME, NULLABLE, PKEY, PRECISE, RESID, SQLDATETYPE, TABLEID, TS, VERSIONTYPE) VALUES (19, 32, 0, null, null, null, null, '校验前开始时间', 0, 'N', null, null, 'tbm_overtimereg@@@begintimebeforecheck', null, null, null, 'Y', null, null, 'begintimebeforecheck', 'Y', 'N', 0, '2ovtm-000037', 'char', 'tbm_overtimereg', '2018-12-07 11:05:17', 0);
INSERT INTO MD_COLUMN (COLUMNLENGTH, COLUMNSEQUENCE, COLUMNTYPE, CREATETIME, CREATOR, DEFAULTVALUE, DESCRIPTION, DISPLAYNAME, DR, FORLOCALE, GROUPID, HELP, ID, IDENTITIED, INCREMENTSEED, INCREMENTSTEP, ISACTIVE, MODIFIER, MODIFYTIME, NAME, NULLABLE, PKEY, PRECISE, RESID, SQLDATETYPE, TABLEID, TS, VERSIONTYPE) VALUES (19, 33, 0, null, null, null, null, '校验前结束时间', 0, 'N', null, null, 'tbm_overtimereg@@@endtimebeforecheck', null, null, null, 'Y', null, null, 'endtimebeforecheck', 'Y', 'N', 0, '2ovtm-000043', 'char', 'tbm_overtimereg', '2018-12-07 11:05:17', 0);
INSERT INTO MD_COLUMN (COLUMNLENGTH, COLUMNSEQUENCE, COLUMNTYPE, CREATETIME, CREATOR, DEFAULTVALUE, DESCRIPTION, DISPLAYNAME, DR, FORLOCALE, GROUPID, HELP, ID, IDENTITIED, INCREMENTSEED, INCREMENTSTEP, ISACTIVE, MODIFIER, MODIFYTIME, NAME, NULLABLE, PKEY, PRECISE, RESID, SQLDATETYPE, TABLEID, TS, VERSIONTYPE) VALUES (20, 34, 0, null, null, '*~', null, '组织关系主键', 0, 'N', null, null, 'tbm_overtimereg@@@pk_psnorg', null, null, null, 'Y', null, null, 'pk_psnorg', 'Y', 'N', 0, '2UC000-000695', 'varchar', 'tbm_overtimereg', '2018-12-07 11:05:17', 0);
INSERT INTO MD_COLUMN (COLUMNLENGTH, COLUMNSEQUENCE, COLUMNTYPE, CREATETIME, CREATOR, DEFAULTVALUE, DESCRIPTION, DISPLAYNAME, DR, FORLOCALE, GROUPID, HELP, ID, IDENTITIED, INCREMENTSEED, INCREMENTSTEP, ISACTIVE, MODIFIER, MODIFYTIME, NAME, NULLABLE, PKEY, PRECISE, RESID, SQLDATETYPE, TABLEID, TS, VERSIONTYPE) VALUES (20, 0, 0, null, null, null, null, '加班登记表主键', 0, 'N', null, null, 'tbm_overtimereg@@PK@@', null, null, null, 'Y', null, null, 'pk_overtimereg', 'N', 'Y', 0, '2ovtm-000033', 'char', 'tbm_overtimereg', '2018-12-07 11:05:17', 0);
INSERT INTO MD_COLUMN (COLUMNLENGTH, COLUMNSEQUENCE, COLUMNTYPE, CREATETIME, CREATOR, DEFAULTVALUE, DESCRIPTION, DISPLAYNAME, DR, FORLOCALE, GROUPID, HELP, ID, IDENTITIED, INCREMENTSEED, INCREMENTSTEP, ISACTIVE, MODIFIER, MODIFYTIME, NAME, NULLABLE, PKEY, PRECISE, RESID, SQLDATETYPE, TABLEID, TS, VERSIONTYPE) VALUES (20, 1, 0, null, null, null, null, '所属集团', 0, 'N', null, null, 'tbm_overtimereg@@@pk_group', null, null, null, 'Y', null, null, 'pk_group', 'N', 'N', 0, '2UC000-000367', 'char', 'tbm_overtimereg', '2018-12-07 11:05:17', 0);
INSERT INTO MD_COLUMN (COLUMNLENGTH, COLUMNSEQUENCE, COLUMNTYPE, CREATETIME, CREATOR, DEFAULTVALUE, DESCRIPTION, DISPLAYNAME, DR, FORLOCALE, GROUPID, HELP, ID, IDENTITIED, INCREMENTSEED, INCREMENTSTEP, ISACTIVE, MODIFIER, MODIFYTIME, NAME, NULLABLE, PKEY, PRECISE, RESID, SQLDATETYPE, TABLEID, TS, VERSIONTYPE) VALUES (20, 2, 0, null, null, null, null, '所属组织', 0, 'N', null, null, 'tbm_overtimereg@@@pk_org', null, null, null, 'Y', null, null, 'pk_org', 'N', 'N', 0, '2UC000-000360', 'char', 'tbm_overtimereg', '2018-12-07 11:05:17', 0);
INSERT INTO MD_COLUMN (COLUMNLENGTH, COLUMNSEQUENCE, COLUMNTYPE, CREATETIME, CREATOR, DEFAULTVALUE, DESCRIPTION, DISPLAYNAME, DR, FORLOCALE, GROUPID, HELP, ID, IDENTITIED, INCREMENTSEED, INCREMENTSTEP, ISACTIVE, MODIFIER, MODIFYTIME, NAME, NULLABLE, PKEY, PRECISE, RESID, SQLDATETYPE, TABLEID, TS, VERSIONTYPE) VALUES (20, 3, 0, null, null, null, null, '加班类别', 0, 'N', null, null, 'tbm_overtimereg@@@pk_overtimetype', null, null, null, 'Y', null, null, 'pk_overtimetype', 'N', 'N', 0, '2ovtm-000020', 'char', 'tbm_overtimereg', '2018-12-07 11:05:17', 0);
INSERT INTO MD_COLUMN (COLUMNLENGTH, COLUMNSEQUENCE, COLUMNTYPE, CREATETIME, CREATOR, DEFAULTVALUE, DESCRIPTION, DISPLAYNAME, DR, FORLOCALE, GROUPID, HELP, ID, IDENTITIED, INCREMENTSEED, INCREMENTSTEP, ISACTIVE, MODIFIER, MODIFYTIME, NAME, NULLABLE, PKEY, PRECISE, RESID, SQLDATETYPE, TABLEID, TS, VERSIONTYPE) VALUES (20, 4, 0, null, null, '*~', null, '加班类别copy', 0, 'N', null, null, 'tbm_overtimereg@@@pk_overtimetypecopy', null, null, null, 'Y', null, null, 'pk_overtimetypecopy', 'Y', 'N', 0, '2ovtm-000018', 'varchar', 'tbm_overtimereg', '2018-12-07 11:05:17', 0);
INSERT INTO MD_COLUMN (COLUMNLENGTH, COLUMNSEQUENCE, COLUMNTYPE, CREATETIME, CREATOR, DEFAULTVALUE, DESCRIPTION, DISPLAYNAME, DR, FORLOCALE, GROUPID, HELP, ID, IDENTITIED, INCREMENTSEED, INCREMENTSTEP, ISACTIVE, MODIFIER, MODIFYTIME, NAME, NULLABLE, PKEY, PRECISE, RESID, SQLDATETYPE, TABLEID, TS, VERSIONTYPE) VALUES (20, 5, 0, null, null, '*~', null, '人员基本档案主键', 0, 'N', null, null, 'tbm_overtimereg@@@pk_psndoc', null, null, null, 'Y', null, null, 'pk_psndoc', 'Y', 'N', 0, '2ovtm-000050', 'varchar', 'tbm_overtimereg', '2018-12-07 11:05:17', 0);
INSERT INTO MD_COLUMN (COLUMNLENGTH, COLUMNSEQUENCE, COLUMNTYPE, CREATETIME, CREATOR, DEFAULTVALUE, DESCRIPTION, DISPLAYNAME, DR, FORLOCALE, GROUPID, HELP, ID, IDENTITIED, INCREMENTSEED, INCREMENTSTEP, ISACTIVE, MODIFIER, MODIFYTIME, NAME, NULLABLE, PKEY, PRECISE, RESID, SQLDATETYPE, TABLEID, TS, VERSIONTYPE) VALUES (20, 6, 0, null, null, null, null, '人员工作记录', 0, 'N', null, null, 'tbm_overtimereg@@@pk_psnjob', null, null, null, 'Y', null, null, 'pk_psnjob', 'N', 'N', 0, '2ovtm-000019', 'char', 'tbm_overtimereg', '2018-12-07 11:05:17', 0);
INSERT INTO MD_COLUMN (COLUMNLENGTH, COLUMNSEQUENCE, COLUMNTYPE, CREATETIME, CREATOR, DEFAULTVALUE, DESCRIPTION, DISPLAYNAME, DR, FORLOCALE, GROUPID, HELP, ID, IDENTITIED, INCREMENTSEED, INCREMENTSTEP, ISACTIVE, MODIFIER, MODIFYTIME, NAME, NULLABLE, PKEY, PRECISE, RESID, SQLDATETYPE, TABLEID, TS, VERSIONTYPE) VALUES (20, 7, 0, null, null, '*~', null, '人员组织版本', 0, 'N', null, null, 'tbm_overtimereg@@@pk_org_v', null, null, null, 'Y', null, null, 'pk_org_v', 'Y', 'N', 0, '2ovtm-000023', 'varchar', 'tbm_overtimereg', '2018-12-07 11:05:17', 0);
INSERT INTO MD_COLUMN (COLUMNLENGTH, COLUMNSEQUENCE, COLUMNTYPE, CREATETIME, CREATOR, DEFAULTVALUE, DESCRIPTION, DISPLAYNAME, DR, FORLOCALE, GROUPID, HELP, ID, IDENTITIED, INCREMENTSEED, INCREMENTSTEP, ISACTIVE, MODIFIER, MODIFYTIME, NAME, NULLABLE, PKEY, PRECISE, RESID, SQLDATETYPE, TABLEID, TS, VERSIONTYPE) VALUES (20, 8, 0, null, null, '*~', null, '人员部门版本', 0, 'N', null, null, 'tbm_overtimereg@@@pk_dept_v', null, null, null, 'Y', null, null, 'pk_dept_v', 'Y', 'N', 0, '2ovtm-000025', 'varchar', 'tbm_overtimereg', '2018-12-07 11:05:17', 0);
INSERT INTO MD_COLUMN (COLUMNLENGTH, COLUMNSEQUENCE, COLUMNTYPE, CREATETIME, CREATOR, DEFAULTVALUE, DESCRIPTION, DISPLAYNAME, DR, FORLOCALE, GROUPID, HELP, ID, IDENTITIED, INCREMENTSEED, INCREMENTSTEP, ISACTIVE, MODIFIER, MODIFYTIME, NAME, NULLABLE, PKEY, PRECISE, RESID, SQLDATETYPE, TABLEID, TS, VERSIONTYPE) VALUES (10, 9, 0, null, null, null, null, '加班开始日期', 0, 'N', null, null, 'tbm_overtimereg@@@overtimebegindate', null, null, null, 'Y', null, null, 'overtimebegindate', 'Y', 'N', 0, '2ovtm-000026', 'char', 'tbm_overtimereg', '2018-12-07 11:05:17', 0);
INSERT INTO MD_COLUMN (COLUMNLENGTH, COLUMNSEQUENCE, COLUMNTYPE, CREATETIME, CREATOR, DEFAULTVALUE, DESCRIPTION, DISPLAYNAME, DR, FORLOCALE, GROUPID, HELP, ID, IDENTITIED, INCREMENTSEED, INCREMENTSTEP, ISACTIVE, MODIFIER, MODIFYTIME, NAME, NULLABLE, PKEY, PRECISE, RESID, SQLDATETYPE, TABLEID, TS, VERSIONTYPE) VALUES (19, 10, 0, null, null, null, null, '加班开始时刻', 0, 'N', null, null, 'tbm_overtimereg@@@overtimebegintime', null, null, null, 'Y', null, null, 'overtimebegintime', 'Y', 'N', 0, '2ovtm-000027', 'char', 'tbm_overtimereg', '2018-12-07 11:05:17', 0);
INSERT INTO MD_COLUMN (COLUMNLENGTH, COLUMNSEQUENCE, COLUMNTYPE, CREATETIME, CREATOR, DEFAULTVALUE, DESCRIPTION, DISPLAYNAME, DR, FORLOCALE, GROUPID, HELP, ID, IDENTITIED, INCREMENTSEED, INCREMENTSTEP, ISACTIVE, MODIFIER, MODIFYTIME, NAME, NULLABLE, PKEY, PRECISE, RESID, SQLDATETYPE, TABLEID, TS, VERSIONTYPE) VALUES (10, 11, 0, null, null, null, null, '加班结束日期', 0, 'N', null, null, 'tbm_overtimereg@@@overtimeenddate', null, null, null, 'Y', null, null, 'overtimeenddate', 'Y', 'N', 0, '2ovtm-000002', 'char', 'tbm_overtimereg', '2018-12-07 11:05:17', 0);
INSERT INTO MD_COLUMN (COLUMNLENGTH, COLUMNSEQUENCE, COLUMNTYPE, CREATETIME, CREATOR, DEFAULTVALUE, DESCRIPTION, DISPLAYNAME, DR, FORLOCALE, GROUPID, HELP, ID, IDENTITIED, INCREMENTSEED, INCREMENTSTEP, ISACTIVE, MODIFIER, MODIFYTIME, NAME, NULLABLE, PKEY, PRECISE, RESID, SQLDATETYPE, TABLEID, TS, VERSIONTYPE) VALUES (19, 12, 0, null, null, null, null, '加班结束时刻', 0, 'N', null, null, 'tbm_overtimereg@@@overtimeendtime', null, null, null, 'Y', null, null, 'overtimeendtime', 'Y', 'N', 0, '2ovtm-000009', 'char', 'tbm_overtimereg', '2018-12-07 11:05:17', 0);
INSERT INTO MD_COLUMN (COLUMNLENGTH, COLUMNSEQUENCE, COLUMNTYPE, CREATETIME, CREATOR, DEFAULTVALUE, DESCRIPTION, DISPLAYNAME, DR, FORLOCALE, GROUPID, HELP, ID, IDENTITIED, INCREMENTSEED, INCREMENTSTEP, ISACTIVE, MODIFIER, MODIFYTIME, NAME, NULLABLE, PKEY, PRECISE, RESID, SQLDATETYPE, TABLEID, TS, VERSIONTYPE) VALUES (16, 13, 0, null, null, null, null, '加班时长', 0, 'N', null, null, 'tbm_overtimereg@@@overtimehour', null, null, null, 'Y', null, null, 'overtimehour', 'Y', 'N', 2, '2ovtm-000015', 'decimal', 'tbm_overtimereg', '2018-12-07 11:05:17', 0);
INSERT INTO MD_COLUMN (COLUMNLENGTH, COLUMNSEQUENCE, COLUMNTYPE, CREATETIME, CREATOR, DEFAULTVALUE, DESCRIPTION, DISPLAYNAME, DR, FORLOCALE, GROUPID, HELP, ID, IDENTITIED, INCREMENTSEED, INCREMENTSTEP, ISACTIVE, MODIFIER, MODIFYTIME, NAME, NULLABLE, PKEY, PRECISE, RESID, SQLDATETYPE, TABLEID, TS, VERSIONTYPE) VALUES (1, 14, 0, null, null, null, null, '是否转调休', 0, 'N', null, null, 'tbm_overtimereg@@@istorest', null, null, null, 'Y', null, null, 'istorest', 'Y', 'N', 0, '2ovtm-000042', 'char', 'tbm_overtimereg', '2018-12-07 11:05:17', 0);
INSERT INTO MD_COLUMN (COLUMNLENGTH, COLUMNSEQUENCE, COLUMNTYPE, CREATETIME, CREATOR, DEFAULTVALUE, DESCRIPTION, DISPLAYNAME, DR, FORLOCALE, GROUPID, HELP, ID, IDENTITIED, INCREMENTSEED, INCREMENTSTEP, ISACTIVE, MODIFIER, MODIFYTIME, NAME, NULLABLE, PKEY, PRECISE, RESID, SQLDATETYPE, TABLEID, TS, VERSIONTYPE) VALUES (16, 15, 0, null, null, null, null, '转调休时长', 0, 'N', null, null, 'tbm_overtimereg@@@toresthour', null, null, null, 'Y', null, null, 'toresthour', 'Y', 'N', 2, '2ovtm-000036', 'decimal', 'tbm_overtimereg', '2018-12-07 11:05:17', 0);
INSERT INTO MD_COLUMN (COLUMNLENGTH, COLUMNSEQUENCE, COLUMNTYPE, CREATETIME, CREATOR, DEFAULTVALUE, DESCRIPTION, DISPLAYNAME, DR, FORLOCALE, GROUPID, HELP, ID, IDENTITIED, INCREMENTSEED, INCREMENTSTEP, ISACTIVE, MODIFIER, MODIFYTIME, NAME, NULLABLE, PKEY, PRECISE, RESID, SQLDATETYPE, TABLEID, TS, VERSIONTYPE) VALUES (50, 16, 0, null, null, null, null, '转调休年度', 0, 'N', null, null, 'tbm_overtimereg@@@torestyear', null, null, null, 'Y', null, null, 'torestyear', 'Y', 'N', 0, '2ovtm-000044', 'varchar', 'tbm_overtimereg', '2018-12-07 11:05:17', 0);
INSERT INTO MD_COLUMN (COLUMNLENGTH, COLUMNSEQUENCE, COLUMNTYPE, CREATETIME, CREATOR, DEFAULTVALUE, DESCRIPTION, DISPLAYNAME, DR, FORLOCALE, GROUPID, HELP, ID, IDENTITIED, INCREMENTSEED, INCREMENTSTEP, ISACTIVE, MODIFIER, MODIFYTIME, NAME, NULLABLE, PKEY, PRECISE, RESID, SQLDATETYPE, TABLEID, TS, VERSIONTYPE) VALUES (50, 17, 0, null, null, null, null, '转调休期间', 0, 'N', null, null, 'tbm_overtimereg@@@torestmonth', null, null, null, 'Y', null, null, 'torestmonth', 'Y', 'N', 0, '2ovtm-000035', 'varchar', 'tbm_overtimereg', '2018-12-07 11:05:17', 0);
INSERT INTO MD_COLUMN (COLUMNLENGTH, COLUMNSEQUENCE, COLUMNTYPE, CREATETIME, CREATOR, DEFAULTVALUE, DESCRIPTION, DISPLAYNAME, DR, FORLOCALE, GROUPID, HELP, ID, IDENTITIED, INCREMENTSEED, INCREMENTSTEP, ISACTIVE, MODIFIER, MODIFYTIME, NAME, NULLABLE, PKEY, PRECISE, RESID, SQLDATETYPE, TABLEID, TS, VERSIONTYPE) VALUES (512, 18, 0, null, null, null, null, '加班说明', 0, 'Y', null, null, 'tbm_overtimereg@@@overtimeremark', null, null, null, 'Y', null, null, 'overtimeremark', 'Y', 'N', 0, '2ovtm-000004', 'varchar', 'tbm_overtimereg', '2018-12-07 11:05:17', 0);
INSERT INTO MD_COLUMN (COLUMNLENGTH, COLUMNSEQUENCE, COLUMNTYPE, CREATETIME, CREATOR, DEFAULTVALUE, DESCRIPTION, DISPLAYNAME, DR, FORLOCALE, GROUPID, HELP, ID, IDENTITIED, INCREMENTSEED, INCREMENTSTEP, ISACTIVE, MODIFIER, MODIFYTIME, NAME, NULLABLE, PKEY, PRECISE, RESID, SQLDATETYPE, TABLEID, TS, VERSIONTYPE) VALUES (16, 19, 0, null, null, null, null, '所在考勤期间已加班时数', 0, 'N', null, null, 'tbm_overtimereg@@@overtimealready', null, null, null, 'Y', null, null, 'overtimealready', 'Y', 'N', 2, '2ovtm-000003', 'decimal', 'tbm_overtimereg', '2018-12-07 11:05:17', 0);
INSERT INTO MD_COLUMN (COLUMNLENGTH, COLUMNSEQUENCE, COLUMNTYPE, CREATETIME, CREATOR, DEFAULTVALUE, DESCRIPTION, DISPLAYNAME, DR, FORLOCALE, GROUPID, HELP, ID, IDENTITIED, INCREMENTSEED, INCREMENTSTEP, ISACTIVE, MODIFIER, MODIFYTIME, NAME, NULLABLE, PKEY, PRECISE, RESID, SQLDATETYPE, TABLEID, TS, VERSIONTYPE) VALUES (1, 20, 0, null, null, null, null, '是否需要校验', 0, 'N', null, null, 'tbm_overtimereg@@@isneedcheck', null, null, null, 'Y', null, null, 'isneedcheck', 'Y', 'N', 0, '2ovtm-000024', 'char', 'tbm_overtimereg', '2018-12-07 11:05:17', 0);
INSERT INTO MD_COLUMN (COLUMNLENGTH, COLUMNSEQUENCE, COLUMNTYPE, CREATETIME, CREATOR, DEFAULTVALUE, DESCRIPTION, DISPLAYNAME, DR, FORLOCALE, GROUPID, HELP, ID, IDENTITIED, INCREMENTSEED, INCREMENTSTEP, ISACTIVE, MODIFIER, MODIFYTIME, NAME, NULLABLE, PKEY, PRECISE, RESID, SQLDATETYPE, TABLEID, TS, VERSIONTYPE) VALUES (16, 35, 0, null, null, null, null, '差异时长', 0, 'N', null, null, 'tbm_overtimereg@@@diffhour', null, null, null, 'Y', null, null, 'diffhour', 'Y', 'N', 2, '2ovtm-000031', 'decimal', 'tbm_overtimereg', '2018-12-07 11:05:17', 0);
INSERT INTO MD_COLUMN (COLUMNLENGTH, COLUMNSEQUENCE, COLUMNTYPE, CREATETIME, CREATOR, DEFAULTVALUE, DESCRIPTION, DISPLAYNAME, DR, FORLOCALE, GROUPID, HELP, ID, IDENTITIED, INCREMENTSEED, INCREMENTSTEP, ISACTIVE, MODIFIER, MODIFYTIME, NAME, NULLABLE, PKEY, PRECISE, RESID, SQLDATETYPE, TABLEID, TS, VERSIONTYPE) VALUES (19, 36, 0, null, null, null, null, '审批时间', 0, 'N', null, null, 'tbm_overtimereg@@@approve_time', null, null, null, 'Y', null, null, 'approve_time', 'Y', 'N', 0, '2ovtmext-000002', 'char', 'tbm_overtimereg', '2018-12-07 11:05:17', 0);
INSERT INTO MD_COLUMN (COLUMNLENGTH, COLUMNSEQUENCE, COLUMNTYPE, CREATETIME, CREATOR, DEFAULTVALUE, DESCRIPTION, DISPLAYNAME, DR, FORLOCALE, GROUPID, HELP, ID, IDENTITIED, INCREMENTSEED, INCREMENTSTEP, ISACTIVE, MODIFIER, MODIFYTIME, NAME, NULLABLE, PKEY, PRECISE, RESID, SQLDATETYPE, TABLEID, TS, VERSIONTYPE) VALUES (10, 37, 0, null, null, null, null, '薪资期间', 0, 'N', null, null, 'tbm_overtimereg@@@waperiod', null, null, null, 'Y', null, null, 'waperiod', 'Y', 'N', 0, '2ovtmext-000003', 'varchar', 'tbm_overtimereg', '2018-12-07 11:05:17', 0);
INSERT INTO MD_COLUMN (COLUMNLENGTH, COLUMNSEQUENCE, COLUMNTYPE, CREATETIME, CREATOR, DEFAULTVALUE, DESCRIPTION, DISPLAYNAME, DR, FORLOCALE, GROUPID, HELP, ID, IDENTITIED, INCREMENTSEED, INCREMENTSTEP, ISACTIVE, MODIFIER, MODIFYTIME, NAME, NULLABLE, PKEY, PRECISE, RESID, SQLDATETYPE, TABLEID, TS, VERSIONTYPE) VALUES (10, 38, 0, null, null, null, null, 'w偃掌', 0, 'N', null, null, 'tbm_overtimereg@@@vestdate', null, null, null, 'Y', null, null, 'vestdate', 'Y', 'N', 0, '2ovtmext-000004', 'char', 'tbm_overtimereg', '2018-12-07 11:05:17', 0);

INSERT INTO MD_BUSIOP (AUTHORIZABLE, COMPONENTID, CREATETIME, CREATOR, DESCRIPTION, DISPLAYNAME, DR, HELP, ID, INDUSTRY, ISBUSIACTIVITY, LOGTYPE, MODIFIER, MODIFYTIME, NAME, NEEDLOG, OWNERTYPE, PARENTID, RESID, TS, VERSIONTYPE) VALUES ('Y', '6b29bf41-9fd5-4c2b-9ccc-700c1616eb10', '2011-04-21 09:40:36', null, null, '修改', null, null, '09349aaf-11d9-4dee-9604-ab9601d4ff7d', '0', 'N', 'MODIFY    ', null, '2013-01-14 14:56:33', 'Edit', 'Y', 'd83e3326-c2db-44e5-9cd6-a12bdb786a2a', null, '2UC000-001103', '2018-09-20 15:26:27', 0);
INSERT INTO MD_BUSIOP (AUTHORIZABLE, COMPONENTID, CREATETIME, CREATOR, DESCRIPTION, DISPLAYNAME, DR, HELP, ID, INDUSTRY, ISBUSIACTIVITY, LOGTYPE, MODIFIER, MODIFYTIME, NAME, NEEDLOG, OWNERTYPE, PARENTID, RESID, TS, VERSIONTYPE) VALUES ('Y', '6b29bf41-9fd5-4c2b-9ccc-700c1616eb10', '2011-04-21 09:42:44', null, null, '删除', null, null, 'cf6594c7-a96c-4d17-9690-92f68fa4938f', '0', 'N', 'DELETE    ', null, '2013-01-14 14:56:33', 'Delete', 'Y', 'd83e3326-c2db-44e5-9cd6-a12bdb786a2a', null, '2UC000-001104', '2018-09-20 15:26:27', 0);
INSERT INTO MD_BUSIOP (AUTHORIZABLE, COMPONENTID, CREATETIME, CREATOR, DESCRIPTION, DISPLAYNAME, DR, HELP, ID, INDUSTRY, ISBUSIACTIVITY, LOGTYPE, MODIFIER, MODIFYTIME, NAME, NEEDLOG, OWNERTYPE, PARENTID, RESID, TS, VERSIONTYPE) VALUES ('Y', '6b29bf41-9fd5-4c2b-9ccc-700c1616eb10', '2013-01-11 14:34:36', null, null, '新增', null, null, '77a7464c-913c-4139-93e4-ab4187526151', '0', 'N', 'ADD       ', null, '2013-01-14 14:56:33', 'Add', 'Y', 'd83e3326-c2db-44e5-9cd6-a12bdb786a2a', null, 'UC001-0000002', '2018-09-20 15:26:27', 0);
INSERT INTO MD_BUSIOP (AUTHORIZABLE, COMPONENTID, CREATETIME, CREATOR, DESCRIPTION, DISPLAYNAME, DR, HELP, ID, INDUSTRY, ISBUSIACTIVITY, LOGTYPE, MODIFIER, MODIFYTIME, NAME, NEEDLOG, OWNERTYPE, PARENTID, RESID, TS, VERSIONTYPE) VALUES ('Y', '6b29bf41-9fd5-4c2b-9ccc-700c1616eb10', '2013-01-11 14:35:36', null, null, '校验', null, null, '0da62fed-fbbd-4294-9125-1722151fcb6a', '0', 'N', 'MODIFY    ', null, '2013-01-14 14:56:33', 'DoCheck', 'Y', 'd83e3326-c2db-44e5-9cd6-a12bdb786a2a', null, '2ovtm-000051', '2018-09-20 15:26:27', 0);
INSERT INTO MD_BUSIOP (AUTHORIZABLE, COMPONENTID, CREATETIME, CREATOR, DESCRIPTION, DISPLAYNAME, DR, HELP, ID, INDUSTRY, ISBUSIACTIVITY, LOGTYPE, MODIFIER, MODIFYTIME, NAME, NEEDLOG, OWNERTYPE, PARENTID, RESID, TS, VERSIONTYPE) VALUES ('Y', '6b29bf41-9fd5-4c2b-9ccc-700c1616eb10', '2013-01-11 14:36:53', null, null, '反校验', null, null, 'c097c8ed-e725-43de-a31b-7e86c9f764b3', '0', 'N', 'MODIFY    ', null, '2013-01-14 14:56:33', 'UndoCheck', 'Y', 'd83e3326-c2db-44e5-9cd6-a12bdb786a2a', null, '2ovtm-000052', '2018-09-20 15:26:27', 0);
INSERT INTO MD_BUSIOP (AUTHORIZABLE, COMPONENTID, CREATETIME, CREATOR, DESCRIPTION, DISPLAYNAME, DR, HELP, ID, INDUSTRY, ISBUSIACTIVITY, LOGTYPE, MODIFIER, MODIFYTIME, NAME, NEEDLOG, OWNERTYPE, PARENTID, RESID, TS, VERSIONTYPE) VALUES ('Y', '6b29bf41-9fd5-4c2b-9ccc-700c1616eb10', '2013-01-11 14:37:40', null, null, '转调休', null, null, 'beb1972a-89e9-42af-a165-6b2f35b96596', '0', 'N', 'MODIFY    ', null, '2013-01-14 14:56:33', 'Over2Rest', 'Y', 'd83e3326-c2db-44e5-9cd6-a12bdb786a2a', null, '2ovtm-000053', '2018-09-20 15:26:27', 0);
INSERT INTO MD_BUSIOP (AUTHORIZABLE, COMPONENTID, CREATETIME, CREATOR, DESCRIPTION, DISPLAYNAME, DR, HELP, ID, INDUSTRY, ISBUSIACTIVITY, LOGTYPE, MODIFIER, MODIFYTIME, NAME, NEEDLOG, OWNERTYPE, PARENTID, RESID, TS, VERSIONTYPE) VALUES ('Y', '6b29bf41-9fd5-4c2b-9ccc-700c1616eb10', '2013-01-11 14:38:31', null, null, '反转调休', null, null, '980d5c80-9275-448d-b82f-74213133272a', '0', 'N', 'MODIFY    ', null, '2013-01-14 14:56:33', 'UnOver2Rest', 'Y', 'd83e3326-c2db-44e5-9cd6-a12bdb786a2a', null, '2ovtm-000054', '2018-09-20 15:26:27', 0);

INSERT INTO MD_ATTR_POWER (BEANID, DR, FULLPATH, ID, POWERTYPE, TS) VALUES ('d83e3326-c2db-44e5-9cd6-a12bdb786a2a', 0, 'hrtaovertimereg.pk_psnjob.pk_psncl.code', '1001Z710000000004DFE', 'datapower', '2015-12-02 19:02:06');
INSERT INTO MD_ATTR_POWER (BEANID, DR, FULLPATH, ID, POWERTYPE, TS) VALUES ('d83e3326-c2db-44e5-9cd6-a12bdb786a2a', 0, 'hrtaovertimereg.pk_psnjob.pk_psncl.name', '1001Z710000000004DFF', 'datapower', '2015-12-02 19:02:06');
INSERT INTO MD_ATTR_POWER (BEANID, DR, FULLPATH, ID, POWERTYPE, TS) VALUES ('d83e3326-c2db-44e5-9cd6-a12bdb786a2a', 0, 'hrtaovertimereg.pk_psnjob.pk_psncl', '1001Z710000000004DFG', 'datapower', '2015-12-02 19:02:06');
INSERT INTO MD_ATTR_POWER (BEANID, DR, FULLPATH, ID, POWERTYPE, TS) VALUES ('d83e3326-c2db-44e5-9cd6-a12bdb786a2a', 0, 'hrtaovertimereg.pk_psnjob.pk_dept', '1001Z710000000004DFH', 'datapower', '2015-12-02 19:02:06');
INSERT INTO MD_ATTR_POWER (BEANID, DR, FULLPATH, ID, POWERTYPE, TS) VALUES ('d83e3326-c2db-44e5-9cd6-a12bdb786a2a', 0, 'hrtaovertimereg.pk_psnjob.pk_dept.name', '1001Z710000000004DFI', 'datapower', '2015-12-02 19:02:06');
INSERT INTO MD_ATTR_POWER (BEANID, DR, FULLPATH, ID, POWERTYPE, TS) VALUES ('d83e3326-c2db-44e5-9cd6-a12bdb786a2a', 0, 'hrtaovertimereg.pk_psnjob.pk_dept.code', '1001Z710000000004DFJ', 'datapower', '2015-12-02 19:02:06');
INSERT INTO MD_ATTR_POWER (BEANID, DR, FULLPATH, ID, POWERTYPE, TS) VALUES ('d83e3326-c2db-44e5-9cd6-a12bdb786a2a', 0, 'hrtaovertimereg.pk_psnjob', '1001Z710000000004I2G', 'datapower', '2015-12-02 19:02:06');

INSERT INTO SM_PERMISSION_RES (COMP, DPGENCLASSNAME, DPJUDGERCLASSNAME, DR, INNERCODE, ISABSTRACT, ISENABLESPECIALPERM, ISIMMEDIATELY, ISSPTAPPROVERPERM, KEYCOLUMNNAME, MAINTABLENAME, MDID, OWNMODULE, PARENTID, PK_PERMISSION_RES, RESOURCECODE, RESOURCENAME, RESOURCENAME2, RESOURCENAME3, RESOURCENAME4, RESOURCENAME5, RESOURCENAME6, TS) VALUES (null, null, null, 0, '2PyL', 'N', 'N', null, null, 'pk_overtimereg', 'tbm_overtimereg', 'd83e3326-c2db-44e5-9cd6-a12bdb786a2a', '6017', '0001Z7100000000013EP', '1002Z71000000000DPW2', '60170otrgst', '加班登记', '加班登', 'Overtime Registration', null, null, null, '2017-11-08 17:44:05');

INSERT INTO PUB_EVENTTYPE (COMP, DR, EVENTTYPECODE, EVENTTYPENAME, EVENTTYPENAME2, EVENTTYPENAME3, EVENTTYPENAME4, EVENTTYPENAME5, EVENTTYPENAME6, NOTE, OWNER, PK_EVENTTYPE, SOURCEID, SOURCENAME, SOURCENAME2, SOURCENAME3, SOURCENAME4, SOURCENAME5, SOURCENAME6, TS) VALUES (null, 0, '1001', '新增前', '新增前', 'Before adding', null, null, null, null, '6017', '1008Z710000000005G5V', 'd83e3326-c2db-44e5-9cd6-a12bdb786a2a', '加班登记单', '加班登', 'Overtime Registration Doc', null, null, null, '2017-11-08 17:44:05');
INSERT INTO PUB_EVENTTYPE (COMP, DR, EVENTTYPECODE, EVENTTYPENAME, EVENTTYPENAME2, EVENTTYPENAME3, EVENTTYPENAME4, EVENTTYPENAME5, EVENTTYPENAME6, NOTE, OWNER, PK_EVENTTYPE, SOURCEID, SOURCENAME, SOURCENAME2, SOURCENAME3, SOURCENAME4, SOURCENAME5, SOURCENAME6, TS) VALUES (null, 0, '1002', '新增后', '新增後', 'After adding', null, null, null, null, '6017', '1008Z710000000005G5W', 'd83e3326-c2db-44e5-9cd6-a12bdb786a2a', '加班登记单', '加班登', 'Overtime Registration Doc', null, null, null, '2017-11-08 17:44:05');
INSERT INTO PUB_EVENTTYPE (COMP, DR, EVENTTYPECODE, EVENTTYPENAME, EVENTTYPENAME2, EVENTTYPENAME3, EVENTTYPENAME4, EVENTTYPENAME5, EVENTTYPENAME6, NOTE, OWNER, PK_EVENTTYPE, SOURCEID, SOURCENAME, SOURCENAME2, SOURCENAME3, SOURCENAME4, SOURCENAME5, SOURCENAME6, TS) VALUES (null, 0, '1004', '修改后', '修改後', 'After Modification', null, null, null, null, '6017', '1008Z710000000005G5Y', 'd83e3326-c2db-44e5-9cd6-a12bdb786a2a', '加班登记单', '加班登', 'Overtime Registration Doc', null, null, null, '2017-11-08 17:44:05');
INSERT INTO PUB_EVENTTYPE (COMP, DR, EVENTTYPECODE, EVENTTYPENAME, EVENTTYPENAME2, EVENTTYPENAME3, EVENTTYPENAME4, EVENTTYPENAME5, EVENTTYPENAME6, NOTE, OWNER, PK_EVENTTYPE, SOURCEID, SOURCENAME, SOURCENAME2, SOURCENAME3, SOURCENAME4, SOURCENAME5, SOURCENAME6, TS) VALUES (null, 0, '1005', '删除前', 'h除前', 'Before Deleting', null, null, null, null, '6017', '1008Z710000000005G5Z', 'd83e3326-c2db-44e5-9cd6-a12bdb786a2a', '加班登记单', '加班登', 'Overtime Registration Doc', null, null, null, '2017-11-08 17:44:05');
INSERT INTO PUB_EVENTTYPE (COMP, DR, EVENTTYPECODE, EVENTTYPENAME, EVENTTYPENAME2, EVENTTYPENAME3, EVENTTYPENAME4, EVENTTYPENAME5, EVENTTYPENAME6, NOTE, OWNER, PK_EVENTTYPE, SOURCEID, SOURCENAME, SOURCENAME2, SOURCENAME3, SOURCENAME4, SOURCENAME5, SOURCENAME6, TS) VALUES (null, 0, '1006', '删除后', 'h除後', 'After Deleting', null, null, null, null, '6017', '1008Z710000000005G60', 'd83e3326-c2db-44e5-9cd6-a12bdb786a2a', '加班登记单', '加班登', 'Overtime Registration Doc', null, null, null, '2017-11-08 17:44:05');
INSERT INTO PUB_EVENTTYPE (COMP, DR, EVENTTYPECODE, EVENTTYPENAME, EVENTTYPENAME2, EVENTTYPENAME3, EVENTTYPENAME4, EVENTTYPENAME5, EVENTTYPENAME6, NOTE, OWNER, PK_EVENTTYPE, SOURCEID, SOURCENAME, SOURCENAME2, SOURCENAME3, SOURCENAME4, SOURCENAME5, SOURCENAME6, TS) VALUES (null, 0, '1003', '修改前', '修改前', 'Before Modification', null, null, null, null, '6017', '1008Z710000000005G5X', 'd83e3326-c2db-44e5-9cd6-a12bdb786a2a', '加班登记单', '加班登', 'Overtime Registration Doc', null, null, null, '2017-11-08 17:44:05');




