
delete md_association where ( componentid in ('c314d979-3ddd-47a2-adb1-12c2640d9ef0') and (dr=0 or dr is null) )
go

delete md_property where ( classid in ('28b94d24-6d65-4cc5-b6ac-ca1b638b0da3', '317f74f8-7bc5-4496-a51b-0648ffbfd48b', '857905ba-ebee-418d-870b-9ad15119e091', 'e18475d0-13d8-4a62-b4ea-51959399fa36') and (dr=0 or dr is null) )
go

delete md_db_relation where ( endtableid in ('twhr_waitem_30', 'wa_item') and (dr=0 or dr is null) )
go

delete md_column where ( tableid in ('twhr_waitem_30', 'wa_item') and (dr=0 or dr is null) )
go

delete md_table where ( id in ('wa_item', 'twhr_waitem_30') and (dr=0 or dr is null) )
go

delete md_ormap where ( classid in ('28b94d24-6d65-4cc5-b6ac-ca1b638b0da3', '317f74f8-7bc5-4496-a51b-0648ffbfd48b', '857905ba-ebee-418d-870b-9ad15119e091', 'e18475d0-13d8-4a62-b4ea-51959399fa36') and (dr=0 or dr is null) )
go

delete md_bizitfmap where ( classid in ('28b94d24-6d65-4cc5-b6ac-ca1b638b0da3', '317f74f8-7bc5-4496-a51b-0648ffbfd48b', '857905ba-ebee-418d-870b-9ad15119e091', 'e18475d0-13d8-4a62-b4ea-51959399fa36') and (dr=0 or dr is null) )
go

delete md_enumvalue where ( id in ('28b94d24-6d65-4cc5-b6ac-ca1b638b0da3', '317f74f8-7bc5-4496-a51b-0648ffbfd48b', '857905ba-ebee-418d-870b-9ad15119e091', 'e18475d0-13d8-4a62-b4ea-51959399fa36') and (dr=0 or dr is null) )
go

delete md_class where ( componentid in ('c314d979-3ddd-47a2-adb1-12c2640d9ef0') and (dr=0 or dr is null) )
go

delete md_component where ( id='c314d979-3ddd-47a2-adb1-12c2640d9ef0' and (versiontype='0') and (dr=0 or dr is null) )
go


insert into md_component(createtime,creator,description,displayname,dr,fromsourcebmf,help,id,industry,isbizmodel,modifier,modifytime,name,namespace,ownmodule,preload,resid,resmodule,ts,version,versiontype) values( '2009-08-26 16:43:40','zhoucx',null,'公共薪资项目',0,'Y','BDMODE,URC,DOC','c314d979-3ddd-47a2-adb1-12c2640d9ef0','0','N',null,'2017-10-25 12:24:57','waitem','hrwa','hrwa',null,'2waitem-000017','waitem','2017-10-25 12:42:17','106',0)
go


insert into md_class(accessorclassname,bizitfimpclassname,classtype,componentid,createtime,creator,defaulttablename,description,displayname,dr,fixedlength,fullclassname,help,id,industry,isactive,isauthen,iscreatesql,isextendbean,isprimary,keyattribute,modifier,modifytime,modinfoclassname,name,parentclassid,precise,refmodelname,resid,returntype,stereotype,ts,userdefclassname,versiontype) values( null,null,203,'c314d979-3ddd-47a2-adb1-12c2640d9ef0','2009-09-07 14:24:05',null,'fromenum',null,'数据来源',0,null,'nc.vo.wa.item.FromEnumVO',null,'28b94d24-6d65-4cc5-b6ac-ca1b638b0da3','0',null,null,null,null,'N',null,null,'2017-10-25 12:41:35',null,'fromenum',null,null,null,'2UC000-000455','BS000010000100001004',null,'2017-10-25 12:42:17',null,0)
go
insert into md_class(accessorclassname,bizitfimpclassname,classtype,componentid,createtime,creator,defaulttablename,description,displayname,dr,fixedlength,fullclassname,help,id,industry,isactive,isauthen,iscreatesql,isextendbean,isprimary,keyattribute,modifier,modifytime,modinfoclassname,name,parentclassid,precise,refmodelname,resid,returntype,stereotype,ts,userdefclassname,versiontype) values( 'nc.md.model.access.javamap.NCBeanStyle',null,201,'c314d979-3ddd-47a2-adb1-12c2640d9ef0','2009-08-26 16:52:43','zhoucx','wa_item',null,'公共薪资项目',0,null,'nc.vo.wa.item.WaItemVO','URC,DOC','317f74f8-7bc5-4496-a51b-0648ffbfd48b','0',null,'Y','Y',null,'Y','f00f9bbb-f57d-4070-85ad-551b7b39b709',null,'2017-10-25 12:41:42',null,'waitem',null,null,'公共薪资项目;公共薪资项目（grade）;公共薪资项目（classitem）','2waitem-000017',null,null,'2017-10-25 12:42:17',null,0)
go
insert into md_class(accessorclassname,bizitfimpclassname,classtype,componentid,createtime,creator,defaulttablename,description,displayname,dr,fixedlength,fullclassname,help,id,industry,isactive,isauthen,iscreatesql,isextendbean,isprimary,keyattribute,modifier,modifytime,modinfoclassname,name,parentclassid,precise,refmodelname,resid,returntype,stereotype,ts,userdefclassname,versiontype) values( null,null,203,'c314d979-3ddd-47a2-adb1-12c2640d9ef0','2009-09-07 22:30:57',null,'typeenum',null,'数据类型',0,null,'nc.vo.hr.itemsource.TypeEnumVO',null,'857905ba-ebee-418d-870b-9ad15119e091','0',null,null,null,null,'N',null,null,'2017-10-25 12:24:57',null,'typeenum',null,null,null,'2UC000-000458','BS000010000100001004',null,'2017-10-25 12:42:17',null,0)
go
insert into md_class(accessorclassname,bizitfimpclassname,classtype,componentid,createtime,creator,defaulttablename,description,displayname,dr,fixedlength,fullclassname,help,id,industry,isactive,isauthen,iscreatesql,isextendbean,isprimary,keyattribute,modifier,modifytime,modinfoclassname,name,parentclassid,precise,refmodelname,resid,returntype,stereotype,ts,userdefclassname,versiontype) values( null,null,203,'c314d979-3ddd-47a2-adb1-12c2640d9ef0','2009-09-07 22:30:04',null,'propertyenum',null,'增减属性',0,null,'nc.vo.wa.item.PropertyEnumVO',null,'e18475d0-13d8-4a62-b4ea-51959399fa36','0',null,null,null,null,'N',null,null,'2017-10-25 12:24:57',null,'propertyenum',null,null,null,'2waitem-000020','BS000010000100001004',null,'2017-10-25 12:42:17',null,0)
go


insert into md_enumvalue(description,dr,enumsequence,hidden,id,industry,name,resid,ts,value,versiontype) values( 'formula',0,0,'N','28b94d24-6d65-4cc5-b6ac-ca1b638b0da3','0','由公式计算','2waitem-000011','2017-10-25 12:42:17','0',0)
go
insert into md_enumvalue(description,dr,enumsequence,hidden,id,industry,name,resid,ts,value,versiontype) values( 'wa_wageform',0,1,'N','28b94d24-6d65-4cc5-b6ac-ca1b638b0da3','0','按薪资规则表','2waitem-000010','2017-10-25 12:42:17','1',0)
go
insert into md_enumvalue(description,dr,enumsequence,hidden,id,industry,name,resid,ts,value,versiontype) values( 'bm',0,10,'N','28b94d24-6d65-4cc5-b6ac-ca1b638b0da3','0','其他系统社保','2waitem-000052','2017-10-25 12:42:17','10',0)
go
insert into md_enumvalue(description,dr,enumsequence,hidden,id,industry,name,resid,ts,value,versiontype) values( 'pe',0,11,'N','28b94d24-6d65-4cc5-b6ac-ca1b638b0da3','0','其他系统绩效','2waitem-000053','2017-10-25 12:42:17','11',0)
go
insert into md_enumvalue(description,dr,enumsequence,hidden,id,industry,name,resid,ts,value,versiontype) values( 'twhr',0,12,'N','28b94d24-6d65-4cc5-b6ac-ca1b638b0da3','0','劳健保参数设置','2waitem-000057','2017-10-25 12:42:17','12',0)
go
insert into md_enumvalue(description,dr,enumsequence,hidden,id,industry,name,resid,ts,value,versiontype) values( 'user_input',0,2,'N','28b94d24-6d65-4cc5-b6ac-ca1b638b0da3','0','手工输入','2waitem-000031','2017-10-25 12:42:17','2',0)
go
insert into md_enumvalue(description,dr,enumsequence,hidden,id,industry,name,resid,ts,value,versiontype) values( 'fix_value',0,3,'N','28b94d24-6d65-4cc5-b6ac-ca1b638b0da3','0','固定值','2waitem-000042','2017-10-25 12:42:17','3',0)
go
insert into md_enumvalue(description,dr,enumsequence,hidden,id,industry,name,resid,ts,value,versiontype) values( 'wa_grade',0,4,'N','28b94d24-6d65-4cc5-b6ac-ca1b638b0da3','0','按薪资标准表','2waitem-000038','2017-10-25 12:42:17','4',0)
go
insert into md_enumvalue(description,dr,enumsequence,hidden,id,industry,name,resid,ts,value,versiontype) values( 'other_system',0,5,'N','28b94d24-6d65-4cc5-b6ac-ca1b638b0da3','0','其他系统(组)','2waitem-000000','2017-10-25 12:42:17','5',0)
go
insert into md_enumvalue(description,dr,enumsequence,hidden,id,industry,name,resid,ts,value,versiontype) values( 'waorther',0,6,'N','28b94d24-6d65-4cc5-b6ac-ca1b638b0da3','0','其他系统','2waitem-000039','2017-10-25 12:42:17','6',0)
go
insert into md_enumvalue(description,dr,enumsequence,hidden,id,industry,name,resid,ts,value,versiontype) values( 'hi',0,7,'N','28b94d24-6d65-4cc5-b6ac-ca1b638b0da3','0','其他系统人事','2waitem-000037','2017-10-25 12:42:17','7',0)
go
insert into md_enumvalue(description,dr,enumsequence,hidden,id,industry,name,resid,ts,value,versiontype) values( 'timescollect',0,8,'N','28b94d24-6d65-4cc5-b6ac-ca1b638b0da3','0','发放次数汇总','2waitem-000043','2017-10-25 12:42:17','8',0)
go
insert into md_enumvalue(description,dr,enumsequence,hidden,id,industry,name,resid,ts,value,versiontype) values( 'ta',0,9,'N','28b94d24-6d65-4cc5-b6ac-ca1b638b0da3','0','其他系统考勤','2waitem-000048','2017-10-25 12:42:17','9',0)
go
insert into md_enumvalue(description,dr,enumsequence,hidden,id,industry,name,resid,ts,value,versiontype) values( 'floatType',0,0,'N','857905ba-ebee-418d-870b-9ad15119e091','0','数值型','2waitem-000024','2017-10-25 12:42:17','0',0)
go
insert into md_enumvalue(description,dr,enumsequence,hidden,id,industry,name,resid,ts,value,versiontype) values( 'charType',0,1,'N','857905ba-ebee-418d-870b-9ad15119e091','0','字符型','2waitem-000034','2017-10-25 12:42:17','1',0)
go
insert into md_enumvalue(description,dr,enumsequence,hidden,id,industry,name,resid,ts,value,versiontype) values( 'dateType',0,2,'N','857905ba-ebee-418d-870b-9ad15119e091','0','日期型','2waitem-000001','2017-10-25 12:42:17','2',0)
go
insert into md_enumvalue(description,dr,enumsequence,hidden,id,industry,name,resid,ts,value,versiontype) values( 'add',0,0,'N','e18475d0-13d8-4a62-b4ea-51959399fa36','0','增项','2waitem-000016','2017-10-25 12:42:17','0',0)
go
insert into md_enumvalue(description,dr,enumsequence,hidden,id,industry,name,resid,ts,value,versiontype) values( 'minus',0,1,'N','e18475d0-13d8-4a62-b4ea-51959399fa36','0','减项','2waitem-000008','2017-10-25 12:42:17','1',0)
go
insert into md_enumvalue(description,dr,enumsequence,hidden,id,industry,name,resid,ts,value,versiontype) values( 'other',0,2,'N','e18475d0-13d8-4a62-b4ea-51959399fa36','0','其它项','2waitem-000040','2017-10-25 12:42:17','2',0)
go
insert into md_enumvalue(description,dr,enumsequence,hidden,id,industry,name,resid,ts,value,versiontype) values( 'system',0,3,'N','e18475d0-13d8-4a62-b4ea-51959399fa36','0','系统项','2waitem-000032','2017-10-25 12:42:17','3',0)
go


insert into md_bizitfmap(bizinterfaceid,bizitfimpclassname,classattrid,classattrpath,classid,dr,industry,intattrid,ts,versiontype) values( '6c8722b9-911a-489b-8d0d-18bd3734fcf6',null,'f00f9bbb-f57d-4070-85ad-551b7b39b709',null,'317f74f8-7bc5-4496-a51b-0648ffbfd48b',0,null,'5dd3c721-22ad-42b1-9c10-4351c236bc77','2017-10-25 12:42:17',null)
go
insert into md_bizitfmap(bizinterfaceid,bizitfimpclassname,classattrid,classattrpath,classid,dr,industry,intattrid,ts,versiontype) values( '6c8722b9-911a-489b-8d0d-18bd3734fcf6',null,'3bdc7bb0-e226-4454-b513-a964db6d635e',null,'317f74f8-7bc5-4496-a51b-0648ffbfd48b',0,null,'89578a97-42fe-439b-827c-8eabd9e3604c','2017-10-25 12:42:17',null)
go
insert into md_bizitfmap(bizinterfaceid,bizitfimpclassname,classattrid,classattrpath,classid,dr,industry,intattrid,ts,versiontype) values( '6c8722b9-911a-489b-8d0d-18bd3734fcf6',null,'212f775c-a9ba-4b76-bcb9-f413c1beb40e',null,'317f74f8-7bc5-4496-a51b-0648ffbfd48b',0,null,'a47e6cda-09e4-480b-923f-ec6f41e3e06c','2017-10-25 12:42:17',null)
go
insert into md_bizitfmap(bizinterfaceid,bizitfimpclassname,classattrid,classattrpath,classid,dr,industry,intattrid,ts,versiontype) values( '6c8722b9-911a-489b-8d0d-18bd3734fcf6',null,null,null,'317f74f8-7bc5-4496-a51b-0648ffbfd48b',0,null,'c8334364-7ab9-4266-8d4b-e74537935e46','2017-10-25 12:42:17',null)
go
insert into md_bizitfmap(bizinterfaceid,bizitfimpclassname,classattrid,classattrpath,classid,dr,industry,intattrid,ts,versiontype) values( '6c8722b9-911a-489b-8d0d-18bd3734fcf6',null,'25f8764d-42a6-4d66-8ebc-818ac8af1974',null,'317f74f8-7bc5-4496-a51b-0648ffbfd48b',0,null,'d32cc17b-f415-415a-923f-0764443eb102','2017-10-25 12:42:17',null)
go
insert into md_bizitfmap(bizinterfaceid,bizitfimpclassname,classattrid,classattrpath,classid,dr,industry,intattrid,ts,versiontype) values( '6c8722b9-911a-489b-8d0d-18bd3734fcf6',null,'c9a273df-9fed-4781-83c5-128759a71bda',null,'317f74f8-7bc5-4496-a51b-0648ffbfd48b',0,null,'ecf1b76a-6e44-42e2-a55e-87596504775b','2017-10-25 12:42:17',null)
go


insert into md_ormap(attributeid,classid,columnid,dr,tableid,ts) values( '03d29d1e-6311-4544-95f0-8cf1bc1c02b5','317f74f8-7bc5-4496-a51b-0648ffbfd48b','wa_item@@@def5',0,'wa_item','2017-10-25 12:42:17')
go
insert into md_ormap(attributeid,classid,columnid,dr,tableid,ts) values( '0663887d-0602-43fe-89b8-500a8930d200','317f74f8-7bc5-4496-a51b-0648ffbfd48b','wa_item@@@def4',0,'wa_item','2017-10-25 12:42:17')
go
insert into md_ormap(attributeid,classid,columnid,dr,tableid,ts) values( '0c3cd31b-ef7e-4d1e-a16b-3a7e135b842e','317f74f8-7bc5-4496-a51b-0648ffbfd48b','wa_item@@@creationtime',0,'wa_item','2017-10-25 12:42:17')
go
insert into md_ormap(attributeid,classid,columnid,dr,tableid,ts) values( '1262d240-17e7-412a-81af-3d14cef731aa','317f74f8-7bc5-4496-a51b-0648ffbfd48b','wa_item@@@taxflag',0,'wa_item','2017-10-25 12:42:17')
go
insert into md_ormap(attributeid,classid,columnid,dr,tableid,ts) values( '12baac01-aaa7-4a49-b2b3-70307bebfd71','317f74f8-7bc5-4496-a51b-0648ffbfd48b','wa_item@@@iflddecimal',0,'wa_item','2017-10-25 12:42:17')
go
insert into md_ormap(attributeid,classid,columnid,dr,tableid,ts) values( '145f91df-e072-4170-91e0-06496bc498a8','317f74f8-7bc5-4496-a51b-0648ffbfd48b','wa_item@@@modifier',0,'wa_item','2017-10-25 12:42:17')
go
insert into md_ormap(attributeid,classid,columnid,dr,tableid,ts) values( '17182626-efbc-450f-8d39-a5d4ecf7203a','317f74f8-7bc5-4496-a51b-0648ffbfd48b','wa_item@@@psnceilflag',0,'wa_item','2017-10-25 12:42:17')
go
insert into md_ormap(attributeid,classid,columnid,dr,tableid,ts) values( '1aaa1237-8c6b-4342-b6ad-dc89b820a491','317f74f8-7bc5-4496-a51b-0648ffbfd48b','wa_item@@@vformulastr',0,'wa_item','2017-10-25 12:42:17')
go
insert into md_ormap(attributeid,classid,columnid,dr,tableid,ts) values( '212f775c-a9ba-4b76-bcb9-f413c1beb40e','317f74f8-7bc5-4496-a51b-0648ffbfd48b','wa_item@@@pk_group',0,'wa_item','2017-10-25 12:42:17')
go
insert into md_ormap(attributeid,classid,columnid,dr,tableid,ts) values( '239085a2-f90d-4c5a-b745-f755962475f6','317f74f8-7bc5-4496-a51b-0648ffbfd48b','wa_item@@@nsumfloor',0,'wa_item','2017-10-25 12:42:17')
go
insert into md_ormap(attributeid,classid,columnid,dr,tableid,ts) values( '25f8764d-42a6-4d66-8ebc-818ac8af1974','317f74f8-7bc5-4496-a51b-0648ffbfd48b','wa_item@@@code',0,'wa_item','2017-10-25 12:42:17')
go
insert into md_ormap(attributeid,classid,columnid,dr,tableid,ts) values( '27d6c0e9-6d5a-49db-b01b-b20e6d26f36a','317f74f8-7bc5-4496-a51b-0648ffbfd48b','wa_item@@@iproperty',0,'wa_item','2017-10-25 12:42:17')
go
insert into md_ormap(attributeid,classid,columnid,dr,tableid,ts) values( '37f366c8-5558-4cdf-bfbe-3ab1f8fa3e5b','317f74f8-7bc5-4496-a51b-0648ffbfd48b','wa_item@@@vformula',0,'wa_item','2017-10-25 12:42:17')
go
insert into md_ormap(attributeid,classid,columnid,dr,tableid,ts) values( '3bd2444e-d440-4038-a1c8-e041f7910fa2','317f74f8-7bc5-4496-a51b-0648ffbfd48b','wa_item@@@def2',0,'wa_item','2017-10-25 12:42:17')
go
insert into md_ormap(attributeid,classid,columnid,dr,tableid,ts) values( '3bdc7bb0-e226-4454-b513-a964db6d635e','317f74f8-7bc5-4496-a51b-0648ffbfd48b','wa_item@@@name',0,'wa_item','2017-10-25 12:42:17')
go
insert into md_ormap(attributeid,classid,columnid,dr,tableid,ts) values( '3e4f02de-3063-4ec0-be3a-b55de3a37dc8','317f74f8-7bc5-4496-a51b-0648ffbfd48b','wa_item@@@def8',0,'wa_item','2017-10-25 12:42:17')
go
insert into md_ormap(attributeid,classid,columnid,dr,tableid,ts) values( '424bfd2c-d3d8-46cd-abed-065756d5d4c0','317f74f8-7bc5-4496-a51b-0648ffbfd48b','wa_item@@@def6',0,'wa_item','2017-10-25 12:42:17')
go
insert into md_ormap(attributeid,classid,columnid,dr,tableid,ts) values( '4689515a-21ac-48d4-bc1a-e5bcd48d53d5','317f74f8-7bc5-4496-a51b-0648ffbfd48b','wa_item@@@def18',0,'wa_item','2017-10-25 12:42:17')
go
insert into md_ormap(attributeid,classid,columnid,dr,tableid,ts) values( '506cc062-ce01-4083-a00b-549fd194e3e2','317f74f8-7bc5-4496-a51b-0648ffbfd48b','wa_item@@@iitemtype',0,'wa_item','2017-10-25 12:42:17')
go
insert into md_ormap(attributeid,classid,columnid,dr,tableid,ts) values( '5147bff2-4b6d-4d10-a0c5-d66682d8aea2','317f74f8-7bc5-4496-a51b-0648ffbfd48b','wa_item@@@def1',0,'wa_item','2017-10-25 12:42:17')
go
insert into md_ormap(attributeid,classid,columnid,dr,tableid,ts) values( '5360c909-c4f4-421c-a7a0-4d9ed61d9ca4','317f74f8-7bc5-4496-a51b-0648ffbfd48b','wa_item@@@itemkey',0,'wa_item','2017-10-25 12:42:17')
go
insert into md_ormap(attributeid,classid,columnid,dr,tableid,ts) values( '5390c7b6-fb02-42bb-9f3e-f1132d573c00','317f74f8-7bc5-4496-a51b-0648ffbfd48b','wa_item@@@def17',0,'wa_item','2017-10-25 12:42:17')
go
insert into md_ormap(attributeid,classid,columnid,dr,tableid,ts) values( '5b81c830-80b2-45fb-bb4f-1a60185974b4','317f74f8-7bc5-4496-a51b-0648ffbfd48b','wa_item@@@psnfloorflag',0,'wa_item','2017-10-25 12:42:17')
go
insert into md_ormap(attributeid,classid,columnid,dr,tableid,ts) values( '68e5bab0-7ce2-4ed5-bb23-d2488b2dd8a4','317f74f8-7bc5-4496-a51b-0648ffbfd48b','wa_item@@@mid',0,'wa_item','2017-10-25 12:42:17')
go
insert into md_ormap(attributeid,classid,columnid,dr,tableid,ts) values( '6b6dc6ac-74e7-4200-a0c2-a024b64f9251','317f74f8-7bc5-4496-a51b-0648ffbfd48b','wa_item@@@def3',0,'wa_item','2017-10-25 12:42:17')
go
insert into md_ormap(attributeid,classid,columnid,dr,tableid,ts) values( '6c4146a3-181f-4768-a851-10968ce6b107','317f74f8-7bc5-4496-a51b-0648ffbfd48b','twhr_waitem_30@@@ishealthinsexsum_30',0,'twhr_waitem_30','2017-10-25 12:42:17')
go
insert into md_ormap(attributeid,classid,columnid,dr,tableid,ts) values( '71f4b21c-c219-43dc-89c9-ac2d0f454d4a','317f74f8-7bc5-4496-a51b-0648ffbfd48b','wa_item@@@ifromflag',0,'wa_item','2017-10-25 12:42:17')
go
insert into md_ormap(attributeid,classid,columnid,dr,tableid,ts) values( '76ecc778-c151-4514-9f09-e0c7a536943e','317f74f8-7bc5-4496-a51b-0648ffbfd48b','wa_item@@@npsnfloor',0,'wa_item','2017-10-25 12:42:17')
go
insert into md_ormap(attributeid,classid,columnid,dr,tableid,ts) values( '77e327e8-2ca1-4bba-be6d-28124621eed8','317f74f8-7bc5-4496-a51b-0648ffbfd48b','wa_item@@@sumceilflag',0,'wa_item','2017-10-25 12:42:17')
go
insert into md_ormap(attributeid,classid,columnid,dr,tableid,ts) values( '7b6d244a-d68f-4436-89fa-b2fafcfa3714','317f74f8-7bc5-4496-a51b-0648ffbfd48b','wa_item@@@intotalitem',0,'wa_item','2017-10-25 12:42:17')
go
insert into md_ormap(attributeid,classid,columnid,dr,tableid,ts) values( '803ad1f0-ac88-4798-b52e-78f665412d7b','317f74f8-7bc5-4496-a51b-0648ffbfd48b','wa_item@@@npsnceil',0,'wa_item','2017-10-25 12:42:17')
go
insert into md_ormap(attributeid,classid,columnid,dr,tableid,ts) values( '841d7a44-3bd0-4962-bebb-fc848464e001','317f74f8-7bc5-4496-a51b-0648ffbfd48b','wa_item@@@def19',0,'wa_item','2017-10-25 12:42:17')
go
insert into md_ormap(attributeid,classid,columnid,dr,tableid,ts) values( '8a00040d-8426-4c18-b1d2-788e8cd04b1b','317f74f8-7bc5-4496-a51b-0648ffbfd48b','wa_item@@@def20',0,'wa_item','2017-10-25 12:42:17')
go
insert into md_ormap(attributeid,classid,columnid,dr,tableid,ts) values( '8a5020b6-2c0e-4317-b7cf-7076069357c8','317f74f8-7bc5-4496-a51b-0648ffbfd48b','wa_item@@@creator',0,'wa_item','2017-10-25 12:42:17')
go
insert into md_ormap(attributeid,classid,columnid,dr,tableid,ts) values( '8b9fd8ed-4849-4971-8df5-712196048118','317f74f8-7bc5-4496-a51b-0648ffbfd48b','wa_item@@@isinhi',0,'wa_item','2017-10-25 12:42:17')
go
insert into md_ormap(attributeid,classid,columnid,dr,tableid,ts) values( '8f27030a-5e88-4257-8c69-8a931410c873','317f74f8-7bc5-4496-a51b-0648ffbfd48b','wa_item@@@def11',0,'wa_item','2017-10-25 12:42:17')
go
insert into md_ormap(attributeid,classid,columnid,dr,tableid,ts) values( '962248c4-d384-4735-8ff9-f00a1a027336','317f74f8-7bc5-4496-a51b-0648ffbfd48b','wa_item@@@clearflag',0,'wa_item','2017-10-25 12:42:17')
go
insert into md_ormap(attributeid,classid,columnid,dr,tableid,ts) values( '9ccb8ba1-61d8-4f59-b4aa-e4ba71cdcf4a','317f74f8-7bc5-4496-a51b-0648ffbfd48b','wa_item@@@idisplayseq',0,'wa_item','2017-10-25 12:42:17')
go
insert into md_ormap(attributeid,classid,columnid,dr,tableid,ts) values( '9ef98a3a-0a64-485e-8404-0849d1ab3f8e','317f74f8-7bc5-4496-a51b-0648ffbfd48b','wa_item@@@totalitem',0,'wa_item','2017-10-25 12:42:17')
go
insert into md_ormap(attributeid,classid,columnid,dr,tableid,ts) values( 'a3227d30-4bad-4e13-a9d2-573541a68654','317f74f8-7bc5-4496-a51b-0648ffbfd48b','wa_item@@@def16',0,'wa_item','2017-10-25 12:42:17')
go
insert into md_ormap(attributeid,classid,columnid,dr,tableid,ts) values( 'a5996bec-2381-41d7-9805-88e66598f746','317f74f8-7bc5-4496-a51b-0648ffbfd48b','wa_item@@@def14',0,'wa_item','2017-10-25 12:42:17')
go
insert into md_ormap(attributeid,classid,columnid,dr,tableid,ts) values( 'acba8dc4-fa16-4226-b501-2e69fe8986eb','317f74f8-7bc5-4496-a51b-0648ffbfd48b','wa_item@@@ifldwidth',0,'wa_item','2017-10-25 12:42:17')
go
insert into md_ormap(attributeid,classid,columnid,dr,tableid,ts) values( 'bb1e321f-e06e-4c67-b7f7-eac5187da67a','317f74f8-7bc5-4496-a51b-0648ffbfd48b','wa_item@@@def10',0,'wa_item','2017-10-25 12:42:17')
go
insert into md_ormap(attributeid,classid,columnid,dr,tableid,ts) values( 'bc1d2095-00a8-4e63-84c6-818337f8c58c','317f74f8-7bc5-4496-a51b-0648ffbfd48b','twhr_waitem_30@@@isnhiitem_30',0,'twhr_waitem_30','2017-10-25 12:42:17')
go
insert into md_ormap(attributeid,classid,columnid,dr,tableid,ts) values( 'c249aba1-ccea-4aab-aa68-52f73bf54ac8','317f74f8-7bc5-4496-a51b-0648ffbfd48b','wa_item@@@category_id',0,'wa_item','2017-10-25 12:42:17')
go
insert into md_ormap(attributeid,classid,columnid,dr,tableid,ts) values( 'c9a273df-9fed-4781-83c5-128759a71bda','317f74f8-7bc5-4496-a51b-0648ffbfd48b','wa_item@@@pk_org',0,'wa_item','2017-10-25 12:42:17')
go
insert into md_ormap(attributeid,classid,columnid,dr,tableid,ts) values( 'cc4b361b-1891-48dc-9047-025c1a71f573','317f74f8-7bc5-4496-a51b-0648ffbfd48b','wa_item@@@modifiedtime',0,'wa_item','2017-10-25 12:42:17')
go
insert into md_ormap(attributeid,classid,columnid,dr,tableid,ts) values( 'cccad586-845c-4d86-8bb7-d56d7aa4edc4','317f74f8-7bc5-4496-a51b-0648ffbfd48b','wa_item@@@defaultflag',0,'wa_item','2017-10-25 12:42:17')
go
insert into md_ormap(attributeid,classid,columnid,dr,tableid,ts) values( 'e5cd81ce-b228-4ef3-baae-020b45621c6e','317f74f8-7bc5-4496-a51b-0648ffbfd48b','wa_item@@@def12',0,'wa_item','2017-10-25 12:42:17')
go
insert into md_ormap(attributeid,classid,columnid,dr,tableid,ts) values( 'e8032957-d8a8-49ff-ba89-b3c48cd1774c','317f74f8-7bc5-4496-a51b-0648ffbfd48b','wa_item@@@def13',0,'wa_item','2017-10-25 12:42:17')
go
insert into md_ormap(attributeid,classid,columnid,dr,tableid,ts) values( 'e84b63a3-7f75-48b7-97fd-d15b00b0594c','317f74f8-7bc5-4496-a51b-0648ffbfd48b','wa_item@@@def7',0,'wa_item','2017-10-25 12:42:17')
go
insert into md_ormap(attributeid,classid,columnid,dr,tableid,ts) values( 'eadff107-6ea4-469b-bc41-043a889263e5','317f74f8-7bc5-4496-a51b-0648ffbfd48b','wa_item@@@nsumceil',0,'wa_item','2017-10-25 12:42:17')
go
insert into md_ormap(attributeid,classid,columnid,dr,tableid,ts) values( 'f00f9bbb-f57d-4070-85ad-551b7b39b709','317f74f8-7bc5-4496-a51b-0648ffbfd48b','wa_item@@PK@@',0,'wa_item','2017-10-25 12:42:17')
go
insert into md_ormap(attributeid,classid,columnid,dr,tableid,ts) values( 'f60814d1-2c54-4631-b000-d32e1871c24a','317f74f8-7bc5-4496-a51b-0648ffbfd48b','wa_item@@@iprivil',0,'wa_item','2017-10-25 12:42:17')
go
insert into md_ormap(attributeid,classid,columnid,dr,tableid,ts) values( 'f95e0184-5769-445e-963d-54ae510c8633','317f74f8-7bc5-4496-a51b-0648ffbfd48b','wa_item@@@def15',0,'wa_item','2017-10-25 12:42:17')
go
insert into md_ormap(attributeid,classid,columnid,dr,tableid,ts) values( 'fbb060d6-9c3d-4b50-bce6-88d0a607462f','317f74f8-7bc5-4496-a51b-0648ffbfd48b','wa_item@@@sumfloorflag',0,'wa_item','2017-10-25 12:42:17')
go
insert into md_ormap(attributeid,classid,columnid,dr,tableid,ts) values( 'fd6ed3c7-6bd5-453d-a3c8-d07380f4b5c6','317f74f8-7bc5-4496-a51b-0648ffbfd48b','wa_item@@@def9',0,'wa_item','2017-10-25 12:42:17')
go


insert into md_table(createtime,creator,databaseid,description,displayname,dr,fromsourcebmf,help,id,industry,isactive,isextendtable,modifier,modifytime,name,parenttable,resid,resmodule,ts,versiontype) values( null,null,null,null,'twhr_waitem_30_扩展表',0,null,null,'twhr_waitem_30','',null,'Y',null,null,'twhr_waitem_30',null,null,'waitem','2017-10-25 12:42:17',0)
go
insert into md_table(createtime,creator,databaseid,description,displayname,dr,fromsourcebmf,help,id,industry,isactive,isextendtable,modifier,modifytime,name,parenttable,resid,resmodule,ts,versiontype) values( '2009-08-26 16:52:43','zhoucx',null,null,'公共薪资项目',0,'Y','URC,DOC','wa_item','0',null,null,null,'2017-10-25 12:41:42','wa_item',null,'2waitem-000017','waitem','2017-10-25 12:42:17',0)
go


insert into md_column(columnlength,columnsequence,columntype,createtime,creator,defaultvalue,description,displayname,dr,forlocale,groupid,help,id,identitied,incrementseed,incrementstep,isactive,modifier,modifytime,name,nullable,pkey,precise,resid,sqldatetype,tableid,ts,versiontype) values( 1,37,0,null,null,null,null,'是否二代健保累计项目',0,'N',null,null,'twhr_waitem_30@@@ishealthinsexsum_30',null,null,null,'Y',null,null,'ishealthinsexsum_30','Y','N',0,'2waitem-000056','char','twhr_waitem_30','2017-10-25 12:42:17',0)
go
insert into md_column(columnlength,columnsequence,columntype,createtime,creator,defaultvalue,description,displayname,dr,forlocale,groupid,help,id,identitied,incrementseed,incrementstep,isactive,modifier,modifytime,name,nullable,pkey,precise,resid,sqldatetype,tableid,ts,versiontype) values( 1,36,0,null,null,null,null,'是否劳健保计算依据',0,'N',null,null,'twhr_waitem_30@@@isnhiitem_30',null,null,null,'Y',null,null,'isnhiitem_30','Y','N',0,'2waitem-000055','char','twhr_waitem_30','2017-10-25 12:42:17',0)
go
insert into md_column(columnlength,columnsequence,columntype,createtime,creator,defaultvalue,description,displayname,dr,forlocale,groupid,help,id,identitied,incrementseed,incrementstep,isactive,modifier,modifytime,name,nullable,pkey,precise,resid,sqldatetype,tableid,ts,versiontype) values( 20,null,0,null,null,null,null,'扩展表主键',0,null,null,null,'twhr_waitem_30@@PK@@',null,null,null,'Y',null,null,'pk_wa_item','N','Y',null,null,'char','twhr_waitem_30','2017-10-25 12:42:17',0)
go
insert into md_column(columnlength,columnsequence,columntype,createtime,creator,defaultvalue,description,displayname,dr,forlocale,groupid,help,id,identitied,incrementseed,incrementstep,isactive,modifier,modifytime,name,nullable,pkey,precise,resid,sqldatetype,tableid,ts,versiontype) values( 20,9,0,null,null,'*~',null,'项目分类',0,'N',null,null,'wa_item@@@category_id',null,null,null,'Y',null,null,'category_id','Y','N',0,'2waitem-000018','varchar','wa_item','2017-10-25 12:42:17',0)
go
insert into md_column(columnlength,columnsequence,columntype,createtime,creator,defaultvalue,description,displayname,dr,forlocale,groupid,help,id,identitied,incrementseed,incrementstep,isactive,modifier,modifytime,name,nullable,pkey,precise,resid,sqldatetype,tableid,ts,versiontype) values( 1,22,0,null,null,null,null,'下月清零',0,'N',null,null,'wa_item@@@clearflag',null,null,null,'Y',null,null,'clearflag','Y','N',0,'2waitem-000006','char','wa_item','2017-10-25 12:42:17',0)
go
insert into md_column(columnlength,columnsequence,columntype,createtime,creator,defaultvalue,description,displayname,dr,forlocale,groupid,help,id,identitied,incrementseed,incrementstep,isactive,modifier,modifytime,name,nullable,pkey,precise,resid,sqldatetype,tableid,ts,versiontype) values( 50,1,0,null,null,null,null,'薪资项目编码',0,'N',null,'URC','wa_item@@@code',null,null,null,'Y',null,null,'code','Y','N',0,'2waitem-000027','varchar','wa_item','2017-10-25 12:42:17',0)
go
insert into md_column(columnlength,columnsequence,columntype,createtime,creator,defaultvalue,description,displayname,dr,forlocale,groupid,help,id,identitied,incrementseed,incrementstep,isactive,modifier,modifytime,name,nullable,pkey,precise,resid,sqldatetype,tableid,ts,versiontype) values( 19,6,0,null,null,null,null,'创建时间',0,'N',null,null,'wa_item@@@creationtime',null,null,null,'Y',null,null,'creationtime','Y','N',0,'2UC000-000157','char','wa_item','2017-10-25 12:42:17',0)
go
insert into md_column(columnlength,columnsequence,columntype,createtime,creator,defaultvalue,description,displayname,dr,forlocale,groupid,help,id,identitied,incrementseed,incrementstep,isactive,modifier,modifytime,name,nullable,pkey,precise,resid,sqldatetype,tableid,ts,versiontype) values( 20,5,0,null,null,'*~',null,'创建人',0,'N',null,null,'wa_item@@@creator',null,null,null,'Y',null,null,'creator','Y','N',0,'2UC000-000155','varchar','wa_item','2017-10-25 12:42:17',0)
go
insert into md_column(columnlength,columnsequence,columntype,createtime,creator,defaultvalue,description,displayname,dr,forlocale,groupid,help,id,identitied,incrementseed,incrementstep,isactive,modifier,modifytime,name,nullable,pkey,precise,resid,sqldatetype,tableid,ts,versiontype) values( 101,38,0,null,null,null,null,'自定义项1',0,'N',null,null,'wa_item@@@def1',null,null,null,'Y',null,null,'def1','Y','N',0,'2UC000-000749','varchar','wa_item','2017-10-25 12:42:17',0)
go
insert into md_column(columnlength,columnsequence,columntype,createtime,creator,defaultvalue,description,displayname,dr,forlocale,groupid,help,id,identitied,incrementseed,incrementstep,isactive,modifier,modifytime,name,nullable,pkey,precise,resid,sqldatetype,tableid,ts,versiontype) values( 101,47,0,null,null,null,null,'自定义项10',0,'N',null,null,'wa_item@@@def10',null,null,null,'Y',null,null,'def10','Y','N',0,'2UC000-000750','varchar','wa_item','2017-10-25 12:42:17',0)
go
insert into md_column(columnlength,columnsequence,columntype,createtime,creator,defaultvalue,description,displayname,dr,forlocale,groupid,help,id,identitied,incrementseed,incrementstep,isactive,modifier,modifytime,name,nullable,pkey,precise,resid,sqldatetype,tableid,ts,versiontype) values( 101,48,0,null,null,null,null,'自定义项11',0,'N',null,null,'wa_item@@@def11',null,null,null,'Y',null,null,'def11','Y','N',0,'2UC000-000751','varchar','wa_item','2017-10-25 12:42:17',0)
go
insert into md_column(columnlength,columnsequence,columntype,createtime,creator,defaultvalue,description,displayname,dr,forlocale,groupid,help,id,identitied,incrementseed,incrementstep,isactive,modifier,modifytime,name,nullable,pkey,precise,resid,sqldatetype,tableid,ts,versiontype) values( 101,49,0,null,null,null,null,'自定义项12',0,'N',null,null,'wa_item@@@def12',null,null,null,'Y',null,null,'def12','Y','N',0,'2UC000-000752','varchar','wa_item','2017-10-25 12:42:17',0)
go
insert into md_column(columnlength,columnsequence,columntype,createtime,creator,defaultvalue,description,displayname,dr,forlocale,groupid,help,id,identitied,incrementseed,incrementstep,isactive,modifier,modifytime,name,nullable,pkey,precise,resid,sqldatetype,tableid,ts,versiontype) values( 101,50,0,null,null,null,null,'自定义项13',0,'N',null,null,'wa_item@@@def13',null,null,null,'Y',null,null,'def13','Y','N',0,'2UC000-000753','varchar','wa_item','2017-10-25 12:42:17',0)
go
insert into md_column(columnlength,columnsequence,columntype,createtime,creator,defaultvalue,description,displayname,dr,forlocale,groupid,help,id,identitied,incrementseed,incrementstep,isactive,modifier,modifytime,name,nullable,pkey,precise,resid,sqldatetype,tableid,ts,versiontype) values( 101,51,0,null,null,null,null,'自定义项14',0,'N',null,null,'wa_item@@@def14',null,null,null,'Y',null,null,'def14','Y','N',0,'2UC000-000754','varchar','wa_item','2017-10-25 12:42:17',0)
go
insert into md_column(columnlength,columnsequence,columntype,createtime,creator,defaultvalue,description,displayname,dr,forlocale,groupid,help,id,identitied,incrementseed,incrementstep,isactive,modifier,modifytime,name,nullable,pkey,precise,resid,sqldatetype,tableid,ts,versiontype) values( 101,52,0,null,null,null,null,'自定义项15',0,'N',null,null,'wa_item@@@def15',null,null,null,'Y',null,null,'def15','Y','N',0,'2UC000-000755','varchar','wa_item','2017-10-25 12:42:17',0)
go
insert into md_column(columnlength,columnsequence,columntype,createtime,creator,defaultvalue,description,displayname,dr,forlocale,groupid,help,id,identitied,incrementseed,incrementstep,isactive,modifier,modifytime,name,nullable,pkey,precise,resid,sqldatetype,tableid,ts,versiontype) values( 101,53,0,null,null,null,null,'自定义项16',0,'N',null,null,'wa_item@@@def16',null,null,null,'Y',null,null,'def16','Y','N',0,'2UC000-000756','varchar','wa_item','2017-10-25 12:42:17',0)
go
insert into md_column(columnlength,columnsequence,columntype,createtime,creator,defaultvalue,description,displayname,dr,forlocale,groupid,help,id,identitied,incrementseed,incrementstep,isactive,modifier,modifytime,name,nullable,pkey,precise,resid,sqldatetype,tableid,ts,versiontype) values( 101,54,0,null,null,null,null,'自定义项17',0,'N',null,null,'wa_item@@@def17',null,null,null,'Y',null,null,'def17','Y','N',0,'2UC000-000757','varchar','wa_item','2017-10-25 12:42:17',0)
go
insert into md_column(columnlength,columnsequence,columntype,createtime,creator,defaultvalue,description,displayname,dr,forlocale,groupid,help,id,identitied,incrementseed,incrementstep,isactive,modifier,modifytime,name,nullable,pkey,precise,resid,sqldatetype,tableid,ts,versiontype) values( 101,55,0,null,null,null,null,'自定义项18',0,'N',null,null,'wa_item@@@def18',null,null,null,'Y',null,null,'def18','Y','N',0,'2UC000-000758','varchar','wa_item','2017-10-25 12:42:17',0)
go
insert into md_column(columnlength,columnsequence,columntype,createtime,creator,defaultvalue,description,displayname,dr,forlocale,groupid,help,id,identitied,incrementseed,incrementstep,isactive,modifier,modifytime,name,nullable,pkey,precise,resid,sqldatetype,tableid,ts,versiontype) values( 101,56,0,null,null,null,null,'自定义项19',0,'N',null,null,'wa_item@@@def19',null,null,null,'Y',null,null,'def19','Y','N',0,'2UC000-000759','varchar','wa_item','2017-10-25 12:42:17',0)
go
insert into md_column(columnlength,columnsequence,columntype,createtime,creator,defaultvalue,description,displayname,dr,forlocale,groupid,help,id,identitied,incrementseed,incrementstep,isactive,modifier,modifytime,name,nullable,pkey,precise,resid,sqldatetype,tableid,ts,versiontype) values( 101,39,0,null,null,null,null,'自定义项2',0,'N',null,null,'wa_item@@@def2',null,null,null,'Y',null,null,'def2','Y','N',0,'2UC000-000760','varchar','wa_item','2017-10-25 12:42:17',0)
go
insert into md_column(columnlength,columnsequence,columntype,createtime,creator,defaultvalue,description,displayname,dr,forlocale,groupid,help,id,identitied,incrementseed,incrementstep,isactive,modifier,modifytime,name,nullable,pkey,precise,resid,sqldatetype,tableid,ts,versiontype) values( 101,57,0,null,null,null,null,'自定义项20',0,'N',null,null,'wa_item@@@def20',null,null,null,'Y',null,null,'def20','Y','N',0,'2UC000-000761','varchar','wa_item','2017-10-25 12:42:17',0)
go
insert into md_column(columnlength,columnsequence,columntype,createtime,creator,defaultvalue,description,displayname,dr,forlocale,groupid,help,id,identitied,incrementseed,incrementstep,isactive,modifier,modifytime,name,nullable,pkey,precise,resid,sqldatetype,tableid,ts,versiontype) values( 101,40,0,null,null,null,null,'自定义项3',0,'N',null,null,'wa_item@@@def3',null,null,null,'Y',null,null,'def3','Y','N',0,'2UC000-000771','varchar','wa_item','2017-10-25 12:42:17',0)
go
insert into md_column(columnlength,columnsequence,columntype,createtime,creator,defaultvalue,description,displayname,dr,forlocale,groupid,help,id,identitied,incrementseed,incrementstep,isactive,modifier,modifytime,name,nullable,pkey,precise,resid,sqldatetype,tableid,ts,versiontype) values( 101,41,0,null,null,null,null,'自定义项4',0,'N',null,null,'wa_item@@@def4',null,null,null,'Y',null,null,'def4','Y','N',0,'2UC000-000782','varchar','wa_item','2017-10-25 12:42:17',0)
go
insert into md_column(columnlength,columnsequence,columntype,createtime,creator,defaultvalue,description,displayname,dr,forlocale,groupid,help,id,identitied,incrementseed,incrementstep,isactive,modifier,modifytime,name,nullable,pkey,precise,resid,sqldatetype,tableid,ts,versiontype) values( 101,42,0,null,null,null,null,'自定义项5',0,'N',null,null,'wa_item@@@def5',null,null,null,'Y',null,null,'def5','Y','N',0,'2UC000-000784','varchar','wa_item','2017-10-25 12:42:17',0)
go
insert into md_column(columnlength,columnsequence,columntype,createtime,creator,defaultvalue,description,displayname,dr,forlocale,groupid,help,id,identitied,incrementseed,incrementstep,isactive,modifier,modifytime,name,nullable,pkey,precise,resid,sqldatetype,tableid,ts,versiontype) values( 101,43,0,null,null,null,null,'自定义项6',0,'N',null,null,'wa_item@@@def6',null,null,null,'Y',null,null,'def6','Y','N',0,'2UC000-000785','varchar','wa_item','2017-10-25 12:42:17',0)
go
insert into md_column(columnlength,columnsequence,columntype,createtime,creator,defaultvalue,description,displayname,dr,forlocale,groupid,help,id,identitied,incrementseed,incrementstep,isactive,modifier,modifytime,name,nullable,pkey,precise,resid,sqldatetype,tableid,ts,versiontype) values( 101,44,0,null,null,null,null,'自定义项7',0,'N',null,null,'wa_item@@@def7',null,null,null,'Y',null,null,'def7','Y','N',0,'2UC000-000786','varchar','wa_item','2017-10-25 12:42:17',0)
go
insert into md_column(columnlength,columnsequence,columntype,createtime,creator,defaultvalue,description,displayname,dr,forlocale,groupid,help,id,identitied,incrementseed,incrementstep,isactive,modifier,modifytime,name,nullable,pkey,precise,resid,sqldatetype,tableid,ts,versiontype) values( 101,45,0,null,null,null,null,'自定义项8',0,'N',null,null,'wa_item@@@def8',null,null,null,'Y',null,null,'def8','Y','N',0,'2UC000-000787','varchar','wa_item','2017-10-25 12:42:17',0)
go
insert into md_column(columnlength,columnsequence,columntype,createtime,creator,defaultvalue,description,displayname,dr,forlocale,groupid,help,id,identitied,incrementseed,incrementstep,isactive,modifier,modifytime,name,nullable,pkey,precise,resid,sqldatetype,tableid,ts,versiontype) values( 101,46,0,null,null,null,null,'自定义项9',0,'N',null,null,'wa_item@@@def9',null,null,null,'Y',null,null,'def9','Y','N',0,'2UC000-000788','varchar','wa_item','2017-10-25 12:42:17',0)
go
insert into md_column(columnlength,columnsequence,columntype,createtime,creator,defaultvalue,description,displayname,dr,forlocale,groupid,help,id,identitied,incrementseed,incrementstep,isactive,modifier,modifytime,name,nullable,pkey,precise,resid,sqldatetype,tableid,ts,versiontype) values( 1,13,0,null,null,null,null,'系统项目',0,'N',null,null,'wa_item@@@defaultflag',null,null,null,'Y',null,null,'defaultflag','Y','N',0,'2waitem-000007','char','wa_item','2017-10-25 12:42:17',0)
go
insert into md_column(columnlength,columnsequence,columntype,createtime,creator,defaultvalue,description,displayname,dr,forlocale,groupid,help,id,identitied,incrementseed,incrementstep,isactive,modifier,modifytime,name,nullable,pkey,precise,resid,sqldatetype,tableid,ts,versiontype) values( 0,34,0,null,null,null,null,'显示顺序',0,'N',null,null,'wa_item@@@idisplayseq',null,null,null,'Y',null,null,'idisplayseq','Y','N',0,'2UC000-000489','int','wa_item','2017-10-25 12:42:17',0)
go
insert into md_column(columnlength,columnsequence,columntype,createtime,creator,defaultvalue,description,displayname,dr,forlocale,groupid,help,id,identitied,incrementseed,incrementstep,isactive,modifier,modifytime,name,nullable,pkey,precise,resid,sqldatetype,tableid,ts,versiontype) values( 0,15,0,null,null,null,null,'小数位数',0,'N',null,null,'wa_item@@@iflddecimal',null,null,null,'Y',null,null,'iflddecimal','Y','N',0,'2waitem-000002','int','wa_item','2017-10-25 12:42:17',0)
go
insert into md_column(columnlength,columnsequence,columntype,createtime,creator,defaultvalue,description,displayname,dr,forlocale,groupid,help,id,identitied,incrementseed,incrementstep,isactive,modifier,modifytime,name,nullable,pkey,precise,resid,sqldatetype,tableid,ts,versiontype) values( 0,31,0,null,null,null,null,'数据长度',0,'N',null,null,'wa_item@@@ifldwidth',null,null,null,'Y',null,null,'ifldwidth','N','N',0,'2waitem-000009','int','wa_item','2017-10-25 12:42:17',0)
go
insert into md_column(columnlength,columnsequence,columntype,createtime,creator,defaultvalue,description,displayname,dr,forlocale,groupid,help,id,identitied,incrementseed,incrementstep,isactive,modifier,modifytime,name,nullable,pkey,precise,resid,sqldatetype,tableid,ts,versiontype) values( 0,18,0,null,null,null,null,'数据项来源标志',0,'N',null,null,'wa_item@@@ifromflag',null,null,null,'Y',null,null,'ifromflag','Y','N',0,'2waitem-000013','int','wa_item','2017-10-25 12:42:17',0)
go
insert into md_column(columnlength,columnsequence,columntype,createtime,creator,defaultvalue,description,displayname,dr,forlocale,groupid,help,id,identitied,incrementseed,incrementstep,isactive,modifier,modifytime,name,nullable,pkey,precise,resid,sqldatetype,tableid,ts,versiontype) values( 0,12,0,null,null,null,null,'数据类型',0,'N',null,null,'wa_item@@@iitemtype',null,null,null,'Y',null,null,'iitemtype','Y','N',0,'2UC000-000458','int','wa_item','2017-10-25 12:42:17',0)
go
insert into md_column(columnlength,columnsequence,columntype,createtime,creator,defaultvalue,description,displayname,dr,forlocale,groupid,help,id,identitied,incrementseed,incrementstep,isactive,modifier,modifytime,name,nullable,pkey,precise,resid,sqldatetype,tableid,ts,versiontype) values( 1,33,0,null,null,null,null,'纳纳入总额项目',0,'N',null,null,'wa_item@@@intotalitem',null,null,null,'Y',null,null,'intotalitem','Y','N',0,'2waitem-000014','char','wa_item','2017-10-25 12:42:17',0)
go
insert into md_column(columnlength,columnsequence,columntype,createtime,creator,defaultvalue,description,displayname,dr,forlocale,groupid,help,id,identitied,incrementseed,incrementstep,isactive,modifier,modifytime,name,nullable,pkey,precise,resid,sqldatetype,tableid,ts,versiontype) values( 0,16,0,null,null,null,null,'权限属性',0,'N',null,null,'wa_item@@@iprivil',null,null,null,'Y',null,null,'iprivil','Y','N',0,'2waitem-000004','int','wa_item','2017-10-25 12:42:17',0)
go
insert into md_column(columnlength,columnsequence,columntype,createtime,creator,defaultvalue,description,displayname,dr,forlocale,groupid,help,id,identitied,incrementseed,incrementstep,isactive,modifier,modifytime,name,nullable,pkey,precise,resid,sqldatetype,tableid,ts,versiontype) values( 0,14,0,null,null,null,null,'增减属性',0,'N',null,null,'wa_item@@@iproperty',null,null,null,'Y',null,null,'iproperty','N','N',0,'2waitem-000020','int','wa_item','2017-10-25 12:42:17',0)
go
insert into md_column(columnlength,columnsequence,columntype,createtime,creator,defaultvalue,description,displayname,dr,forlocale,groupid,help,id,identitied,incrementseed,incrementstep,isactive,modifier,modifytime,name,nullable,pkey,precise,resid,sqldatetype,tableid,ts,versiontype) values( 1,17,0,null,null,null,null,'是否纳入薪酬体系',0,'N',null,null,'wa_item@@@isinhi',null,null,null,'Y',null,null,'isinhi','Y','N',0,'2waitem-000041','char','wa_item','2017-10-25 12:42:17',0)
go
insert into md_column(columnlength,columnsequence,columntype,createtime,creator,defaultvalue,description,displayname,dr,forlocale,groupid,help,id,identitied,incrementseed,incrementstep,isactive,modifier,modifytime,name,nullable,pkey,precise,resid,sqldatetype,tableid,ts,versiontype) values( 50,11,0,null,null,null,null,'薪资项目字段名',0,'N',null,null,'wa_item@@@itemkey',null,null,null,'Y',null,null,'itemkey','Y','N',0,'2waitem-000003','varchar','wa_item','2017-10-25 12:42:17',0)
go
insert into md_column(columnlength,columnsequence,columntype,createtime,creator,defaultvalue,description,displayname,dr,forlocale,groupid,help,id,identitied,incrementseed,incrementstep,isactive,modifier,modifytime,name,nullable,pkey,precise,resid,sqldatetype,tableid,ts,versiontype) values( 1,10,0,null,null,null,null,'中间项目',0,'N',null,null,'wa_item@@@mid',null,null,null,'Y',null,null,'mid','Y','N',0,'2waitem-000035','char','wa_item','2017-10-25 12:42:17',0)
go
insert into md_column(columnlength,columnsequence,columntype,createtime,creator,defaultvalue,description,displayname,dr,forlocale,groupid,help,id,identitied,incrementseed,incrementstep,isactive,modifier,modifytime,name,nullable,pkey,precise,resid,sqldatetype,tableid,ts,versiontype) values( 19,8,0,null,null,null,null,'最后修改时间',0,'N',null,null,'wa_item@@@modifiedtime',null,null,null,'Y',null,null,'modifiedtime','Y','N',0,'2UC000-000491','char','wa_item','2017-10-25 12:42:17',0)
go
insert into md_column(columnlength,columnsequence,columntype,createtime,creator,defaultvalue,description,displayname,dr,forlocale,groupid,help,id,identitied,incrementseed,incrementstep,isactive,modifier,modifytime,name,nullable,pkey,precise,resid,sqldatetype,tableid,ts,versiontype) values( 20,7,0,null,null,'*~',null,'最后修改人',0,'N',null,null,'wa_item@@@modifier',null,null,null,'Y',null,null,'modifier','Y','N',0,'2UC000-000490','varchar','wa_item','2017-10-25 12:42:17',0)
go
insert into md_column(columnlength,columnsequence,columntype,createtime,creator,defaultvalue,description,displayname,dr,forlocale,groupid,help,id,identitied,incrementseed,incrementstep,isactive,modifier,modifytime,name,nullable,pkey,precise,resid,sqldatetype,tableid,ts,versiontype) values( 100,0,0,null,null,null,null,'薪资项目名称',0,'Y','wa_item@@@name','URC','wa_item@@@name',null,null,null,'Y',null,null,'name','Y','N',0,'2waitem-000015','varchar','wa_item','2017-10-25 12:42:17',0)
go
insert into md_column(columnlength,columnsequence,columntype,createtime,creator,defaultvalue,description,displayname,dr,forlocale,groupid,help,id,identitied,incrementseed,incrementstep,isactive,modifier,modifytime,name,nullable,pkey,precise,resid,sqldatetype,tableid,ts,versiontype) values( 100,0,0,null,null,null,null,'薪资项目名称2',0,'Y','wa_item@@@name','URC','wa_item@@@name2',null,null,null,'Y',null,null,'name2','Y','N',0,'2waitem-000015','varchar','wa_item','2017-10-25 12:42:17',0)
go
insert into md_column(columnlength,columnsequence,columntype,createtime,creator,defaultvalue,description,displayname,dr,forlocale,groupid,help,id,identitied,incrementseed,incrementstep,isactive,modifier,modifytime,name,nullable,pkey,precise,resid,sqldatetype,tableid,ts,versiontype) values( 100,0,0,null,null,null,null,'薪资项目名称3',0,'Y','wa_item@@@name','URC','wa_item@@@name3',null,null,null,'Y',null,null,'name3','Y','N',0,'2waitem-000015','varchar','wa_item','2017-10-25 12:42:17',0)
go
insert into md_column(columnlength,columnsequence,columntype,createtime,creator,defaultvalue,description,displayname,dr,forlocale,groupid,help,id,identitied,incrementseed,incrementstep,isactive,modifier,modifytime,name,nullable,pkey,precise,resid,sqldatetype,tableid,ts,versiontype) values( 100,0,0,null,null,null,null,'薪资项目名称4',0,'Y','wa_item@@@name','URC','wa_item@@@name4',null,null,null,'Y',null,null,'name4','Y','N',0,'2waitem-000015','varchar','wa_item','2017-10-25 12:42:17',0)
go
insert into md_column(columnlength,columnsequence,columntype,createtime,creator,defaultvalue,description,displayname,dr,forlocale,groupid,help,id,identitied,incrementseed,incrementstep,isactive,modifier,modifytime,name,nullable,pkey,precise,resid,sqldatetype,tableid,ts,versiontype) values( 100,0,0,null,null,null,null,'薪资项目名称5',0,'Y','wa_item@@@name','URC','wa_item@@@name5',null,null,null,'Y',null,null,'name5','Y','N',0,'2waitem-000015','varchar','wa_item','2017-10-25 12:42:17',0)
go
insert into md_column(columnlength,columnsequence,columntype,createtime,creator,defaultvalue,description,displayname,dr,forlocale,groupid,help,id,identitied,incrementseed,incrementstep,isactive,modifier,modifytime,name,nullable,pkey,precise,resid,sqldatetype,tableid,ts,versiontype) values( 100,0,0,null,null,null,null,'薪资项目名称6',0,'Y','wa_item@@@name','URC','wa_item@@@name6',null,null,null,'Y',null,null,'name6','Y','N',0,'2waitem-000015','varchar','wa_item','2017-10-25 12:42:17',0)
go
insert into md_column(columnlength,columnsequence,columntype,createtime,creator,defaultvalue,description,displayname,dr,forlocale,groupid,help,id,identitied,incrementseed,incrementstep,isactive,modifier,modifytime,name,nullable,pkey,precise,resid,sqldatetype,tableid,ts,versiontype) values( 31,28,0,null,null,null,null,'个人上限值',0,'N',null,null,'wa_item@@@npsnceil',null,null,null,'Y',null,null,'npsnceil','Y','N',8,'2waitem-000012','decimal','wa_item','2017-10-25 12:42:17',0)
go
insert into md_column(columnlength,columnsequence,columntype,createtime,creator,defaultvalue,description,displayname,dr,forlocale,groupid,help,id,identitied,incrementseed,incrementstep,isactive,modifier,modifytime,name,nullable,pkey,precise,resid,sqldatetype,tableid,ts,versiontype) values( 31,30,0,null,null,null,null,'个人下限值',0,'N',null,null,'wa_item@@@npsnfloor',null,null,null,'Y',null,null,'npsnfloor','Y','N',8,'2waitem-000030','decimal','wa_item','2017-10-25 12:42:17',0)
go
insert into md_column(columnlength,columnsequence,columntype,createtime,creator,defaultvalue,description,displayname,dr,forlocale,groupid,help,id,identitied,incrementseed,incrementstep,isactive,modifier,modifytime,name,nullable,pkey,precise,resid,sqldatetype,tableid,ts,versiontype) values( 31,24,0,null,null,null,null,'总额上限值',0,'N',null,null,'wa_item@@@nsumceil',null,null,null,'Y',null,null,'nsumceil','Y','N',8,'2waitem-000023','decimal','wa_item','2017-10-25 12:42:17',0)
go
insert into md_column(columnlength,columnsequence,columntype,createtime,creator,defaultvalue,description,displayname,dr,forlocale,groupid,help,id,identitied,incrementseed,incrementstep,isactive,modifier,modifytime,name,nullable,pkey,precise,resid,sqldatetype,tableid,ts,versiontype) values( 31,26,0,null,null,null,null,'总额下限值',0,'N',null,null,'wa_item@@@nsumfloor',null,null,null,'Y',null,null,'nsumfloor','Y','N',8,'2waitem-000021','decimal','wa_item','2017-10-25 12:42:17',0)
go
insert into md_column(columnlength,columnsequence,columntype,createtime,creator,defaultvalue,description,displayname,dr,forlocale,groupid,help,id,identitied,incrementseed,incrementstep,isactive,modifier,modifytime,name,nullable,pkey,precise,resid,sqldatetype,tableid,ts,versiontype) values( 20,3,0,null,null,'*~',null,'所属集团',0,'N',null,null,'wa_item@@@pk_group',null,null,null,'Y',null,null,'pk_group','Y','N',0,'2UC000-000367','varchar','wa_item','2017-10-25 12:42:17',0)
go
insert into md_column(columnlength,columnsequence,columntype,createtime,creator,defaultvalue,description,displayname,dr,forlocale,groupid,help,id,identitied,incrementseed,incrementstep,isactive,modifier,modifytime,name,nullable,pkey,precise,resid,sqldatetype,tableid,ts,versiontype) values( 20,4,0,null,null,'*~',null,'所属组织',0,'N',null,null,'wa_item@@@pk_org',null,null,null,'Y',null,null,'pk_org','Y','N',0,'2UC000-000360','varchar','wa_item','2017-10-25 12:42:17',0)
go
insert into md_column(columnlength,columnsequence,columntype,createtime,creator,defaultvalue,description,displayname,dr,forlocale,groupid,help,id,identitied,incrementseed,incrementstep,isactive,modifier,modifytime,name,nullable,pkey,precise,resid,sqldatetype,tableid,ts,versiontype) values( 1,27,0,null,null,null,null,'个人上限控制标志',0,'N',null,null,'wa_item@@@psnceilflag',null,null,null,'Y',null,null,'psnceilflag','Y','N',0,'2waitem-000028','char','wa_item','2017-10-25 12:42:17',0)
go
insert into md_column(columnlength,columnsequence,columntype,createtime,creator,defaultvalue,description,displayname,dr,forlocale,groupid,help,id,identitied,incrementseed,incrementstep,isactive,modifier,modifytime,name,nullable,pkey,precise,resid,sqldatetype,tableid,ts,versiontype) values( 1,29,0,null,null,null,null,'个人下限控制标志',0,'N',null,null,'wa_item@@@psnfloorflag',null,null,null,'Y',null,null,'psnfloorflag','Y','N',0,'2waitem-000029','char','wa_item','2017-10-25 12:42:17',0)
go
insert into md_column(columnlength,columnsequence,columntype,createtime,creator,defaultvalue,description,displayname,dr,forlocale,groupid,help,id,identitied,incrementseed,incrementstep,isactive,modifier,modifytime,name,nullable,pkey,precise,resid,sqldatetype,tableid,ts,versiontype) values( 1,23,0,null,null,null,null,'总额上限控制标志',0,'N',null,null,'wa_item@@@sumceilflag',null,null,null,'Y',null,null,'sumceilflag','Y','N',0,'2waitem-000019','char','wa_item','2017-10-25 12:42:17',0)
go
insert into md_column(columnlength,columnsequence,columntype,createtime,creator,defaultvalue,description,displayname,dr,forlocale,groupid,help,id,identitied,incrementseed,incrementstep,isactive,modifier,modifytime,name,nullable,pkey,precise,resid,sqldatetype,tableid,ts,versiontype) values( 1,25,0,null,null,null,null,'总额下限控制标志',0,'N',null,null,'wa_item@@@sumfloorflag',null,null,null,'Y',null,null,'sumfloorflag','Y','N',0,'2waitem-000033','char','wa_item','2017-10-25 12:42:17',0)
go
insert into md_column(columnlength,columnsequence,columntype,createtime,creator,defaultvalue,description,displayname,dr,forlocale,groupid,help,id,identitied,incrementseed,incrementstep,isactive,modifier,modifytime,name,nullable,pkey,precise,resid,sqldatetype,tableid,ts,versiontype) values( 1,19,0,null,null,null,null,'扣税',0,'N',null,null,'wa_item@@@taxflag',null,null,null,'Y',null,null,'taxflag','Y','N',0,'2waitem-000022','decimal','wa_item','2017-10-25 12:42:17',0)
go
insert into md_column(columnlength,columnsequence,columntype,createtime,creator,defaultvalue,description,displayname,dr,forlocale,groupid,help,id,identitied,incrementseed,incrementstep,isactive,modifier,modifytime,name,nullable,pkey,precise,resid,sqldatetype,tableid,ts,versiontype) values( 20,32,0,null,null,'*~',null,'总额项目',0,'N',null,null,'wa_item@@@totalitem',null,null,null,'Y',null,null,'totalitem','Y','N',0,'2waitem-000036','varchar','wa_item','2017-10-25 12:42:17',0)
go
insert into md_column(columnlength,columnsequence,columntype,createtime,creator,defaultvalue,description,displayname,dr,forlocale,groupid,help,id,identitied,incrementseed,incrementstep,isactive,modifier,modifytime,name,nullable,pkey,precise,resid,sqldatetype,tableid,ts,versiontype) values( 2000,20,0,null,null,null,null,'公式',0,'Y',null,null,'wa_item@@@vformula',null,null,null,'Y',null,null,'vformula','Y','N',0,'2waitem-000025','varchar','wa_item','2017-10-25 12:42:17',0)
go
insert into md_column(columnlength,columnsequence,columntype,createtime,creator,defaultvalue,description,displayname,dr,forlocale,groupid,help,id,identitied,incrementseed,incrementstep,isactive,modifier,modifytime,name,nullable,pkey,precise,resid,sqldatetype,tableid,ts,versiontype) values( 2000,21,0,null,null,null,null,'公式显示',0,'Y',null,null,'wa_item@@@vformulastr',null,null,null,'Y',null,null,'vformulastr','Y','N',0,'2waitem-000005','varchar','wa_item','2017-10-25 12:42:17',0)
go
insert into md_column(columnlength,columnsequence,columntype,createtime,creator,defaultvalue,description,displayname,dr,forlocale,groupid,help,id,identitied,incrementseed,incrementstep,isactive,modifier,modifytime,name,nullable,pkey,precise,resid,sqldatetype,tableid,ts,versiontype) values( 20,0,0,null,null,null,null,'薪资项目主键',0,'N',null,null,'wa_item@@PK@@',null,null,null,'Y',null,null,'pk_wa_item','N','Y',0,'2waitem-000026','char','wa_item','2017-10-25 12:42:17',0)
go


insert into md_db_relation(asstype,createtime,creator,description,displayname,dr,endcardinality,endfieldid,endtableid,help,id,isforeignkey,modifier,modifytime,name,resid,startattrid,startcardinality,startfieldid,starttableid,ts,versiontype) values( 3,null,null,null,'PsnappaproveB_waitem',null,null,'wa_item@@PK@@','wa_item',null,'2952296c-dc62-4be0-93d1-25901b907a63','N',null,null,'PsnappaproveB_waitem',null,'66aeff9e-3f7d-4440-8588-8fa4f38b8c46',null,'wa_psnappaprove_b@@@pk_wa_item','wa_psnappaprove_b','2017-06-14 19:11:20',0)
go
insert into md_db_relation(asstype,createtime,creator,description,displayname,dr,endcardinality,endfieldid,endtableid,help,id,isforeignkey,modifier,modifytime,name,resid,startattrid,startcardinality,startfieldid,starttableid,ts,versiontype) values( 3,null,null,null,'WaGrade_waitem',null,null,'wa_item@@PK@@','wa_item',null,'37ba9278-1a7f-4cdd-b470-d6415deeab4f','N',null,null,'WaGrade_waitem',null,'91b53129-ea00-40b4-a945-8d88b1dadaa7',null,'wa_grade@@@pk_wa_item','wa_grade','2017-06-14 19:11:20',0)
go
insert into md_db_relation(asstype,createtime,creator,description,displayname,dr,endcardinality,endfieldid,endtableid,help,id,isforeignkey,modifier,modifytime,name,resid,startattrid,startcardinality,startfieldid,starttableid,ts,versiontype) values( 3,null,null,null,'itempower_waitem',null,null,'wa_item@@PK@@','wa_item',null,'4b47637f-4a48-448b-86b2-02428bf218c0','N',null,null,'itempower_waitem',null,'f7fd87a2-bd19-4f4b-80d1-8eeda06ca1eb',null,'wa_itempower@@@pk_wa_item','wa_itempower','2017-06-14 19:11:25',0)
go
insert into md_db_relation(asstype,createtime,creator,description,displayname,dr,endcardinality,endfieldid,endtableid,help,id,isforeignkey,modifier,modifytime,name,resid,startattrid,startcardinality,startfieldid,starttableid,ts,versiontype) values( 3,null,null,null,'PsndocWadocVO_waitem',null,null,'wa_item@@PK@@','wa_item',null,'d8375767-e761-4633-bb0b-02ea6fc99ec1','N',null,null,'PsndocWadocVO_waitem',null,'3a496f62-448d-401e-aa01-fd6f3da96f25',null,'hi_psndoc_wadoc@@@pk_wa_item','hi_psndoc_wadoc','2017-06-14 19:11:21',0)
go
insert into md_db_relation(asstype,createtime,creator,description,displayname,dr,endcardinality,endfieldid,endtableid,help,id,isforeignkey,modifier,modifytime,name,resid,startattrid,startcardinality,startfieldid,starttableid,ts,versiontype) values( 3,null,null,null,'VochagDefaultVO_waitem',null,null,'wa_item@@PK@@','wa_item',null,'e4305efc-55d0-46d9-b8bc-8585a6ece135','N',null,null,'VochagDefaultVO_waitem',null,'2bb4df19-0056-4a17-95da-5db03494a589',null,'hr_vochag_default@@@def1','hr_vochag_default','2017-06-14 19:11:24',0)
go


insert into md_property(accessorclassname,accesspower,accesspowergroup,attrlength,attrmaxvalue,attrminvalue,attrsequence,calculation,classid,createindustry,createtime,creator,customattr,datatype,datatypestyle,defaultvalue,description,displayname,dr,dynamicattr,dynamictable,fixedlength,help,hided,id,industry,isactive,isauthen,modifier,modifytime,name,notserialize,nullable,precise,readonly,refmodelname,resid,ts,versiontype,visibility) values( null,'N',null,101,null,null,42,'N','317f74f8-7bc5-4496-a51b-0648ffbfd48b',null,null,null,'Y','BS000010000100001056',300,null,null,'自定义项5',0,'N',null,'N',null,'N','03d29d1e-6311-4544-95f0-8cf1bc1c02b5','0','Y','Y',null,null,'def5','N','Y',0,'N',null,'2UC000-000784','2017-10-25 12:42:17',0,0)
go
insert into md_property(accessorclassname,accesspower,accesspowergroup,attrlength,attrmaxvalue,attrminvalue,attrsequence,calculation,classid,createindustry,createtime,creator,customattr,datatype,datatypestyle,defaultvalue,description,displayname,dr,dynamicattr,dynamictable,fixedlength,help,hided,id,industry,isactive,isauthen,modifier,modifytime,name,notserialize,nullable,precise,readonly,refmodelname,resid,ts,versiontype,visibility) values( null,'N',null,101,null,null,41,'N','317f74f8-7bc5-4496-a51b-0648ffbfd48b',null,null,null,'Y','BS000010000100001056',300,null,null,'自定义项4',0,'N',null,'N',null,'N','0663887d-0602-43fe-89b8-500a8930d200','0','Y','Y',null,null,'def4','N','Y',0,'N',null,'2UC000-000782','2017-10-25 12:42:17',0,0)
go
insert into md_property(accessorclassname,accesspower,accesspowergroup,attrlength,attrmaxvalue,attrminvalue,attrsequence,calculation,classid,createindustry,createtime,creator,customattr,datatype,datatypestyle,defaultvalue,description,displayname,dr,dynamicattr,dynamictable,fixedlength,help,hided,id,industry,isactive,isauthen,modifier,modifytime,name,notserialize,nullable,precise,readonly,refmodelname,resid,ts,versiontype,visibility) values( null,'N',null,19,null,null,6,'N','317f74f8-7bc5-4496-a51b-0648ffbfd48b',null,null,null,'N','BS000010000100001034',300,null,null,'创建时间',0,'N',null,'N',null,'N','0c3cd31b-ef7e-4d1e-a16b-3a7e135b842e','0','Y','Y',null,null,'creationtime','N','Y',0,'N',null,'2UC000-000157','2017-10-25 12:42:17',0,0)
go
insert into md_property(accessorclassname,accesspower,accesspowergroup,attrlength,attrmaxvalue,attrminvalue,attrsequence,calculation,classid,createindustry,createtime,creator,customattr,datatype,datatypestyle,defaultvalue,description,displayname,dr,dynamicattr,dynamictable,fixedlength,help,hided,id,industry,isactive,isauthen,modifier,modifytime,name,notserialize,nullable,precise,readonly,refmodelname,resid,ts,versiontype,visibility) values( null,'N',null,1,null,null,19,'N','317f74f8-7bc5-4496-a51b-0648ffbfd48b',null,null,null,'N','BS000010000100001032',300,null,null,'扣税',0,'N',null,'N',null,'N','1262d240-17e7-412a-81af-3d14cef731aa','0','Y','Y',null,null,'taxflag','N','Y',0,'N',null,'2waitem-000022','2017-10-25 12:42:17',0,0)
go
insert into md_property(accessorclassname,accesspower,accesspowergroup,attrlength,attrmaxvalue,attrminvalue,attrsequence,calculation,classid,createindustry,createtime,creator,customattr,datatype,datatypestyle,defaultvalue,description,displayname,dr,dynamicattr,dynamictable,fixedlength,help,hided,id,industry,isactive,isauthen,modifier,modifytime,name,notserialize,nullable,precise,readonly,refmodelname,resid,ts,versiontype,visibility) values( null,'N',null,0,null,null,15,'N','317f74f8-7bc5-4496-a51b-0648ffbfd48b',null,null,null,'N','BS000010000100001004',300,null,null,'小数位数',0,'N',null,'N',null,'N','12baac01-aaa7-4a49-b2b3-70307bebfd71','0','Y','Y',null,null,'iflddecimal','N','Y',0,'N',null,'2waitem-000002','2017-10-25 12:42:17',0,0)
go
insert into md_property(accessorclassname,accesspower,accesspowergroup,attrlength,attrmaxvalue,attrminvalue,attrsequence,calculation,classid,createindustry,createtime,creator,customattr,datatype,datatypestyle,defaultvalue,description,displayname,dr,dynamicattr,dynamictable,fixedlength,help,hided,id,industry,isactive,isauthen,modifier,modifytime,name,notserialize,nullable,precise,readonly,refmodelname,resid,ts,versiontype,visibility) values( null,'N',null,20,null,null,7,'N','317f74f8-7bc5-4496-a51b-0648ffbfd48b',null,null,null,'N','f6f9a473-56c0-432f-8bc7-fbf8fde54fee',305,null,null,'最后修改人',0,'N',null,'N',null,'N','145f91df-e072-4170-91e0-06496bc498a8','0','Y','Y',null,null,'modifier','N','Y',0,'N','用户','2UC000-000490','2017-10-25 12:42:17',0,0)
go
insert into md_property(accessorclassname,accesspower,accesspowergroup,attrlength,attrmaxvalue,attrminvalue,attrsequence,calculation,classid,createindustry,createtime,creator,customattr,datatype,datatypestyle,defaultvalue,description,displayname,dr,dynamicattr,dynamictable,fixedlength,help,hided,id,industry,isactive,isauthen,modifier,modifytime,name,notserialize,nullable,precise,readonly,refmodelname,resid,ts,versiontype,visibility) values( null,'N',null,1,null,null,27,'N','317f74f8-7bc5-4496-a51b-0648ffbfd48b',null,null,null,'N','BS000010000100001032',300,null,null,'个人上限控制标志',0,'N',null,'N',null,'N','17182626-efbc-450f-8d39-a5d4ecf7203a','0','Y','Y',null,null,'psnceilflag','N','Y',0,'N',null,'2waitem-000028','2017-10-25 12:42:17',0,0)
go
insert into md_property(accessorclassname,accesspower,accesspowergroup,attrlength,attrmaxvalue,attrminvalue,attrsequence,calculation,classid,createindustry,createtime,creator,customattr,datatype,datatypestyle,defaultvalue,description,displayname,dr,dynamicattr,dynamictable,fixedlength,help,hided,id,industry,isactive,isauthen,modifier,modifytime,name,notserialize,nullable,precise,readonly,refmodelname,resid,ts,versiontype,visibility) values( null,'N',null,2000,null,null,21,'N','317f74f8-7bc5-4496-a51b-0648ffbfd48b',null,null,null,'N','BS000010000100001001',300,null,null,'公式显示',0,'N',null,'N',null,'N','1aaa1237-8c6b-4342-b6ad-dc89b820a491','0','Y','Y',null,null,'vformulastr','N','Y',0,'N',null,'2waitem-000005','2017-10-25 12:42:17',0,0)
go
insert into md_property(accessorclassname,accesspower,accesspowergroup,attrlength,attrmaxvalue,attrminvalue,attrsequence,calculation,classid,createindustry,createtime,creator,customattr,datatype,datatypestyle,defaultvalue,description,displayname,dr,dynamicattr,dynamictable,fixedlength,help,hided,id,industry,isactive,isauthen,modifier,modifytime,name,notserialize,nullable,precise,readonly,refmodelname,resid,ts,versiontype,visibility) values( null,'N',null,20,null,null,3,'N','317f74f8-7bc5-4496-a51b-0648ffbfd48b',null,null,null,'N','3b6dd171-2900-47f3-bfbe-41e4483a2a65',305,null,null,'所属集团',0,'N',null,'N',null,'N','212f775c-a9ba-4b76-bcb9-f413c1beb40e','0','Y','Y',null,null,'pk_group','N','Y',0,'N','集团','2UC000-000367','2017-10-25 12:42:17',0,0)
go
insert into md_property(accessorclassname,accesspower,accesspowergroup,attrlength,attrmaxvalue,attrminvalue,attrsequence,calculation,classid,createindustry,createtime,creator,customattr,datatype,datatypestyle,defaultvalue,description,displayname,dr,dynamicattr,dynamictable,fixedlength,help,hided,id,industry,isactive,isauthen,modifier,modifytime,name,notserialize,nullable,precise,readonly,refmodelname,resid,ts,versiontype,visibility) values( null,'N',null,31,null,null,26,'N','317f74f8-7bc5-4496-a51b-0648ffbfd48b',null,null,null,'N','BS000010000100001031',300,null,null,'总额下限值',0,'N',null,'N',null,'N','239085a2-f90d-4c5a-b745-f755962475f6','0','Y','Y',null,null,'nsumfloor','N','Y',8,'N',null,'2waitem-000021','2017-10-25 12:42:17',0,0)
go
insert into md_property(accessorclassname,accesspower,accesspowergroup,attrlength,attrmaxvalue,attrminvalue,attrsequence,calculation,classid,createindustry,createtime,creator,customattr,datatype,datatypestyle,defaultvalue,description,displayname,dr,dynamicattr,dynamictable,fixedlength,help,hided,id,industry,isactive,isauthen,modifier,modifytime,name,notserialize,nullable,precise,readonly,refmodelname,resid,ts,versiontype,visibility) values( null,'N',null,50,null,null,1,'N','317f74f8-7bc5-4496-a51b-0648ffbfd48b',null,null,null,'N','BS000010000100001001',300,null,null,'薪资项目编码',0,'N',null,'N','URC','N','25f8764d-42a6-4d66-8ebc-818ac8af1974','0','Y','Y',null,null,'code','N','Y',0,'N',null,'2waitem-000027','2017-10-25 12:42:17',0,0)
go
insert into md_property(accessorclassname,accesspower,accesspowergroup,attrlength,attrmaxvalue,attrminvalue,attrsequence,calculation,classid,createindustry,createtime,creator,customattr,datatype,datatypestyle,defaultvalue,description,displayname,dr,dynamicattr,dynamictable,fixedlength,help,hided,id,industry,isactive,isauthen,modifier,modifytime,name,notserialize,nullable,precise,readonly,refmodelname,resid,ts,versiontype,visibility) values( null,'N',null,0,null,null,14,'N','317f74f8-7bc5-4496-a51b-0648ffbfd48b',null,null,null,'N','e18475d0-13d8-4a62-b4ea-51959399fa36',300,null,null,'增减属性',0,'N',null,'N',null,'N','27d6c0e9-6d5a-49db-b01b-b20e6d26f36a','0','Y','Y',null,null,'iproperty','N','N',0,'N',null,'2waitem-000020','2017-10-25 12:42:17',0,0)
go
insert into md_property(accessorclassname,accesspower,accesspowergroup,attrlength,attrmaxvalue,attrminvalue,attrsequence,calculation,classid,createindustry,createtime,creator,customattr,datatype,datatypestyle,defaultvalue,description,displayname,dr,dynamicattr,dynamictable,fixedlength,help,hided,id,industry,isactive,isauthen,modifier,modifytime,name,notserialize,nullable,precise,readonly,refmodelname,resid,ts,versiontype,visibility) values( null,'N',null,2000,null,null,20,'N','317f74f8-7bc5-4496-a51b-0648ffbfd48b',null,null,null,'N','BS000010000100001001',300,null,null,'公式',0,'N',null,'N',null,'N','37f366c8-5558-4cdf-bfbe-3ab1f8fa3e5b','0','Y','Y',null,null,'vformula','N','Y',0,'N',null,'2waitem-000025','2017-10-25 12:42:17',0,0)
go
insert into md_property(accessorclassname,accesspower,accesspowergroup,attrlength,attrmaxvalue,attrminvalue,attrsequence,calculation,classid,createindustry,createtime,creator,customattr,datatype,datatypestyle,defaultvalue,description,displayname,dr,dynamicattr,dynamictable,fixedlength,help,hided,id,industry,isactive,isauthen,modifier,modifytime,name,notserialize,nullable,precise,readonly,refmodelname,resid,ts,versiontype,visibility) values( null,'N',null,101,null,null,39,'N','317f74f8-7bc5-4496-a51b-0648ffbfd48b',null,null,null,'Y','BS000010000100001056',300,null,null,'自定义项2',0,'N',null,'N',null,'N','3bd2444e-d440-4038-a1c8-e041f7910fa2','0','Y','Y',null,null,'def2','N','Y',0,'N',null,'2UC000-000760','2017-10-25 12:42:17',0,0)
go
insert into md_property(accessorclassname,accesspower,accesspowergroup,attrlength,attrmaxvalue,attrminvalue,attrsequence,calculation,classid,createindustry,createtime,creator,customattr,datatype,datatypestyle,defaultvalue,description,displayname,dr,dynamicattr,dynamictable,fixedlength,help,hided,id,industry,isactive,isauthen,modifier,modifytime,name,notserialize,nullable,precise,readonly,refmodelname,resid,ts,versiontype,visibility) values( null,'N',null,100,null,null,2,'N','317f74f8-7bc5-4496-a51b-0648ffbfd48b',null,null,null,'N','BS000010000100001058',300,null,null,'薪资项目名称',0,'N',null,'N','URC','N','3bdc7bb0-e226-4454-b513-a964db6d635e','0','Y','Y',null,null,'name','N','Y',0,'N',null,'2waitem-000015','2017-10-25 12:42:17',0,0)
go
insert into md_property(accessorclassname,accesspower,accesspowergroup,attrlength,attrmaxvalue,attrminvalue,attrsequence,calculation,classid,createindustry,createtime,creator,customattr,datatype,datatypestyle,defaultvalue,description,displayname,dr,dynamicattr,dynamictable,fixedlength,help,hided,id,industry,isactive,isauthen,modifier,modifytime,name,notserialize,nullable,precise,readonly,refmodelname,resid,ts,versiontype,visibility) values( null,'N',null,101,null,null,45,'N','317f74f8-7bc5-4496-a51b-0648ffbfd48b',null,null,null,'Y','BS000010000100001056',300,null,null,'自定义项8',0,'N',null,'N',null,'N','3e4f02de-3063-4ec0-be3a-b55de3a37dc8','0','Y','Y',null,null,'def8','N','Y',0,'N',null,'2UC000-000787','2017-10-25 12:42:17',0,0)
go
insert into md_property(accessorclassname,accesspower,accesspowergroup,attrlength,attrmaxvalue,attrminvalue,attrsequence,calculation,classid,createindustry,createtime,creator,customattr,datatype,datatypestyle,defaultvalue,description,displayname,dr,dynamicattr,dynamictable,fixedlength,help,hided,id,industry,isactive,isauthen,modifier,modifytime,name,notserialize,nullable,precise,readonly,refmodelname,resid,ts,versiontype,visibility) values( null,'N',null,101,null,null,43,'N','317f74f8-7bc5-4496-a51b-0648ffbfd48b',null,null,null,'Y','BS000010000100001056',300,null,null,'自定义项6',0,'N',null,'N',null,'N','424bfd2c-d3d8-46cd-abed-065756d5d4c0','0','Y','Y',null,null,'def6','N','Y',0,'N',null,'2UC000-000785','2017-10-25 12:42:17',0,0)
go
insert into md_property(accessorclassname,accesspower,accesspowergroup,attrlength,attrmaxvalue,attrminvalue,attrsequence,calculation,classid,createindustry,createtime,creator,customattr,datatype,datatypestyle,defaultvalue,description,displayname,dr,dynamicattr,dynamictable,fixedlength,help,hided,id,industry,isactive,isauthen,modifier,modifytime,name,notserialize,nullable,precise,readonly,refmodelname,resid,ts,versiontype,visibility) values( null,'N',null,101,null,null,55,'N','317f74f8-7bc5-4496-a51b-0648ffbfd48b',null,null,null,'Y','BS000010000100001056',300,null,null,'自定义项18',0,'N',null,'N',null,'N','4689515a-21ac-48d4-bc1a-e5bcd48d53d5','0','Y','Y',null,null,'def18','N','Y',0,'N',null,'2UC000-000758','2017-10-25 12:42:17',0,0)
go
insert into md_property(accessorclassname,accesspower,accesspowergroup,attrlength,attrmaxvalue,attrminvalue,attrsequence,calculation,classid,createindustry,createtime,creator,customattr,datatype,datatypestyle,defaultvalue,description,displayname,dr,dynamicattr,dynamictable,fixedlength,help,hided,id,industry,isactive,isauthen,modifier,modifytime,name,notserialize,nullable,precise,readonly,refmodelname,resid,ts,versiontype,visibility) values( null,'N',null,0,null,null,12,'N','317f74f8-7bc5-4496-a51b-0648ffbfd48b',null,null,null,'N','857905ba-ebee-418d-870b-9ad15119e091',300,null,null,'数据类型',0,'N',null,'N',null,'N','506cc062-ce01-4083-a00b-549fd194e3e2','0','Y','Y',null,null,'iitemtype','N','Y',0,'N',null,'2UC000-000458','2017-10-25 12:42:17',0,0)
go
insert into md_property(accessorclassname,accesspower,accesspowergroup,attrlength,attrmaxvalue,attrminvalue,attrsequence,calculation,classid,createindustry,createtime,creator,customattr,datatype,datatypestyle,defaultvalue,description,displayname,dr,dynamicattr,dynamictable,fixedlength,help,hided,id,industry,isactive,isauthen,modifier,modifytime,name,notserialize,nullable,precise,readonly,refmodelname,resid,ts,versiontype,visibility) values( null,'N',null,101,null,null,38,'N','317f74f8-7bc5-4496-a51b-0648ffbfd48b',null,null,null,'Y','BS000010000100001056',300,null,null,'自定义项1',0,'N',null,'N',null,'N','5147bff2-4b6d-4d10-a0c5-d66682d8aea2','0','Y','Y',null,null,'def1','N','Y',0,'N',null,'2UC000-000749','2017-10-25 12:42:17',0,0)
go
insert into md_property(accessorclassname,accesspower,accesspowergroup,attrlength,attrmaxvalue,attrminvalue,attrsequence,calculation,classid,createindustry,createtime,creator,customattr,datatype,datatypestyle,defaultvalue,description,displayname,dr,dynamicattr,dynamictable,fixedlength,help,hided,id,industry,isactive,isauthen,modifier,modifytime,name,notserialize,nullable,precise,readonly,refmodelname,resid,ts,versiontype,visibility) values( null,'N',null,50,null,null,11,'N','317f74f8-7bc5-4496-a51b-0648ffbfd48b',null,null,null,'N','BS000010000100001001',300,null,null,'薪资项目字段名',0,'N',null,'N',null,'N','5360c909-c4f4-421c-a7a0-4d9ed61d9ca4','0','Y','Y',null,null,'itemkey','N','Y',0,'N',null,'2waitem-000003','2017-10-25 12:42:17',0,0)
go
insert into md_property(accessorclassname,accesspower,accesspowergroup,attrlength,attrmaxvalue,attrminvalue,attrsequence,calculation,classid,createindustry,createtime,creator,customattr,datatype,datatypestyle,defaultvalue,description,displayname,dr,dynamicattr,dynamictable,fixedlength,help,hided,id,industry,isactive,isauthen,modifier,modifytime,name,notserialize,nullable,precise,readonly,refmodelname,resid,ts,versiontype,visibility) values( null,'N',null,101,null,null,54,'N','317f74f8-7bc5-4496-a51b-0648ffbfd48b',null,null,null,'Y','BS000010000100001056',300,null,null,'自定义项17',0,'N',null,'N',null,'N','5390c7b6-fb02-42bb-9f3e-f1132d573c00','0','Y','Y',null,null,'def17','N','Y',0,'N',null,'2UC000-000757','2017-10-25 12:42:17',0,0)
go
insert into md_property(accessorclassname,accesspower,accesspowergroup,attrlength,attrmaxvalue,attrminvalue,attrsequence,calculation,classid,createindustry,createtime,creator,customattr,datatype,datatypestyle,defaultvalue,description,displayname,dr,dynamicattr,dynamictable,fixedlength,help,hided,id,industry,isactive,isauthen,modifier,modifytime,name,notserialize,nullable,precise,readonly,refmodelname,resid,ts,versiontype,visibility) values( null,'N',null,1,null,null,29,'N','317f74f8-7bc5-4496-a51b-0648ffbfd48b',null,null,null,'N','BS000010000100001032',300,null,null,'个人下限控制标志',0,'N',null,'N',null,'N','5b81c830-80b2-45fb-bb4f-1a60185974b4','0','Y','Y',null,null,'psnfloorflag','N','Y',0,'N',null,'2waitem-000029','2017-10-25 12:42:17',0,0)
go
insert into md_property(accessorclassname,accesspower,accesspowergroup,attrlength,attrmaxvalue,attrminvalue,attrsequence,calculation,classid,createindustry,createtime,creator,customattr,datatype,datatypestyle,defaultvalue,description,displayname,dr,dynamicattr,dynamictable,fixedlength,help,hided,id,industry,isactive,isauthen,modifier,modifytime,name,notserialize,nullable,precise,readonly,refmodelname,resid,ts,versiontype,visibility) values( null,'N',null,1,null,null,10,'N','317f74f8-7bc5-4496-a51b-0648ffbfd48b',null,null,null,'N','BS000010000100001032',300,null,null,'中间项目',0,'N',null,'N',null,'N','68e5bab0-7ce2-4ed5-bb23-d2488b2dd8a4','0','Y','Y',null,null,'mid','N','Y',0,'N',null,'2waitem-000035','2017-10-25 12:42:17',0,0)
go
insert into md_property(accessorclassname,accesspower,accesspowergroup,attrlength,attrmaxvalue,attrminvalue,attrsequence,calculation,classid,createindustry,createtime,creator,customattr,datatype,datatypestyle,defaultvalue,description,displayname,dr,dynamicattr,dynamictable,fixedlength,help,hided,id,industry,isactive,isauthen,modifier,modifytime,name,notserialize,nullable,precise,readonly,refmodelname,resid,ts,versiontype,visibility) values( null,'N',null,101,null,null,40,'N','317f74f8-7bc5-4496-a51b-0648ffbfd48b',null,null,null,'Y','BS000010000100001056',300,null,null,'自定义项3',0,'N',null,'N',null,'N','6b6dc6ac-74e7-4200-a0c2-a024b64f9251','0','Y','Y',null,null,'def3','N','Y',0,'N',null,'2UC000-000771','2017-10-25 12:42:17',0,0)
go
insert into md_property(accessorclassname,accesspower,accesspowergroup,attrlength,attrmaxvalue,attrminvalue,attrsequence,calculation,classid,createindustry,createtime,creator,customattr,datatype,datatypestyle,defaultvalue,description,displayname,dr,dynamicattr,dynamictable,fixedlength,help,hided,id,industry,isactive,isauthen,modifier,modifytime,name,notserialize,nullable,precise,readonly,refmodelname,resid,ts,versiontype,visibility) values( null,'N',null,1,null,null,37,'N','317f74f8-7bc5-4496-a51b-0648ffbfd48b',null,null,null,'N','BS000010000100001032',300,null,null,'是否二代健保累计项目',0,'N','twhr_waitem_30','N',null,'N','6c4146a3-181f-4768-a851-10968ce6b107','0','Y','Y',null,null,'ishealthinsexsum_30','N','Y',0,'N',null,'2waitem-000056','2017-10-25 12:42:17',0,0)
go
insert into md_property(accessorclassname,accesspower,accesspowergroup,attrlength,attrmaxvalue,attrminvalue,attrsequence,calculation,classid,createindustry,createtime,creator,customattr,datatype,datatypestyle,defaultvalue,description,displayname,dr,dynamicattr,dynamictable,fixedlength,help,hided,id,industry,isactive,isauthen,modifier,modifytime,name,notserialize,nullable,precise,readonly,refmodelname,resid,ts,versiontype,visibility) values( null,'N',null,0,null,null,18,'N','317f74f8-7bc5-4496-a51b-0648ffbfd48b',null,null,null,'N','28b94d24-6d65-4cc5-b6ac-ca1b638b0da3',300,null,null,'数据项来源标志',0,'N',null,'N',null,'N','71f4b21c-c219-43dc-89c9-ac2d0f454d4a','0','Y','Y',null,null,'ifromflag','N','Y',0,'N',null,'2waitem-000013','2017-10-25 12:42:17',0,0)
go
insert into md_property(accessorclassname,accesspower,accesspowergroup,attrlength,attrmaxvalue,attrminvalue,attrsequence,calculation,classid,createindustry,createtime,creator,customattr,datatype,datatypestyle,defaultvalue,description,displayname,dr,dynamicattr,dynamictable,fixedlength,help,hided,id,industry,isactive,isauthen,modifier,modifytime,name,notserialize,nullable,precise,readonly,refmodelname,resid,ts,versiontype,visibility) values( null,'N',null,31,null,null,30,'N','317f74f8-7bc5-4496-a51b-0648ffbfd48b',null,null,null,'N','BS000010000100001031',300,null,null,'个人下限值',0,'N',null,'N',null,'N','76ecc778-c151-4514-9f09-e0c7a536943e','0','Y','Y',null,null,'npsnfloor','N','Y',8,'N',null,'2waitem-000030','2017-10-25 12:42:17',0,0)
go
insert into md_property(accessorclassname,accesspower,accesspowergroup,attrlength,attrmaxvalue,attrminvalue,attrsequence,calculation,classid,createindustry,createtime,creator,customattr,datatype,datatypestyle,defaultvalue,description,displayname,dr,dynamicattr,dynamictable,fixedlength,help,hided,id,industry,isactive,isauthen,modifier,modifytime,name,notserialize,nullable,precise,readonly,refmodelname,resid,ts,versiontype,visibility) values( null,'N',null,1,null,null,23,'N','317f74f8-7bc5-4496-a51b-0648ffbfd48b',null,null,null,'N','BS000010000100001032',300,null,null,'总额上限控制标志',0,'N',null,'N',null,'N','77e327e8-2ca1-4bba-be6d-28124621eed8','0','Y','Y',null,null,'sumceilflag','N','Y',0,'N',null,'2waitem-000019','2017-10-25 12:42:17',0,0)
go
insert into md_property(accessorclassname,accesspower,accesspowergroup,attrlength,attrmaxvalue,attrminvalue,attrsequence,calculation,classid,createindustry,createtime,creator,customattr,datatype,datatypestyle,defaultvalue,description,displayname,dr,dynamicattr,dynamictable,fixedlength,help,hided,id,industry,isactive,isauthen,modifier,modifytime,name,notserialize,nullable,precise,readonly,refmodelname,resid,ts,versiontype,visibility) values( null,'N',null,1,null,null,33,'N','317f74f8-7bc5-4496-a51b-0648ffbfd48b',null,null,null,'N','BS000010000100001032',300,null,null,'纳纳入总额项目',0,'N',null,'N',null,'N','7b6d244a-d68f-4436-89fa-b2fafcfa3714','0','Y','Y',null,null,'intotalitem','N','Y',0,'N',null,'2waitem-000014','2017-10-25 12:42:17',0,0)
go
insert into md_property(accessorclassname,accesspower,accesspowergroup,attrlength,attrmaxvalue,attrminvalue,attrsequence,calculation,classid,createindustry,createtime,creator,customattr,datatype,datatypestyle,defaultvalue,description,displayname,dr,dynamicattr,dynamictable,fixedlength,help,hided,id,industry,isactive,isauthen,modifier,modifytime,name,notserialize,nullable,precise,readonly,refmodelname,resid,ts,versiontype,visibility) values( null,'N',null,31,null,null,28,'N','317f74f8-7bc5-4496-a51b-0648ffbfd48b',null,null,null,'N','BS000010000100001031',300,null,null,'个人上限值',0,'N',null,'N',null,'N','803ad1f0-ac88-4798-b52e-78f665412d7b','0','Y','Y',null,null,'npsnceil','N','Y',8,'N',null,'2waitem-000012','2017-10-25 12:42:17',0,0)
go
insert into md_property(accessorclassname,accesspower,accesspowergroup,attrlength,attrmaxvalue,attrminvalue,attrsequence,calculation,classid,createindustry,createtime,creator,customattr,datatype,datatypestyle,defaultvalue,description,displayname,dr,dynamicattr,dynamictable,fixedlength,help,hided,id,industry,isactive,isauthen,modifier,modifytime,name,notserialize,nullable,precise,readonly,refmodelname,resid,ts,versiontype,visibility) values( null,'N',null,101,null,null,56,'N','317f74f8-7bc5-4496-a51b-0648ffbfd48b',null,null,null,'Y','BS000010000100001056',300,null,null,'自定义项19',0,'N',null,'N',null,'N','841d7a44-3bd0-4962-bebb-fc848464e001','0','Y','Y',null,null,'def19','N','Y',0,'N',null,'2UC000-000759','2017-10-25 12:42:17',0,0)
go
insert into md_property(accessorclassname,accesspower,accesspowergroup,attrlength,attrmaxvalue,attrminvalue,attrsequence,calculation,classid,createindustry,createtime,creator,customattr,datatype,datatypestyle,defaultvalue,description,displayname,dr,dynamicattr,dynamictable,fixedlength,help,hided,id,industry,isactive,isauthen,modifier,modifytime,name,notserialize,nullable,precise,readonly,refmodelname,resid,ts,versiontype,visibility) values( null,'N',null,101,null,null,57,'N','317f74f8-7bc5-4496-a51b-0648ffbfd48b',null,null,null,'Y','BS000010000100001056',300,null,null,'自定义项20',0,'N',null,'N',null,'N','8a00040d-8426-4c18-b1d2-788e8cd04b1b','0','Y','Y',null,null,'def20','N','Y',0,'N',null,'2UC000-000761','2017-10-25 12:42:17',0,0)
go
insert into md_property(accessorclassname,accesspower,accesspowergroup,attrlength,attrmaxvalue,attrminvalue,attrsequence,calculation,classid,createindustry,createtime,creator,customattr,datatype,datatypestyle,defaultvalue,description,displayname,dr,dynamicattr,dynamictable,fixedlength,help,hided,id,industry,isactive,isauthen,modifier,modifytime,name,notserialize,nullable,precise,readonly,refmodelname,resid,ts,versiontype,visibility) values( null,'N',null,20,null,null,5,'N','317f74f8-7bc5-4496-a51b-0648ffbfd48b',null,null,null,'N','f6f9a473-56c0-432f-8bc7-fbf8fde54fee',305,null,null,'创建人',0,'N',null,'N',null,'N','8a5020b6-2c0e-4317-b7cf-7076069357c8','0','Y','Y',null,null,'creator','N','Y',0,'N','用户','2UC000-000155','2017-10-25 12:42:17',0,0)
go
insert into md_property(accessorclassname,accesspower,accesspowergroup,attrlength,attrmaxvalue,attrminvalue,attrsequence,calculation,classid,createindustry,createtime,creator,customattr,datatype,datatypestyle,defaultvalue,description,displayname,dr,dynamicattr,dynamictable,fixedlength,help,hided,id,industry,isactive,isauthen,modifier,modifytime,name,notserialize,nullable,precise,readonly,refmodelname,resid,ts,versiontype,visibility) values( null,'N',null,1,null,null,17,'N','317f74f8-7bc5-4496-a51b-0648ffbfd48b',null,null,null,'N','BS000010000100001032',300,null,null,'是否纳入薪酬体系',0,'N',null,'N',null,'N','8b9fd8ed-4849-4971-8df5-712196048118','0','Y','Y',null,null,'isinhi','N','Y',0,'N',null,'2waitem-000041','2017-10-25 12:42:17',0,0)
go
insert into md_property(accessorclassname,accesspower,accesspowergroup,attrlength,attrmaxvalue,attrminvalue,attrsequence,calculation,classid,createindustry,createtime,creator,customattr,datatype,datatypestyle,defaultvalue,description,displayname,dr,dynamicattr,dynamictable,fixedlength,help,hided,id,industry,isactive,isauthen,modifier,modifytime,name,notserialize,nullable,precise,readonly,refmodelname,resid,ts,versiontype,visibility) values( null,'N',null,101,null,null,48,'N','317f74f8-7bc5-4496-a51b-0648ffbfd48b',null,null,null,'Y','BS000010000100001056',300,null,null,'自定义项11',0,'N',null,'N',null,'N','8f27030a-5e88-4257-8c69-8a931410c873','0','Y','Y',null,null,'def11','N','Y',0,'N',null,'2UC000-000751','2017-10-25 12:42:17',0,0)
go
insert into md_property(accessorclassname,accesspower,accesspowergroup,attrlength,attrmaxvalue,attrminvalue,attrsequence,calculation,classid,createindustry,createtime,creator,customattr,datatype,datatypestyle,defaultvalue,description,displayname,dr,dynamicattr,dynamictable,fixedlength,help,hided,id,industry,isactive,isauthen,modifier,modifytime,name,notserialize,nullable,precise,readonly,refmodelname,resid,ts,versiontype,visibility) values( null,'N',null,1,null,null,22,'N','317f74f8-7bc5-4496-a51b-0648ffbfd48b',null,null,null,'N','BS000010000100001032',300,null,null,'下月清零',0,'N',null,'N',null,'N','962248c4-d384-4735-8ff9-f00a1a027336','0','Y','Y',null,null,'clearflag','N','Y',0,'N',null,'2waitem-000006','2017-10-25 12:42:17',0,0)
go
insert into md_property(accessorclassname,accesspower,accesspowergroup,attrlength,attrmaxvalue,attrminvalue,attrsequence,calculation,classid,createindustry,createtime,creator,customattr,datatype,datatypestyle,defaultvalue,description,displayname,dr,dynamicattr,dynamictable,fixedlength,help,hided,id,industry,isactive,isauthen,modifier,modifytime,name,notserialize,nullable,precise,readonly,refmodelname,resid,ts,versiontype,visibility) values( null,'N',null,0,null,null,34,'N','317f74f8-7bc5-4496-a51b-0648ffbfd48b',null,null,null,'N','BS000010000100001004',300,null,null,'显示顺序',0,'N',null,'N',null,'N','9ccb8ba1-61d8-4f59-b4aa-e4ba71cdcf4a','0','Y','Y',null,null,'idisplayseq','N','Y',0,'N',null,'2UC000-000489','2017-10-25 12:42:17',0,0)
go
insert into md_property(accessorclassname,accesspower,accesspowergroup,attrlength,attrmaxvalue,attrminvalue,attrsequence,calculation,classid,createindustry,createtime,creator,customattr,datatype,datatypestyle,defaultvalue,description,displayname,dr,dynamicattr,dynamictable,fixedlength,help,hided,id,industry,isactive,isauthen,modifier,modifytime,name,notserialize,nullable,precise,readonly,refmodelname,resid,ts,versiontype,visibility) values( null,'N',null,20,null,null,32,'N','317f74f8-7bc5-4496-a51b-0648ffbfd48b',null,null,null,'N','501a5ee4-ed37-4f4a-87ba-d76be90215db',305,null,null,'总额项目',0,'Y',null,'N',null,'N','9ef98a3a-0a64-485e-8404-0849d1ab3f8e','0','Y','Y',null,null,'totalitem','N','Y',0,'N','预算项目','2waitem-000036','2017-10-25 12:42:17',0,0)
go
insert into md_property(accessorclassname,accesspower,accesspowergroup,attrlength,attrmaxvalue,attrminvalue,attrsequence,calculation,classid,createindustry,createtime,creator,customattr,datatype,datatypestyle,defaultvalue,description,displayname,dr,dynamicattr,dynamictable,fixedlength,help,hided,id,industry,isactive,isauthen,modifier,modifytime,name,notserialize,nullable,precise,readonly,refmodelname,resid,ts,versiontype,visibility) values( null,'N',null,101,null,null,53,'N','317f74f8-7bc5-4496-a51b-0648ffbfd48b',null,null,null,'Y','BS000010000100001056',300,null,null,'自定义项16',0,'N',null,'N',null,'N','a3227d30-4bad-4e13-a9d2-573541a68654','0','Y','Y',null,null,'def16','N','Y',0,'N',null,'2UC000-000756','2017-10-25 12:42:17',0,0)
go
insert into md_property(accessorclassname,accesspower,accesspowergroup,attrlength,attrmaxvalue,attrminvalue,attrsequence,calculation,classid,createindustry,createtime,creator,customattr,datatype,datatypestyle,defaultvalue,description,displayname,dr,dynamicattr,dynamictable,fixedlength,help,hided,id,industry,isactive,isauthen,modifier,modifytime,name,notserialize,nullable,precise,readonly,refmodelname,resid,ts,versiontype,visibility) values( null,'N',null,101,null,null,51,'N','317f74f8-7bc5-4496-a51b-0648ffbfd48b',null,null,null,'Y','BS000010000100001056',300,null,null,'自定义项14',0,'N',null,'N',null,'N','a5996bec-2381-41d7-9805-88e66598f746','0','Y','Y',null,null,'def14','N','Y',0,'N',null,'2UC000-000754','2017-10-25 12:42:17',0,0)
go
insert into md_property(accessorclassname,accesspower,accesspowergroup,attrlength,attrmaxvalue,attrminvalue,attrsequence,calculation,classid,createindustry,createtime,creator,customattr,datatype,datatypestyle,defaultvalue,description,displayname,dr,dynamicattr,dynamictable,fixedlength,help,hided,id,industry,isactive,isauthen,modifier,modifytime,name,notserialize,nullable,precise,readonly,refmodelname,resid,ts,versiontype,visibility) values( null,'N',null,0,null,null,31,'N','317f74f8-7bc5-4496-a51b-0648ffbfd48b',null,null,null,'N','BS000010000100001004',300,null,null,'数据长度',0,'N',null,'N',null,'N','acba8dc4-fa16-4226-b501-2e69fe8986eb','0','Y','Y',null,null,'ifldwidth','N','N',0,'N',null,'2waitem-000009','2017-10-25 12:42:17',0,0)
go
insert into md_property(accessorclassname,accesspower,accesspowergroup,attrlength,attrmaxvalue,attrminvalue,attrsequence,calculation,classid,createindustry,createtime,creator,customattr,datatype,datatypestyle,defaultvalue,description,displayname,dr,dynamicattr,dynamictable,fixedlength,help,hided,id,industry,isactive,isauthen,modifier,modifytime,name,notserialize,nullable,precise,readonly,refmodelname,resid,ts,versiontype,visibility) values( null,'N',null,101,null,null,47,'N','317f74f8-7bc5-4496-a51b-0648ffbfd48b',null,null,null,'Y','BS000010000100001056',300,null,null,'自定义项10',0,'N',null,'N',null,'N','bb1e321f-e06e-4c67-b7f7-eac5187da67a','0','Y','Y',null,null,'def10','N','Y',0,'N',null,'2UC000-000750','2017-10-25 12:42:17',0,0)
go
insert into md_property(accessorclassname,accesspower,accesspowergroup,attrlength,attrmaxvalue,attrminvalue,attrsequence,calculation,classid,createindustry,createtime,creator,customattr,datatype,datatypestyle,defaultvalue,description,displayname,dr,dynamicattr,dynamictable,fixedlength,help,hided,id,industry,isactive,isauthen,modifier,modifytime,name,notserialize,nullable,precise,readonly,refmodelname,resid,ts,versiontype,visibility) values( null,'N',null,1,null,null,36,'N','317f74f8-7bc5-4496-a51b-0648ffbfd48b',null,null,null,'N','BS000010000100001032',300,null,null,'是否劳健保计算依据',0,'N','twhr_waitem_30','N',null,'N','bc1d2095-00a8-4e63-84c6-818337f8c58c','0','Y','Y',null,null,'isnhiitem_30','N','Y',0,'N',null,'2waitem-000055','2017-10-25 12:42:17',0,0)
go
insert into md_property(accessorclassname,accesspower,accesspowergroup,attrlength,attrmaxvalue,attrminvalue,attrsequence,calculation,classid,createindustry,createtime,creator,customattr,datatype,datatypestyle,defaultvalue,description,displayname,dr,dynamicattr,dynamictable,fixedlength,help,hided,id,industry,isactive,isauthen,modifier,modifytime,name,notserialize,nullable,precise,readonly,refmodelname,resid,ts,versiontype,visibility) values( null,'N',null,20,null,null,9,'N','317f74f8-7bc5-4496-a51b-0648ffbfd48b',null,null,null,'N','1002Z710000000004MO1',305,null,null,'项目分类',0,'N',null,'N',null,'N','c249aba1-ccea-4aab-aa68-52f73bf54ac8','0','Y','Y',null,null,'category_id','N','Y',0,'N','薪资变动原因(自定义档案)','2waitem-000018','2017-10-25 12:42:17',0,0)
go
insert into md_property(accessorclassname,accesspower,accesspowergroup,attrlength,attrmaxvalue,attrminvalue,attrsequence,calculation,classid,createindustry,createtime,creator,customattr,datatype,datatypestyle,defaultvalue,description,displayname,dr,dynamicattr,dynamictable,fixedlength,help,hided,id,industry,isactive,isauthen,modifier,modifytime,name,notserialize,nullable,precise,readonly,refmodelname,resid,ts,versiontype,visibility) values( null,'N',null,20,null,null,4,'N','317f74f8-7bc5-4496-a51b-0648ffbfd48b',null,null,null,'N','985be8a4-3a36-4778-8afe-2d8ed3902659',305,null,null,'所属组织',0,'N',null,'N',null,'N','c9a273df-9fed-4781-83c5-128759a71bda','0','Y','Y',null,null,'pk_org','N','Y',0,'N','组织（包含全局）','2UC000-000360','2017-10-25 12:42:17',0,0)
go
insert into md_property(accessorclassname,accesspower,accesspowergroup,attrlength,attrmaxvalue,attrminvalue,attrsequence,calculation,classid,createindustry,createtime,creator,customattr,datatype,datatypestyle,defaultvalue,description,displayname,dr,dynamicattr,dynamictable,fixedlength,help,hided,id,industry,isactive,isauthen,modifier,modifytime,name,notserialize,nullable,precise,readonly,refmodelname,resid,ts,versiontype,visibility) values( null,'N',null,19,null,null,8,'N','317f74f8-7bc5-4496-a51b-0648ffbfd48b',null,null,null,'N','BS000010000100001034',300,null,null,'最后修改时间',0,'N',null,'N',null,'N','cc4b361b-1891-48dc-9047-025c1a71f573','0','Y','Y',null,null,'modifiedtime','N','Y',0,'N',null,'2UC000-000491','2017-10-25 12:42:17',0,0)
go
insert into md_property(accessorclassname,accesspower,accesspowergroup,attrlength,attrmaxvalue,attrminvalue,attrsequence,calculation,classid,createindustry,createtime,creator,customattr,datatype,datatypestyle,defaultvalue,description,displayname,dr,dynamicattr,dynamictable,fixedlength,help,hided,id,industry,isactive,isauthen,modifier,modifytime,name,notserialize,nullable,precise,readonly,refmodelname,resid,ts,versiontype,visibility) values( null,'N',null,1,null,null,13,'N','317f74f8-7bc5-4496-a51b-0648ffbfd48b',null,null,null,'N','BS000010000100001032',300,null,null,'系统项目',0,'N',null,'N',null,'N','cccad586-845c-4d86-8bb7-d56d7aa4edc4','0','Y','Y',null,null,'defaultflag','N','Y',0,'N',null,'2waitem-000007','2017-10-25 12:42:17',0,0)
go
insert into md_property(accessorclassname,accesspower,accesspowergroup,attrlength,attrmaxvalue,attrminvalue,attrsequence,calculation,classid,createindustry,createtime,creator,customattr,datatype,datatypestyle,defaultvalue,description,displayname,dr,dynamicattr,dynamictable,fixedlength,help,hided,id,industry,isactive,isauthen,modifier,modifytime,name,notserialize,nullable,precise,readonly,refmodelname,resid,ts,versiontype,visibility) values( null,'N',null,100,null,null,35,'Y','317f74f8-7bc5-4496-a51b-0648ffbfd48b',null,null,null,'N','BS000010000100001001',300,null,null,'总额项目显示值',0,'N',null,'N',null,'N','da9f8b37-8f34-4f99-97a7-7afe0d3c6542','0','Y','Y',null,null,'totalitemstr','N','Y',0,'N',null,'2waitem-000054','2017-10-25 12:42:17',0,0)
go
insert into md_property(accessorclassname,accesspower,accesspowergroup,attrlength,attrmaxvalue,attrminvalue,attrsequence,calculation,classid,createindustry,createtime,creator,customattr,datatype,datatypestyle,defaultvalue,description,displayname,dr,dynamicattr,dynamictable,fixedlength,help,hided,id,industry,isactive,isauthen,modifier,modifytime,name,notserialize,nullable,precise,readonly,refmodelname,resid,ts,versiontype,visibility) values( null,'N',null,101,null,null,49,'N','317f74f8-7bc5-4496-a51b-0648ffbfd48b',null,null,null,'Y','BS000010000100001056',300,null,null,'自定义项12',0,'N',null,'N',null,'N','e5cd81ce-b228-4ef3-baae-020b45621c6e','0','Y','Y',null,null,'def12','N','Y',0,'N',null,'2UC000-000752','2017-10-25 12:42:17',0,0)
go
insert into md_property(accessorclassname,accesspower,accesspowergroup,attrlength,attrmaxvalue,attrminvalue,attrsequence,calculation,classid,createindustry,createtime,creator,customattr,datatype,datatypestyle,defaultvalue,description,displayname,dr,dynamicattr,dynamictable,fixedlength,help,hided,id,industry,isactive,isauthen,modifier,modifytime,name,notserialize,nullable,precise,readonly,refmodelname,resid,ts,versiontype,visibility) values( null,'N',null,101,null,null,50,'N','317f74f8-7bc5-4496-a51b-0648ffbfd48b',null,null,null,'Y','BS000010000100001056',300,null,null,'自定义项13',0,'N',null,'N',null,'N','e8032957-d8a8-49ff-ba89-b3c48cd1774c','0','Y','Y',null,null,'def13','N','Y',0,'N',null,'2UC000-000753','2017-10-25 12:42:17',0,0)
go
insert into md_property(accessorclassname,accesspower,accesspowergroup,attrlength,attrmaxvalue,attrminvalue,attrsequence,calculation,classid,createindustry,createtime,creator,customattr,datatype,datatypestyle,defaultvalue,description,displayname,dr,dynamicattr,dynamictable,fixedlength,help,hided,id,industry,isactive,isauthen,modifier,modifytime,name,notserialize,nullable,precise,readonly,refmodelname,resid,ts,versiontype,visibility) values( null,'N',null,101,null,null,44,'N','317f74f8-7bc5-4496-a51b-0648ffbfd48b',null,null,null,'Y','BS000010000100001056',300,null,null,'自定义项7',0,'N',null,'N',null,'N','e84b63a3-7f75-48b7-97fd-d15b00b0594c','0','Y','Y',null,null,'def7','N','Y',0,'N',null,'2UC000-000786','2017-10-25 12:42:17',0,0)
go
insert into md_property(accessorclassname,accesspower,accesspowergroup,attrlength,attrmaxvalue,attrminvalue,attrsequence,calculation,classid,createindustry,createtime,creator,customattr,datatype,datatypestyle,defaultvalue,description,displayname,dr,dynamicattr,dynamictable,fixedlength,help,hided,id,industry,isactive,isauthen,modifier,modifytime,name,notserialize,nullable,precise,readonly,refmodelname,resid,ts,versiontype,visibility) values( null,'N',null,31,null,null,24,'N','317f74f8-7bc5-4496-a51b-0648ffbfd48b',null,null,null,'N','BS000010000100001031',300,null,null,'总额上限值',0,'N',null,'N',null,'N','eadff107-6ea4-469b-bc41-043a889263e5','0','Y','Y',null,null,'nsumceil','N','Y',8,'N',null,'2waitem-000023','2017-10-25 12:42:17',0,0)
go
insert into md_property(accessorclassname,accesspower,accesspowergroup,attrlength,attrmaxvalue,attrminvalue,attrsequence,calculation,classid,createindustry,createtime,creator,customattr,datatype,datatypestyle,defaultvalue,description,displayname,dr,dynamicattr,dynamictable,fixedlength,help,hided,id,industry,isactive,isauthen,modifier,modifytime,name,notserialize,nullable,precise,readonly,refmodelname,resid,ts,versiontype,visibility) values( null,'N',null,20,null,null,0,'N','317f74f8-7bc5-4496-a51b-0648ffbfd48b',null,null,null,'N','BS000010000100001051',300,null,null,'薪资项目主键',0,'N',null,'N',null,'N','f00f9bbb-f57d-4070-85ad-551b7b39b709','0','Y','Y',null,null,'pk_wa_item','N','N',0,'N',null,'2waitem-000026','2017-10-25 12:42:17',0,0)
go
insert into md_property(accessorclassname,accesspower,accesspowergroup,attrlength,attrmaxvalue,attrminvalue,attrsequence,calculation,classid,createindustry,createtime,creator,customattr,datatype,datatypestyle,defaultvalue,description,displayname,dr,dynamicattr,dynamictable,fixedlength,help,hided,id,industry,isactive,isauthen,modifier,modifytime,name,notserialize,nullable,precise,readonly,refmodelname,resid,ts,versiontype,visibility) values( null,'N',null,0,null,null,16,'N','317f74f8-7bc5-4496-a51b-0648ffbfd48b',null,null,null,'N','BS000010000100001004',300,null,null,'权限属性',0,'N',null,'N',null,'N','f60814d1-2c54-4631-b000-d32e1871c24a','0','Y','Y',null,null,'iprivil','N','Y',0,'N',null,'2waitem-000004','2017-10-25 12:42:17',0,0)
go
insert into md_property(accessorclassname,accesspower,accesspowergroup,attrlength,attrmaxvalue,attrminvalue,attrsequence,calculation,classid,createindustry,createtime,creator,customattr,datatype,datatypestyle,defaultvalue,description,displayname,dr,dynamicattr,dynamictable,fixedlength,help,hided,id,industry,isactive,isauthen,modifier,modifytime,name,notserialize,nullable,precise,readonly,refmodelname,resid,ts,versiontype,visibility) values( null,'N',null,101,null,null,52,'N','317f74f8-7bc5-4496-a51b-0648ffbfd48b',null,null,null,'Y','BS000010000100001056',300,null,null,'自定义项15',0,'N',null,'N',null,'N','f95e0184-5769-445e-963d-54ae510c8633','0','Y','Y',null,null,'def15','N','Y',0,'N',null,'2UC000-000755','2017-10-25 12:42:17',0,0)
go
insert into md_property(accessorclassname,accesspower,accesspowergroup,attrlength,attrmaxvalue,attrminvalue,attrsequence,calculation,classid,createindustry,createtime,creator,customattr,datatype,datatypestyle,defaultvalue,description,displayname,dr,dynamicattr,dynamictable,fixedlength,help,hided,id,industry,isactive,isauthen,modifier,modifytime,name,notserialize,nullable,precise,readonly,refmodelname,resid,ts,versiontype,visibility) values( null,'N',null,1,null,null,25,'N','317f74f8-7bc5-4496-a51b-0648ffbfd48b',null,null,null,'N','BS000010000100001032',300,null,null,'总额下限控制标志',0,'N',null,'N',null,'N','fbb060d6-9c3d-4b50-bce6-88d0a607462f','0','Y','Y',null,null,'sumfloorflag','N','Y',0,'N',null,'2waitem-000033','2017-10-25 12:42:17',0,0)
go
insert into md_property(accessorclassname,accesspower,accesspowergroup,attrlength,attrmaxvalue,attrminvalue,attrsequence,calculation,classid,createindustry,createtime,creator,customattr,datatype,datatypestyle,defaultvalue,description,displayname,dr,dynamicattr,dynamictable,fixedlength,help,hided,id,industry,isactive,isauthen,modifier,modifytime,name,notserialize,nullable,precise,readonly,refmodelname,resid,ts,versiontype,visibility) values( null,'N',null,101,null,null,46,'N','317f74f8-7bc5-4496-a51b-0648ffbfd48b',null,null,null,'Y','BS000010000100001056',300,null,null,'自定义项9',0,'N',null,'N',null,'N','fd6ed3c7-6bd5-453d-a3c8-d07380f4b5c6','0','Y','Y',null,null,'def9','N','Y',0,'N',null,'2UC000-000788','2017-10-25 12:42:17',0,0)
go


insert into md_association(cascadedelete,cascadeupdate,componentid,createtime,creator,dr,endcardinality,endelementid,id,industry,isactive,modifier,modifytime,name,startbeanid,startcardinality,startelementid,ts,type,versiontype) values( null,null,'c314d979-3ddd-47a2-adb1-12c2640d9ef0',null,null,0,'1','f6f9a473-56c0-432f-8bc7-fbf8fde54fee','0abac814-ca3e-436d-893d-43ef680743d4','0','Y',null,null,'waitem_creator','317f74f8-7bc5-4496-a51b-0648ffbfd48b','1','8a5020b6-2c0e-4317-b7cf-7076069357c8','2017-10-25 12:42:17',3,0)
go
insert into md_association(cascadedelete,cascadeupdate,componentid,createtime,creator,dr,endcardinality,endelementid,id,industry,isactive,modifier,modifytime,name,startbeanid,startcardinality,startelementid,ts,type,versiontype) values( null,null,'c314d979-3ddd-47a2-adb1-12c2640d9ef0',null,null,0,'1','f6f9a473-56c0-432f-8bc7-fbf8fde54fee','4610a71c-b716-4f97-9f62-4c134502ef55','0','Y',null,null,'waitem_modifier','317f74f8-7bc5-4496-a51b-0648ffbfd48b','1','145f91df-e072-4170-91e0-06496bc498a8','2017-10-25 12:42:17',3,0)
go
insert into md_association(cascadedelete,cascadeupdate,componentid,createtime,creator,dr,endcardinality,endelementid,id,industry,isactive,modifier,modifytime,name,startbeanid,startcardinality,startelementid,ts,type,versiontype) values( null,null,'c314d979-3ddd-47a2-adb1-12c2640d9ef0',null,null,0,'1','1002Z710000000004MO1','d7d2de76-61b7-4d2b-a7fb-8894dc04ac16','0','Y',null,null,'waitem_category_id','317f74f8-7bc5-4496-a51b-0648ffbfd48b','1','c249aba1-ccea-4aab-aa68-52f73bf54ac8','2017-10-25 12:42:17',3,0)
go
insert into md_association(cascadedelete,cascadeupdate,componentid,createtime,creator,dr,endcardinality,endelementid,id,industry,isactive,modifier,modifytime,name,startbeanid,startcardinality,startelementid,ts,type,versiontype) values( null,null,'c314d979-3ddd-47a2-adb1-12c2640d9ef0',null,null,0,'1','501a5ee4-ed37-4f4a-87ba-d76be90215db','de8ef89e-5c4d-4924-aee6-606f1845ae25','0','Y',null,null,'waitem_totalitem','317f74f8-7bc5-4496-a51b-0648ffbfd48b','1','9ef98a3a-0a64-485e-8404-0849d1ab3f8e','2017-10-25 12:42:17',3,0)
go
insert into md_association(cascadedelete,cascadeupdate,componentid,createtime,creator,dr,endcardinality,endelementid,id,industry,isactive,modifier,modifytime,name,startbeanid,startcardinality,startelementid,ts,type,versiontype) values( null,null,'c314d979-3ddd-47a2-adb1-12c2640d9ef0',null,null,0,'1','3b6dd171-2900-47f3-bfbe-41e4483a2a65','fe7082d2-d178-4446-af36-6d8a0a620633','0','Y',null,null,'waitem_pk_group','317f74f8-7bc5-4496-a51b-0648ffbfd48b','1','212f775c-a9ba-4b76-bcb9-f413c1beb40e','2017-10-25 12:42:17',3,0)
go
insert into md_association(cascadedelete,cascadeupdate,componentid,createtime,creator,dr,endcardinality,endelementid,id,industry,isactive,modifier,modifytime,name,startbeanid,startcardinality,startelementid,ts,type,versiontype) values( null,null,'c314d979-3ddd-47a2-adb1-12c2640d9ef0',null,null,0,'1','985be8a4-3a36-4778-8afe-2d8ed3902659','ff0b1be9-7dd1-4f54-82c6-eb906ea59c47','0','Y',null,null,'waitem_pk_org','317f74f8-7bc5-4496-a51b-0648ffbfd48b','1','c9a273df-9fed-4781-83c5-128759a71bda','2017-10-25 12:42:17',3,0)
go
