--此脚本作为元数据发布时参考使用,以便开发者了解元数据信息在数据库中的记录.
--严禁将此脚本直接或修改后在数据库中执行,如由上述行为引发问题,概不支持.


delete from md_db_relation where startattrid in (select id from md_property where classid in ('5feea0da-60da-4707-9f77-da4dea35595b','@@@@' ) )  and starttableid in ('tbm_leaveplan','@@@@')
;delete from md_ORMap where ATTRIBUTEID in(select id from md_property where classid in ('5feea0da-60da-4707-9f77-da4dea35595b','@@@@' ) )  and tableid in ('tbm_leaveplan','@@@@') 
;delete from md_table where id not in (select distinct tableid from md_ormap )
;delete from md_column where  tableid in('tbm_leaveplan','@@@@') and id not in(select distinct columnid from md_ormap) and (isnull(groupid ,'~')='~' or groupid = id )  and name <> 'extend_bean_tag' 
;delete from md_column where tableid in ('tbm_leaveplan','@@@@')and groupid is not null and groupid not in( select distinct id from md_column where tableid in ('tbm_leaveplan','@@@@') ) 
;delete from md_db_relation where starttableid not in (select id from md_table)
;delete from md_property where classID in (select distinct id from md_class where componentID='144b9351-087f-487f-9dbd-0d099780f851'  )  
;delete from md_association where componentID = '144b9351-087f-487f-9dbd-0d099780f851'  
;delete from md_bizItfMap where classID in (select distinct id from md_class where componentID='144b9351-087f-487f-9dbd-0d099780f851'  )
;delete from md_bizItfMap where classID in ( select id from md_opInterface where componentID = '144b9351-087f-487f-9dbd-0d099780f851'  )
;delete from md_accessorPara where id in (select distinct id from md_class where componentID='144b9351-087f-487f-9dbd-0d099780f851'  )
;delete from md_enumValue where id in (select distinct id from md_class where componentID='144b9351-087f-487f-9dbd-0d099780f851'  ) 
;delete from md_class where componentID = '144b9351-087f-487f-9dbd-0d099780f851'  
;delete from md_component where id = '144b9351-087f-487f-9dbd-0d099780f851' 
;delete from md_table where (id='tbm_leaveplan')
;delete from md_column where (id='tbm_leaveplan@@PK@@')
;delete from md_column where (id='tbm_leaveplan@@@pk_group')
;delete from md_column where (id='tbm_leaveplan@@@pk_org')
;delete from md_column where (id='tbm_leaveplan@@@pk_org_v')
;delete from md_column where (id='tbm_leaveplan@@@pk_psndoc')
;delete from md_column where (id='tbm_leaveplan@@@pk_dept')
;delete from md_column where (id='tbm_leaveplan@@@pk_dept_v')
;delete from md_column where (id='tbm_leaveplan@@@pk_leavetype')
;delete from md_column where (id='tbm_leaveplan@@@begindate')
;delete from md_column where (id='tbm_leaveplan@@@enddate')
;delete from md_column where (id='tbm_leaveplan@@@enableddays')
;delete from md_column where (id='tbm_leaveplan@@@useddays')
;delete from md_column where (id='tbm_leaveplan@@@remaineddays')
;delete from md_column where (id='tbm_leaveplan@@@isattachment')
;delete from md_column where (id='tbm_leaveplan@@@iscontinuous')
;delete from md_column where (id='tbm_leaveplan@@@lastmaketime')
;delete from md_column where (id='tbm_leaveplan@@@billmaker')
;delete from md_column where (id='tbm_leaveplan@@@pkorg')
;delete from md_column where (id='tbm_leaveplan@@@creator')
;delete from md_column where (id='tbm_leaveplan@@@creationtime')
;delete from md_column where (id='tbm_leaveplan@@@modifier')
;delete from md_column where (id='tbm_leaveplan@@@modifiedtime')
;delete from md_column where (id='tbm_leaveplan@@@name')
;delete from md_column where (id='tbm_leaveplan@@@code')
;delete from md_column where (id='tbm_leaveplan@@@dbilldate')
;delete from md_column where (id='tbm_leaveplan@@@def1')
;delete from md_column where (id='tbm_leaveplan@@@def2')
;delete from md_column where (id='tbm_leaveplan@@@def3')
;delete from md_column where (id='tbm_leaveplan@@@def4')
;delete from md_column where (id='tbm_leaveplan@@@def5')
;delete from md_column where (id='tbm_leaveplan@@@def6')
;delete from md_column where (id='tbm_leaveplan@@@def7')
;delete from md_column where (id='tbm_leaveplan@@@def8')
;delete from md_column where (id='tbm_leaveplan@@@def9')
;delete from md_column where (id='tbm_leaveplan@@@def10')
;delete from md_column where (id='tbm_leaveplan@@@def11')
;delete from md_column where (id='tbm_leaveplan@@@def12')
;delete from md_column where (id='tbm_leaveplan@@@def13')
;delete from md_column where (id='tbm_leaveplan@@@def14')
;delete from md_column where (id='tbm_leaveplan@@@def15')
;delete from md_column where (id='tbm_leaveplan@@@def16')
;delete from md_column where (id='tbm_leaveplan@@@def17')
;delete from md_column where (id='tbm_leaveplan@@@def18')
;delete from md_column where (id='tbm_leaveplan@@@def19')
;delete from md_column where (id='tbm_leaveplan@@@def20')
;delete from md_column where (id='tbm_leaveplan@@@maketime')
;delete from md_column where (id='tbm_leaveplan@@@billcode')



;insert into md_component ( createtime, creator, description, displayname, dr, fromsourcebmf, help, id, industry, isbizmodel, modifier, modifytime, name, namespace, ownmodule, preload, resid, resmodule, ts, version, versiontype ) values (  '2018-08-13 14:34:22', null, null, '休假计划',0, 'Y', null, '144b9351-087f-487f-9dbd-0d099780f851', '0', 'N', 'YONYOU NC', '2018-09-21 14:49:37', 'leaveplan', 'hrta', 'hrta', null, null, 'leaveplan', '2018-10-12 17:16:48', '43',0 ) 
;insert into md_class ( id, accessorclassname, classtype, componentid, createtime, creator, description, displayname, dr, fullclassname, help, isactive, keyattribute, modifier, modifytime, name, parentclassid, precise, refmodelname, returntype, ts, versiontype, isprimary, defaulttablename, stereotype, isauthen, resid, bizitfimpclassname, modinfoclassname, iscreatesql, isextendbean, userdefclassname, industry, fixedlength ) values (  '5feea0da-60da-4707-9f77-da4dea35595b', 'nc.md.model.access.javamap.AggVOStyle',201, '144b9351-087f-487f-9dbd-0d099780f851', '2018-08-13 14:34:35', null, null, '休假计划',0, 'nc.vo.ta.leaveplan.LeavePlanVO', null, null, 'bafee465-d89a-49fa-bb86-222a278fef0e', 'YONYOU NC', '2018-09-21 15:32:16', 'leaveplan', null,null, null, null, '2018-10-12 17:16:48',0, 'Y', 'tbm_leaveplan', null, 'Y', null, null, null, 'Y', null, null, '0', null ) 
;insert into md_property ( id, accessorclassname, classid, createtime, creator, datatype, datatypestyle, defaultvalue, description, displayname, dr, help, isactive, hided, nullable, readonly, attrlength, attrmaxvalue, attrminvalue, modifier, modifytime, name, precise, refmodelname, attrsequence, ts, visibility, versiontype, fixedlength, calculation, isauthen, resid, customattr, notserialize, dynamicattr, dynamictable, accesspower, accesspowergroup, industry ) values (  'bafee465-d89a-49fa-bb86-222a278fef0e', null, '5feea0da-60da-4707-9f77-da4dea35595b', null, null, 'BS000010000100001051',300, null, null, '主键',0, null, 'Y', 'N', 'N', 'N',20, null, null, null, null, 'pk_leaveplan',0, null,0, '2018-10-12 17:16:48',0,0, 'N', 'N', 'Y', null, 'N', 'N', 'N', null, 'N', null, '0' ) 
;insert into md_property ( id, accessorclassname, classid, createtime, creator, datatype, datatypestyle, defaultvalue, description, displayname, dr, help, isactive, hided, nullable, readonly, attrlength, attrmaxvalue, attrminvalue, modifier, modifytime, name, precise, refmodelname, attrsequence, ts, visibility, versiontype, fixedlength, calculation, isauthen, resid, customattr, notserialize, dynamicattr, dynamictable, accesspower, accesspowergroup, industry ) values (  'e3faf3d7-f2f7-46f2-8a59-f17e09000533', null, '5feea0da-60da-4707-9f77-da4dea35595b', null, null, '3b6dd171-2900-47f3-bfbe-41e4483a2a65',305, null, null, '集团',0, null, 'Y', 'N', 'Y', 'N',20, null, null, null, null, 'pk_group',0, '集团',1, '2018-10-12 17:16:48',0,0, 'N', 'N', 'Y', null, 'N', 'N', 'N', null, 'N', null, '0' ) 
;insert into md_property ( id, accessorclassname, classid, createtime, creator, datatype, datatypestyle, defaultvalue, description, displayname, dr, help, isactive, hided, nullable, readonly, attrlength, attrmaxvalue, attrminvalue, modifier, modifytime, name, precise, refmodelname, attrsequence, ts, visibility, versiontype, fixedlength, calculation, isauthen, resid, customattr, notserialize, dynamicattr, dynamictable, accesspower, accesspowergroup, industry ) values (  '3d811f26-b7cd-49e3-8970-7861acc3967b', null, '5feea0da-60da-4707-9f77-da4dea35595b', null, null, 'f3fed5ea-72f2-4a0a-ad43-d30b1c22c86c',305, null, null, '组织',0, null, 'Y', 'N', 'Y', 'N',20, null, null, null, null, 'pk_org',0, '人力资源组织',2, '2018-10-12 17:16:48',0,0, 'N', 'N', 'Y', null, 'N', 'N', 'N', null, 'N', null, '0' ) 
;insert into md_property ( id, accessorclassname, classid, createtime, creator, datatype, datatypestyle, defaultvalue, description, displayname, dr, help, isactive, hided, nullable, readonly, attrlength, attrmaxvalue, attrminvalue, modifier, modifytime, name, precise, refmodelname, attrsequence, ts, visibility, versiontype, fixedlength, calculation, isauthen, resid, customattr, notserialize, dynamicattr, dynamictable, accesspower, accesspowergroup, industry ) values (  '3ed404ef-ec1b-42df-af08-4877566866e8', null, '5feea0da-60da-4707-9f77-da4dea35595b', null, null, 'fa902409-20fe-4c49-89ee-85ee9312174b',305, null, null, '组织版本',0, null, 'Y', 'N', 'Y', 'N',20, null, null, null, null, 'pk_org_v',0, '行政组织版本',3, '2018-10-12 17:16:48',0,0, 'N', 'N', 'Y', null, 'N', 'N', 'N', null, 'N', null, '0' ) 
;insert into md_property ( id, accessorclassname, classid, createtime, creator, datatype, datatypestyle, defaultvalue, description, displayname, dr, help, isactive, hided, nullable, readonly, attrlength, attrmaxvalue, attrminvalue, modifier, modifytime, name, precise, refmodelname, attrsequence, ts, visibility, versiontype, fixedlength, calculation, isauthen, resid, customattr, notserialize, dynamicattr, dynamictable, accesspower, accesspowergroup, industry ) values (  '929da01c-acad-4866-934d-5b23a74de0ed', null, '5feea0da-60da-4707-9f77-da4dea35595b', null, null, '40d39c26-a2b6-4f16-a018-45664cac1a1f',305, null, null, '员工',0, null, 'Y', 'N', 'Y', 'N',20, null, null, null, null, 'pk_psndoc',0, '人员',4, '2018-10-12 17:16:48',0,0, 'N', 'N', 'Y', null, 'N', 'N', 'N', null, 'N', null, '0' ) 
;insert into md_property ( id, accessorclassname, classid, createtime, creator, datatype, datatypestyle, defaultvalue, description, displayname, dr, help, isactive, hided, nullable, readonly, attrlength, attrmaxvalue, attrminvalue, modifier, modifytime, name, precise, refmodelname, attrsequence, ts, visibility, versiontype, fixedlength, calculation, isauthen, resid, customattr, notserialize, dynamicattr, dynamictable, accesspower, accesspowergroup, industry ) values (  '0bd30e6c-3cdf-474d-8828-f79db13bf746', null, '5feea0da-60da-4707-9f77-da4dea35595b', null, null, 'b26fa3cb-4087-4027-a3b6-c83ab2a086a9',305, null, null, '部门',0, null, 'Y', 'N', 'Y', 'N',20, null, null, null, null, 'pk_dept',0, '部门',5, '2018-10-12 17:16:48',0,0, 'N', 'N', 'Y', null, 'N', 'N', 'N', null, 'N', null, '0' ) 
;insert into md_property ( id, accessorclassname, classid, createtime, creator, datatype, datatypestyle, defaultvalue, description, displayname, dr, help, isactive, hided, nullable, readonly, attrlength, attrmaxvalue, attrminvalue, modifier, modifytime, name, precise, refmodelname, attrsequence, ts, visibility, versiontype, fixedlength, calculation, isauthen, resid, customattr, notserialize, dynamicattr, dynamictable, accesspower, accesspowergroup, industry ) values (  '04a1af83-e326-457b-bbf6-bc40fac5866a', null, '5feea0da-60da-4707-9f77-da4dea35595b', null, null, '66ed0cf6-e260-4f39-8fbb-172260efd677',305, null, null, '部门版本',0, null, 'Y', 'N', 'Y', 'N',20, null, null, null, null, 'pk_dept_v',0, '部门版本',6, '2018-10-12 17:16:48',0,0, 'N', 'N', 'Y', null, 'N', 'N', 'N', null, 'N', null, '0' ) 
;insert into md_property ( id, accessorclassname, classid, createtime, creator, datatype, datatypestyle, defaultvalue, description, displayname, dr, help, isactive, hided, nullable, readonly, attrlength, attrmaxvalue, attrminvalue, modifier, modifytime, name, precise, refmodelname, attrsequence, ts, visibility, versiontype, fixedlength, calculation, isauthen, resid, customattr, notserialize, dynamicattr, dynamictable, accesspower, accesspowergroup, industry ) values (  '67690c12-36c7-4a08-959d-8c948e0f9e89', null, '5feea0da-60da-4707-9f77-da4dea35595b', null, null, 'f4c25f30-3235-4d3a-bd96-5c0fbbec74fa',305, null, null, '休假类别',0, null, 'Y', 'N', 'Y', 'N',20, null, null, null, null, 'pk_leavetype',0, '休假类别',7, '2018-10-12 17:16:48',0,0, 'N', 'N', 'Y', null, 'N', 'N', 'N', null, 'N', null, '0' ) 
;insert into md_property ( id, accessorclassname, classid, createtime, creator, datatype, datatypestyle, defaultvalue, description, displayname, dr, help, isactive, hided, nullable, readonly, attrlength, attrmaxvalue, attrminvalue, modifier, modifytime, name, precise, refmodelname, attrsequence, ts, visibility, versiontype, fixedlength, calculation, isauthen, resid, customattr, notserialize, dynamicattr, dynamictable, accesspower, accesspowergroup, industry ) values (  '5b93b697-0991-4e76-89d0-1ced18561190', null, '5feea0da-60da-4707-9f77-da4dea35595b', null, null, 'BS000010000100001039',300, null, null, '可休开始日期',0, null, 'Y', 'N', 'Y', 'N',10, null, null, null, null, 'begindate',0, null,8, '2018-10-12 17:16:48',0,0, 'N', 'N', 'Y', null, 'N', 'N', 'N', null, 'N', null, '0' ) 
;insert into md_property ( id, accessorclassname, classid, createtime, creator, datatype, datatypestyle, defaultvalue, description, displayname, dr, help, isactive, hided, nullable, readonly, attrlength, attrmaxvalue, attrminvalue, modifier, modifytime, name, precise, refmodelname, attrsequence, ts, visibility, versiontype, fixedlength, calculation, isauthen, resid, customattr, notserialize, dynamicattr, dynamictable, accesspower, accesspowergroup, industry ) values (  'e07dfbcc-9cca-47db-bd27-01e93ade2257', null, '5feea0da-60da-4707-9f77-da4dea35595b', null, null, 'BS000010000100001039',300, null, null, '可休结束日期',0, null, 'Y', 'N', 'Y', 'N',10, null, null, null, null, 'enddate',0, null,9, '2018-10-12 17:16:48',0,0, 'N', 'N', 'Y', null, 'N', 'N', 'N', null, 'N', null, '0' ) 
;insert into md_property ( id, accessorclassname, classid, createtime, creator, datatype, datatypestyle, defaultvalue, description, displayname, dr, help, isactive, hided, nullable, readonly, attrlength, attrmaxvalue, attrminvalue, modifier, modifytime, name, precise, refmodelname, attrsequence, ts, visibility, versiontype, fixedlength, calculation, isauthen, resid, customattr, notserialize, dynamicattr, dynamictable, accesspower, accesspowergroup, industry ) values (  '46e34059-af16-4876-81fb-d3db46b45d2c', null, '5feea0da-60da-4707-9f77-da4dea35595b', null, null, 'BS000010000100001004',300, null, null, '可休天数',0, null, 'Y', 'N', 'Y', 'N',0, null, null, null, null, 'enableddays',0, null,10, '2018-10-12 17:16:48',0,0, 'N', 'N', 'Y', null, 'N', 'N', 'N', null, 'N', null, '0' ) 
;insert into md_property ( id, accessorclassname, classid, createtime, creator, datatype, datatypestyle, defaultvalue, description, displayname, dr, help, isactive, hided, nullable, readonly, attrlength, attrmaxvalue, attrminvalue, modifier, modifytime, name, precise, refmodelname, attrsequence, ts, visibility, versiontype, fixedlength, calculation, isauthen, resid, customattr, notserialize, dynamicattr, dynamictable, accesspower, accesspowergroup, industry ) values (  '1afab903-0bfb-44d9-a82f-d0f4dd6a35f9', null, '5feea0da-60da-4707-9f77-da4dea35595b', null, null, 'BS000010000100001004',300, null, null, '已休天数',0, null, 'Y', 'N', 'Y', 'N',0, null, null, null, null, 'useddays',0, null,11, '2018-10-12 17:16:48',0,0, 'N', 'N', 'Y', null, 'N', 'N', 'N', null, 'N', null, '0' ) 
;insert into md_property ( id, accessorclassname, classid, createtime, creator, datatype, datatypestyle, defaultvalue, description, displayname, dr, help, isactive, hided, nullable, readonly, attrlength, attrmaxvalue, attrminvalue, modifier, modifytime, name, precise, refmodelname, attrsequence, ts, visibility, versiontype, fixedlength, calculation, isauthen, resid, customattr, notserialize, dynamicattr, dynamictable, accesspower, accesspowergroup, industry ) values (  'bf59cabf-7607-4351-ba8e-3ef4a16b7adc', null, '5feea0da-60da-4707-9f77-da4dea35595b', null, null, 'BS000010000100001004',300, null, null, '剩余天数',0, null, 'Y', 'N', 'Y', 'N',0, null, null, null, null, 'remaineddays',0, null,12, '2018-10-12 17:16:48',0,0, 'N', 'N', 'Y', null, 'N', 'N', 'N', null, 'N', null, '0' ) 
;insert into md_property ( id, accessorclassname, classid, createtime, creator, datatype, datatypestyle, defaultvalue, description, displayname, dr, help, isactive, hided, nullable, readonly, attrlength, attrmaxvalue, attrminvalue, modifier, modifytime, name, precise, refmodelname, attrsequence, ts, visibility, versiontype, fixedlength, calculation, isauthen, resid, customattr, notserialize, dynamicattr, dynamictable, accesspower, accesspowergroup, industry ) values (  'a956d323-8174-4d11-9c78-a9ea5306efe0', null, '5feea0da-60da-4707-9f77-da4dea35595b', null, null, 'BS000010000100001032',300, null, null, '是否附件',0, null, 'Y', 'N', 'Y', 'N',1, null, null, null, null, 'isattachment',0, null,13, '2018-10-12 17:16:48',0,0, 'N', 'N', 'Y', null, 'N', 'N', 'N', null, 'N', null, '0' ) 
;insert into md_property ( id, accessorclassname, classid, createtime, creator, datatype, datatypestyle, defaultvalue, description, displayname, dr, help, isactive, hided, nullable, readonly, attrlength, attrmaxvalue, attrminvalue, modifier, modifytime, name, precise, refmodelname, attrsequence, ts, visibility, versiontype, fixedlength, calculation, isauthen, resid, customattr, notserialize, dynamicattr, dynamictable, accesspower, accesspowergroup, industry ) values (  'e1c7b0ca-c3fa-49ca-be72-693767de0a2c', null, '5feea0da-60da-4707-9f77-da4dea35595b', null, null, 'BS000010000100001032',300, null, null, '是否连续假',0, null, 'Y', 'N', 'Y', 'N',1, null, null, null, null, 'iscontinuous',0, null,14, '2018-10-12 17:16:48',0,0, 'N', 'N', 'Y', null, 'N', 'N', 'N', null, 'N', null, '0' ) 
;insert into md_property ( id, accessorclassname, classid, createtime, creator, datatype, datatypestyle, defaultvalue, description, displayname, dr, help, isactive, hided, nullable, readonly, attrlength, attrmaxvalue, attrminvalue, modifier, modifytime, name, precise, refmodelname, attrsequence, ts, visibility, versiontype, fixedlength, calculation, isauthen, resid, customattr, notserialize, dynamicattr, dynamictable, accesspower, accesspowergroup, industry ) values (  'd3c732b7-3ef2-40a4-bc39-79e5d75cb088', null, '5feea0da-60da-4707-9f77-da4dea35595b', null, null, 'BS000010000100001033',300, null, null, '最后修改时间',0, null, 'Y', 'N', 'Y', 'N',19, null, null, null, null, 'lastmaketime',0, null,15, '2018-10-12 17:16:48',0,0, 'N', 'N', 'Y', null, 'N', 'N', 'N', null, 'N', null, '0' ) 
;insert into md_property ( id, accessorclassname, classid, createtime, creator, datatype, datatypestyle, defaultvalue, description, displayname, dr, help, isactive, hided, nullable, readonly, attrlength, attrmaxvalue, attrminvalue, modifier, modifytime, name, precise, refmodelname, attrsequence, ts, visibility, versiontype, fixedlength, calculation, isauthen, resid, customattr, notserialize, dynamicattr, dynamictable, accesspower, accesspowergroup, industry ) values (  '9771bb15-3a1d-44fa-a6a5-4710c5175527', null, '5feea0da-60da-4707-9f77-da4dea35595b', null, null, 'BS000010000100001001',300, null, null, '制单人',0, null, 'Y', 'N', 'Y', 'N',50, null, null, null, null, 'billmaker',0, null,16, '2018-10-12 17:16:48',0,0, 'N', 'N', 'Y', null, 'N', 'N', 'N', null, 'N', null, '0' ) 
;insert into md_property ( id, accessorclassname, classid, createtime, creator, datatype, datatypestyle, defaultvalue, description, displayname, dr, help, isactive, hided, nullable, readonly, attrlength, attrmaxvalue, attrminvalue, modifier, modifytime, name, precise, refmodelname, attrsequence, ts, visibility, versiontype, fixedlength, calculation, isauthen, resid, customattr, notserialize, dynamicattr, dynamictable, accesspower, accesspowergroup, industry ) values (  'c476389e-6a8a-4c74-ad9a-3334330f4c46', null, '5feea0da-60da-4707-9f77-da4dea35595b', null, null, 'BS000010000100001001',300, null, null, '所属组织',0, null, 'Y', 'N', 'Y', 'N',50, null, null, null, null, 'pkorg',0, null,17, '2018-10-12 17:16:48',0,0, 'N', 'N', 'Y', null, 'N', 'N', 'N', null, 'N', null, '0' ) 
;insert into md_property ( id, accessorclassname, classid, createtime, creator, datatype, datatypestyle, defaultvalue, description, displayname, dr, help, isactive, hided, nullable, readonly, attrlength, attrmaxvalue, attrminvalue, modifier, modifytime, name, precise, refmodelname, attrsequence, ts, visibility, versiontype, fixedlength, calculation, isauthen, resid, customattr, notserialize, dynamicattr, dynamictable, accesspower, accesspowergroup, industry ) values (  '57c2c728-258a-4bf7-afe8-67346588f5d2', null, '5feea0da-60da-4707-9f77-da4dea35595b', null, null, 'f6f9a473-56c0-432f-8bc7-fbf8fde54fee',305, null, null, '创建人',0, null, 'Y', 'N', 'Y', 'N',20, null, null, null, null, 'creator',0, '用户',18, '2018-10-12 17:16:48',0,0, 'N', 'N', 'Y', null, 'N', 'N', 'N', null, 'N', null, '0' ) 
;insert into md_property ( id, accessorclassname, classid, createtime, creator, datatype, datatypestyle, defaultvalue, description, displayname, dr, help, isactive, hided, nullable, readonly, attrlength, attrmaxvalue, attrminvalue, modifier, modifytime, name, precise, refmodelname, attrsequence, ts, visibility, versiontype, fixedlength, calculation, isauthen, resid, customattr, notserialize, dynamicattr, dynamictable, accesspower, accesspowergroup, industry ) values (  '1e85e211-93ad-4c4e-82cd-c619664294a5', null, '5feea0da-60da-4707-9f77-da4dea35595b', null, null, 'BS000010000100001033',300, null, null, '创建时间',0, null, 'Y', 'N', 'Y', 'N',19, null, null, null, null, 'creationtime',0, null,19, '2018-10-12 17:16:48',0,0, 'N', 'N', 'Y', null, 'N', 'N', 'N', null, 'N', null, '0' ) 
;insert into md_property ( id, accessorclassname, classid, createtime, creator, datatype, datatypestyle, defaultvalue, description, displayname, dr, help, isactive, hided, nullable, readonly, attrlength, attrmaxvalue, attrminvalue, modifier, modifytime, name, precise, refmodelname, attrsequence, ts, visibility, versiontype, fixedlength, calculation, isauthen, resid, customattr, notserialize, dynamicattr, dynamictable, accesspower, accesspowergroup, industry ) values (  '334b60d0-6ee6-46bf-9f4a-721d1d7fce1c', null, '5feea0da-60da-4707-9f77-da4dea35595b', null, null, 'f6f9a473-56c0-432f-8bc7-fbf8fde54fee',305, null, null, '修改人',0, null, 'Y', 'N', 'Y', 'N',20, null, null, null, null, 'modifier',0, '用户',20, '2018-10-12 17:16:48',0,0, 'N', 'N', 'Y', null, 'N', 'N', 'N', null, 'N', null, '0' ) 
;insert into md_property ( id, accessorclassname, classid, createtime, creator, datatype, datatypestyle, defaultvalue, description, displayname, dr, help, isactive, hided, nullable, readonly, attrlength, attrmaxvalue, attrminvalue, modifier, modifytime, name, precise, refmodelname, attrsequence, ts, visibility, versiontype, fixedlength, calculation, isauthen, resid, customattr, notserialize, dynamicattr, dynamictable, accesspower, accesspowergroup, industry ) values (  '756cd289-8f61-4781-8a24-a6e243d1dae8', null, '5feea0da-60da-4707-9f77-da4dea35595b', null, null, 'BS000010000100001034',300, null, null, '修改时间',0, null, 'Y', 'N', 'Y', 'N',19, null, null, null, null, 'modifiedtime',0, null,21, '2018-10-12 17:16:48',0,0, 'N', 'N', 'Y', null, 'N', 'N', 'N', null, 'N', null, '0' ) 
;insert into md_property ( id, accessorclassname, classid, createtime, creator, datatype, datatypestyle, defaultvalue, description, displayname, dr, help, isactive, hided, nullable, readonly, attrlength, attrmaxvalue, attrminvalue, modifier, modifytime, name, precise, refmodelname, attrsequence, ts, visibility, versiontype, fixedlength, calculation, isauthen, resid, customattr, notserialize, dynamicattr, dynamictable, accesspower, accesspowergroup, industry ) values (  'd6b00aff-f509-4501-b3c3-03c224101e91', null, '5feea0da-60da-4707-9f77-da4dea35595b', null, null, 'BS000010000100001001',300, null, null, 'name',0, null, 'Y', 'N', 'Y', 'N',50, null, null, null, null, 'name',0, null,22, '2018-10-12 17:16:48',0,0, 'N', 'N', 'Y', null, 'N', 'N', 'N', null, 'N', null, '0' ) 
;insert into md_property ( id, accessorclassname, classid, createtime, creator, datatype, datatypestyle, defaultvalue, description, displayname, dr, help, isactive, hided, nullable, readonly, attrlength, attrmaxvalue, attrminvalue, modifier, modifytime, name, precise, refmodelname, attrsequence, ts, visibility, versiontype, fixedlength, calculation, isauthen, resid, customattr, notserialize, dynamicattr, dynamictable, accesspower, accesspowergroup, industry ) values (  'e833f575-6bf5-45ac-8bd1-1d7ac1cb7dcb', null, '5feea0da-60da-4707-9f77-da4dea35595b', null, null, 'BS000010000100001001',300, null, null, 'code',0, null, 'Y', 'N', 'Y', 'N',50, null, null, null, null, 'code',0, null,23, '2018-10-12 17:16:48',0,0, 'N', 'N', 'Y', null, 'N', 'N', 'N', null, 'N', null, '0' ) 
;insert into md_property ( id, accessorclassname, classid, createtime, creator, datatype, datatypestyle, defaultvalue, description, displayname, dr, help, isactive, hided, nullable, readonly, attrlength, attrmaxvalue, attrminvalue, modifier, modifytime, name, precise, refmodelname, attrsequence, ts, visibility, versiontype, fixedlength, calculation, isauthen, resid, customattr, notserialize, dynamicattr, dynamictable, accesspower, accesspowergroup, industry ) values (  'f5ccf258-b84e-400e-b58d-1acbe504d0a2', null, '5feea0da-60da-4707-9f77-da4dea35595b', null, null, 'BS000010000100001033',300, null, null, '单据日期',0, null, 'Y', 'N', 'Y', 'N',19, null, null, null, null, 'dbilldate',0, null,24, '2018-10-12 17:16:48',0,0, 'N', 'N', 'Y', null, 'N', 'N', 'N', null, 'N', null, '0' ) 
;insert into md_property ( id, accessorclassname, classid, createtime, creator, datatype, datatypestyle, defaultvalue, description, displayname, dr, help, isactive, hided, nullable, readonly, attrlength, attrmaxvalue, attrminvalue, modifier, modifytime, name, precise, refmodelname, attrsequence, ts, visibility, versiontype, fixedlength, calculation, isauthen, resid, customattr, notserialize, dynamicattr, dynamictable, accesspower, accesspowergroup, industry ) values (  'dff45dc2-4b7b-4f32-b102-397b6587f740', null, '5feea0da-60da-4707-9f77-da4dea35595b', null, null, 'BS000010000100001056',300, null, null, '自定义项1',0, null, 'Y', 'N', 'Y', 'N',101, null, null, null, null, 'def1',0, null,25, '2018-10-12 17:16:48',0,0, 'N', 'N', 'Y', null, 'Y', 'N', 'N', null, 'N', null, '0' ) 
;insert into md_property ( id, accessorclassname, classid, createtime, creator, datatype, datatypestyle, defaultvalue, description, displayname, dr, help, isactive, hided, nullable, readonly, attrlength, attrmaxvalue, attrminvalue, modifier, modifytime, name, precise, refmodelname, attrsequence, ts, visibility, versiontype, fixedlength, calculation, isauthen, resid, customattr, notserialize, dynamicattr, dynamictable, accesspower, accesspowergroup, industry ) values (  '5dc0243d-70e8-4c91-ae6f-95675200f3b4', null, '5feea0da-60da-4707-9f77-da4dea35595b', null, null, 'BS000010000100001056',300, null, null, '自定义项2',0, null, 'Y', 'N', 'Y', 'N',101, null, null, null, null, 'def2',0, null,26, '2018-10-12 17:16:48',0,0, 'N', 'N', 'Y', null, 'Y', 'N', 'N', null, 'N', null, '0' ) 
;insert into md_property ( id, accessorclassname, classid, createtime, creator, datatype, datatypestyle, defaultvalue, description, displayname, dr, help, isactive, hided, nullable, readonly, attrlength, attrmaxvalue, attrminvalue, modifier, modifytime, name, precise, refmodelname, attrsequence, ts, visibility, versiontype, fixedlength, calculation, isauthen, resid, customattr, notserialize, dynamicattr, dynamictable, accesspower, accesspowergroup, industry ) values (  '2cecb0ab-30ac-4ffb-9502-1b13790ff162', null, '5feea0da-60da-4707-9f77-da4dea35595b', null, null, 'BS000010000100001056',300, null, null, '自定义项3',0, null, 'Y', 'N', 'Y', 'N',101, null, null, null, null, 'def3',0, null,27, '2018-10-12 17:16:48',0,0, 'N', 'N', 'Y', null, 'Y', 'N', 'N', null, 'N', null, '0' ) 
;insert into md_property ( id, accessorclassname, classid, createtime, creator, datatype, datatypestyle, defaultvalue, description, displayname, dr, help, isactive, hided, nullable, readonly, attrlength, attrmaxvalue, attrminvalue, modifier, modifytime, name, precise, refmodelname, attrsequence, ts, visibility, versiontype, fixedlength, calculation, isauthen, resid, customattr, notserialize, dynamicattr, dynamictable, accesspower, accesspowergroup, industry ) values (  '1062da08-27a9-4587-a14c-c92786ebd449', null, '5feea0da-60da-4707-9f77-da4dea35595b', null, null, 'BS000010000100001056',300, null, null, '自定义项4',0, null, 'Y', 'N', 'Y', 'N',101, null, null, null, null, 'def4',0, null,28, '2018-10-12 17:16:48',0,0, 'N', 'N', 'Y', null, 'Y', 'N', 'N', null, 'N', null, '0' ) 
;insert into md_property ( id, accessorclassname, classid, createtime, creator, datatype, datatypestyle, defaultvalue, description, displayname, dr, help, isactive, hided, nullable, readonly, attrlength, attrmaxvalue, attrminvalue, modifier, modifytime, name, precise, refmodelname, attrsequence, ts, visibility, versiontype, fixedlength, calculation, isauthen, resid, customattr, notserialize, dynamicattr, dynamictable, accesspower, accesspowergroup, industry ) values (  '2d250a10-8f86-4a0f-8f81-a1df8374164a', null, '5feea0da-60da-4707-9f77-da4dea35595b', null, null, 'BS000010000100001056',300, null, null, '自定义项5',0, null, 'Y', 'N', 'Y', 'N',101, null, null, null, null, 'def5',0, null,29, '2018-10-12 17:16:48',0,0, 'N', 'N', 'Y', null, 'Y', 'N', 'N', null, 'N', null, '0' ) 
;insert into md_property ( id, accessorclassname, classid, createtime, creator, datatype, datatypestyle, defaultvalue, description, displayname, dr, help, isactive, hided, nullable, readonly, attrlength, attrmaxvalue, attrminvalue, modifier, modifytime, name, precise, refmodelname, attrsequence, ts, visibility, versiontype, fixedlength, calculation, isauthen, resid, customattr, notserialize, dynamicattr, dynamictable, accesspower, accesspowergroup, industry ) values (  'cfcb9b3f-e4ab-4866-87b0-12a0a75c435f', null, '5feea0da-60da-4707-9f77-da4dea35595b', null, null, 'BS000010000100001056',300, null, null, '自定义项6',0, null, 'Y', 'N', 'Y', 'N',101, null, null, null, null, 'def6',0, null,30, '2018-10-12 17:16:48',0,0, 'N', 'N', 'Y', null, 'Y', 'N', 'N', null, 'N', null, '0' ) 
;insert into md_property ( id, accessorclassname, classid, createtime, creator, datatype, datatypestyle, defaultvalue, description, displayname, dr, help, isactive, hided, nullable, readonly, attrlength, attrmaxvalue, attrminvalue, modifier, modifytime, name, precise, refmodelname, attrsequence, ts, visibility, versiontype, fixedlength, calculation, isauthen, resid, customattr, notserialize, dynamicattr, dynamictable, accesspower, accesspowergroup, industry ) values (  '234bb3a5-d6ab-49e0-9018-7918af5441cc', null, '5feea0da-60da-4707-9f77-da4dea35595b', null, null, 'BS000010000100001056',300, null, null, '自定义项7',0, null, 'Y', 'N', 'Y', 'N',101, null, null, null, null, 'def7',0, null,31, '2018-10-12 17:16:48',0,0, 'N', 'N', 'Y', null, 'Y', 'N', 'N', null, 'N', null, '0' ) 
;insert into md_property ( id, accessorclassname, classid, createtime, creator, datatype, datatypestyle, defaultvalue, description, displayname, dr, help, isactive, hided, nullable, readonly, attrlength, attrmaxvalue, attrminvalue, modifier, modifytime, name, precise, refmodelname, attrsequence, ts, visibility, versiontype, fixedlength, calculation, isauthen, resid, customattr, notserialize, dynamicattr, dynamictable, accesspower, accesspowergroup, industry ) values (  'b22b1d58-6e94-4df0-9ba0-7211c731d9c9', null, '5feea0da-60da-4707-9f77-da4dea35595b', null, null, 'BS000010000100001056',300, null, null, '自定义项8',0, null, 'Y', 'N', 'Y', 'N',101, null, null, null, null, 'def8',0, null,32, '2018-10-12 17:16:48',0,0, 'N', 'N', 'Y', null, 'Y', 'N', 'N', null, 'N', null, '0' ) 
;insert into md_property ( id, accessorclassname, classid, createtime, creator, datatype, datatypestyle, defaultvalue, description, displayname, dr, help, isactive, hided, nullable, readonly, attrlength, attrmaxvalue, attrminvalue, modifier, modifytime, name, precise, refmodelname, attrsequence, ts, visibility, versiontype, fixedlength, calculation, isauthen, resid, customattr, notserialize, dynamicattr, dynamictable, accesspower, accesspowergroup, industry ) values (  'a5f37b81-e36e-4ba0-a324-18c7022b6c0a', null, '5feea0da-60da-4707-9f77-da4dea35595b', null, null, 'BS000010000100001056',300, null, null, '自定义项9',0, null, 'Y', 'N', 'Y', 'N',101, null, null, null, null, 'def9',0, null,33, '2018-10-12 17:16:48',0,0, 'N', 'N', 'Y', null, 'Y', 'N', 'N', null, 'N', null, '0' ) 
;insert into md_property ( id, accessorclassname, classid, createtime, creator, datatype, datatypestyle, defaultvalue, description, displayname, dr, help, isactive, hided, nullable, readonly, attrlength, attrmaxvalue, attrminvalue, modifier, modifytime, name, precise, refmodelname, attrsequence, ts, visibility, versiontype, fixedlength, calculation, isauthen, resid, customattr, notserialize, dynamicattr, dynamictable, accesspower, accesspowergroup, industry ) values (  '96102443-2586-4573-968e-2fca1541e6eb', null, '5feea0da-60da-4707-9f77-da4dea35595b', null, null, 'BS000010000100001056',300, null, null, '自定义项10',0, null, 'Y', 'N', 'Y', 'N',101, null, null, null, null, 'def10',0, null,34, '2018-10-12 17:16:48',0,0, 'N', 'N', 'Y', null, 'Y', 'N', 'N', null, 'N', null, '0' ) 
;insert into md_property ( id, accessorclassname, classid, createtime, creator, datatype, datatypestyle, defaultvalue, description, displayname, dr, help, isactive, hided, nullable, readonly, attrlength, attrmaxvalue, attrminvalue, modifier, modifytime, name, precise, refmodelname, attrsequence, ts, visibility, versiontype, fixedlength, calculation, isauthen, resid, customattr, notserialize, dynamicattr, dynamictable, accesspower, accesspowergroup, industry ) values (  '4ea3c77e-3ccc-4604-b9e1-829aff684e28', null, '5feea0da-60da-4707-9f77-da4dea35595b', null, null, 'BS000010000100001056',300, null, null, '自定义项11',0, null, 'Y', 'N', 'Y', 'N',101, null, null, null, null, 'def11',0, null,35, '2018-10-12 17:16:48',0,0, 'N', 'N', 'Y', null, 'Y', 'N', 'N', null, 'N', null, '0' ) 
;insert into md_property ( id, accessorclassname, classid, createtime, creator, datatype, datatypestyle, defaultvalue, description, displayname, dr, help, isactive, hided, nullable, readonly, attrlength, attrmaxvalue, attrminvalue, modifier, modifytime, name, precise, refmodelname, attrsequence, ts, visibility, versiontype, fixedlength, calculation, isauthen, resid, customattr, notserialize, dynamicattr, dynamictable, accesspower, accesspowergroup, industry ) values (  '61bd28b2-ac0a-4e2b-aea0-16bb520b2cdb', null, '5feea0da-60da-4707-9f77-da4dea35595b', null, null, 'BS000010000100001056',300, null, null, '自定义项12',0, null, 'Y', 'N', 'Y', 'N',101, null, null, null, null, 'def12',0, null,36, '2018-10-12 17:16:48',0,0, 'N', 'N', 'Y', null, 'Y', 'N', 'N', null, 'N', null, '0' ) 
;insert into md_property ( id, accessorclassname, classid, createtime, creator, datatype, datatypestyle, defaultvalue, description, displayname, dr, help, isactive, hided, nullable, readonly, attrlength, attrmaxvalue, attrminvalue, modifier, modifytime, name, precise, refmodelname, attrsequence, ts, visibility, versiontype, fixedlength, calculation, isauthen, resid, customattr, notserialize, dynamicattr, dynamictable, accesspower, accesspowergroup, industry ) values (  '695289bc-5108-4830-9940-61ac51319473', null, '5feea0da-60da-4707-9f77-da4dea35595b', null, null, 'BS000010000100001056',300, null, null, '自定义项13',0, null, 'Y', 'N', 'Y', 'N',101, null, null, null, null, 'def13',0, null,37, '2018-10-12 17:16:48',0,0, 'N', 'N', 'Y', null, 'Y', 'N', 'N', null, 'N', null, '0' ) 
;insert into md_property ( id, accessorclassname, classid, createtime, creator, datatype, datatypestyle, defaultvalue, description, displayname, dr, help, isactive, hided, nullable, readonly, attrlength, attrmaxvalue, attrminvalue, modifier, modifytime, name, precise, refmodelname, attrsequence, ts, visibility, versiontype, fixedlength, calculation, isauthen, resid, customattr, notserialize, dynamicattr, dynamictable, accesspower, accesspowergroup, industry ) values (  '05def306-7512-40be-8224-f0eaa809568d', null, '5feea0da-60da-4707-9f77-da4dea35595b', null, null, 'BS000010000100001056',300, null, null, '自定义项14',0, null, 'Y', 'N', 'Y', 'N',101, null, null, null, null, 'def14',0, null,38, '2018-10-12 17:16:48',0,0, 'N', 'N', 'Y', null, 'Y', 'N', 'N', null, 'N', null, '0' ) 
;insert into md_property ( id, accessorclassname, classid, createtime, creator, datatype, datatypestyle, defaultvalue, description, displayname, dr, help, isactive, hided, nullable, readonly, attrlength, attrmaxvalue, attrminvalue, modifier, modifytime, name, precise, refmodelname, attrsequence, ts, visibility, versiontype, fixedlength, calculation, isauthen, resid, customattr, notserialize, dynamicattr, dynamictable, accesspower, accesspowergroup, industry ) values (  '31318517-256a-49e8-af13-800a1cd1007c', null, '5feea0da-60da-4707-9f77-da4dea35595b', null, null, 'BS000010000100001056',300, null, null, '自定义项15',0, null, 'Y', 'N', 'Y', 'N',101, null, null, null, null, 'def15',0, null,39, '2018-10-12 17:16:48',0,0, 'N', 'N', 'Y', null, 'Y', 'N', 'N', null, 'N', null, '0' ) 
;insert into md_property ( id, accessorclassname, classid, createtime, creator, datatype, datatypestyle, defaultvalue, description, displayname, dr, help, isactive, hided, nullable, readonly, attrlength, attrmaxvalue, attrminvalue, modifier, modifytime, name, precise, refmodelname, attrsequence, ts, visibility, versiontype, fixedlength, calculation, isauthen, resid, customattr, notserialize, dynamicattr, dynamictable, accesspower, accesspowergroup, industry ) values (  'fad23d1b-bb69-48a8-93e1-755d81d69bb5', null, '5feea0da-60da-4707-9f77-da4dea35595b', null, null, 'BS000010000100001056',300, null, null, '自定义项16',0, null, 'Y', 'N', 'Y', 'N',101, null, null, null, null, 'def16',0, null,40, '2018-10-12 17:16:48',0,0, 'N', 'N', 'Y', null, 'Y', 'N', 'N', null, 'N', null, '0' ) 
;insert into md_property ( id, accessorclassname, classid, createtime, creator, datatype, datatypestyle, defaultvalue, description, displayname, dr, help, isactive, hided, nullable, readonly, attrlength, attrmaxvalue, attrminvalue, modifier, modifytime, name, precise, refmodelname, attrsequence, ts, visibility, versiontype, fixedlength, calculation, isauthen, resid, customattr, notserialize, dynamicattr, dynamictable, accesspower, accesspowergroup, industry ) values (  '72e16782-0d11-42a9-a67a-5f015ff67acd', null, '5feea0da-60da-4707-9f77-da4dea35595b', null, null, 'BS000010000100001056',300, null, null, '自定义项17',0, null, 'Y', 'N', 'Y', 'N',101, null, null, null, null, 'def17',0, null,41, '2018-10-12 17:16:48',0,0, 'N', 'N', 'Y', null, 'Y', 'N', 'N', null, 'N', null, '0' ) 
;insert into md_property ( id, accessorclassname, classid, createtime, creator, datatype, datatypestyle, defaultvalue, description, displayname, dr, help, isactive, hided, nullable, readonly, attrlength, attrmaxvalue, attrminvalue, modifier, modifytime, name, precise, refmodelname, attrsequence, ts, visibility, versiontype, fixedlength, calculation, isauthen, resid, customattr, notserialize, dynamicattr, dynamictable, accesspower, accesspowergroup, industry ) values (  '7417cc26-9b5a-47be-85df-ec29bcfb93a9', null, '5feea0da-60da-4707-9f77-da4dea35595b', null, null, 'BS000010000100001056',300, null, null, '自定义项18',0, null, 'Y', 'N', 'Y', 'N',101, null, null, null, null, 'def18',0, null,42, '2018-10-12 17:16:48',0,0, 'N', 'N', 'Y', null, 'Y', 'N', 'N', null, 'N', null, '0' ) 
;insert into md_property ( id, accessorclassname, classid, createtime, creator, datatype, datatypestyle, defaultvalue, description, displayname, dr, help, isactive, hided, nullable, readonly, attrlength, attrmaxvalue, attrminvalue, modifier, modifytime, name, precise, refmodelname, attrsequence, ts, visibility, versiontype, fixedlength, calculation, isauthen, resid, customattr, notserialize, dynamicattr, dynamictable, accesspower, accesspowergroup, industry ) values (  '7a43fadf-02b5-40f0-b8c6-1dc3fa70e6bb', null, '5feea0da-60da-4707-9f77-da4dea35595b', null, null, 'BS000010000100001056',300, null, null, '自定义项19',0, null, 'Y', 'N', 'Y', 'N',101, null, null, null, null, 'def19',0, null,43, '2018-10-12 17:16:48',0,0, 'N', 'N', 'Y', null, 'Y', 'N', 'N', null, 'N', null, '0' ) 
;insert into md_property ( id, accessorclassname, classid, createtime, creator, datatype, datatypestyle, defaultvalue, description, displayname, dr, help, isactive, hided, nullable, readonly, attrlength, attrmaxvalue, attrminvalue, modifier, modifytime, name, precise, refmodelname, attrsequence, ts, visibility, versiontype, fixedlength, calculation, isauthen, resid, customattr, notserialize, dynamicattr, dynamictable, accesspower, accesspowergroup, industry ) values (  '5ce7d260-80aa-4b8b-b755-bbe5a82864e4', null, '5feea0da-60da-4707-9f77-da4dea35595b', null, null, 'BS000010000100001056',300, null, null, '自定义项20',0, null, 'Y', 'N', 'Y', 'N',101, null, null, null, null, 'def20',0, null,44, '2018-10-12 17:16:48',0,0, 'N', 'N', 'Y', null, 'Y', 'N', 'N', null, 'N', null, '0' ) 
;insert into md_property ( id, accessorclassname, classid, createtime, creator, datatype, datatypestyle, defaultvalue, description, displayname, dr, help, isactive, hided, nullable, readonly, attrlength, attrmaxvalue, attrminvalue, modifier, modifytime, name, precise, refmodelname, attrsequence, ts, visibility, versiontype, fixedlength, calculation, isauthen, resid, customattr, notserialize, dynamicattr, dynamictable, accesspower, accesspowergroup, industry ) values (  '1cdec2ad-9a48-403c-b325-b011655a1f2f', null, '5feea0da-60da-4707-9f77-da4dea35595b', null, null, 'BS000010000100001034',300, null, null, '制单时间',0, null, 'Y', 'N', 'Y', 'N',19, null, null, null, null, 'maketime',0, null,45, '2018-10-12 17:16:48',0,0, 'N', 'N', 'Y', null, 'N', 'N', 'N', null, 'N', null, '0' ) 
;insert into md_property ( id, accessorclassname, classid, createtime, creator, datatype, datatypestyle, defaultvalue, description, displayname, dr, help, isactive, hided, nullable, readonly, attrlength, attrmaxvalue, attrminvalue, modifier, modifytime, name, precise, refmodelname, attrsequence, ts, visibility, versiontype, fixedlength, calculation, isauthen, resid, customattr, notserialize, dynamicattr, dynamictable, accesspower, accesspowergroup, industry ) values (  '61a3ca2c-f946-4628-9b51-96583c8d0d81', null, '5feea0da-60da-4707-9f77-da4dea35595b', null, null, 'BS000010000100001001',300, null, null, '单据编码',0, null, 'Y', 'N', 'Y', 'N',50, null, null, null, null, 'billcode',0, null,46, '2018-10-12 17:16:48',0,0, 'N', 'N', 'Y', null, 'N', 'N', 'N', null, 'N', null, '0' ) 
;insert into md_accessorPara ( id, dr, paravalue, assosequence, ts, versiontype, industry ) values (  '5feea0da-60da-4707-9f77-da4dea35595b',0, 'nc.vo.ta.leaveplan.AggLeavePlanVO',0, '2018-10-12 17:16:48',null, null ) 
;insert into md_bizItfMap ( bizinterfaceid, intattrid, classid, classattrid, bizitfimpclassname, classattrpath, dr, ts ) values (  'ede1e93f-a86e-4588-b441-9db78f30219f', '72145ab5-b7fa-448e-ad62-8e13cd547191', '5feea0da-60da-4707-9f77-da4dea35595b', '3d811f26-b7cd-49e3-8970-7861acc3967b', null, null,0, '2018-10-12 17:16:48' ) 
;insert into md_bizItfMap ( bizinterfaceid, intattrid, classid, classattrid, bizitfimpclassname, classattrpath, dr, ts ) values (  'ede1e93f-a86e-4588-b441-9db78f30219f', '0c37faa9-6e38-4e27-b596-dabc8d5ad732', '5feea0da-60da-4707-9f77-da4dea35595b', '3ed404ef-ec1b-42df-af08-4877566866e8', null, null,0, '2018-10-12 17:16:48' ) 
;insert into md_bizItfMap ( bizinterfaceid, intattrid, classid, classattrid, bizitfimpclassname, classattrpath, dr, ts ) values (  '6c8722b9-911a-489b-8d0d-18bd3734fcf6', '5dd3c721-22ad-42b1-9c10-4351c236bc77', '5feea0da-60da-4707-9f77-da4dea35595b', 'bafee465-d89a-49fa-bb86-222a278fef0e', null, null,0, '2018-10-12 17:16:48' ) 
;insert into md_bizItfMap ( bizinterfaceid, intattrid, classid, classattrid, bizitfimpclassname, classattrpath, dr, ts ) values (  '6c8722b9-911a-489b-8d0d-18bd3734fcf6', 'c8334364-7ab9-4266-8d4b-e74537935e46', '5feea0da-60da-4707-9f77-da4dea35595b', null, null, null,0, '2018-10-12 17:16:48' ) 
;insert into md_bizItfMap ( bizinterfaceid, intattrid, classid, classattrid, bizitfimpclassname, classattrpath, dr, ts ) values (  '6c8722b9-911a-489b-8d0d-18bd3734fcf6', 'ecf1b76a-6e44-42e2-a55e-87596504775b', '5feea0da-60da-4707-9f77-da4dea35595b', '3d811f26-b7cd-49e3-8970-7861acc3967b', null, null,0, '2018-10-12 17:16:48' ) 
;insert into md_bizItfMap ( bizinterfaceid, intattrid, classid, classattrid, bizitfimpclassname, classattrpath, dr, ts ) values (  '6c8722b9-911a-489b-8d0d-18bd3734fcf6', 'd32cc17b-f415-415a-923f-0764443eb102', '5feea0da-60da-4707-9f77-da4dea35595b', 'e833f575-6bf5-45ac-8bd1-1d7ac1cb7dcb', null, null,0, '2018-10-12 17:16:48' ) 
;insert into md_bizItfMap ( bizinterfaceid, intattrid, classid, classattrid, bizitfimpclassname, classattrpath, dr, ts ) values (  '6c8722b9-911a-489b-8d0d-18bd3734fcf6', '89578a97-42fe-439b-827c-8eabd9e3604c', '5feea0da-60da-4707-9f77-da4dea35595b', 'd6b00aff-f509-4501-b3c3-03c224101e91', null, null,0, '2018-10-12 17:16:48' ) 
;insert into md_bizItfMap ( bizinterfaceid, intattrid, classid, classattrid, bizitfimpclassname, classattrpath, dr, ts ) values (  '6c8722b9-911a-489b-8d0d-18bd3734fcf6', 'a47e6cda-09e4-480b-923f-ec6f41e3e06c', '5feea0da-60da-4707-9f77-da4dea35595b', 'e3faf3d7-f2f7-46f2-8a59-f17e09000533', null, null,0, '2018-10-12 17:16:48' ) 
;insert into md_bizItfMap ( bizinterfaceid, intattrid, classid, classattrid, bizitfimpclassname, classattrpath, dr, ts ) values (  'cc8a1739-1dca-454c-b8ef-b175b79a3426', '2d2ee0e2-05b9-4bf5-b263-a39796d4f26b', '5feea0da-60da-4707-9f77-da4dea35595b', 'f5ccf258-b84e-400e-b58d-1acbe504d0a2', null, null,0, '2018-10-12 17:16:48' ) 
;insert into md_bizItfMap ( bizinterfaceid, intattrid, classid, classattrid, bizitfimpclassname, classattrpath, dr, ts ) values (  'cc8a1739-1dca-454c-b8ef-b175b79a3426', 'da02e89c-df72-4c8c-bfb4-c3ba94a7268c', '5feea0da-60da-4707-9f77-da4dea35595b', 'd3c732b7-3ef2-40a4-bc39-79e5d75cb088', null, null,0, '2018-10-12 17:16:48' ) 
;insert into md_bizItfMap ( bizinterfaceid, intattrid, classid, classattrid, bizitfimpclassname, classattrpath, dr, ts ) values (  '2b226ae1-aad9-4abe-a405-36bcacaa94a8', 'e5a2aef6-8d58-416a-b8b7-4dd10e13d788', '5feea0da-60da-4707-9f77-da4dea35595b', '57c2c728-258a-4bf7-afe8-67346588f5d2', null, null,0, '2018-10-12 17:16:48' ) 
;insert into md_bizItfMap ( bizinterfaceid, intattrid, classid, classattrid, bizitfimpclassname, classattrpath, dr, ts ) values (  '2b226ae1-aad9-4abe-a405-36bcacaa94a8', '49b6b1ae-cd5b-4b54-99cd-a6bb9fee7343', '5feea0da-60da-4707-9f77-da4dea35595b', '1e85e211-93ad-4c4e-82cd-c619664294a5', null, null,0, '2018-10-12 17:16:48' ) 
;insert into md_bizItfMap ( bizinterfaceid, intattrid, classid, classattrid, bizitfimpclassname, classattrpath, dr, ts ) values (  '2b226ae1-aad9-4abe-a405-36bcacaa94a8', '54c42368-5a43-4295-a7d4-74d276eed522', '5feea0da-60da-4707-9f77-da4dea35595b', '334b60d0-6ee6-46bf-9f4a-721d1d7fce1c', null, null,0, '2018-10-12 17:16:48' ) 
;insert into md_bizItfMap ( bizinterfaceid, intattrid, classid, classattrid, bizitfimpclassname, classattrpath, dr, ts ) values (  '2b226ae1-aad9-4abe-a405-36bcacaa94a8', '0abfd569-b9cf-4c44-a8d9-45979c083b08', '5feea0da-60da-4707-9f77-da4dea35595b', '756cd289-8f61-4781-8a24-a6e243d1dae8', null, null,0, '2018-10-12 17:16:48' ) 
;insert into md_association ( id, componentid, creator, createtime, dr, endcardinality, startbeanid, endelementid, isactive, modifier, modifytime, name, startcardinality, startelementid, ts, type, versiontype, industry ) values (  'ca3a4548-e69f-431f-9fc1-4fdb39ed0779', '144b9351-087f-487f-9dbd-0d099780f851', null, null,0, '1', '5feea0da-60da-4707-9f77-da4dea35595b', '3b6dd171-2900-47f3-bfbe-41e4483a2a65', 'Y', null, null, 'leaveplan_pk_group', '1', 'e3faf3d7-f2f7-46f2-8a59-f17e09000533', '2018-10-12 17:16:48',3,0, '0' ) 
;insert into md_association ( id, componentid, creator, createtime, dr, endcardinality, startbeanid, endelementid, isactive, modifier, modifytime, name, startcardinality, startelementid, ts, type, versiontype, industry ) values (  '4dda2328-e81d-40ac-b416-d65d35afc29f', '144b9351-087f-487f-9dbd-0d099780f851', null, null,0, '1', '5feea0da-60da-4707-9f77-da4dea35595b', 'f3fed5ea-72f2-4a0a-ad43-d30b1c22c86c', 'Y', null, null, 'leaveplan_pk_org', '1', '3d811f26-b7cd-49e3-8970-7861acc3967b', '2018-10-12 17:16:48',3,0, '0' ) 
;insert into md_association ( id, componentid, creator, createtime, dr, endcardinality, startbeanid, endelementid, isactive, modifier, modifytime, name, startcardinality, startelementid, ts, type, versiontype, industry ) values (  '0e4ecb9d-b3b3-4df5-bd64-1fd2d1b3344f', '144b9351-087f-487f-9dbd-0d099780f851', null, null,0, '1', '5feea0da-60da-4707-9f77-da4dea35595b', 'fa902409-20fe-4c49-89ee-85ee9312174b', 'Y', null, null, 'leaveplan_pk_org_v', '1', '3ed404ef-ec1b-42df-af08-4877566866e8', '2018-10-12 17:16:48',3,0, '0' ) 
;insert into md_association ( id, componentid, creator, createtime, dr, endcardinality, startbeanid, endelementid, isactive, modifier, modifytime, name, startcardinality, startelementid, ts, type, versiontype, industry ) values (  '05a27c7c-4864-4657-aaff-a47bccd9ea13', '144b9351-087f-487f-9dbd-0d099780f851', null, null,0, '1', '5feea0da-60da-4707-9f77-da4dea35595b', '40d39c26-a2b6-4f16-a018-45664cac1a1f', 'Y', null, null, 'leaveplan_pk_psndoc', '1', '929da01c-acad-4866-934d-5b23a74de0ed', '2018-10-12 17:16:48',3,0, '0' ) 
;insert into md_association ( id, componentid, creator, createtime, dr, endcardinality, startbeanid, endelementid, isactive, modifier, modifytime, name, startcardinality, startelementid, ts, type, versiontype, industry ) values (  '96610f95-708d-4720-b6a9-a24857f868bb', '144b9351-087f-487f-9dbd-0d099780f851', null, null,0, '1', '5feea0da-60da-4707-9f77-da4dea35595b', 'b26fa3cb-4087-4027-a3b6-c83ab2a086a9', 'Y', null, null, 'leaveplan_pk_dept', '1', '0bd30e6c-3cdf-474d-8828-f79db13bf746', '2018-10-12 17:16:48',3,0, '0' ) 
;insert into md_association ( id, componentid, creator, createtime, dr, endcardinality, startbeanid, endelementid, isactive, modifier, modifytime, name, startcardinality, startelementid, ts, type, versiontype, industry ) values (  '11eed770-5d0d-47d1-9860-3a9d94bf54f3', '144b9351-087f-487f-9dbd-0d099780f851', null, null,0, '1', '5feea0da-60da-4707-9f77-da4dea35595b', '66ed0cf6-e260-4f39-8fbb-172260efd677', 'Y', null, null, 'leaveplan_pk_dept_v', '1', '04a1af83-e326-457b-bbf6-bc40fac5866a', '2018-10-12 17:16:48',3,0, '0' ) 
;insert into md_association ( id, componentid, creator, createtime, dr, endcardinality, startbeanid, endelementid, isactive, modifier, modifytime, name, startcardinality, startelementid, ts, type, versiontype, industry ) values (  '0040915e-0d35-4ebc-b370-6643db4a70fa', '144b9351-087f-487f-9dbd-0d099780f851', null, null,0, '1', '5feea0da-60da-4707-9f77-da4dea35595b', 'f4c25f30-3235-4d3a-bd96-5c0fbbec74fa', 'Y', null, null, 'leaveplan_pk_leavetype', '1', '67690c12-36c7-4a08-959d-8c948e0f9e89', '2018-10-12 17:16:48',3,0, '0' ) 
;insert into md_association ( id, componentid, creator, createtime, dr, endcardinality, startbeanid, endelementid, isactive, modifier, modifytime, name, startcardinality, startelementid, ts, type, versiontype, industry ) values (  '83c480f6-ac7a-4e77-bd98-d8a7c1ca526c', '144b9351-087f-487f-9dbd-0d099780f851', null, null,0, '1', '5feea0da-60da-4707-9f77-da4dea35595b', 'f6f9a473-56c0-432f-8bc7-fbf8fde54fee', 'Y', null, null, 'leaveplan_creator', '1', '57c2c728-258a-4bf7-afe8-67346588f5d2', '2018-10-12 17:16:48',3,0, '0' ) 
;insert into md_association ( id, componentid, creator, createtime, dr, endcardinality, startbeanid, endelementid, isactive, modifier, modifytime, name, startcardinality, startelementid, ts, type, versiontype, industry ) values (  '6bd116f5-6065-42ff-8aae-7b4d5fdb5fb8', '144b9351-087f-487f-9dbd-0d099780f851', null, null,0, '1', '5feea0da-60da-4707-9f77-da4dea35595b', 'f6f9a473-56c0-432f-8bc7-fbf8fde54fee', 'Y', null, null, 'leaveplan_modifier', '1', '334b60d0-6ee6-46bf-9f4a-721d1d7fce1c', '2018-10-12 17:16:48',3,0, '0' ) 
;insert into md_table ( id, createtime, creator, databaseid, description, displayname, dr, help, isactive, fromsourcebmf, modifier, modifytime, name, ts, versiontype, resmodule, resid, parenttable, isextendtable, industry ) values (  'tbm_leaveplan', '2018-08-13 14:34:35', null, null, null, '休假计划',0, null, null, 'Y', 'YONYOU NC', '2018-09-21 15:32:16', 'tbm_leaveplan', '2018-10-12 17:16:48',0, 'leaveplan', null, null, null, '0' ) 
;insert into md_column ( id, sqldatetype, createtime, creator, defaultvalue, description, displayname, dr, help, incrementseed, incrementstep, isactive, identitied, pkey, nullable, columnlength, modifier, modifytime, name, precise, columnsequence, tableid, ts, versiontype, resid, groupid, columntype, forlocale ) values (  'tbm_leaveplan@@PK@@', 'char', null, null, null, null, '主键',0, null,null,null, 'Y', null, 'Y', 'N',20, null, null, 'pk_leaveplan',0,0, 'tbm_leaveplan', '2018-10-12 17:16:48',0, null, null,0, 'N' ) 
;insert into md_column ( id, sqldatetype, createtime, creator, defaultvalue, description, displayname, dr, help, incrementseed, incrementstep, isactive, identitied, pkey, nullable, columnlength, modifier, modifytime, name, precise, columnsequence, tableid, ts, versiontype, resid, groupid, columntype, forlocale ) values (  'tbm_leaveplan@@@pk_group', 'varchar', null, null, '*~', null, '集团',0, null,null,null, 'Y', null, 'N', 'Y',20, null, null, 'pk_group',0,1, 'tbm_leaveplan', '2018-10-12 17:16:48',0, null, null,0, 'N' ) 
;insert into md_column ( id, sqldatetype, createtime, creator, defaultvalue, description, displayname, dr, help, incrementseed, incrementstep, isactive, identitied, pkey, nullable, columnlength, modifier, modifytime, name, precise, columnsequence, tableid, ts, versiontype, resid, groupid, columntype, forlocale ) values (  'tbm_leaveplan@@@pk_org', 'varchar', null, null, '*~', null, '组织',0, null,null,null, 'Y', null, 'N', 'Y',20, null, null, 'pk_org',0,2, 'tbm_leaveplan', '2018-10-12 17:16:48',0, null, null,0, 'N' ) 
;insert into md_column ( id, sqldatetype, createtime, creator, defaultvalue, description, displayname, dr, help, incrementseed, incrementstep, isactive, identitied, pkey, nullable, columnlength, modifier, modifytime, name, precise, columnsequence, tableid, ts, versiontype, resid, groupid, columntype, forlocale ) values (  'tbm_leaveplan@@@pk_org_v', 'varchar', null, null, '*~', null, '组织版本',0, null,null,null, 'Y', null, 'N', 'Y',20, null, null, 'pk_org_v',0,3, 'tbm_leaveplan', '2018-10-12 17:16:48',0, null, null,0, 'N' ) 
;insert into md_column ( id, sqldatetype, createtime, creator, defaultvalue, description, displayname, dr, help, incrementseed, incrementstep, isactive, identitied, pkey, nullable, columnlength, modifier, modifytime, name, precise, columnsequence, tableid, ts, versiontype, resid, groupid, columntype, forlocale ) values (  'tbm_leaveplan@@@pk_psndoc', 'varchar', null, null, '*~', null, '员工',0, null,null,null, 'Y', null, 'N', 'Y',20, null, null, 'pk_psndoc',0,4, 'tbm_leaveplan', '2018-10-12 17:16:48',0, null, null,0, 'N' ) 
;insert into md_column ( id, sqldatetype, createtime, creator, defaultvalue, description, displayname, dr, help, incrementseed, incrementstep, isactive, identitied, pkey, nullable, columnlength, modifier, modifytime, name, precise, columnsequence, tableid, ts, versiontype, resid, groupid, columntype, forlocale ) values (  'tbm_leaveplan@@@pk_dept', 'varchar', null, null, '*~', null, '部门',0, null,null,null, 'Y', null, 'N', 'Y',20, null, null, 'pk_dept',0,5, 'tbm_leaveplan', '2018-10-12 17:16:48',0, null, null,0, 'N' ) 
;insert into md_column ( id, sqldatetype, createtime, creator, defaultvalue, description, displayname, dr, help, incrementseed, incrementstep, isactive, identitied, pkey, nullable, columnlength, modifier, modifytime, name, precise, columnsequence, tableid, ts, versiontype, resid, groupid, columntype, forlocale ) values (  'tbm_leaveplan@@@pk_dept_v', 'varchar', null, null, '*~', null, '部门版本',0, null,null,null, 'Y', null, 'N', 'Y',20, null, null, 'pk_dept_v',0,6, 'tbm_leaveplan', '2018-10-12 17:16:48',0, null, null,0, 'N' ) 
;insert into md_column ( id, sqldatetype, createtime, creator, defaultvalue, description, displayname, dr, help, incrementseed, incrementstep, isactive, identitied, pkey, nullable, columnlength, modifier, modifytime, name, precise, columnsequence, tableid, ts, versiontype, resid, groupid, columntype, forlocale ) values (  'tbm_leaveplan@@@pk_leavetype', 'varchar', null, null, '*~', null, '休假类别',0, null,null,null, 'Y', null, 'N', 'Y',20, null, null, 'pk_leavetype',0,7, 'tbm_leaveplan', '2018-10-12 17:16:48',0, null, null,0, 'N' ) 
;insert into md_column ( id, sqldatetype, createtime, creator, defaultvalue, description, displayname, dr, help, incrementseed, incrementstep, isactive, identitied, pkey, nullable, columnlength, modifier, modifytime, name, precise, columnsequence, tableid, ts, versiontype, resid, groupid, columntype, forlocale ) values (  'tbm_leaveplan@@@begindate', 'char', null, null, null, null, '可休开始日期',0, null,null,null, 'Y', null, 'N', 'Y',10, null, null, 'begindate',0,8, 'tbm_leaveplan', '2018-10-12 17:16:48',0, null, null,0, 'N' ) 
;insert into md_column ( id, sqldatetype, createtime, creator, defaultvalue, description, displayname, dr, help, incrementseed, incrementstep, isactive, identitied, pkey, nullable, columnlength, modifier, modifytime, name, precise, columnsequence, tableid, ts, versiontype, resid, groupid, columntype, forlocale ) values (  'tbm_leaveplan@@@enddate', 'char', null, null, null, null, '可休结束日期',0, null,null,null, 'Y', null, 'N', 'Y',10, null, null, 'enddate',0,9, 'tbm_leaveplan', '2018-10-12 17:16:48',0, null, null,0, 'N' ) 
;insert into md_column ( id, sqldatetype, createtime, creator, defaultvalue, description, displayname, dr, help, incrementseed, incrementstep, isactive, identitied, pkey, nullable, columnlength, modifier, modifytime, name, precise, columnsequence, tableid, ts, versiontype, resid, groupid, columntype, forlocale ) values (  'tbm_leaveplan@@@enableddays', 'int', null, null, null, null, '可休天数',0, null,null,null, 'Y', null, 'N', 'Y',0, null, null, 'enableddays',0,10, 'tbm_leaveplan', '2018-10-12 17:16:48',0, null, null,0, 'N' ) 
;insert into md_column ( id, sqldatetype, createtime, creator, defaultvalue, description, displayname, dr, help, incrementseed, incrementstep, isactive, identitied, pkey, nullable, columnlength, modifier, modifytime, name, precise, columnsequence, tableid, ts, versiontype, resid, groupid, columntype, forlocale ) values (  'tbm_leaveplan@@@useddays', 'int', null, null, null, null, '已休天数',0, null,null,null, 'Y', null, 'N', 'Y',0, null, null, 'useddays',0,11, 'tbm_leaveplan', '2018-10-12 17:16:48',0, null, null,0, 'N' ) 
;insert into md_column ( id, sqldatetype, createtime, creator, defaultvalue, description, displayname, dr, help, incrementseed, incrementstep, isactive, identitied, pkey, nullable, columnlength, modifier, modifytime, name, precise, columnsequence, tableid, ts, versiontype, resid, groupid, columntype, forlocale ) values (  'tbm_leaveplan@@@remaineddays', 'int', null, null, null, null, '剩余天数',0, null,null,null, 'Y', null, 'N', 'Y',0, null, null, 'remaineddays',0,12, 'tbm_leaveplan', '2018-10-12 17:16:48',0, null, null,0, 'N' ) 
;insert into md_column ( id, sqldatetype, createtime, creator, defaultvalue, description, displayname, dr, help, incrementseed, incrementstep, isactive, identitied, pkey, nullable, columnlength, modifier, modifytime, name, precise, columnsequence, tableid, ts, versiontype, resid, groupid, columntype, forlocale ) values (  'tbm_leaveplan@@@isattachment', 'char', null, null, null, null, '是否附件',0, null,null,null, 'Y', null, 'N', 'Y',1, null, null, 'isattachment',0,13, 'tbm_leaveplan', '2018-10-12 17:16:48',0, null, null,0, 'N' ) 
;insert into md_column ( id, sqldatetype, createtime, creator, defaultvalue, description, displayname, dr, help, incrementseed, incrementstep, isactive, identitied, pkey, nullable, columnlength, modifier, modifytime, name, precise, columnsequence, tableid, ts, versiontype, resid, groupid, columntype, forlocale ) values (  'tbm_leaveplan@@@iscontinuous', 'char', null, null, null, null, '是否连续假',0, null,null,null, 'Y', null, 'N', 'Y',1, null, null, 'iscontinuous',0,14, 'tbm_leaveplan', '2018-10-12 17:16:48',0, null, null,0, 'N' ) 
;insert into md_column ( id, sqldatetype, createtime, creator, defaultvalue, description, displayname, dr, help, incrementseed, incrementstep, isactive, identitied, pkey, nullable, columnlength, modifier, modifytime, name, precise, columnsequence, tableid, ts, versiontype, resid, groupid, columntype, forlocale ) values (  'tbm_leaveplan@@@lastmaketime', 'char', null, null, null, null, '最后修改时间',0, null,null,null, 'Y', null, 'N', 'Y',19, null, null, 'lastmaketime',0,15, 'tbm_leaveplan', '2018-10-12 17:16:48',0, null, null,0, 'N' ) 
;insert into md_column ( id, sqldatetype, createtime, creator, defaultvalue, description, displayname, dr, help, incrementseed, incrementstep, isactive, identitied, pkey, nullable, columnlength, modifier, modifytime, name, precise, columnsequence, tableid, ts, versiontype, resid, groupid, columntype, forlocale ) values (  'tbm_leaveplan@@@billmaker', 'varchar', null, null, null, null, '制单人',0, null,null,null, 'Y', null, 'N', 'Y',50, null, null, 'billmaker',0,16, 'tbm_leaveplan', '2018-10-12 17:16:48',0, null, null,0, 'N' ) 
;insert into md_column ( id, sqldatetype, createtime, creator, defaultvalue, description, displayname, dr, help, incrementseed, incrementstep, isactive, identitied, pkey, nullable, columnlength, modifier, modifytime, name, precise, columnsequence, tableid, ts, versiontype, resid, groupid, columntype, forlocale ) values (  'tbm_leaveplan@@@pkorg', 'varchar', null, null, null, null, '所属组织',0, null,null,null, 'Y', null, 'N', 'Y',50, null, null, 'pkorg',0,17, 'tbm_leaveplan', '2018-10-12 17:16:48',0, null, null,0, 'N' ) 
;insert into md_column ( id, sqldatetype, createtime, creator, defaultvalue, description, displayname, dr, help, incrementseed, incrementstep, isactive, identitied, pkey, nullable, columnlength, modifier, modifytime, name, precise, columnsequence, tableid, ts, versiontype, resid, groupid, columntype, forlocale ) values (  'tbm_leaveplan@@@creator', 'varchar', null, null, '*~', null, '创建人',0, null,null,null, 'Y', null, 'N', 'Y',20, null, null, 'creator',0,18, 'tbm_leaveplan', '2018-10-12 17:16:48',0, null, null,0, 'N' ) 
;insert into md_column ( id, sqldatetype, createtime, creator, defaultvalue, description, displayname, dr, help, incrementseed, incrementstep, isactive, identitied, pkey, nullable, columnlength, modifier, modifytime, name, precise, columnsequence, tableid, ts, versiontype, resid, groupid, columntype, forlocale ) values (  'tbm_leaveplan@@@creationtime', 'char', null, null, null, null, '创建时间',0, null,null,null, 'Y', null, 'N', 'Y',19, null, null, 'creationtime',0,19, 'tbm_leaveplan', '2018-10-12 17:16:48',0, null, null,0, 'N' ) 
;insert into md_column ( id, sqldatetype, createtime, creator, defaultvalue, description, displayname, dr, help, incrementseed, incrementstep, isactive, identitied, pkey, nullable, columnlength, modifier, modifytime, name, precise, columnsequence, tableid, ts, versiontype, resid, groupid, columntype, forlocale ) values (  'tbm_leaveplan@@@modifier', 'varchar', null, null, '*~', null, '修改人',0, null,null,null, 'Y', null, 'N', 'Y',20, null, null, 'modifier',0,20, 'tbm_leaveplan', '2018-10-12 17:16:48',0, null, null,0, 'N' ) 
;insert into md_column ( id, sqldatetype, createtime, creator, defaultvalue, description, displayname, dr, help, incrementseed, incrementstep, isactive, identitied, pkey, nullable, columnlength, modifier, modifytime, name, precise, columnsequence, tableid, ts, versiontype, resid, groupid, columntype, forlocale ) values (  'tbm_leaveplan@@@modifiedtime', 'char', null, null, null, null, '修改时间',0, null,null,null, 'Y', null, 'N', 'Y',19, null, null, 'modifiedtime',0,21, 'tbm_leaveplan', '2018-10-12 17:16:48',0, null, null,0, 'N' ) 
;insert into md_column ( id, sqldatetype, createtime, creator, defaultvalue, description, displayname, dr, help, incrementseed, incrementstep, isactive, identitied, pkey, nullable, columnlength, modifier, modifytime, name, precise, columnsequence, tableid, ts, versiontype, resid, groupid, columntype, forlocale ) values (  'tbm_leaveplan@@@name', 'varchar', null, null, null, null, 'name',0, null,null,null, 'Y', null, 'N', 'Y',50, null, null, 'name',0,22, 'tbm_leaveplan', '2018-10-12 17:16:48',0, null, null,0, 'N' ) 
;insert into md_column ( id, sqldatetype, createtime, creator, defaultvalue, description, displayname, dr, help, incrementseed, incrementstep, isactive, identitied, pkey, nullable, columnlength, modifier, modifytime, name, precise, columnsequence, tableid, ts, versiontype, resid, groupid, columntype, forlocale ) values (  'tbm_leaveplan@@@code', 'varchar', null, null, null, null, 'code',0, null,null,null, 'Y', null, 'N', 'Y',50, null, null, 'code',0,23, 'tbm_leaveplan', '2018-10-12 17:16:48',0, null, null,0, 'N' ) 
;insert into md_column ( id, sqldatetype, createtime, creator, defaultvalue, description, displayname, dr, help, incrementseed, incrementstep, isactive, identitied, pkey, nullable, columnlength, modifier, modifytime, name, precise, columnsequence, tableid, ts, versiontype, resid, groupid, columntype, forlocale ) values (  'tbm_leaveplan@@@dbilldate', 'varchar', null, null, null, null, '单据日期',0, null,null,null, 'Y', null, 'N', 'Y',19, null, null, 'dbilldate',0,24, 'tbm_leaveplan', '2018-10-12 17:16:48',0, null, null,0, 'N' ) 
;insert into md_column ( id, sqldatetype, createtime, creator, defaultvalue, description, displayname, dr, help, incrementseed, incrementstep, isactive, identitied, pkey, nullable, columnlength, modifier, modifytime, name, precise, columnsequence, tableid, ts, versiontype, resid, groupid, columntype, forlocale ) values (  'tbm_leaveplan@@@def1', 'varchar', null, null, null, null, '自定义项1',0, null,null,null, 'Y', null, 'N', 'Y',101, null, null, 'def1',0,25, 'tbm_leaveplan', '2018-10-12 17:16:48',0, null, null,0, 'N' ) 
;insert into md_column ( id, sqldatetype, createtime, creator, defaultvalue, description, displayname, dr, help, incrementseed, incrementstep, isactive, identitied, pkey, nullable, columnlength, modifier, modifytime, name, precise, columnsequence, tableid, ts, versiontype, resid, groupid, columntype, forlocale ) values (  'tbm_leaveplan@@@def2', 'varchar', null, null, null, null, '自定义项2',0, null,null,null, 'Y', null, 'N', 'Y',101, null, null, 'def2',0,26, 'tbm_leaveplan', '2018-10-12 17:16:48',0, null, null,0, 'N' ) 
;insert into md_column ( id, sqldatetype, createtime, creator, defaultvalue, description, displayname, dr, help, incrementseed, incrementstep, isactive, identitied, pkey, nullable, columnlength, modifier, modifytime, name, precise, columnsequence, tableid, ts, versiontype, resid, groupid, columntype, forlocale ) values (  'tbm_leaveplan@@@def3', 'varchar', null, null, null, null, '自定义项3',0, null,null,null, 'Y', null, 'N', 'Y',101, null, null, 'def3',0,27, 'tbm_leaveplan', '2018-10-12 17:16:48',0, null, null,0, 'N' ) 
;insert into md_column ( id, sqldatetype, createtime, creator, defaultvalue, description, displayname, dr, help, incrementseed, incrementstep, isactive, identitied, pkey, nullable, columnlength, modifier, modifytime, name, precise, columnsequence, tableid, ts, versiontype, resid, groupid, columntype, forlocale ) values (  'tbm_leaveplan@@@def4', 'varchar', null, null, null, null, '自定义项4',0, null,null,null, 'Y', null, 'N', 'Y',101, null, null, 'def4',0,28, 'tbm_leaveplan', '2018-10-12 17:16:48',0, null, null,0, 'N' ) 
;insert into md_column ( id, sqldatetype, createtime, creator, defaultvalue, description, displayname, dr, help, incrementseed, incrementstep, isactive, identitied, pkey, nullable, columnlength, modifier, modifytime, name, precise, columnsequence, tableid, ts, versiontype, resid, groupid, columntype, forlocale ) values (  'tbm_leaveplan@@@def5', 'varchar', null, null, null, null, '自定义项5',0, null,null,null, 'Y', null, 'N', 'Y',101, null, null, 'def5',0,29, 'tbm_leaveplan', '2018-10-12 17:16:48',0, null, null,0, 'N' ) 
;insert into md_column ( id, sqldatetype, createtime, creator, defaultvalue, description, displayname, dr, help, incrementseed, incrementstep, isactive, identitied, pkey, nullable, columnlength, modifier, modifytime, name, precise, columnsequence, tableid, ts, versiontype, resid, groupid, columntype, forlocale ) values (  'tbm_leaveplan@@@def6', 'varchar', null, null, null, null, '自定义项6',0, null,null,null, 'Y', null, 'N', 'Y',101, null, null, 'def6',0,30, 'tbm_leaveplan', '2018-10-12 17:16:48',0, null, null,0, 'N' ) 
;insert into md_column ( id, sqldatetype, createtime, creator, defaultvalue, description, displayname, dr, help, incrementseed, incrementstep, isactive, identitied, pkey, nullable, columnlength, modifier, modifytime, name, precise, columnsequence, tableid, ts, versiontype, resid, groupid, columntype, forlocale ) values (  'tbm_leaveplan@@@def7', 'varchar', null, null, null, null, '自定义项7',0, null,null,null, 'Y', null, 'N', 'Y',101, null, null, 'def7',0,31, 'tbm_leaveplan', '2018-10-12 17:16:48',0, null, null,0, 'N' ) 
;insert into md_column ( id, sqldatetype, createtime, creator, defaultvalue, description, displayname, dr, help, incrementseed, incrementstep, isactive, identitied, pkey, nullable, columnlength, modifier, modifytime, name, precise, columnsequence, tableid, ts, versiontype, resid, groupid, columntype, forlocale ) values (  'tbm_leaveplan@@@def8', 'varchar', null, null, null, null, '自定义项8',0, null,null,null, 'Y', null, 'N', 'Y',101, null, null, 'def8',0,32, 'tbm_leaveplan', '2018-10-12 17:16:48',0, null, null,0, 'N' ) 
;insert into md_column ( id, sqldatetype, createtime, creator, defaultvalue, description, displayname, dr, help, incrementseed, incrementstep, isactive, identitied, pkey, nullable, columnlength, modifier, modifytime, name, precise, columnsequence, tableid, ts, versiontype, resid, groupid, columntype, forlocale ) values (  'tbm_leaveplan@@@def9', 'varchar', null, null, null, null, '自定义项9',0, null,null,null, 'Y', null, 'N', 'Y',101, null, null, 'def9',0,33, 'tbm_leaveplan', '2018-10-12 17:16:48',0, null, null,0, 'N' ) 
;insert into md_column ( id, sqldatetype, createtime, creator, defaultvalue, description, displayname, dr, help, incrementseed, incrementstep, isactive, identitied, pkey, nullable, columnlength, modifier, modifytime, name, precise, columnsequence, tableid, ts, versiontype, resid, groupid, columntype, forlocale ) values (  'tbm_leaveplan@@@def10', 'varchar', null, null, null, null, '自定义项10',0, null,null,null, 'Y', null, 'N', 'Y',101, null, null, 'def10',0,34, 'tbm_leaveplan', '2018-10-12 17:16:48',0, null, null,0, 'N' ) 
;insert into md_column ( id, sqldatetype, createtime, creator, defaultvalue, description, displayname, dr, help, incrementseed, incrementstep, isactive, identitied, pkey, nullable, columnlength, modifier, modifytime, name, precise, columnsequence, tableid, ts, versiontype, resid, groupid, columntype, forlocale ) values (  'tbm_leaveplan@@@def11', 'varchar', null, null, null, null, '自定义项11',0, null,null,null, 'Y', null, 'N', 'Y',101, null, null, 'def11',0,35, 'tbm_leaveplan', '2018-10-12 17:16:48',0, null, null,0, 'N' ) 
;insert into md_column ( id, sqldatetype, createtime, creator, defaultvalue, description, displayname, dr, help, incrementseed, incrementstep, isactive, identitied, pkey, nullable, columnlength, modifier, modifytime, name, precise, columnsequence, tableid, ts, versiontype, resid, groupid, columntype, forlocale ) values (  'tbm_leaveplan@@@def12', 'varchar', null, null, null, null, '自定义项12',0, null,null,null, 'Y', null, 'N', 'Y',101, null, null, 'def12',0,36, 'tbm_leaveplan', '2018-10-12 17:16:48',0, null, null,0, 'N' ) 
;insert into md_column ( id, sqldatetype, createtime, creator, defaultvalue, description, displayname, dr, help, incrementseed, incrementstep, isactive, identitied, pkey, nullable, columnlength, modifier, modifytime, name, precise, columnsequence, tableid, ts, versiontype, resid, groupid, columntype, forlocale ) values (  'tbm_leaveplan@@@def13', 'varchar', null, null, null, null, '自定义项13',0, null,null,null, 'Y', null, 'N', 'Y',101, null, null, 'def13',0,37, 'tbm_leaveplan', '2018-10-12 17:16:48',0, null, null,0, 'N' ) 
;insert into md_column ( id, sqldatetype, createtime, creator, defaultvalue, description, displayname, dr, help, incrementseed, incrementstep, isactive, identitied, pkey, nullable, columnlength, modifier, modifytime, name, precise, columnsequence, tableid, ts, versiontype, resid, groupid, columntype, forlocale ) values (  'tbm_leaveplan@@@def14', 'varchar', null, null, null, null, '自定义项14',0, null,null,null, 'Y', null, 'N', 'Y',101, null, null, 'def14',0,38, 'tbm_leaveplan', '2018-10-12 17:16:48',0, null, null,0, 'N' ) 
;insert into md_column ( id, sqldatetype, createtime, creator, defaultvalue, description, displayname, dr, help, incrementseed, incrementstep, isactive, identitied, pkey, nullable, columnlength, modifier, modifytime, name, precise, columnsequence, tableid, ts, versiontype, resid, groupid, columntype, forlocale ) values (  'tbm_leaveplan@@@def15', 'varchar', null, null, null, null, '自定义项15',0, null,null,null, 'Y', null, 'N', 'Y',101, null, null, 'def15',0,39, 'tbm_leaveplan', '2018-10-12 17:16:48',0, null, null,0, 'N' ) 
;insert into md_column ( id, sqldatetype, createtime, creator, defaultvalue, description, displayname, dr, help, incrementseed, incrementstep, isactive, identitied, pkey, nullable, columnlength, modifier, modifytime, name, precise, columnsequence, tableid, ts, versiontype, resid, groupid, columntype, forlocale ) values (  'tbm_leaveplan@@@def16', 'varchar', null, null, null, null, '自定义项16',0, null,null,null, 'Y', null, 'N', 'Y',101, null, null, 'def16',0,40, 'tbm_leaveplan', '2018-10-12 17:16:48',0, null, null,0, 'N' ) 
;insert into md_column ( id, sqldatetype, createtime, creator, defaultvalue, description, displayname, dr, help, incrementseed, incrementstep, isactive, identitied, pkey, nullable, columnlength, modifier, modifytime, name, precise, columnsequence, tableid, ts, versiontype, resid, groupid, columntype, forlocale ) values (  'tbm_leaveplan@@@def17', 'varchar', null, null, null, null, '自定义项17',0, null,null,null, 'Y', null, 'N', 'Y',101, null, null, 'def17',0,41, 'tbm_leaveplan', '2018-10-12 17:16:48',0, null, null,0, 'N' ) 
;insert into md_column ( id, sqldatetype, createtime, creator, defaultvalue, description, displayname, dr, help, incrementseed, incrementstep, isactive, identitied, pkey, nullable, columnlength, modifier, modifytime, name, precise, columnsequence, tableid, ts, versiontype, resid, groupid, columntype, forlocale ) values (  'tbm_leaveplan@@@def18', 'varchar', null, null, null, null, '自定义项18',0, null,null,null, 'Y', null, 'N', 'Y',101, null, null, 'def18',0,42, 'tbm_leaveplan', '2018-10-12 17:16:48',0, null, null,0, 'N' ) 
;insert into md_column ( id, sqldatetype, createtime, creator, defaultvalue, description, displayname, dr, help, incrementseed, incrementstep, isactive, identitied, pkey, nullable, columnlength, modifier, modifytime, name, precise, columnsequence, tableid, ts, versiontype, resid, groupid, columntype, forlocale ) values (  'tbm_leaveplan@@@def19', 'varchar', null, null, null, null, '自定义项19',0, null,null,null, 'Y', null, 'N', 'Y',101, null, null, 'def19',0,43, 'tbm_leaveplan', '2018-10-12 17:16:48',0, null, null,0, 'N' ) 
;insert into md_column ( id, sqldatetype, createtime, creator, defaultvalue, description, displayname, dr, help, incrementseed, incrementstep, isactive, identitied, pkey, nullable, columnlength, modifier, modifytime, name, precise, columnsequence, tableid, ts, versiontype, resid, groupid, columntype, forlocale ) values (  'tbm_leaveplan@@@def20', 'varchar', null, null, null, null, '自定义项20',0, null,null,null, 'Y', null, 'N', 'Y',101, null, null, 'def20',0,44, 'tbm_leaveplan', '2018-10-12 17:16:48',0, null, null,0, 'N' ) 
;insert into md_column ( id, sqldatetype, createtime, creator, defaultvalue, description, displayname, dr, help, incrementseed, incrementstep, isactive, identitied, pkey, nullable, columnlength, modifier, modifytime, name, precise, columnsequence, tableid, ts, versiontype, resid, groupid, columntype, forlocale ) values (  'tbm_leaveplan@@@maketime', 'char', null, null, null, null, '制单时间',0, null,null,null, 'Y', null, 'N', 'Y',19, null, null, 'maketime',0,45, 'tbm_leaveplan', '2018-10-12 17:16:48',0, null, null,0, 'N' ) 
;insert into md_column ( id, sqldatetype, createtime, creator, defaultvalue, description, displayname, dr, help, incrementseed, incrementstep, isactive, identitied, pkey, nullable, columnlength, modifier, modifytime, name, precise, columnsequence, tableid, ts, versiontype, resid, groupid, columntype, forlocale ) values (  'tbm_leaveplan@@@billcode', 'varchar', null, null, null, null, '单据编码',0, null,null,null, 'Y', null, 'N', 'Y',50, null, null, 'billcode',0,46, 'tbm_leaveplan', '2018-10-12 17:16:48',0, null, null,0, 'N' ) 
;insert into md_ORMap ( attributeid, classid, columnid, dr, tableid, ts ) values (  'cfcb9b3f-e4ab-4866-87b0-12a0a75c435f', '5feea0da-60da-4707-9f77-da4dea35595b', 'tbm_leaveplan@@@def6',0, 'tbm_leaveplan', '2018-10-12 17:16:48' ) 
;insert into md_ORMap ( attributeid, classid, columnid, dr, tableid, ts ) values (  'e1c7b0ca-c3fa-49ca-be72-693767de0a2c', '5feea0da-60da-4707-9f77-da4dea35595b', 'tbm_leaveplan@@@iscontinuous',0, 'tbm_leaveplan', '2018-10-12 17:16:48' ) 
;insert into md_ORMap ( attributeid, classid, columnid, dr, tableid, ts ) values (  '1e85e211-93ad-4c4e-82cd-c619664294a5', '5feea0da-60da-4707-9f77-da4dea35595b', 'tbm_leaveplan@@@creationtime',0, 'tbm_leaveplan', '2018-10-12 17:16:48' ) 
;insert into md_ORMap ( attributeid, classid, columnid, dr, tableid, ts ) values (  'e833f575-6bf5-45ac-8bd1-1d7ac1cb7dcb', '5feea0da-60da-4707-9f77-da4dea35595b', 'tbm_leaveplan@@@code',0, 'tbm_leaveplan', '2018-10-12 17:16:48' ) 
;insert into md_ORMap ( attributeid, classid, columnid, dr, tableid, ts ) values (  '5ce7d260-80aa-4b8b-b755-bbe5a82864e4', '5feea0da-60da-4707-9f77-da4dea35595b', 'tbm_leaveplan@@@def20',0, 'tbm_leaveplan', '2018-10-12 17:16:48' ) 
;insert into md_ORMap ( attributeid, classid, columnid, dr, tableid, ts ) values (  '04a1af83-e326-457b-bbf6-bc40fac5866a', '5feea0da-60da-4707-9f77-da4dea35595b', 'tbm_leaveplan@@@pk_dept_v',0, 'tbm_leaveplan', '2018-10-12 17:16:48' ) 
;insert into md_ORMap ( attributeid, classid, columnid, dr, tableid, ts ) values (  '3d811f26-b7cd-49e3-8970-7861acc3967b', '5feea0da-60da-4707-9f77-da4dea35595b', 'tbm_leaveplan@@@pk_org',0, 'tbm_leaveplan', '2018-10-12 17:16:48' ) 
;insert into md_ORMap ( attributeid, classid, columnid, dr, tableid, ts ) values (  'b22b1d58-6e94-4df0-9ba0-7211c731d9c9', '5feea0da-60da-4707-9f77-da4dea35595b', 'tbm_leaveplan@@@def8',0, 'tbm_leaveplan', '2018-10-12 17:16:48' ) 
;insert into md_ORMap ( attributeid, classid, columnid, dr, tableid, ts ) values (  'e3faf3d7-f2f7-46f2-8a59-f17e09000533', '5feea0da-60da-4707-9f77-da4dea35595b', 'tbm_leaveplan@@@pk_group',0, 'tbm_leaveplan', '2018-10-12 17:16:48' ) 
;insert into md_ORMap ( attributeid, classid, columnid, dr, tableid, ts ) values (  '61bd28b2-ac0a-4e2b-aea0-16bb520b2cdb', '5feea0da-60da-4707-9f77-da4dea35595b', 'tbm_leaveplan@@@def12',0, 'tbm_leaveplan', '2018-10-12 17:16:48' ) 
;insert into md_ORMap ( attributeid, classid, columnid, dr, tableid, ts ) values (  'c476389e-6a8a-4c74-ad9a-3334330f4c46', '5feea0da-60da-4707-9f77-da4dea35595b', 'tbm_leaveplan@@@pkorg',0, 'tbm_leaveplan', '2018-10-12 17:16:48' ) 
;insert into md_ORMap ( attributeid, classid, columnid, dr, tableid, ts ) values (  '7417cc26-9b5a-47be-85df-ec29bcfb93a9', '5feea0da-60da-4707-9f77-da4dea35595b', 'tbm_leaveplan@@@def18',0, 'tbm_leaveplan', '2018-10-12 17:16:48' ) 
;insert into md_ORMap ( attributeid, classid, columnid, dr, tableid, ts ) values (  '334b60d0-6ee6-46bf-9f4a-721d1d7fce1c', '5feea0da-60da-4707-9f77-da4dea35595b', 'tbm_leaveplan@@@modifier',0, 'tbm_leaveplan', '2018-10-12 17:16:48' ) 
;insert into md_ORMap ( attributeid, classid, columnid, dr, tableid, ts ) values (  '5dc0243d-70e8-4c91-ae6f-95675200f3b4', '5feea0da-60da-4707-9f77-da4dea35595b', 'tbm_leaveplan@@@def2',0, 'tbm_leaveplan', '2018-10-12 17:16:48' ) 
;insert into md_ORMap ( attributeid, classid, columnid, dr, tableid, ts ) values (  '61a3ca2c-f946-4628-9b51-96583c8d0d81', '5feea0da-60da-4707-9f77-da4dea35595b', 'tbm_leaveplan@@@billcode',0, 'tbm_leaveplan', '2018-10-12 17:16:48' ) 
;insert into md_ORMap ( attributeid, classid, columnid, dr, tableid, ts ) values (  '4ea3c77e-3ccc-4604-b9e1-829aff684e28', '5feea0da-60da-4707-9f77-da4dea35595b', 'tbm_leaveplan@@@def11',0, 'tbm_leaveplan', '2018-10-12 17:16:48' ) 
;insert into md_ORMap ( attributeid, classid, columnid, dr, tableid, ts ) values (  'd3c732b7-3ef2-40a4-bc39-79e5d75cb088', '5feea0da-60da-4707-9f77-da4dea35595b', 'tbm_leaveplan@@@lastmaketime',0, 'tbm_leaveplan', '2018-10-12 17:16:48' ) 
;insert into md_ORMap ( attributeid, classid, columnid, dr, tableid, ts ) values (  '2d250a10-8f86-4a0f-8f81-a1df8374164a', '5feea0da-60da-4707-9f77-da4dea35595b', 'tbm_leaveplan@@@def5',0, 'tbm_leaveplan', '2018-10-12 17:16:48' ) 
;insert into md_ORMap ( attributeid, classid, columnid, dr, tableid, ts ) values (  'e07dfbcc-9cca-47db-bd27-01e93ade2257', '5feea0da-60da-4707-9f77-da4dea35595b', 'tbm_leaveplan@@@enddate',0, 'tbm_leaveplan', '2018-10-12 17:16:48' ) 
;insert into md_ORMap ( attributeid, classid, columnid, dr, tableid, ts ) values (  '0bd30e6c-3cdf-474d-8828-f79db13bf746', '5feea0da-60da-4707-9f77-da4dea35595b', 'tbm_leaveplan@@@pk_dept',0, 'tbm_leaveplan', '2018-10-12 17:16:48' ) 
;insert into md_ORMap ( attributeid, classid, columnid, dr, tableid, ts ) values (  'bafee465-d89a-49fa-bb86-222a278fef0e', '5feea0da-60da-4707-9f77-da4dea35595b', 'tbm_leaveplan@@PK@@',0, 'tbm_leaveplan', '2018-10-12 17:16:48' ) 
;insert into md_ORMap ( attributeid, classid, columnid, dr, tableid, ts ) values (  '929da01c-acad-4866-934d-5b23a74de0ed', '5feea0da-60da-4707-9f77-da4dea35595b', 'tbm_leaveplan@@@pk_psndoc',0, 'tbm_leaveplan', '2018-10-12 17:16:48' ) 
;insert into md_ORMap ( attributeid, classid, columnid, dr, tableid, ts ) values (  '1062da08-27a9-4587-a14c-c92786ebd449', '5feea0da-60da-4707-9f77-da4dea35595b', 'tbm_leaveplan@@@def4',0, 'tbm_leaveplan', '2018-10-12 17:16:48' ) 
;insert into md_ORMap ( attributeid, classid, columnid, dr, tableid, ts ) values (  '1cdec2ad-9a48-403c-b325-b011655a1f2f', '5feea0da-60da-4707-9f77-da4dea35595b', 'tbm_leaveplan@@@maketime',0, 'tbm_leaveplan', '2018-10-12 17:16:48' ) 
;insert into md_ORMap ( attributeid, classid, columnid, dr, tableid, ts ) values (  '31318517-256a-49e8-af13-800a1cd1007c', '5feea0da-60da-4707-9f77-da4dea35595b', 'tbm_leaveplan@@@def15',0, 'tbm_leaveplan', '2018-10-12 17:16:48' ) 
;insert into md_ORMap ( attributeid, classid, columnid, dr, tableid, ts ) values (  '234bb3a5-d6ab-49e0-9018-7918af5441cc', '5feea0da-60da-4707-9f77-da4dea35595b', 'tbm_leaveplan@@@def7',0, 'tbm_leaveplan', '2018-10-12 17:16:48' ) 
;insert into md_ORMap ( attributeid, classid, columnid, dr, tableid, ts ) values (  'fad23d1b-bb69-48a8-93e1-755d81d69bb5', '5feea0da-60da-4707-9f77-da4dea35595b', 'tbm_leaveplan@@@def16',0, 'tbm_leaveplan', '2018-10-12 17:16:48' ) 
;insert into md_ORMap ( attributeid, classid, columnid, dr, tableid, ts ) values (  '2cecb0ab-30ac-4ffb-9502-1b13790ff162', '5feea0da-60da-4707-9f77-da4dea35595b', 'tbm_leaveplan@@@def3',0, 'tbm_leaveplan', '2018-10-12 17:16:48' ) 
;insert into md_ORMap ( attributeid, classid, columnid, dr, tableid, ts ) values (  'dff45dc2-4b7b-4f32-b102-397b6587f740', '5feea0da-60da-4707-9f77-da4dea35595b', 'tbm_leaveplan@@@def1',0, 'tbm_leaveplan', '2018-10-12 17:16:48' ) 
;insert into md_ORMap ( attributeid, classid, columnid, dr, tableid, ts ) values (  '05def306-7512-40be-8224-f0eaa809568d', '5feea0da-60da-4707-9f77-da4dea35595b', 'tbm_leaveplan@@@def14',0, 'tbm_leaveplan', '2018-10-12 17:16:48' ) 
;insert into md_ORMap ( attributeid, classid, columnid, dr, tableid, ts ) values (  'a5f37b81-e36e-4ba0-a324-18c7022b6c0a', '5feea0da-60da-4707-9f77-da4dea35595b', 'tbm_leaveplan@@@def9',0, 'tbm_leaveplan', '2018-10-12 17:16:48' ) 
;insert into md_ORMap ( attributeid, classid, columnid, dr, tableid, ts ) values (  '5b93b697-0991-4e76-89d0-1ced18561190', '5feea0da-60da-4707-9f77-da4dea35595b', 'tbm_leaveplan@@@begindate',0, 'tbm_leaveplan', '2018-10-12 17:16:48' ) 
;insert into md_ORMap ( attributeid, classid, columnid, dr, tableid, ts ) values (  '9771bb15-3a1d-44fa-a6a5-4710c5175527', '5feea0da-60da-4707-9f77-da4dea35595b', 'tbm_leaveplan@@@billmaker',0, 'tbm_leaveplan', '2018-10-12 17:16:48' ) 
;insert into md_ORMap ( attributeid, classid, columnid, dr, tableid, ts ) values (  '96102443-2586-4573-968e-2fca1541e6eb', '5feea0da-60da-4707-9f77-da4dea35595b', 'tbm_leaveplan@@@def10',0, 'tbm_leaveplan', '2018-10-12 17:16:48' ) 
;insert into md_ORMap ( attributeid, classid, columnid, dr, tableid, ts ) values (  'a956d323-8174-4d11-9c78-a9ea5306efe0', '5feea0da-60da-4707-9f77-da4dea35595b', 'tbm_leaveplan@@@isattachment',0, 'tbm_leaveplan', '2018-10-12 17:16:48' ) 
;insert into md_ORMap ( attributeid, classid, columnid, dr, tableid, ts ) values (  '57c2c728-258a-4bf7-afe8-67346588f5d2', '5feea0da-60da-4707-9f77-da4dea35595b', 'tbm_leaveplan@@@creator',0, 'tbm_leaveplan', '2018-10-12 17:16:48' ) 
;insert into md_ORMap ( attributeid, classid, columnid, dr, tableid, ts ) values (  '7a43fadf-02b5-40f0-b8c6-1dc3fa70e6bb', '5feea0da-60da-4707-9f77-da4dea35595b', 'tbm_leaveplan@@@def19',0, 'tbm_leaveplan', '2018-10-12 17:16:48' ) 
;insert into md_ORMap ( attributeid, classid, columnid, dr, tableid, ts ) values (  'f5ccf258-b84e-400e-b58d-1acbe504d0a2', '5feea0da-60da-4707-9f77-da4dea35595b', 'tbm_leaveplan@@@dbilldate',0, 'tbm_leaveplan', '2018-10-12 17:16:48' ) 
;insert into md_ORMap ( attributeid, classid, columnid, dr, tableid, ts ) values (  '46e34059-af16-4876-81fb-d3db46b45d2c', '5feea0da-60da-4707-9f77-da4dea35595b', 'tbm_leaveplan@@@enableddays',0, 'tbm_leaveplan', '2018-10-12 17:16:48' ) 
;insert into md_ORMap ( attributeid, classid, columnid, dr, tableid, ts ) values (  '756cd289-8f61-4781-8a24-a6e243d1dae8', '5feea0da-60da-4707-9f77-da4dea35595b', 'tbm_leaveplan@@@modifiedtime',0, 'tbm_leaveplan', '2018-10-12 17:16:48' ) 
;insert into md_ORMap ( attributeid, classid, columnid, dr, tableid, ts ) values (  '1afab903-0bfb-44d9-a82f-d0f4dd6a35f9', '5feea0da-60da-4707-9f77-da4dea35595b', 'tbm_leaveplan@@@useddays',0, 'tbm_leaveplan', '2018-10-12 17:16:48' ) 
;insert into md_ORMap ( attributeid, classid, columnid, dr, tableid, ts ) values (  'd6b00aff-f509-4501-b3c3-03c224101e91', '5feea0da-60da-4707-9f77-da4dea35595b', 'tbm_leaveplan@@@name',0, 'tbm_leaveplan', '2018-10-12 17:16:48' ) 
;insert into md_ORMap ( attributeid, classid, columnid, dr, tableid, ts ) values (  '67690c12-36c7-4a08-959d-8c948e0f9e89', '5feea0da-60da-4707-9f77-da4dea35595b', 'tbm_leaveplan@@@pk_leavetype',0, 'tbm_leaveplan', '2018-10-12 17:16:48' ) 
;insert into md_ORMap ( attributeid, classid, columnid, dr, tableid, ts ) values (  '695289bc-5108-4830-9940-61ac51319473', '5feea0da-60da-4707-9f77-da4dea35595b', 'tbm_leaveplan@@@def13',0, 'tbm_leaveplan', '2018-10-12 17:16:48' ) 
;insert into md_ORMap ( attributeid, classid, columnid, dr, tableid, ts ) values (  '72e16782-0d11-42a9-a67a-5f015ff67acd', '5feea0da-60da-4707-9f77-da4dea35595b', 'tbm_leaveplan@@@def17',0, 'tbm_leaveplan', '2018-10-12 17:16:48' ) 
;insert into md_ORMap ( attributeid, classid, columnid, dr, tableid, ts ) values (  '3ed404ef-ec1b-42df-af08-4877566866e8', '5feea0da-60da-4707-9f77-da4dea35595b', 'tbm_leaveplan@@@pk_org_v',0, 'tbm_leaveplan', '2018-10-12 17:16:48' ) 
;insert into md_ORMap ( attributeid, classid, columnid, dr, tableid, ts ) values (  'bf59cabf-7607-4351-ba8e-3ef4a16b7adc', '5feea0da-60da-4707-9f77-da4dea35595b', 'tbm_leaveplan@@@remaineddays',0, 'tbm_leaveplan', '2018-10-12 17:16:48' ) 
