--此脚本作为元数据发布时参考使用,以便开发者了解元数据信息在数据库中的记录.
--严禁将此脚本直接或修改后在数据库中执行,如由上述行为引发问题,概不支持.


delete from md_db_relation where startattrid in (select id from md_property where classid in ('a7e298c9-3211-489d-8698-7ae65a922156','de0e30a1-d241-4125-8f02-dfc9c64bffd2','@@@@' ) )  and starttableid in ('tbm_overtimeb','tbm_overtimeh','@@@@')
;delete from md_ORMap where ATTRIBUTEID in(select id from md_property where classid in ('a7e298c9-3211-489d-8698-7ae65a922156','de0e30a1-d241-4125-8f02-dfc9c64bffd2','@@@@' ) )  and tableid in ('tbm_overtimeb','tbm_overtimeh','@@@@') 
;delete from md_table where id not in (select distinct tableid from md_ormap )
;delete from md_column where  tableid in('tbm_overtimeb','tbm_overtimeh','@@@@') and id not in(select distinct columnid from md_ormap) and (isnull(groupid ,'~')='~' or groupid = id )  and name <> 'extend_bean_tag' 
;delete from md_column where tableid in ('tbm_overtimeb','tbm_overtimeh','@@@@')and groupid is not null and groupid not in( select distinct id from md_column where tableid in ('tbm_overtimeb','tbm_overtimeh','@@@@') ) 
;delete from md_db_relation where starttableid not in (select id from md_table)
;delete from md_property where classID in (select distinct id from md_class where componentID='a2e0d3ec-19ab-4db5-b469-7876c26ff56d'  )  
;delete from md_association where componentID = 'a2e0d3ec-19ab-4db5-b469-7876c26ff56d'  
;delete from md_bizItfMap where classID in (select distinct id from md_class where componentID='a2e0d3ec-19ab-4db5-b469-7876c26ff56d'  )
;delete from md_bizItfMap where classID in ( select id from md_opInterface where componentID = 'a2e0d3ec-19ab-4db5-b469-7876c26ff56d'  )
;delete from md_accessorPara where id in (select distinct id from md_class where componentID='a2e0d3ec-19ab-4db5-b469-7876c26ff56d'  )
;delete from md_enumValue where id in (select distinct id from md_class where componentID='a2e0d3ec-19ab-4db5-b469-7876c26ff56d'  ) 
;delete from md_class where componentID = 'a2e0d3ec-19ab-4db5-b469-7876c26ff56d'  
;delete from md_component where id = 'a2e0d3ec-19ab-4db5-b469-7876c26ff56d' 
;delete from md_table where (id='tbm_overtimeh')
;delete from md_table where (id='tbm_overtimeb')
;delete from md_column where (id='tbm_overtimeh@@PK@@')
;delete from md_column where (id='tbm_overtimeh@@@pk_group')
;delete from md_column where (id='tbm_overtimeh@@@pk_org')
;delete from md_column where (id='tbm_overtimeh@@@pk_overtimetype')
;delete from md_column where (id='tbm_overtimeh@@@pk_overtimetypecopy')
;delete from md_column where (id='tbm_overtimeh@@@bill_code')
;delete from md_column where (id='tbm_overtimeh@@@apply_date')
;delete from md_column where (id='tbm_overtimeh@@@billmaker')
;delete from md_column where (id='tbm_overtimeh@@@pk_psndoc')
;delete from md_column where (id='tbm_overtimeh@@@pk_psnjob')
;delete from md_column where (id='tbm_overtimeh@@@pk_org_v')
;delete from md_column where (id='tbm_overtimeh@@@pk_dept_v')
;delete from md_column where (id='tbm_overtimeh@@@sumhour')
;delete from md_column where (id='tbm_overtimeh@@@fun_code')
;delete from md_column where (id='tbm_overtimeh@@@ishrssbill')
;delete from md_column where (id='tbm_overtimeh@@@approve_time')
;delete from md_column where (id='tbm_overtimeh@@@transtype')
;delete from md_column where (id='tbm_overtimeh@@@approve_state')
;delete from md_column where (id='tbm_overtimeh@@@approver')
;delete from md_column where (id='tbm_overtimeh@@@approve_note')
;delete from md_column where (id='tbm_overtimeh@@@creationtime')
;delete from md_column where (id='tbm_overtimeh@@@creator')
;delete from md_column where (id='tbm_overtimeh@@@modifiedtime')
;delete from md_column where (id='tbm_overtimeh@@@modifier')
;delete from md_column where (id='tbm_overtimeh@@@transtypeid')
;delete from md_column where (id='tbm_overtimeh@@@pk_billtype')
;delete from md_column where (id='tbm_overtimeh@@@pk_psnorg')
;delete from md_column where (id='tbm_overtimeh@@@isrerest')
;delete from md_column where (id='tbm_overtimeb@@PK@@')
;delete from md_column where (id='tbm_overtimeb@@@pk_group')
;delete from md_column where (id='tbm_overtimeb@@@pk_org')
;delete from md_column where (id='tbm_overtimeb@@@overtimebegindate')
;delete from md_column where (id='tbm_overtimeb@@@overtimebegintime')
;delete from md_column where (id='tbm_overtimeb@@@overtimeenddate')
;delete from md_column where (id='tbm_overtimeb@@@overtimeendtime')
;delete from md_column where (id='tbm_overtimeb@@@overtimehour')
;delete from md_column where (id='tbm_overtimeb@@@overtimeremark')
;delete from md_column where (id='tbm_overtimeb@@@overtimealready')
;delete from md_column where (id='tbm_overtimeb@@@deduct')
;delete from md_column where (id='tbm_overtimeb@@@acthour')
;delete from md_column where (id='tbm_overtimeb@@@isneedcheck')
;delete from md_column where (id='tbm_overtimeb@@@pk_overtimeh')



;insert into md_component ( createtime, creator, description, displayname, dr, fromsourcebmf, help, id, industry, isbizmodel, modifier, modifytime, name, namespace, ownmodule, preload, resid, resmodule, ts, version, versiontype ) values (  '2010-08-25 10:32:31', null, null, '加班申请',0, 'Y', null, 'a2e0d3ec-19ab-4db5-b469-7876c26ff56d', '0', 'N', 'YONYOU NC', '2018-10-12 17:12:20', 'hrtaovertime', 'hrta', 'hrta', null, '2ovtm-000045', 'overtime', '2018-10-12 17:12:54', '99',0 ) 
;insert into md_class ( id, accessorclassname, classtype, componentid, createtime, creator, description, displayname, dr, fullclassname, help, isactive, keyattribute, modifier, modifytime, name, parentclassid, precise, refmodelname, returntype, ts, versiontype, isprimary, defaulttablename, stereotype, isauthen, resid, bizitfimpclassname, modinfoclassname, iscreatesql, isextendbean, userdefclassname, industry, fixedlength ) values (  'a7e298c9-3211-489d-8698-7ae65a922156', 'nc.md.model.access.javamap.AggVOStyle',201, 'a2e0d3ec-19ab-4db5-b469-7876c26ff56d', '2010-08-25 10:32:37', null, null, '加班申请单主表',0, 'nc.vo.ta.overtime.OvertimehVO', null, null, '4d67743e-6a2e-489b-b96e-ee7739a248e2', 'YONYOU NC', '2018-10-12 17:12:32', 'hrtaovertimeh', null,null, null, null, '2018-10-12 17:12:54',0, 'Y', 'tbm_overtimeh', null, 'Y', '2ovtm-000017', null, null, 'Y', null, null, '0', null ) 
;insert into md_class ( id, accessorclassname, classtype, componentid, createtime, creator, description, displayname, dr, fullclassname, help, isactive, keyattribute, modifier, modifytime, name, parentclassid, precise, refmodelname, returntype, ts, versiontype, isprimary, defaulttablename, stereotype, isauthen, resid, bizitfimpclassname, modinfoclassname, iscreatesql, isextendbean, userdefclassname, industry, fixedlength ) values (  'de0e30a1-d241-4125-8f02-dfc9c64bffd2', 'nc.md.model.access.javamap.POJOStyle',201, 'a2e0d3ec-19ab-4db5-b469-7876c26ff56d', '2010-11-25 14:33:31', null, null, '加班申请单子表',0, 'nc.vo.ta.overtime.OvertimebVO', null, null, 'a50ce99a-b605-4e84-9bfa-6ca127bb920e', 'YONYOU NC', '2018-10-12 17:12:32', 'hrtaovertimeb', null,null, null, null, '2018-10-12 17:12:54',0, 'N', 'tbm_overtimeb', null, 'Y', '2ovtm-000006', null, null, 'Y', null, null, '0', null ) 
;insert into md_property ( id, accessorclassname, classid, createtime, creator, datatype, datatypestyle, defaultvalue, description, displayname, dr, help, isactive, hided, nullable, readonly, attrlength, attrmaxvalue, attrminvalue, modifier, modifytime, name, precise, refmodelname, attrsequence, ts, visibility, versiontype, fixedlength, calculation, isauthen, resid, customattr, notserialize, dynamicattr, dynamictable, accesspower, accesspowergroup, industry ) values (  '4d67743e-6a2e-489b-b96e-ee7739a248e2', null, 'a7e298c9-3211-489d-8698-7ae65a922156', null, null, 'BS000010000100001051',300, null, null, '加班单主键',0, null, 'Y', 'N', 'N', 'N',20, null, null, null, null, 'pk_overtimeh',0, null,0, '2018-10-12 17:12:54',0,0, 'N', 'N', 'Y', '2ovtm-000014', 'N', 'N', 'N', null, 'N', null, '0' ) 
;insert into md_property ( id, accessorclassname, classid, createtime, creator, datatype, datatypestyle, defaultvalue, description, displayname, dr, help, isactive, hided, nullable, readonly, attrlength, attrmaxvalue, attrminvalue, modifier, modifytime, name, precise, refmodelname, attrsequence, ts, visibility, versiontype, fixedlength, calculation, isauthen, resid, customattr, notserialize, dynamicattr, dynamictable, accesspower, accesspowergroup, industry ) values (  '67f520f9-9d53-44e5-84ae-ca7225aaa344', null, 'a7e298c9-3211-489d-8698-7ae65a922156', null, null, '3b6dd171-2900-47f3-bfbe-41e4483a2a65',305, null, null, '所属集团',0, null, 'Y', 'N', 'N', 'N',20, null, null, null, null, 'pk_group',0, '集团(所有)',1, '2018-10-12 17:12:54',0,0, 'N', 'N', 'Y', '2UC000-000367', 'N', 'N', 'N', null, 'N', null, '0' ) 
;insert into md_property ( id, accessorclassname, classid, createtime, creator, datatype, datatypestyle, defaultvalue, description, displayname, dr, help, isactive, hided, nullable, readonly, attrlength, attrmaxvalue, attrminvalue, modifier, modifytime, name, precise, refmodelname, attrsequence, ts, visibility, versiontype, fixedlength, calculation, isauthen, resid, customattr, notserialize, dynamicattr, dynamictable, accesspower, accesspowergroup, industry ) values (  'c4d5bf84-a21b-4d6c-9b30-6a7ee2b4d742', null, 'a7e298c9-3211-489d-8698-7ae65a922156', null, null, 'f3fed5ea-72f2-4a0a-ad43-d30b1c22c86c',305, null, null, '所属组织',0, null, 'Y', 'N', 'N', 'N',20, null, null, null, null, 'pk_org',0, '人力资源组织(所有)',2, '2018-10-12 17:12:54',0,0, 'N', 'N', 'Y', '2UC000-000360', 'N', 'N', 'N', null, 'N', null, '0' ) 
;insert into md_property ( id, accessorclassname, classid, createtime, creator, datatype, datatypestyle, defaultvalue, description, displayname, dr, help, isactive, hided, nullable, readonly, attrlength, attrmaxvalue, attrminvalue, modifier, modifytime, name, precise, refmodelname, attrsequence, ts, visibility, versiontype, fixedlength, calculation, isauthen, resid, customattr, notserialize, dynamicattr, dynamictable, accesspower, accesspowergroup, industry ) values (  '08de519c-52cb-469e-a567-2ec2578192b2', null, 'a7e298c9-3211-489d-8698-7ae65a922156', null, null, '6a70e954-0544-4cd6-8da4-1461ced5fa1c',305, null, null, '加班类别',0, null, 'Y', 'N', 'N', 'N',20, null, null, null, null, 'pk_overtimetype',0, '加班类别',3, '2018-10-12 17:12:54',0,0, 'N', 'N', 'Y', '2ovtm-000020', 'N', 'N', 'N', null, 'N', null, '0' ) 
;insert into md_property ( id, accessorclassname, classid, createtime, creator, datatype, datatypestyle, defaultvalue, description, displayname, dr, help, isactive, hided, nullable, readonly, attrlength, attrmaxvalue, attrminvalue, modifier, modifytime, name, precise, refmodelname, attrsequence, ts, visibility, versiontype, fixedlength, calculation, isauthen, resid, customattr, notserialize, dynamicattr, dynamictable, accesspower, accesspowergroup, industry ) values (  '63ff44b9-5cd6-4594-b9a7-d14d07769cf9', null, 'a7e298c9-3211-489d-8698-7ae65a922156', null, null, '6b4d6a00-8055-49be-a3d2-e216760157fd',305, null, null, '加班类别copy',0, null, 'Y', 'N', 'Y', 'N',20, null, null, null, null, 'pk_overtimetypecopy',0, '加班类别拷贝',4, '2018-10-12 17:12:54',0,0, 'N', 'N', 'Y', '2ovtm-000018', 'N', 'N', 'N', null, 'N', null, '0' ) 
;insert into md_property ( id, accessorclassname, classid, createtime, creator, datatype, datatypestyle, defaultvalue, description, displayname, dr, help, isactive, hided, nullable, readonly, attrlength, attrmaxvalue, attrminvalue, modifier, modifytime, name, precise, refmodelname, attrsequence, ts, visibility, versiontype, fixedlength, calculation, isauthen, resid, customattr, notserialize, dynamicattr, dynamictable, accesspower, accesspowergroup, industry ) values (  '2d59e69d-bfc0-4361-b04c-15b686734aaa', null, 'a7e298c9-3211-489d-8698-7ae65a922156', null, null, 'BS000010000100001001',300, null, null, '单据编码',0, null, 'Y', 'N', 'Y', 'N',80, null, null, null, null, 'bill_code',0, null,5, '2018-10-12 17:12:54',0,0, 'N', 'N', 'Y', '2UC000-000199', 'N', 'N', 'N', null, 'N', null, '0' ) 
;insert into md_property ( id, accessorclassname, classid, createtime, creator, datatype, datatypestyle, defaultvalue, description, displayname, dr, help, isactive, hided, nullable, readonly, attrlength, attrmaxvalue, attrminvalue, modifier, modifytime, name, precise, refmodelname, attrsequence, ts, visibility, versiontype, fixedlength, calculation, isauthen, resid, customattr, notserialize, dynamicattr, dynamictable, accesspower, accesspowergroup, industry ) values (  'd933aef1-9d58-4ab6-bee2-0d0535eef0bd', null, 'a7e298c9-3211-489d-8698-7ae65a922156', null, null, 'BS000010000100001039',300, null, null, '申请日期',0, null, 'Y', 'N', 'Y', 'N',10, null, null, null, null, 'apply_date',0, null,6, '2018-10-12 17:12:54',0,0, 'N', 'N', 'Y', '2UC000-000648', 'N', 'N', 'N', null, 'N', null, '0' ) 
;insert into md_property ( id, accessorclassname, classid, createtime, creator, datatype, datatypestyle, defaultvalue, description, displayname, dr, help, isactive, hided, nullable, readonly, attrlength, attrmaxvalue, attrminvalue, modifier, modifytime, name, precise, refmodelname, attrsequence, ts, visibility, versiontype, fixedlength, calculation, isauthen, resid, customattr, notserialize, dynamicattr, dynamictable, accesspower, accesspowergroup, industry ) values (  '568bd3db-808a-414c-b984-2fbe2b08ab88', null, 'a7e298c9-3211-489d-8698-7ae65a922156', null, null, 'f6f9a473-56c0-432f-8bc7-fbf8fde54fee',305, null, null, '申请人',0, null, 'Y', 'N', 'N', 'N',20, null, null, null, null, 'billmaker',0, '用户',7, '2018-10-12 17:12:54',0,0, 'N', 'N', 'Y', '2UC000-000646', 'N', 'N', 'N', null, 'N', null, '0' ) 
;insert into md_property ( id, accessorclassname, classid, createtime, creator, datatype, datatypestyle, defaultvalue, description, displayname, dr, help, isactive, hided, nullable, readonly, attrlength, attrmaxvalue, attrminvalue, modifier, modifytime, name, precise, refmodelname, attrsequence, ts, visibility, versiontype, fixedlength, calculation, isauthen, resid, customattr, notserialize, dynamicattr, dynamictable, accesspower, accesspowergroup, industry ) values (  'd1ed4783-3895-4275-a8bc-c8f5fd10b168', null, 'a7e298c9-3211-489d-8698-7ae65a922156', null, null, '218971f0-e5dc-408b-9a32-56529dddd4db',305, null, null, '人员基本信息',0, null, 'Y', 'N', 'Y', 'N',20, null, null, null, null, 'pk_psndoc',0, 'HR人员',8, '2018-10-12 17:12:54',0,0, 'N', 'N', 'Y', '2ovtm-000050', 'N', 'N', 'N', null, 'N', null, '0' ) 
;insert into md_property ( id, accessorclassname, classid, createtime, creator, datatype, datatypestyle, defaultvalue, description, displayname, dr, help, isactive, hided, nullable, readonly, attrlength, attrmaxvalue, attrminvalue, modifier, modifytime, name, precise, refmodelname, attrsequence, ts, visibility, versiontype, fixedlength, calculation, isauthen, resid, customattr, notserialize, dynamicattr, dynamictable, accesspower, accesspowergroup, industry ) values (  'db184e1e-8042-4364-b26c-0baaeeb0e22c', null, 'a7e298c9-3211-489d-8698-7ae65a922156', null, null, '7156d223-4531-4337-b192-492ab40098f1',305, null, null, '人员工作记录',0, null, 'Y', 'N', 'N', 'N',20, null, null, null, null, 'pk_psnjob',0, '人员工作记录',9, '2018-10-12 17:12:54',0,0, 'N', 'N', 'Y', '2ovtm-000011', 'N', 'N', 'N', null, 'N', null, '0' ) 
;insert into md_property ( id, accessorclassname, classid, createtime, creator, datatype, datatypestyle, defaultvalue, description, displayname, dr, help, isactive, hided, nullable, readonly, attrlength, attrmaxvalue, attrminvalue, modifier, modifytime, name, precise, refmodelname, attrsequence, ts, visibility, versiontype, fixedlength, calculation, isauthen, resid, customattr, notserialize, dynamicattr, dynamictable, accesspower, accesspowergroup, industry ) values (  '1cda1da0-3541-4161-8ad8-ef9981c93fb3', null, 'a7e298c9-3211-489d-8698-7ae65a922156', null, null, 'fa902409-20fe-4c49-89ee-85ee9312174b',305, null, null, '人员组织版本',0, null, 'Y', 'N', 'Y', 'N',20, null, null, null, null, 'pk_org_v',0, '行政组织版本',10, '2018-10-12 17:12:54',0,0, 'N', 'N', 'Y', '2ovtm-000023', 'N', 'N', 'N', null, 'N', null, '0' ) 
;insert into md_property ( id, accessorclassname, classid, createtime, creator, datatype, datatypestyle, defaultvalue, description, displayname, dr, help, isactive, hided, nullable, readonly, attrlength, attrmaxvalue, attrminvalue, modifier, modifytime, name, precise, refmodelname, attrsequence, ts, visibility, versiontype, fixedlength, calculation, isauthen, resid, customattr, notserialize, dynamicattr, dynamictable, accesspower, accesspowergroup, industry ) values (  'c0b8da92-6d2e-47c9-bde5-3b5005e5eb93', null, 'a7e298c9-3211-489d-8698-7ae65a922156', null, null, '66ed0cf6-e260-4f39-8fbb-172260efd677',305, null, null, '人员部门版本',0, null, 'Y', 'N', 'Y', 'N',20, null, null, null, null, 'pk_dept_v',0, '部门版本(所有)',11, '2018-10-12 17:12:54',0,0, 'N', 'N', 'Y', '2ovtm-000025', 'N', 'N', 'N', null, 'N', null, '0' ) 
;insert into md_property ( id, accessorclassname, classid, createtime, creator, datatype, datatypestyle, defaultvalue, description, displayname, dr, help, isactive, hided, nullable, readonly, attrlength, attrmaxvalue, attrminvalue, modifier, modifytime, name, precise, refmodelname, attrsequence, ts, visibility, versiontype, fixedlength, calculation, isauthen, resid, customattr, notserialize, dynamicattr, dynamictable, accesspower, accesspowergroup, industry ) values (  '44a53503-ebf6-41fa-a91b-ac9e2b38b1ef', null, 'a7e298c9-3211-489d-8698-7ae65a922156', null, null, 'BS000010000100001031',300, null, null, '合计加班工时',0, null, 'Y', 'N', 'Y', 'N',16, null, null, null, null, 'sumhour',2, null,12, '2018-10-12 17:12:54',0,0, 'N', 'N', 'Y', '2ovtm-000010', 'N', 'N', 'N', null, 'N', null, '0' ) 
;insert into md_property ( id, accessorclassname, classid, createtime, creator, datatype, datatypestyle, defaultvalue, description, displayname, dr, help, isactive, hided, nullable, readonly, attrlength, attrmaxvalue, attrminvalue, modifier, modifytime, name, precise, refmodelname, attrsequence, ts, visibility, versiontype, fixedlength, calculation, isauthen, resid, customattr, notserialize, dynamicattr, dynamictable, accesspower, accesspowergroup, industry ) values (  '29b0ee08-3405-4384-9096-8bb8e49ac315', null, 'a7e298c9-3211-489d-8698-7ae65a922156', null, null, 'BS000010000100001001',300, null, null, '审批流节点号',0, null, 'Y', 'N', 'Y', 'N',80, null, null, null, null, 'fun_code',0, null,13, '2018-10-12 17:12:54',0,0, 'N', 'N', 'Y', '2ovtm-000012', 'N', 'N', 'N', null, 'N', null, '0' ) 
;insert into md_property ( id, accessorclassname, classid, createtime, creator, datatype, datatypestyle, defaultvalue, description, displayname, dr, help, isactive, hided, nullable, readonly, attrlength, attrmaxvalue, attrminvalue, modifier, modifytime, name, precise, refmodelname, attrsequence, ts, visibility, versiontype, fixedlength, calculation, isauthen, resid, customattr, notserialize, dynamicattr, dynamictable, accesspower, accesspowergroup, industry ) values (  '7ef6fdc1-2c3c-45ef-a388-97650a837ee6', null, 'a7e298c9-3211-489d-8698-7ae65a922156', null, null, 'BS000010000100001032',300, null, null, '是否员工自助增加',0, null, 'Y', 'N', 'Y', 'N',1, null, null, null, null, 'ishrssbill',0, null,14, '2018-10-12 17:12:54',0,0, 'N', 'N', 'Y', '2ovtm-000013', 'N', 'N', 'N', null, 'N', null, '0' ) 
;insert into md_property ( id, accessorclassname, classid, createtime, creator, datatype, datatypestyle, defaultvalue, description, displayname, dr, help, isactive, hided, nullable, readonly, attrlength, attrmaxvalue, attrminvalue, modifier, modifytime, name, precise, refmodelname, attrsequence, ts, visibility, versiontype, fixedlength, calculation, isauthen, resid, customattr, notserialize, dynamicattr, dynamictable, accesspower, accesspowergroup, industry ) values (  '931681a3-0d54-4705-9b30-50ca989a8487', null, 'a7e298c9-3211-489d-8698-7ae65a922156', null, null, 'BS000010000100001034',300, null, null, '审批时间',0, null, 'Y', 'N', 'Y', 'N',19, null, null, null, null, 'approve_time',0, null,15, '2018-10-12 17:12:54',0,0, 'N', 'N', 'Y', '2UC000-000275', 'N', 'N', 'N', null, 'N', null, '0' ) 
;insert into md_property ( id, accessorclassname, classid, createtime, creator, datatype, datatypestyle, defaultvalue, description, displayname, dr, help, isactive, hided, nullable, readonly, attrlength, attrmaxvalue, attrminvalue, modifier, modifytime, name, precise, refmodelname, attrsequence, ts, visibility, versiontype, fixedlength, calculation, isauthen, resid, customattr, notserialize, dynamicattr, dynamictable, accesspower, accesspowergroup, industry ) values (  '5a890a95-c647-42dd-8f7c-56ea852ae0dd', null, 'a7e298c9-3211-489d-8698-7ae65a922156', null, null, 'BS000010000100001001',300, null, null, '交易类型',0, null, 'Y', 'N', 'Y', 'N',20, null, null, null, null, 'transtype',0, null,16, '2018-10-12 17:12:54',0,0, 'N', 'N', 'Y', '2UC000-000570', 'N', 'N', 'N', null, 'N', null, '0' ) 
;insert into md_property ( id, accessorclassname, classid, createtime, creator, datatype, datatypestyle, defaultvalue, description, displayname, dr, help, isactive, hided, nullable, readonly, attrlength, attrmaxvalue, attrminvalue, modifier, modifytime, name, precise, refmodelname, attrsequence, ts, visibility, versiontype, fixedlength, calculation, isauthen, resid, customattr, notserialize, dynamicattr, dynamictable, accesspower, accesspowergroup, industry ) values (  'ad316ea5-aea5-41b7-af6b-1d2dd5731f5c', null, 'a7e298c9-3211-489d-8698-7ae65a922156', null, null, '957c7ecd-b733-4839-9c46-c6828da14f00',300, null, null, '单据状态',0, null, 'Y', 'N', 'Y', 'N',0, null, null, null, null, 'approve_state',0, null,17, '2018-10-12 17:12:54',0,0, 'N', 'N', 'Y', '2UC000-000192', 'N', 'N', 'N', null, 'N', null, '0' ) 
;insert into md_property ( id, accessorclassname, classid, createtime, creator, datatype, datatypestyle, defaultvalue, description, displayname, dr, help, isactive, hided, nullable, readonly, attrlength, attrmaxvalue, attrminvalue, modifier, modifytime, name, precise, refmodelname, attrsequence, ts, visibility, versiontype, fixedlength, calculation, isauthen, resid, customattr, notserialize, dynamicattr, dynamictable, accesspower, accesspowergroup, industry ) values (  '342ade57-e555-4c98-9165-94990ff90121', null, 'a7e298c9-3211-489d-8698-7ae65a922156', null, null, 'f6f9a473-56c0-432f-8bc7-fbf8fde54fee',305, null, null, '审批人',0, null, 'Y', 'N', 'Y', 'N',20, null, null, null, null, 'approver',0, '用户',18, '2018-10-12 17:12:54',0,0, 'N', 'N', 'Y', '2UC000-000271', 'N', 'N', 'N', null, 'N', null, '0' ) 
;insert into md_property ( id, accessorclassname, classid, createtime, creator, datatype, datatypestyle, defaultvalue, description, displayname, dr, help, isactive, hided, nullable, readonly, attrlength, attrmaxvalue, attrminvalue, modifier, modifytime, name, precise, refmodelname, attrsequence, ts, visibility, versiontype, fixedlength, calculation, isauthen, resid, customattr, notserialize, dynamicattr, dynamictable, accesspower, accesspowergroup, industry ) values (  '451693a1-c6a4-4cc7-a19b-9ed22070c8fc', null, 'a7e298c9-3211-489d-8698-7ae65a922156', null, null, 'BS000010000100001030',300, null, null, '审批意见',0, null, 'Y', 'N', 'Y', 'N',1024, null, null, null, null, 'approve_note',0, null,19, '2018-10-12 17:12:54',0,0, 'N', 'N', 'Y', '2UC000-000272', 'N', 'N', 'N', null, 'N', null, '0' ) 
;insert into md_property ( id, accessorclassname, classid, createtime, creator, datatype, datatypestyle, defaultvalue, description, displayname, dr, help, isactive, hided, nullable, readonly, attrlength, attrmaxvalue, attrminvalue, modifier, modifytime, name, precise, refmodelname, attrsequence, ts, visibility, versiontype, fixedlength, calculation, isauthen, resid, customattr, notserialize, dynamicattr, dynamictable, accesspower, accesspowergroup, industry ) values (  '36fc5db5-452e-4784-9a57-35740e7b0f46', null, 'a7e298c9-3211-489d-8698-7ae65a922156', null, null, 'BS000010000100001034',300, null, null, '创建时间',0, null, 'Y', 'N', 'Y', 'N',19, null, null, null, null, 'creationtime',0, null,20, '2018-10-12 17:12:54',0,0, 'N', 'N', 'Y', '2UC000-000157', 'N', 'N', 'N', null, 'N', null, '0' ) 
;insert into md_property ( id, accessorclassname, classid, createtime, creator, datatype, datatypestyle, defaultvalue, description, displayname, dr, help, isactive, hided, nullable, readonly, attrlength, attrmaxvalue, attrminvalue, modifier, modifytime, name, precise, refmodelname, attrsequence, ts, visibility, versiontype, fixedlength, calculation, isauthen, resid, customattr, notserialize, dynamicattr, dynamictable, accesspower, accesspowergroup, industry ) values (  'd26b16f4-42a5-4bad-b228-64f37236e7f1', null, 'a7e298c9-3211-489d-8698-7ae65a922156', null, null, 'f6f9a473-56c0-432f-8bc7-fbf8fde54fee',305, null, null, '创建人',0, null, 'Y', 'N', 'Y', 'N',20, null, null, null, null, 'creator',0, '用户',21, '2018-10-12 17:12:54',0,0, 'N', 'N', 'Y', '2UC000-000155', 'N', 'N', 'N', null, 'N', null, '0' ) 
;insert into md_property ( id, accessorclassname, classid, createtime, creator, datatype, datatypestyle, defaultvalue, description, displayname, dr, help, isactive, hided, nullable, readonly, attrlength, attrmaxvalue, attrminvalue, modifier, modifytime, name, precise, refmodelname, attrsequence, ts, visibility, versiontype, fixedlength, calculation, isauthen, resid, customattr, notserialize, dynamicattr, dynamictable, accesspower, accesspowergroup, industry ) values (  'ded42038-66f7-4213-bfa5-b01b2f70650a', null, 'a7e298c9-3211-489d-8698-7ae65a922156', null, null, 'BS000010000100001034',300, null, null, '修改时间',0, null, 'Y', 'N', 'Y', 'N',19, null, null, null, null, 'modifiedtime',0, null,22, '2018-10-12 17:12:54',0,0, 'N', 'N', 'Y', '2UC000-000100', 'N', 'N', 'N', null, 'N', null, '0' ) 
;insert into md_property ( id, accessorclassname, classid, createtime, creator, datatype, datatypestyle, defaultvalue, description, displayname, dr, help, isactive, hided, nullable, readonly, attrlength, attrmaxvalue, attrminvalue, modifier, modifytime, name, precise, refmodelname, attrsequence, ts, visibility, versiontype, fixedlength, calculation, isauthen, resid, customattr, notserialize, dynamicattr, dynamictable, accesspower, accesspowergroup, industry ) values (  'f9f04908-3bc3-4d84-be2a-49f2ca2f5566', null, 'a7e298c9-3211-489d-8698-7ae65a922156', null, null, 'f6f9a473-56c0-432f-8bc7-fbf8fde54fee',305, null, null, '修改人',0, null, 'Y', 'N', 'Y', 'N',20, null, null, null, null, 'modifier',0, '用户',23, '2018-10-12 17:12:54',0,0, 'N', 'N', 'Y', '2UC000-000098', 'N', 'N', 'N', null, 'N', null, '0' ) 
;insert into md_property ( id, accessorclassname, classid, createtime, creator, datatype, datatypestyle, defaultvalue, description, displayname, dr, help, isactive, hided, nullable, readonly, attrlength, attrmaxvalue, attrminvalue, modifier, modifytime, name, precise, refmodelname, attrsequence, ts, visibility, versiontype, fixedlength, calculation, isauthen, resid, customattr, notserialize, dynamicattr, dynamictable, accesspower, accesspowergroup, industry ) values (  'eef72300-8f43-4f28-8613-379081898afd', 'nc.md.model.access.BodyOfAggVOAccessor', 'a7e298c9-3211-489d-8698-7ae65a922156', null, null, 'de0e30a1-d241-4125-8f02-dfc9c64bffd2',301, null, null, '加班明细',0, null, 'Y', 'N', 'Y', 'N',0, null, null, null, null, 'overtime_sub',0, null,24, '2018-10-12 17:12:54',0,0, 'N', 'N', 'Y', '2ovtm-000021', 'N', 'N', 'N', null, 'N', null, '0' ) 
;insert into md_property ( id, accessorclassname, classid, createtime, creator, datatype, datatypestyle, defaultvalue, description, displayname, dr, help, isactive, hided, nullable, readonly, attrlength, attrmaxvalue, attrminvalue, modifier, modifytime, name, precise, refmodelname, attrsequence, ts, visibility, versiontype, fixedlength, calculation, isauthen, resid, customattr, notserialize, dynamicattr, dynamictable, accesspower, accesspowergroup, industry ) values (  '4ac92f34-e3f9-4af1-997a-7a1c73118340', null, 'a7e298c9-3211-489d-8698-7ae65a922156', null, null, 'b0fa41cd-a649-4309-b685-d341a5d1b0ed',305, null, null, '流程类型',0, null, 'Y', 'N', 'Y', 'N',20, null, null, null, null, 'transtypeid',0, '影响因素交 易类型',25, '2018-10-12 17:12:54',0,0, 'N', 'N', 'Y', '2UC000-000570', 'N', 'N', 'N', null, 'N', null, '0' ) 
;insert into md_property ( id, accessorclassname, classid, createtime, creator, datatype, datatypestyle, defaultvalue, description, displayname, dr, help, isactive, hided, nullable, readonly, attrlength, attrmaxvalue, attrminvalue, modifier, modifytime, name, precise, refmodelname, attrsequence, ts, visibility, versiontype, fixedlength, calculation, isauthen, resid, customattr, notserialize, dynamicattr, dynamictable, accesspower, accesspowergroup, industry ) values (  '061e8c60-8395-4ba7-9658-424208866899', null, 'a7e298c9-3211-489d-8698-7ae65a922156', null, null, 'BS000010000100001001',300, null, null, '单据类型',0, null, 'Y', 'N', 'N', 'N',20, null, null, null, null, 'pk_billtype',0, null,26, '2018-10-12 17:12:54',0,0, 'N', 'N', 'Y', '2UC000-000194', 'N', 'N', 'N', null, 'N', null, '0' ) 
;insert into md_property ( id, accessorclassname, classid, createtime, creator, datatype, datatypestyle, defaultvalue, description, displayname, dr, help, isactive, hided, nullable, readonly, attrlength, attrmaxvalue, attrminvalue, modifier, modifytime, name, precise, refmodelname, attrsequence, ts, visibility, versiontype, fixedlength, calculation, isauthen, resid, customattr, notserialize, dynamicattr, dynamictable, accesspower, accesspowergroup, industry ) values (  'a7cee33b-234e-4b9c-953d-cd04ffb08287', null, 'a7e298c9-3211-489d-8698-7ae65a922156', null, null, '3a521756-6a6b-4027-858e-e64104b7851b',305, null, null, '组织关系主键',0, null, 'Y', 'N', 'Y', 'N',20, null, null, null, null, 'pk_psnorg',0, 'HR组织关系',27, '2018-10-12 17:12:54',0,0, 'N', 'N', 'Y', '2UC000-000695', 'N', 'N', 'N', null, 'N', null, '0' ) 
;insert into md_property ( id, accessorclassname, classid, createtime, creator, datatype, datatypestyle, defaultvalue, description, displayname, dr, help, isactive, hided, nullable, readonly, attrlength, attrmaxvalue, attrminvalue, modifier, modifytime, name, precise, refmodelname, attrsequence, ts, visibility, versiontype, fixedlength, calculation, isauthen, resid, customattr, notserialize, dynamicattr, dynamictable, accesspower, accesspowergroup, industry ) values (  '43ca1dc3-03df-4987-9182-c1472c0bfb56', null, 'a7e298c9-3211-489d-8698-7ae65a922156', null, null, 'BS000010000100001032',300, null, null, '是否转调休',0, null, 'Y', 'N', 'Y', 'N',1, null, null, null, null, 'isrerest',0, null,28, '2018-10-12 17:12:54',0,0, 'N', 'N', 'Y', null, 'N', 'N', 'N', null, 'N', null, '0' ) 
;insert into md_property ( id, accessorclassname, classid, createtime, creator, datatype, datatypestyle, defaultvalue, description, displayname, dr, help, isactive, hided, nullable, readonly, attrlength, attrmaxvalue, attrminvalue, modifier, modifytime, name, precise, refmodelname, attrsequence, ts, visibility, versiontype, fixedlength, calculation, isauthen, resid, customattr, notserialize, dynamicattr, dynamictable, accesspower, accesspowergroup, industry ) values (  'a50ce99a-b605-4e84-9bfa-6ca127bb920e', null, 'de0e30a1-d241-4125-8f02-dfc9c64bffd2', null, null, 'BS000010000100001051',300, null, null, '加班申请单子表主键',0, null, 'Y', 'N', 'N', 'N',20, null, null, null, null, 'pk_overtimeb',0, null,0, '2018-10-12 17:12:54',0,0, 'N', 'N', 'Y', '2ovtm-000000', 'N', 'N', 'N', null, 'N', null, '0' ) 
;insert into md_property ( id, accessorclassname, classid, createtime, creator, datatype, datatypestyle, defaultvalue, description, displayname, dr, help, isactive, hided, nullable, readonly, attrlength, attrmaxvalue, attrminvalue, modifier, modifytime, name, precise, refmodelname, attrsequence, ts, visibility, versiontype, fixedlength, calculation, isauthen, resid, customattr, notserialize, dynamicattr, dynamictable, accesspower, accesspowergroup, industry ) values (  '437985f4-fb17-4426-9f84-d0d13c38d8b0', null, 'de0e30a1-d241-4125-8f02-dfc9c64bffd2', null, null, '3b6dd171-2900-47f3-bfbe-41e4483a2a65',305, null, null, '所属集团',0, null, 'Y', 'Y', 'Y', 'N',20, null, null, null, null, 'pk_group',0, '集团(所有)',1, '2018-10-12 17:12:54',0,0, 'N', 'N', 'Y', '2UC000-000367', 'N', 'N', 'N', null, 'N', null, '0' ) 
;insert into md_property ( id, accessorclassname, classid, createtime, creator, datatype, datatypestyle, defaultvalue, description, displayname, dr, help, isactive, hided, nullable, readonly, attrlength, attrmaxvalue, attrminvalue, modifier, modifytime, name, precise, refmodelname, attrsequence, ts, visibility, versiontype, fixedlength, calculation, isauthen, resid, customattr, notserialize, dynamicattr, dynamictable, accesspower, accesspowergroup, industry ) values (  '2b01950a-afc5-46fe-9074-82331889f3ff', null, 'de0e30a1-d241-4125-8f02-dfc9c64bffd2', null, null, 'f3fed5ea-72f2-4a0a-ad43-d30b1c22c86c',305, null, null, '所属组织',0, null, 'Y', 'Y', 'Y', 'N',20, null, null, null, null, 'pk_org',0, '人力资源组织(所有)',2, '2018-10-12 17:12:54',0,0, 'N', 'N', 'Y', '2UC000-000360', 'N', 'N', 'N', null, 'N', null, '0' ) 
;insert into md_property ( id, accessorclassname, classid, createtime, creator, datatype, datatypestyle, defaultvalue, description, displayname, dr, help, isactive, hided, nullable, readonly, attrlength, attrmaxvalue, attrminvalue, modifier, modifytime, name, precise, refmodelname, attrsequence, ts, visibility, versiontype, fixedlength, calculation, isauthen, resid, customattr, notserialize, dynamicattr, dynamictable, accesspower, accesspowergroup, industry ) values (  'c831d62f-792f-4687-b9a1-cdf7b298ca1b', null, 'de0e30a1-d241-4125-8f02-dfc9c64bffd2', null, null, 'BS000010000100001039',300, null, null, '加班开始日期',0, null, 'Y', 'N', 'Y', 'N',10, null, null, null, null, 'overtimebegindate',0, null,3, '2018-10-12 17:12:54',0,0, 'N', 'N', 'Y', '2ovtm-000026', 'N', 'N', 'N', null, 'N', null, '0' ) 
;insert into md_property ( id, accessorclassname, classid, createtime, creator, datatype, datatypestyle, defaultvalue, description, displayname, dr, help, isactive, hided, nullable, readonly, attrlength, attrmaxvalue, attrminvalue, modifier, modifytime, name, precise, refmodelname, attrsequence, ts, visibility, versiontype, fixedlength, calculation, isauthen, resid, customattr, notserialize, dynamicattr, dynamictable, accesspower, accesspowergroup, industry ) values (  '757918c6-b346-4642-9648-95adad335dfd', null, 'de0e30a1-d241-4125-8f02-dfc9c64bffd2', null, null, 'BS000010000100001034',300, null, null, '加班开始时刻',0, null, 'Y', 'N', 'Y', 'N',19, null, null, null, null, 'overtimebegintime',0, null,4, '2018-10-12 17:12:54',0,0, 'N', 'N', 'Y', '2ovtm-000027', 'N', 'N', 'N', null, 'N', null, '0' ) 
;insert into md_property ( id, accessorclassname, classid, createtime, creator, datatype, datatypestyle, defaultvalue, description, displayname, dr, help, isactive, hided, nullable, readonly, attrlength, attrmaxvalue, attrminvalue, modifier, modifytime, name, precise, refmodelname, attrsequence, ts, visibility, versiontype, fixedlength, calculation, isauthen, resid, customattr, notserialize, dynamicattr, dynamictable, accesspower, accesspowergroup, industry ) values (  'e361a05e-f967-4b6c-bca3-caae8c288c9e', null, 'de0e30a1-d241-4125-8f02-dfc9c64bffd2', null, null, 'BS000010000100001039',300, null, null, '加班结束日期',0, null, 'Y', 'N', 'Y', 'N',10, null, null, null, null, 'overtimeenddate',0, null,5, '2018-10-12 17:12:54',0,0, 'N', 'N', 'Y', '2ovtm-000002', 'N', 'N', 'N', null, 'N', null, '0' ) 
;insert into md_property ( id, accessorclassname, classid, createtime, creator, datatype, datatypestyle, defaultvalue, description, displayname, dr, help, isactive, hided, nullable, readonly, attrlength, attrmaxvalue, attrminvalue, modifier, modifytime, name, precise, refmodelname, attrsequence, ts, visibility, versiontype, fixedlength, calculation, isauthen, resid, customattr, notserialize, dynamicattr, dynamictable, accesspower, accesspowergroup, industry ) values (  'cadd75bd-9370-4e12-ba7b-e9e74779b915', null, 'de0e30a1-d241-4125-8f02-dfc9c64bffd2', null, null, 'BS000010000100001034',300, null, null, '加班结束时刻',0, null, 'Y', 'N', 'Y', 'N',19, null, null, null, null, 'overtimeendtime',0, null,6, '2018-10-12 17:12:54',0,0, 'N', 'N', 'Y', '2ovtm-000009', 'N', 'N', 'N', null, 'N', null, '0' ) 
;insert into md_property ( id, accessorclassname, classid, createtime, creator, datatype, datatypestyle, defaultvalue, description, displayname, dr, help, isactive, hided, nullable, readonly, attrlength, attrmaxvalue, attrminvalue, modifier, modifytime, name, precise, refmodelname, attrsequence, ts, visibility, versiontype, fixedlength, calculation, isauthen, resid, customattr, notserialize, dynamicattr, dynamictable, accesspower, accesspowergroup, industry ) values (  '02ec6b4c-8118-45c1-96ff-2c060603fac2', null, 'de0e30a1-d241-4125-8f02-dfc9c64bffd2', null, null, 'BS000010000100001031',300, null, null, '加班时长',0, null, 'Y', 'N', 'Y', 'N',16, null, null, null, null, 'overtimehour',2, null,7, '2018-10-12 17:12:54',0,0, 'N', 'N', 'Y', '2ovtm-000015', 'N', 'N', 'N', null, 'N', null, '0' ) 
;insert into md_property ( id, accessorclassname, classid, createtime, creator, datatype, datatypestyle, defaultvalue, description, displayname, dr, help, isactive, hided, nullable, readonly, attrlength, attrmaxvalue, attrminvalue, modifier, modifytime, name, precise, refmodelname, attrsequence, ts, visibility, versiontype, fixedlength, calculation, isauthen, resid, customattr, notserialize, dynamicattr, dynamictable, accesspower, accesspowergroup, industry ) values (  '05b98fba-139c-4567-b29b-32a8f485e889', null, 'de0e30a1-d241-4125-8f02-dfc9c64bffd2', null, null, 'BS000010000100001001',300, null, null, '加班说明',0, null, 'Y', 'N', 'Y', 'N',512, null, null, null, null, 'overtimeremark',0, null,8, '2018-10-12 17:12:54',0,0, 'N', 'N', 'Y', '2ovtm-000004', 'N', 'N', 'N', null, 'N', null, '0' ) 
;insert into md_property ( id, accessorclassname, classid, createtime, creator, datatype, datatypestyle, defaultvalue, description, displayname, dr, help, isactive, hided, nullable, readonly, attrlength, attrmaxvalue, attrminvalue, modifier, modifytime, name, precise, refmodelname, attrsequence, ts, visibility, versiontype, fixedlength, calculation, isauthen, resid, customattr, notserialize, dynamicattr, dynamictable, accesspower, accesspowergroup, industry ) values (  '7c496dab-4d41-4b25-b19c-c7add5556c42', null, 'de0e30a1-d241-4125-8f02-dfc9c64bffd2', null, null, 'BS000010000100001031',300, null, null, '所在考勤期间已加班时数',0, null, 'Y', 'N', 'Y', 'N',16, null, null, null, null, 'overtimealready',2, null,9, '2018-10-12 17:12:54',0,0, 'N', 'N', 'Y', '2ovtm-000003', 'N', 'N', 'N', null, 'N', null, '0' ) 
;insert into md_property ( id, accessorclassname, classid, createtime, creator, datatype, datatypestyle, defaultvalue, description, displayname, dr, help, isactive, hided, nullable, readonly, attrlength, attrmaxvalue, attrminvalue, modifier, modifytime, name, precise, refmodelname, attrsequence, ts, visibility, versiontype, fixedlength, calculation, isauthen, resid, customattr, notserialize, dynamicattr, dynamictable, accesspower, accesspowergroup, industry ) values (  'e70b93d8-8b38-45d0-b40e-f29de01b4c99', null, 'de0e30a1-d241-4125-8f02-dfc9c64bffd2', null, null, 'BS000010000100001004',300, null, null, '扣除时间',0, null, 'Y', 'N', 'Y', 'N',0, null, null, null, null, 'deduct',0, null,10, '2018-10-12 17:12:54',0,0, 'N', 'N', 'Y', '2ovtm-000008', 'N', 'N', 'N', null, 'N', null, '0' ) 
;insert into md_property ( id, accessorclassname, classid, createtime, creator, datatype, datatypestyle, defaultvalue, description, displayname, dr, help, isactive, hided, nullable, readonly, attrlength, attrmaxvalue, attrminvalue, modifier, modifytime, name, precise, refmodelname, attrsequence, ts, visibility, versiontype, fixedlength, calculation, isauthen, resid, customattr, notserialize, dynamicattr, dynamictable, accesspower, accesspowergroup, industry ) values (  'b772ebcf-d0f9-48f1-b918-52bab59dc1a4', null, 'de0e30a1-d241-4125-8f02-dfc9c64bffd2', null, null, 'BS000010000100001031',300, null, null, '实际加班时长',0, null, 'Y', 'N', 'Y', 'N',16, null, null, null, null, 'acthour',2, null,11, '2018-10-12 17:12:54',0,0, 'N', 'N', 'Y', '2ovtm-000007', 'N', 'N', 'N', null, 'N', null, '0' ) 
;insert into md_property ( id, accessorclassname, classid, createtime, creator, datatype, datatypestyle, defaultvalue, description, displayname, dr, help, isactive, hided, nullable, readonly, attrlength, attrmaxvalue, attrminvalue, modifier, modifytime, name, precise, refmodelname, attrsequence, ts, visibility, versiontype, fixedlength, calculation, isauthen, resid, customattr, notserialize, dynamicattr, dynamictable, accesspower, accesspowergroup, industry ) values (  'e29853f9-722a-46d8-a010-bdad10773aa3', null, 'de0e30a1-d241-4125-8f02-dfc9c64bffd2', null, null, 'BS000010000100001032',300, null, null, '是否需要校验',0, null, 'Y', 'N', 'Y', 'N',1, null, null, null, null, 'isneedcheck',0, null,12, '2018-10-12 17:12:54',0,0, 'N', 'N', 'Y', '2ovtm-000024', 'N', 'N', 'N', null, 'N', null, '0' ) 
;insert into md_property ( id, accessorclassname, classid, createtime, creator, datatype, datatypestyle, defaultvalue, description, displayname, dr, help, isactive, hided, nullable, readonly, attrlength, attrmaxvalue, attrminvalue, modifier, modifytime, name, precise, refmodelname, attrsequence, ts, visibility, versiontype, fixedlength, calculation, isauthen, resid, customattr, notserialize, dynamicattr, dynamictable, accesspower, accesspowergroup, industry ) values (  '0ef7abcf-58b3-40c2-9b68-5eb9b71ebe13', null, 'de0e30a1-d241-4125-8f02-dfc9c64bffd2', null, null, 'BS000010000100001001',300, null, null, '单据编码',0, null, 'Y', 'N', 'Y', 'N',50, null, null, null, null, 'bill_code',0, null,13, '2018-10-12 17:12:54',0,0, 'N', 'Y', 'Y', '2UC000-000199', 'N', 'N', 'N', null, 'N', null, '0' ) 
;insert into md_property ( id, accessorclassname, classid, createtime, creator, datatype, datatypestyle, defaultvalue, description, displayname, dr, help, isactive, hided, nullable, readonly, attrlength, attrmaxvalue, attrminvalue, modifier, modifytime, name, precise, refmodelname, attrsequence, ts, visibility, versiontype, fixedlength, calculation, isauthen, resid, customattr, notserialize, dynamicattr, dynamictable, accesspower, accesspowergroup, industry ) values (  'ec9282c9-08ba-47fc-850a-f335e9b665bc', null, 'de0e30a1-d241-4125-8f02-dfc9c64bffd2', null, null, '6a70e954-0544-4cd6-8da4-1461ced5fa1c',305, null, null, '加班类别',0, null, 'Y', 'N', 'Y', 'N',20, null, null, null, null, 'pk_overtimetype',0, '加班类别',14, '2018-10-12 17:12:54',0,0, 'N', 'Y', 'Y', '2ovtm-000020', 'N', 'N', 'N', null, 'N', null, '0' ) 
;insert into md_property ( id, accessorclassname, classid, createtime, creator, datatype, datatypestyle, defaultvalue, description, displayname, dr, help, isactive, hided, nullable, readonly, attrlength, attrmaxvalue, attrminvalue, modifier, modifytime, name, precise, refmodelname, attrsequence, ts, visibility, versiontype, fixedlength, calculation, isauthen, resid, customattr, notserialize, dynamicattr, dynamictable, accesspower, accesspowergroup, industry ) values (  '0235ce68-8d94-4e0c-8ce1-946c7e8a903a', null, 'de0e30a1-d241-4125-8f02-dfc9c64bffd2', null, null, '6b4d6a00-8055-49be-a3d2-e216760157fd',305, null, null, '加班类别拷贝',0, null, 'Y', 'N', 'Y', 'N',20, null, null, null, null, 'pk_overtimetypecopy',0, '加班类别拷贝',15, '2018-10-12 17:12:54',0,0, 'N', 'Y', 'Y', '2ovtm-000001', 'N', 'N', 'N', null, 'N', null, '0' ) 
;insert into md_property ( id, accessorclassname, classid, createtime, creator, datatype, datatypestyle, defaultvalue, description, displayname, dr, help, isactive, hided, nullable, readonly, attrlength, attrmaxvalue, attrminvalue, modifier, modifytime, name, precise, refmodelname, attrsequence, ts, visibility, versiontype, fixedlength, calculation, isauthen, resid, customattr, notserialize, dynamicattr, dynamictable, accesspower, accesspowergroup, industry ) values (  'a10867c6-0bc5-4c03-ae74-ba0326f88af3', null, 'de0e30a1-d241-4125-8f02-dfc9c64bffd2', null, null, '218971f0-e5dc-408b-9a32-56529dddd4db',305, null, null, '人员基本信息',0, null, 'Y', 'N', 'Y', 'N',20, null, null, null, null, 'pk_psndoc',0, 'HR人员',16, '2018-10-12 17:12:54',0,0, 'N', 'Y', 'Y', '2ovtm-000022', 'N', 'N', 'N', null, 'N', null, '0' ) 
;insert into md_property ( id, accessorclassname, classid, createtime, creator, datatype, datatypestyle, defaultvalue, description, displayname, dr, help, isactive, hided, nullable, readonly, attrlength, attrmaxvalue, attrminvalue, modifier, modifytime, name, precise, refmodelname, attrsequence, ts, visibility, versiontype, fixedlength, calculation, isauthen, resid, customattr, notserialize, dynamicattr, dynamictable, accesspower, accesspowergroup, industry ) values (  '395ff094-a6fa-4a10-914a-366adbb466aa', null, 'de0e30a1-d241-4125-8f02-dfc9c64bffd2', null, null, '7156d223-4531-4337-b192-492ab40098f1',305, null, null, '人员工作记录',0, null, 'Y', 'N', 'Y', 'N',20, null, null, null, null, 'pk_psnjob',0, '人员工作记录',17, '2018-10-12 17:12:54',0,0, 'N', 'Y', 'Y', '2ovtm-000019', 'N', 'N', 'N', null, 'N', null, '0' ) 
;insert into md_property ( id, accessorclassname, classid, createtime, creator, datatype, datatypestyle, defaultvalue, description, displayname, dr, help, isactive, hided, nullable, readonly, attrlength, attrmaxvalue, attrminvalue, modifier, modifytime, name, precise, refmodelname, attrsequence, ts, visibility, versiontype, fixedlength, calculation, isauthen, resid, customattr, notserialize, dynamicattr, dynamictable, accesspower, accesspowergroup, industry ) values (  'c350ebc2-ab4d-41f7-a1e1-b2ca3cc2e0d6', null, 'de0e30a1-d241-4125-8f02-dfc9c64bffd2', null, null, 'BS000010000100001001',300, null, null, '所在考勤期间已加班时数other',0, null, 'Y', 'N', 'Y', 'N',50, null, null, null, null, 'overtimealreadyother',0, null,18, '2018-10-12 17:12:54',0,0, 'N', 'Y', 'Y', '2ovtm-000003', 'N', 'N', 'N', null, 'N', null, '0' ) 
;insert into md_property ( id, accessorclassname, classid, createtime, creator, datatype, datatypestyle, defaultvalue, description, displayname, dr, help, isactive, hided, nullable, readonly, attrlength, attrmaxvalue, attrminvalue, modifier, modifytime, name, precise, refmodelname, attrsequence, ts, visibility, versiontype, fixedlength, calculation, isauthen, resid, customattr, notserialize, dynamicattr, dynamictable, accesspower, accesspowergroup, industry ) values (  'f771e404-4484-454d-9873-5a6cf5258428', null, 'de0e30a1-d241-4125-8f02-dfc9c64bffd2', null, null, 'BS000010000100001034',300, null, null, '加班开始时刻other',0, null, 'Y', 'N', 'Y', 'N',19, null, null, null, null, 'overtimebegintimeother',0, null,19, '2018-10-12 17:12:54',0,0, 'N', 'Y', 'Y', '2ovtm-000027', 'N', 'N', 'N', null, 'N', null, '0' ) 
;insert into md_property ( id, accessorclassname, classid, createtime, creator, datatype, datatypestyle, defaultvalue, description, displayname, dr, help, isactive, hided, nullable, readonly, attrlength, attrmaxvalue, attrminvalue, modifier, modifytime, name, precise, refmodelname, attrsequence, ts, visibility, versiontype, fixedlength, calculation, isauthen, resid, customattr, notserialize, dynamicattr, dynamictable, accesspower, accesspowergroup, industry ) values (  '63b3d8f4-8787-4e1b-a901-572811ed36bb', null, 'de0e30a1-d241-4125-8f02-dfc9c64bffd2', null, null, 'BS000010000100001031',300, null, null, '加班时长other',0, null, 'Y', 'N', 'Y', 'N',16, null, null, null, null, 'overtimehourother',2, null,20, '2018-10-12 17:12:54',0,0, 'N', 'Y', 'Y', '2ovtm-000015', 'N', 'N', 'N', null, 'N', null, '0' ) 
;insert into md_accessorPara ( id, dr, paravalue, assosequence, ts, versiontype, industry ) values (  'a7e298c9-3211-489d-8698-7ae65a922156',0, 'nc.vo.ta.overtime.AggOvertimehVO',0, '2018-10-12 17:12:54',null, null ) 
;insert into md_bizItfMap ( bizinterfaceid, intattrid, classid, classattrid, bizitfimpclassname, classattrpath, dr, ts ) values (  '6c8722b9-911a-489b-8d0d-18bd3734fcf6', '5dd3c721-22ad-42b1-9c10-4351c236bc77', 'a7e298c9-3211-489d-8698-7ae65a922156', '4d67743e-6a2e-489b-b96e-ee7739a248e2', null, null,0, '2018-10-12 17:12:54' ) 
;insert into md_bizItfMap ( bizinterfaceid, intattrid, classid, classattrid, bizitfimpclassname, classattrpath, dr, ts ) values (  '6c8722b9-911a-489b-8d0d-18bd3734fcf6', 'c8334364-7ab9-4266-8d4b-e74537935e46', 'a7e298c9-3211-489d-8698-7ae65a922156', null, null, null,0, '2018-10-12 17:12:54' ) 
;insert into md_bizItfMap ( bizinterfaceid, intattrid, classid, classattrid, bizitfimpclassname, classattrpath, dr, ts ) values (  '6c8722b9-911a-489b-8d0d-18bd3734fcf6', 'ecf1b76a-6e44-42e2-a55e-87596504775b', 'a7e298c9-3211-489d-8698-7ae65a922156', 'c4d5bf84-a21b-4d6c-9b30-6a7ee2b4d742', null, null,0, '2018-10-12 17:12:54' ) 
;insert into md_bizItfMap ( bizinterfaceid, intattrid, classid, classattrid, bizitfimpclassname, classattrpath, dr, ts ) values (  '6c8722b9-911a-489b-8d0d-18bd3734fcf6', 'd32cc17b-f415-415a-923f-0764443eb102', 'a7e298c9-3211-489d-8698-7ae65a922156', '2d59e69d-bfc0-4361-b04c-15b686734aaa', null, null,0, '2018-10-12 17:12:54' ) 
;insert into md_bizItfMap ( bizinterfaceid, intattrid, classid, classattrid, bizitfimpclassname, classattrpath, dr, ts ) values (  '6c8722b9-911a-489b-8d0d-18bd3734fcf6', '89578a97-42fe-439b-827c-8eabd9e3604c', 'a7e298c9-3211-489d-8698-7ae65a922156', null, null, null,0, '2018-10-12 17:12:54' ) 
;insert into md_bizItfMap ( bizinterfaceid, intattrid, classid, classattrid, bizitfimpclassname, classattrpath, dr, ts ) values (  '6c8722b9-911a-489b-8d0d-18bd3734fcf6', 'a47e6cda-09e4-480b-923f-ec6f41e3e06c', 'a7e298c9-3211-489d-8698-7ae65a922156', '67f520f9-9d53-44e5-84ae-ca7225aaa344', null, null,0, '2018-10-12 17:12:54' ) 
;insert into md_bizItfMap ( bizinterfaceid, intattrid, classid, classattrid, bizitfimpclassname, classattrpath, dr, ts ) values (  '2fd714f0-b6b0-4aeb-906e-ead92767ce32', 'eb4f78a8-7a2d-4aa4-9817-f4418d11f25e', 'a7e298c9-3211-489d-8698-7ae65a922156', '4d67743e-6a2e-489b-b96e-ee7739a248e2', null, null,0, '2018-10-12 17:12:54' ) 
;insert into md_bizItfMap ( bizinterfaceid, intattrid, classid, classattrid, bizitfimpclassname, classattrpath, dr, ts ) values (  '2fd714f0-b6b0-4aeb-906e-ead92767ce32', 'd0eab74e-d8cd-4bba-bfa1-4920b307b565', 'a7e298c9-3211-489d-8698-7ae65a922156', '2d59e69d-bfc0-4361-b04c-15b686734aaa', null, null,0, '2018-10-12 17:12:54' ) 
;insert into md_bizItfMap ( bizinterfaceid, intattrid, classid, classattrid, bizitfimpclassname, classattrpath, dr, ts ) values (  '2fd714f0-b6b0-4aeb-906e-ead92767ce32', 'ef7713f8-4707-456a-92fe-091785b0c65e', 'a7e298c9-3211-489d-8698-7ae65a922156', 'c4d5bf84-a21b-4d6c-9b30-6a7ee2b4d742', null, null,0, '2018-10-12 17:12:54' ) 
;insert into md_bizItfMap ( bizinterfaceid, intattrid, classid, classattrid, bizitfimpclassname, classattrpath, dr, ts ) values (  '2fd714f0-b6b0-4aeb-906e-ead92767ce32', 'aa80f66e-f1e3-47cd-818c-e3218b7e207e', 'a7e298c9-3211-489d-8698-7ae65a922156', '5a890a95-c647-42dd-8f7c-56ea852ae0dd', null, null,0, '2018-10-12 17:12:54' ) 
;insert into md_bizItfMap ( bizinterfaceid, intattrid, classid, classattrid, bizitfimpclassname, classattrpath, dr, ts ) values (  '2fd714f0-b6b0-4aeb-906e-ead92767ce32', '4458032b-f71e-46f5-9826-ce458009d21d', 'a7e298c9-3211-489d-8698-7ae65a922156', '568bd3db-808a-414c-b984-2fbe2b08ab88', null, null,0, '2018-10-12 17:12:54' ) 
;insert into md_bizItfMap ( bizinterfaceid, intattrid, classid, classattrid, bizitfimpclassname, classattrpath, dr, ts ) values (  '2fd714f0-b6b0-4aeb-906e-ead92767ce32', '826357b1-1210-4ecf-8ebc-4d2dc0ab2813', 'a7e298c9-3211-489d-8698-7ae65a922156', '342ade57-e555-4c98-9165-94990ff90121', null, null,0, '2018-10-12 17:12:54' ) 
;insert into md_bizItfMap ( bizinterfaceid, intattrid, classid, classattrid, bizitfimpclassname, classattrpath, dr, ts ) values (  '2fd714f0-b6b0-4aeb-906e-ead92767ce32', '0d045cc9-c178-489d-abbf-17c997e3b790', 'a7e298c9-3211-489d-8698-7ae65a922156', 'ad316ea5-aea5-41b7-af6b-1d2dd5731f5c', null, null,0, '2018-10-12 17:12:54' ) 
;insert into md_bizItfMap ( bizinterfaceid, intattrid, classid, classattrid, bizitfimpclassname, classattrpath, dr, ts ) values (  '2fd714f0-b6b0-4aeb-906e-ead92767ce32', 'bf83cd87-aafe-40b1-9545-ed506c8b7214', 'a7e298c9-3211-489d-8698-7ae65a922156', '451693a1-c6a4-4cc7-a19b-9ed22070c8fc', null, null,0, '2018-10-12 17:12:54' ) 
;insert into md_bizItfMap ( bizinterfaceid, intattrid, classid, classattrid, bizitfimpclassname, classattrpath, dr, ts ) values (  '2fd714f0-b6b0-4aeb-906e-ead92767ce32', '7d07c873-b21f-4d4c-a21c-92c43b9b7786', 'a7e298c9-3211-489d-8698-7ae65a922156', '931681a3-0d54-4705-9b30-50ca989a8487', null, null,0, '2018-10-12 17:12:54' ) 
;insert into md_bizItfMap ( bizinterfaceid, intattrid, classid, classattrid, bizitfimpclassname, classattrpath, dr, ts ) values (  '2fd714f0-b6b0-4aeb-906e-ead92767ce32', '9d7601f0-4ed7-4dca-868d-1c2a976fe458', 'a7e298c9-3211-489d-8698-7ae65a922156', '5a890a95-c647-42dd-8f7c-56ea852ae0dd', null, null,0, '2018-10-12 17:12:54' ) 
;insert into md_bizItfMap ( bizinterfaceid, intattrid, classid, classattrid, bizitfimpclassname, classattrpath, dr, ts ) values (  '2fd714f0-b6b0-4aeb-906e-ead92767ce32', 'f82d84cd-d01d-4861-b4f4-4c708ded0c5b', 'a7e298c9-3211-489d-8698-7ae65a922156', '061e8c60-8395-4ba7-9658-424208866899', null, null,0, '2018-10-12 17:12:54' ) 
;insert into md_bizItfMap ( bizinterfaceid, intattrid, classid, classattrid, bizitfimpclassname, classattrpath, dr, ts ) values (  '2fd714f0-b6b0-4aeb-906e-ead92767ce32', '06e835cd-ea1d-4fea-b592-b702e228ae57', 'a7e298c9-3211-489d-8698-7ae65a922156', '4ac92f34-e3f9-4af1-997a-7a1c73118340', null, null,0, '2018-10-12 17:12:54' ) 
;insert into md_bizItfMap ( bizinterfaceid, intattrid, classid, classattrid, bizitfimpclassname, classattrpath, dr, ts ) values (  '2fd714f0-b6b0-4aeb-906e-ead92767ce32', 'af163711-e50e-4692-8245-7694137d8896', 'a7e298c9-3211-489d-8698-7ae65a922156', null, null, null,0, '2018-10-12 17:12:54' ) 
;insert into md_bizItfMap ( bizinterfaceid, intattrid, classid, classattrid, bizitfimpclassname, classattrpath, dr, ts ) values (  '2fd714f0-b6b0-4aeb-906e-ead92767ce32', '0bcd812c-4a13-4e86-83a9-24dbbf6e9cc2', 'a7e298c9-3211-489d-8698-7ae65a922156', null, null, null,0, '2018-10-12 17:12:54' ) 
;insert into md_bizItfMap ( bizinterfaceid, intattrid, classid, classattrid, bizitfimpclassname, classattrpath, dr, ts ) values (  '2fd714f0-b6b0-4aeb-906e-ead92767ce32', 'e47f4da8-b109-472e-b4d9-f70ede7ef35f', 'a7e298c9-3211-489d-8698-7ae65a922156', null, null, null,0, '2018-10-12 17:12:54' ) 
;insert into md_bizItfMap ( bizinterfaceid, intattrid, classid, classattrid, bizitfimpclassname, classattrpath, dr, ts ) values (  '2fd714f0-b6b0-4aeb-906e-ead92767ce32', 'e112362d-181f-48d1-9e04-a96c95ec894a', 'a7e298c9-3211-489d-8698-7ae65a922156', null, null, null,0, '2018-10-12 17:12:54' ) 
;insert into md_bizItfMap ( bizinterfaceid, intattrid, classid, classattrid, bizitfimpclassname, classattrpath, dr, ts ) values (  '60bdf1fb-95e3-43dc-8feb-f874de9293eb', '25bd08e0-96da-40a6-bfc0-1298b2399f4a', 'a7e298c9-3211-489d-8698-7ae65a922156', '4d67743e-6a2e-489b-b96e-ee7739a248e2', null, null,0, '2018-10-12 17:12:54' ) 
;insert into md_association ( id, componentid, creator, createtime, dr, endcardinality, startbeanid, endelementid, isactive, modifier, modifytime, name, startcardinality, startelementid, ts, type, versiontype, industry ) values (  'e9563c8f-aa2a-47c7-b1b7-ca788f6f56d4', 'a2e0d3ec-19ab-4db5-b469-7876c26ff56d', null, '2010-11-25 14:39:02',0, '1..n', 'a7e298c9-3211-489d-8698-7ae65a922156', 'de0e30a1-d241-4125-8f02-dfc9c64bffd2', null, 'YONYOU NC', '2010-11-25 14:39:09', 'Aggregation Relation', '1', 'eef72300-8f43-4f28-8613-379081898afd', '2018-10-12 17:12:54',1,0, '0' ) 
;insert into md_association ( id, componentid, creator, createtime, dr, endcardinality, startbeanid, endelementid, isactive, modifier, modifytime, name, startcardinality, startelementid, ts, type, versiontype, industry ) values (  'f98ebda8-97c8-4949-9910-c3384e8dbc4b', 'a2e0d3ec-19ab-4db5-b469-7876c26ff56d', null, null,0, '1', 'a7e298c9-3211-489d-8698-7ae65a922156', '3b6dd171-2900-47f3-bfbe-41e4483a2a65', 'Y', null, null, 'hrtaovertimeh_pk_group', '1', '67f520f9-9d53-44e5-84ae-ca7225aaa344', '2018-10-12 17:12:54',3,0, '0' ) 
;insert into md_association ( id, componentid, creator, createtime, dr, endcardinality, startbeanid, endelementid, isactive, modifier, modifytime, name, startcardinality, startelementid, ts, type, versiontype, industry ) values (  'dd216bd2-5c29-4afe-833c-af98a9b8fad6', 'a2e0d3ec-19ab-4db5-b469-7876c26ff56d', null, null,0, '1', 'a7e298c9-3211-489d-8698-7ae65a922156', 'f3fed5ea-72f2-4a0a-ad43-d30b1c22c86c', 'Y', null, null, 'hrtaovertimeh_pk_org', '1', 'c4d5bf84-a21b-4d6c-9b30-6a7ee2b4d742', '2018-10-12 17:12:54',3,0, '0' ) 
;insert into md_association ( id, componentid, creator, createtime, dr, endcardinality, startbeanid, endelementid, isactive, modifier, modifytime, name, startcardinality, startelementid, ts, type, versiontype, industry ) values (  'defdeaa1-dc06-4c75-a902-88f7491796b7', 'a2e0d3ec-19ab-4db5-b469-7876c26ff56d', null, null,0, '1', 'a7e298c9-3211-489d-8698-7ae65a922156', '6a70e954-0544-4cd6-8da4-1461ced5fa1c', 'Y', null, null, 'hrtaovertimeh_pk_overtimetype', '1', '08de519c-52cb-469e-a567-2ec2578192b2', '2018-10-12 17:12:54',3,0, '0' ) 
;insert into md_association ( id, componentid, creator, createtime, dr, endcardinality, startbeanid, endelementid, isactive, modifier, modifytime, name, startcardinality, startelementid, ts, type, versiontype, industry ) values (  'f572b097-3b02-4c7d-b7c0-ced403be031b', 'a2e0d3ec-19ab-4db5-b469-7876c26ff56d', null, null,0, '1', 'a7e298c9-3211-489d-8698-7ae65a922156', '6b4d6a00-8055-49be-a3d2-e216760157fd', 'Y', null, null, 'hrtaovertimeh_pk_overtimetypecopy', '1', '63ff44b9-5cd6-4594-b9a7-d14d07769cf9', '2018-10-12 17:12:54',3,0, '0' ) 
;insert into md_association ( id, componentid, creator, createtime, dr, endcardinality, startbeanid, endelementid, isactive, modifier, modifytime, name, startcardinality, startelementid, ts, type, versiontype, industry ) values (  'f1581c73-660e-4354-b98c-860b353efe25', 'a2e0d3ec-19ab-4db5-b469-7876c26ff56d', null, null,0, '1', 'a7e298c9-3211-489d-8698-7ae65a922156', 'f6f9a473-56c0-432f-8bc7-fbf8fde54fee', 'Y', null, null, 'hrtaovertimeh_billmaker', '1', '568bd3db-808a-414c-b984-2fbe2b08ab88', '2018-10-12 17:12:54',3,0, '0' ) 
;insert into md_association ( id, componentid, creator, createtime, dr, endcardinality, startbeanid, endelementid, isactive, modifier, modifytime, name, startcardinality, startelementid, ts, type, versiontype, industry ) values (  '0a8c4487-e858-4319-a86f-5a46b707c268', 'a2e0d3ec-19ab-4db5-b469-7876c26ff56d', null, null,0, '1', 'a7e298c9-3211-489d-8698-7ae65a922156', '218971f0-e5dc-408b-9a32-56529dddd4db', 'Y', null, null, 'hrtaovertimeh_pk_psndoc', '1', 'd1ed4783-3895-4275-a8bc-c8f5fd10b168', '2018-10-12 17:12:54',3,0, '0' ) 
;insert into md_association ( id, componentid, creator, createtime, dr, endcardinality, startbeanid, endelementid, isactive, modifier, modifytime, name, startcardinality, startelementid, ts, type, versiontype, industry ) values (  '1a6accf0-0cf6-4c94-b797-bdd09b5343d9', 'a2e0d3ec-19ab-4db5-b469-7876c26ff56d', null, null,0, '1', 'a7e298c9-3211-489d-8698-7ae65a922156', '7156d223-4531-4337-b192-492ab40098f1', 'Y', null, null, 'hrtaovertimeh_pk_psnjob', '1', 'db184e1e-8042-4364-b26c-0baaeeb0e22c', '2018-10-12 17:12:54',3,0, '0' ) 
;insert into md_association ( id, componentid, creator, createtime, dr, endcardinality, startbeanid, endelementid, isactive, modifier, modifytime, name, startcardinality, startelementid, ts, type, versiontype, industry ) values (  '5b6d6912-f92d-49ab-aed8-b4e3d458a057', 'a2e0d3ec-19ab-4db5-b469-7876c26ff56d', null, null,0, '1', 'a7e298c9-3211-489d-8698-7ae65a922156', 'fa902409-20fe-4c49-89ee-85ee9312174b', 'Y', null, null, 'hrtaovertimeh_pk_org_v', '1', '1cda1da0-3541-4161-8ad8-ef9981c93fb3', '2018-10-12 17:12:54',3,0, '0' ) 
;insert into md_association ( id, componentid, creator, createtime, dr, endcardinality, startbeanid, endelementid, isactive, modifier, modifytime, name, startcardinality, startelementid, ts, type, versiontype, industry ) values (  '8b6392b9-3585-4e5b-a4e6-5b6c57168eaa', 'a2e0d3ec-19ab-4db5-b469-7876c26ff56d', null, null,0, '1', 'a7e298c9-3211-489d-8698-7ae65a922156', '66ed0cf6-e260-4f39-8fbb-172260efd677', 'Y', null, null, 'hrtaovertimeh_pk_dept_v', '1', 'c0b8da92-6d2e-47c9-bde5-3b5005e5eb93', '2018-10-12 17:12:54',3,0, '0' ) 
;insert into md_association ( id, componentid, creator, createtime, dr, endcardinality, startbeanid, endelementid, isactive, modifier, modifytime, name, startcardinality, startelementid, ts, type, versiontype, industry ) values (  '73942549-93d6-41ad-b953-12f9927e1388', 'a2e0d3ec-19ab-4db5-b469-7876c26ff56d', null, null,0, '1', 'a7e298c9-3211-489d-8698-7ae65a922156', 'f6f9a473-56c0-432f-8bc7-fbf8fde54fee', 'Y', null, null, 'hrtaovertimeh_approver', '1', '342ade57-e555-4c98-9165-94990ff90121', '2018-10-12 17:12:54',3,0, '0' ) 
;insert into md_association ( id, componentid, creator, createtime, dr, endcardinality, startbeanid, endelementid, isactive, modifier, modifytime, name, startcardinality, startelementid, ts, type, versiontype, industry ) values (  'e92ad48f-7f1f-4f93-bdcf-cceb7abc97d0', 'a2e0d3ec-19ab-4db5-b469-7876c26ff56d', null, null,0, '1', 'a7e298c9-3211-489d-8698-7ae65a922156', 'f6f9a473-56c0-432f-8bc7-fbf8fde54fee', 'Y', null, null, 'hrtaovertimeh_creator', '1', 'd26b16f4-42a5-4bad-b228-64f37236e7f1', '2018-10-12 17:12:54',3,0, '0' ) 
;insert into md_association ( id, componentid, creator, createtime, dr, endcardinality, startbeanid, endelementid, isactive, modifier, modifytime, name, startcardinality, startelementid, ts, type, versiontype, industry ) values (  '2713eb15-0547-471f-afbf-5e6414171c4e', 'a2e0d3ec-19ab-4db5-b469-7876c26ff56d', null, null,0, '1', 'a7e298c9-3211-489d-8698-7ae65a922156', 'f6f9a473-56c0-432f-8bc7-fbf8fde54fee', 'Y', null, null, 'hrtaovertimeh_modifier', '1', 'f9f04908-3bc3-4d84-be2a-49f2ca2f5566', '2018-10-12 17:12:54',3,0, '0' ) 
;insert into md_association ( id, componentid, creator, createtime, dr, endcardinality, startbeanid, endelementid, isactive, modifier, modifytime, name, startcardinality, startelementid, ts, type, versiontype, industry ) values (  '228f0d5d-5d3c-44d0-851e-e67a8a5dc918', 'a2e0d3ec-19ab-4db5-b469-7876c26ff56d', null, null,0, '1', 'a7e298c9-3211-489d-8698-7ae65a922156', 'b0fa41cd-a649-4309-b685-d341a5d1b0ed', 'Y', null, null, 'hrtaovertimeh_transtypeid', '1', '4ac92f34-e3f9-4af1-997a-7a1c73118340', '2018-10-12 17:12:54',3,0, '0' ) 
;insert into md_association ( id, componentid, creator, createtime, dr, endcardinality, startbeanid, endelementid, isactive, modifier, modifytime, name, startcardinality, startelementid, ts, type, versiontype, industry ) values (  '1ee7854a-7cde-42a2-a339-4b137e902553', 'a2e0d3ec-19ab-4db5-b469-7876c26ff56d', null, null,0, '1', 'a7e298c9-3211-489d-8698-7ae65a922156', '3a521756-6a6b-4027-858e-e64104b7851b', 'Y', null, null, 'hrtaovertimeh_pk_psnorg', '1', 'a7cee33b-234e-4b9c-953d-cd04ffb08287', '2018-10-12 17:12:54',3,0, '0' ) 
;insert into md_association ( id, componentid, creator, createtime, dr, endcardinality, startbeanid, endelementid, isactive, modifier, modifytime, name, startcardinality, startelementid, ts, type, versiontype, industry ) values (  'e30b625f-a2d1-4ff9-b19b-9ac681034996', 'a2e0d3ec-19ab-4db5-b469-7876c26ff56d', null, null,0, '1', 'de0e30a1-d241-4125-8f02-dfc9c64bffd2', '3b6dd171-2900-47f3-bfbe-41e4483a2a65', 'Y', null, null, 'hrtaovertimeb_pk_group', '1', '437985f4-fb17-4426-9f84-d0d13c38d8b0', '2018-10-12 17:12:54',3,0, '0' ) 
;insert into md_association ( id, componentid, creator, createtime, dr, endcardinality, startbeanid, endelementid, isactive, modifier, modifytime, name, startcardinality, startelementid, ts, type, versiontype, industry ) values (  '151ddfd9-0162-4de8-ab13-414935e7db02', 'a2e0d3ec-19ab-4db5-b469-7876c26ff56d', null, null,0, '1', 'de0e30a1-d241-4125-8f02-dfc9c64bffd2', 'f3fed5ea-72f2-4a0a-ad43-d30b1c22c86c', 'Y', null, null, 'hrtaovertimeb_pk_org', '1', '2b01950a-afc5-46fe-9074-82331889f3ff', '2018-10-12 17:12:54',3,0, '0' ) 
;insert into md_association ( id, componentid, creator, createtime, dr, endcardinality, startbeanid, endelementid, isactive, modifier, modifytime, name, startcardinality, startelementid, ts, type, versiontype, industry ) values (  'eabb570a-8575-4235-a9d1-0b80b6583bce', 'a2e0d3ec-19ab-4db5-b469-7876c26ff56d', null, null,0, '1', 'de0e30a1-d241-4125-8f02-dfc9c64bffd2', '6a70e954-0544-4cd6-8da4-1461ced5fa1c', 'Y', null, null, 'hrtaovertimeb_pk_overtimetype', '1', 'ec9282c9-08ba-47fc-850a-f335e9b665bc', '2018-10-12 17:12:54',3,0, '0' ) 
;insert into md_association ( id, componentid, creator, createtime, dr, endcardinality, startbeanid, endelementid, isactive, modifier, modifytime, name, startcardinality, startelementid, ts, type, versiontype, industry ) values (  '932de802-245e-4b35-8a4e-b31b4ff75ca7', 'a2e0d3ec-19ab-4db5-b469-7876c26ff56d', null, null,0, '1', 'de0e30a1-d241-4125-8f02-dfc9c64bffd2', '6b4d6a00-8055-49be-a3d2-e216760157fd', 'Y', null, null, 'hrtaovertimeb_pk_overtimetypecopy', '1', '0235ce68-8d94-4e0c-8ce1-946c7e8a903a', '2018-10-12 17:12:54',3,0, '0' ) 
;insert into md_association ( id, componentid, creator, createtime, dr, endcardinality, startbeanid, endelementid, isactive, modifier, modifytime, name, startcardinality, startelementid, ts, type, versiontype, industry ) values (  '2937a820-9d3f-4f5d-8281-d85584980c54', 'a2e0d3ec-19ab-4db5-b469-7876c26ff56d', null, null,0, '1', 'de0e30a1-d241-4125-8f02-dfc9c64bffd2', '218971f0-e5dc-408b-9a32-56529dddd4db', 'Y', null, null, 'hrtaovertimeb_pk_psndoc', '1', 'a10867c6-0bc5-4c03-ae74-ba0326f88af3', '2018-10-12 17:12:54',3,0, '0' ) 
;insert into md_association ( id, componentid, creator, createtime, dr, endcardinality, startbeanid, endelementid, isactive, modifier, modifytime, name, startcardinality, startelementid, ts, type, versiontype, industry ) values (  '05fa89b2-e5d8-4b38-b414-d3111130db7f', 'a2e0d3ec-19ab-4db5-b469-7876c26ff56d', null, null,0, '1', 'de0e30a1-d241-4125-8f02-dfc9c64bffd2', '7156d223-4531-4337-b192-492ab40098f1', 'Y', null, null, 'hrtaovertimeb_pk_psnjob', '1', '395ff094-a6fa-4a10-914a-366adbb466aa', '2018-10-12 17:12:54',3,0, '0' ) 
;insert into md_table ( id, createtime, creator, databaseid, description, displayname, dr, help, isactive, fromsourcebmf, modifier, modifytime, name, ts, versiontype, resmodule, resid, parenttable, isextendtable, industry ) values (  'tbm_overtimeh', '2010-08-25 10:32:37', null, null, null, '加班申请单主表',0, null, null, 'Y', 'YONYOU NC', '2018-10-12 17:12:32', 'tbm_overtimeh', '2018-10-12 17:12:54',0, 'overtime', '2ovtm-000017', null, null, '0' ) 
;insert into md_table ( id, createtime, creator, databaseid, description, displayname, dr, help, isactive, fromsourcebmf, modifier, modifytime, name, ts, versiontype, resmodule, resid, parenttable, isextendtable, industry ) values (  'tbm_overtimeb', '2010-11-25 14:33:31', null, null, null, '加班申请单子表',0, null, null, 'Y', 'YONYOU NC', '2018-10-12 17:12:32', 'tbm_overtimeb', '2018-10-12 17:12:54',0, 'overtime', '2ovtm-000006', null, null, '0' ) 
;insert into md_column ( id, sqldatetype, createtime, creator, defaultvalue, description, displayname, dr, help, incrementseed, incrementstep, isactive, identitied, pkey, nullable, columnlength, modifier, modifytime, name, precise, columnsequence, tableid, ts, versiontype, resid, groupid, columntype, forlocale ) values (  'tbm_overtimeh@@PK@@', 'char', null, null, null, null, '加班单主键',0, null,null,null, 'Y', null, 'Y', 'N',20, null, null, 'pk_overtimeh',0,0, 'tbm_overtimeh', '2018-10-12 17:12:54',0, '2ovtm-000014', null,0, 'N' ) 
;insert into md_column ( id, sqldatetype, createtime, creator, defaultvalue, description, displayname, dr, help, incrementseed, incrementstep, isactive, identitied, pkey, nullable, columnlength, modifier, modifytime, name, precise, columnsequence, tableid, ts, versiontype, resid, groupid, columntype, forlocale ) values (  'tbm_overtimeh@@@pk_group', 'char', null, null, null, null, '所属集团',0, null,null,null, 'Y', null, 'N', 'N',20, null, null, 'pk_group',0,1, 'tbm_overtimeh', '2018-10-12 17:12:54',0, '2UC000-000367', null,0, 'N' ) 
;insert into md_column ( id, sqldatetype, createtime, creator, defaultvalue, description, displayname, dr, help, incrementseed, incrementstep, isactive, identitied, pkey, nullable, columnlength, modifier, modifytime, name, precise, columnsequence, tableid, ts, versiontype, resid, groupid, columntype, forlocale ) values (  'tbm_overtimeh@@@pk_org', 'char', null, null, null, null, '所属组织',0, null,null,null, 'Y', null, 'N', 'N',20, null, null, 'pk_org',0,2, 'tbm_overtimeh', '2018-10-12 17:12:54',0, '2UC000-000360', null,0, 'N' ) 
;insert into md_column ( id, sqldatetype, createtime, creator, defaultvalue, description, displayname, dr, help, incrementseed, incrementstep, isactive, identitied, pkey, nullable, columnlength, modifier, modifytime, name, precise, columnsequence, tableid, ts, versiontype, resid, groupid, columntype, forlocale ) values (  'tbm_overtimeh@@@pk_overtimetype', 'char', null, null, null, null, '加班类别',0, null,null,null, 'Y', null, 'N', 'N',20, null, null, 'pk_overtimetype',0,3, 'tbm_overtimeh', '2018-10-12 17:12:54',0, '2ovtm-000020', null,0, 'N' ) 
;insert into md_column ( id, sqldatetype, createtime, creator, defaultvalue, description, displayname, dr, help, incrementseed, incrementstep, isactive, identitied, pkey, nullable, columnlength, modifier, modifytime, name, precise, columnsequence, tableid, ts, versiontype, resid, groupid, columntype, forlocale ) values (  'tbm_overtimeh@@@pk_overtimetypecopy', 'varchar', null, null, '*~', null, '加班类别copy',0, null,null,null, 'Y', null, 'N', 'Y',20, null, null, 'pk_overtimetypecopy',0,4, 'tbm_overtimeh', '2018-10-12 17:12:54',0, '2ovtm-000018', null,0, 'N' ) 
;insert into md_column ( id, sqldatetype, createtime, creator, defaultvalue, description, displayname, dr, help, incrementseed, incrementstep, isactive, identitied, pkey, nullable, columnlength, modifier, modifytime, name, precise, columnsequence, tableid, ts, versiontype, resid, groupid, columntype, forlocale ) values (  'tbm_overtimeh@@@bill_code', 'varchar', null, null, null, null, '单据编码',0, null,null,null, 'Y', null, 'N', 'Y',80, null, null, 'bill_code',0,5, 'tbm_overtimeh', '2018-10-12 17:12:54',0, '2UC000-000199', null,0, 'Y' ) 
;insert into md_column ( id, sqldatetype, createtime, creator, defaultvalue, description, displayname, dr, help, incrementseed, incrementstep, isactive, identitied, pkey, nullable, columnlength, modifier, modifytime, name, precise, columnsequence, tableid, ts, versiontype, resid, groupid, columntype, forlocale ) values (  'tbm_overtimeh@@@apply_date', 'char', null, null, null, null, '申请日期',0, null,null,null, 'Y', null, 'N', 'Y',10, null, null, 'apply_date',0,6, 'tbm_overtimeh', '2018-10-12 17:12:54',0, '2UC000-000648', null,0, 'N' ) 
;insert into md_column ( id, sqldatetype, createtime, creator, defaultvalue, description, displayname, dr, help, incrementseed, incrementstep, isactive, identitied, pkey, nullable, columnlength, modifier, modifytime, name, precise, columnsequence, tableid, ts, versiontype, resid, groupid, columntype, forlocale ) values (  'tbm_overtimeh@@@billmaker', 'char', null, null, null, null, '申请人',0, null,null,null, 'Y', null, 'N', 'N',20, null, null, 'billmaker',0,7, 'tbm_overtimeh', '2018-10-12 17:12:54',0, '2UC000-000646', null,0, 'N' ) 
;insert into md_column ( id, sqldatetype, createtime, creator, defaultvalue, description, displayname, dr, help, incrementseed, incrementstep, isactive, identitied, pkey, nullable, columnlength, modifier, modifytime, name, precise, columnsequence, tableid, ts, versiontype, resid, groupid, columntype, forlocale ) values (  'tbm_overtimeh@@@pk_psndoc', 'varchar', null, null, '*~', null, '人员基本信息',0, null,null,null, 'Y', null, 'N', 'Y',20, null, null, 'pk_psndoc',0,8, 'tbm_overtimeh', '2018-10-12 17:12:54',0, '2ovtm-000050', null,0, 'N' ) 
;insert into md_column ( id, sqldatetype, createtime, creator, defaultvalue, description, displayname, dr, help, incrementseed, incrementstep, isactive, identitied, pkey, nullable, columnlength, modifier, modifytime, name, precise, columnsequence, tableid, ts, versiontype, resid, groupid, columntype, forlocale ) values (  'tbm_overtimeh@@@pk_psnjob', 'char', null, null, null, null, '人员工作记录',0, null,null,null, 'Y', null, 'N', 'N',20, null, null, 'pk_psnjob',0,9, 'tbm_overtimeh', '2018-10-12 17:12:54',0, '2ovtm-000011', null,0, 'N' ) 
;insert into md_column ( id, sqldatetype, createtime, creator, defaultvalue, description, displayname, dr, help, incrementseed, incrementstep, isactive, identitied, pkey, nullable, columnlength, modifier, modifytime, name, precise, columnsequence, tableid, ts, versiontype, resid, groupid, columntype, forlocale ) values (  'tbm_overtimeh@@@pk_org_v', 'varchar', null, null, '*~', null, '人员组织版本',0, null,null,null, 'Y', null, 'N', 'Y',20, null, null, 'pk_org_v',0,10, 'tbm_overtimeh', '2018-10-12 17:12:54',0, '2ovtm-000023', null,0, 'N' ) 
;insert into md_column ( id, sqldatetype, createtime, creator, defaultvalue, description, displayname, dr, help, incrementseed, incrementstep, isactive, identitied, pkey, nullable, columnlength, modifier, modifytime, name, precise, columnsequence, tableid, ts, versiontype, resid, groupid, columntype, forlocale ) values (  'tbm_overtimeh@@@pk_dept_v', 'varchar', null, null, '*~', null, '人员部门版本',0, null,null,null, 'Y', null, 'N', 'Y',20, null, null, 'pk_dept_v',0,11, 'tbm_overtimeh', '2018-10-12 17:12:54',0, '2ovtm-000025', null,0, 'N' ) 
;insert into md_column ( id, sqldatetype, createtime, creator, defaultvalue, description, displayname, dr, help, incrementseed, incrementstep, isactive, identitied, pkey, nullable, columnlength, modifier, modifytime, name, precise, columnsequence, tableid, ts, versiontype, resid, groupid, columntype, forlocale ) values (  'tbm_overtimeh@@@sumhour', 'decimal', null, null, null, null, '合计加班工时',0, null,null,null, 'Y', null, 'N', 'Y',16, null, null, 'sumhour',2,12, 'tbm_overtimeh', '2018-10-12 17:12:54',0, '2ovtm-000010', null,0, 'N' ) 
;insert into md_column ( id, sqldatetype, createtime, creator, defaultvalue, description, displayname, dr, help, incrementseed, incrementstep, isactive, identitied, pkey, nullable, columnlength, modifier, modifytime, name, precise, columnsequence, tableid, ts, versiontype, resid, groupid, columntype, forlocale ) values (  'tbm_overtimeh@@@fun_code', 'varchar', null, null, null, null, '审批流节点号',0, null,null,null, 'Y', null, 'N', 'Y',80, null, null, 'fun_code',0,13, 'tbm_overtimeh', '2018-10-12 17:12:54',0, '2ovtm-000012', null,0, 'N' ) 
;insert into md_column ( id, sqldatetype, createtime, creator, defaultvalue, description, displayname, dr, help, incrementseed, incrementstep, isactive, identitied, pkey, nullable, columnlength, modifier, modifytime, name, precise, columnsequence, tableid, ts, versiontype, resid, groupid, columntype, forlocale ) values (  'tbm_overtimeh@@@ishrssbill', 'char', null, null, null, null, '是否员工自助增加',0, null,null,null, 'Y', null, 'N', 'Y',1, null, null, 'ishrssbill',0,14, 'tbm_overtimeh', '2018-10-12 17:12:54',0, '2ovtm-000013', null,0, 'N' ) 
;insert into md_column ( id, sqldatetype, createtime, creator, defaultvalue, description, displayname, dr, help, incrementseed, incrementstep, isactive, identitied, pkey, nullable, columnlength, modifier, modifytime, name, precise, columnsequence, tableid, ts, versiontype, resid, groupid, columntype, forlocale ) values (  'tbm_overtimeh@@@approve_time', 'char', null, null, null, null, '审批时间',0, null,null,null, 'Y', null, 'N', 'Y',19, null, null, 'approve_time',0,15, 'tbm_overtimeh', '2018-10-12 17:12:54',0, '2UC000-000275', null,0, 'N' ) 
;insert into md_column ( id, sqldatetype, createtime, creator, defaultvalue, description, displayname, dr, help, incrementseed, incrementstep, isactive, identitied, pkey, nullable, columnlength, modifier, modifytime, name, precise, columnsequence, tableid, ts, versiontype, resid, groupid, columntype, forlocale ) values (  'tbm_overtimeh@@@transtype', 'varchar', null, null, null, null, '交易类型',0, null,null,null, 'Y', null, 'N', 'Y',20, null, null, 'transtype',0,16, 'tbm_overtimeh', '2018-10-12 17:12:54',0, '2UC000-000570', null,0, 'N' ) 
;insert into md_column ( id, sqldatetype, createtime, creator, defaultvalue, description, displayname, dr, help, incrementseed, incrementstep, isactive, identitied, pkey, nullable, columnlength, modifier, modifytime, name, precise, columnsequence, tableid, ts, versiontype, resid, groupid, columntype, forlocale ) values (  'tbm_overtimeh@@@approve_state', 'int', null, null, null, null, '单据状态',0, null,null,null, 'Y', null, 'N', 'Y',0, null, null, 'approve_state',0,17, 'tbm_overtimeh', '2018-10-12 17:12:54',0, '2UC000-000192', null,0, 'N' ) 
;insert into md_column ( id, sqldatetype, createtime, creator, defaultvalue, description, displayname, dr, help, incrementseed, incrementstep, isactive, identitied, pkey, nullable, columnlength, modifier, modifytime, name, precise, columnsequence, tableid, ts, versiontype, resid, groupid, columntype, forlocale ) values (  'tbm_overtimeh@@@approver', 'varchar', null, null, '*~', null, '审批人',0, null,null,null, 'Y', null, 'N', 'Y',20, null, null, 'approver',0,18, 'tbm_overtimeh', '2018-10-12 17:12:54',0, '2UC000-000271', null,0, 'N' ) 
;insert into md_column ( id, sqldatetype, createtime, creator, defaultvalue, description, displayname, dr, help, incrementseed, incrementstep, isactive, identitied, pkey, nullable, columnlength, modifier, modifytime, name, precise, columnsequence, tableid, ts, versiontype, resid, groupid, columntype, forlocale ) values (  'tbm_overtimeh@@@approve_note', 'varchar', null, null, null, null, '审批意见',0, null,null,null, 'Y', null, 'N', 'Y',1024, null, null, 'approve_note',0,19, 'tbm_overtimeh', '2018-10-12 17:12:54',0, '2UC000-000272', null,0, 'Y' ) 
;insert into md_column ( id, sqldatetype, createtime, creator, defaultvalue, description, displayname, dr, help, incrementseed, incrementstep, isactive, identitied, pkey, nullable, columnlength, modifier, modifytime, name, precise, columnsequence, tableid, ts, versiontype, resid, groupid, columntype, forlocale ) values (  'tbm_overtimeh@@@creationtime', 'char', null, null, null, null, '创建时间',0, null,null,null, 'Y', null, 'N', 'Y',19, null, null, 'creationtime',0,20, 'tbm_overtimeh', '2018-10-12 17:12:54',0, '2UC000-000157', null,0, 'N' ) 
;insert into md_column ( id, sqldatetype, createtime, creator, defaultvalue, description, displayname, dr, help, incrementseed, incrementstep, isactive, identitied, pkey, nullable, columnlength, modifier, modifytime, name, precise, columnsequence, tableid, ts, versiontype, resid, groupid, columntype, forlocale ) values (  'tbm_overtimeh@@@creator', 'varchar', null, null, '*~', null, '创建人',0, null,null,null, 'Y', null, 'N', 'Y',20, null, null, 'creator',0,21, 'tbm_overtimeh', '2018-10-12 17:12:54',0, '2UC000-000155', null,0, 'N' ) 
;insert into md_column ( id, sqldatetype, createtime, creator, defaultvalue, description, displayname, dr, help, incrementseed, incrementstep, isactive, identitied, pkey, nullable, columnlength, modifier, modifytime, name, precise, columnsequence, tableid, ts, versiontype, resid, groupid, columntype, forlocale ) values (  'tbm_overtimeh@@@modifiedtime', 'char', null, null, null, null, '修改时间',0, null,null,null, 'Y', null, 'N', 'Y',19, null, null, 'modifiedtime',0,22, 'tbm_overtimeh', '2018-10-12 17:12:54',0, '2UC000-000100', null,0, 'N' ) 
;insert into md_column ( id, sqldatetype, createtime, creator, defaultvalue, description, displayname, dr, help, incrementseed, incrementstep, isactive, identitied, pkey, nullable, columnlength, modifier, modifytime, name, precise, columnsequence, tableid, ts, versiontype, resid, groupid, columntype, forlocale ) values (  'tbm_overtimeh@@@modifier', 'varchar', null, null, '*~', null, '修改人',0, null,null,null, 'Y', null, 'N', 'Y',20, null, null, 'modifier',0,23, 'tbm_overtimeh', '2018-10-12 17:12:54',0, '2UC000-000098', null,0, 'N' ) 
;insert into md_column ( id, sqldatetype, createtime, creator, defaultvalue, description, displayname, dr, help, incrementseed, incrementstep, isactive, identitied, pkey, nullable, columnlength, modifier, modifytime, name, precise, columnsequence, tableid, ts, versiontype, resid, groupid, columntype, forlocale ) values (  'tbm_overtimeh@@@transtypeid', 'varchar', null, null, '*~', null, '流程类型',0, null,null,null, 'Y', null, 'N', 'Y',20, null, null, 'transtypeid',0,25, 'tbm_overtimeh', '2018-10-12 17:12:54',0, '2UC000-000570', null,0, 'N' ) 
;insert into md_column ( id, sqldatetype, createtime, creator, defaultvalue, description, displayname, dr, help, incrementseed, incrementstep, isactive, identitied, pkey, nullable, columnlength, modifier, modifytime, name, precise, columnsequence, tableid, ts, versiontype, resid, groupid, columntype, forlocale ) values (  'tbm_overtimeh@@@pk_billtype', 'varchar', null, null, null, null, '单据类型',0, null,null,null, 'Y', null, 'N', 'N',20, null, null, 'pk_billtype',0,26, 'tbm_overtimeh', '2018-10-12 17:12:54',0, '2UC000-000194', null,0, 'N' ) 
;insert into md_column ( id, sqldatetype, createtime, creator, defaultvalue, description, displayname, dr, help, incrementseed, incrementstep, isactive, identitied, pkey, nullable, columnlength, modifier, modifytime, name, precise, columnsequence, tableid, ts, versiontype, resid, groupid, columntype, forlocale ) values (  'tbm_overtimeh@@@pk_psnorg', 'varchar', null, null, '*~', null, '组织关系主键',0, null,null,null, 'Y', null, 'N', 'Y',20, null, null, 'pk_psnorg',0,27, 'tbm_overtimeh', '2018-10-12 17:12:54',0, '2UC000-000695', null,0, 'N' ) 
;insert into md_column ( id, sqldatetype, createtime, creator, defaultvalue, description, displayname, dr, help, incrementseed, incrementstep, isactive, identitied, pkey, nullable, columnlength, modifier, modifytime, name, precise, columnsequence, tableid, ts, versiontype, resid, groupid, columntype, forlocale ) values (  'tbm_overtimeh@@@isrerest', 'char', null, null, null, null, '是否转调休',0, null,null,null, 'Y', null, 'N', 'Y',1, null, null, 'isrerest',0,28, 'tbm_overtimeh', '2018-10-12 17:12:54',0, null, null,0, 'N' ) 
;insert into md_column ( id, sqldatetype, createtime, creator, defaultvalue, description, displayname, dr, help, incrementseed, incrementstep, isactive, identitied, pkey, nullable, columnlength, modifier, modifytime, name, precise, columnsequence, tableid, ts, versiontype, resid, groupid, columntype, forlocale ) values (  'tbm_overtimeb@@PK@@', 'char', null, null, null, null, '加班申请单子表主键',0, null,null,null, 'Y', null, 'Y', 'N',20, null, null, 'pk_overtimeb',0,0, 'tbm_overtimeb', '2018-10-12 17:12:54',0, '2ovtm-000000', null,0, 'N' ) 
;insert into md_column ( id, sqldatetype, createtime, creator, defaultvalue, description, displayname, dr, help, incrementseed, incrementstep, isactive, identitied, pkey, nullable, columnlength, modifier, modifytime, name, precise, columnsequence, tableid, ts, versiontype, resid, groupid, columntype, forlocale ) values (  'tbm_overtimeb@@@pk_group', 'varchar', null, null, '*~', null, '所属集团',0, null,null,null, 'Y', null, 'N', 'Y',20, null, null, 'pk_group',0,1, 'tbm_overtimeb', '2018-10-12 17:12:54',0, '2UC000-000367', null,0, 'N' ) 
;insert into md_column ( id, sqldatetype, createtime, creator, defaultvalue, description, displayname, dr, help, incrementseed, incrementstep, isactive, identitied, pkey, nullable, columnlength, modifier, modifytime, name, precise, columnsequence, tableid, ts, versiontype, resid, groupid, columntype, forlocale ) values (  'tbm_overtimeb@@@pk_org', 'varchar', null, null, '*~', null, '所属组织',0, null,null,null, 'Y', null, 'N', 'Y',20, null, null, 'pk_org',0,2, 'tbm_overtimeb', '2018-10-12 17:12:54',0, '2UC000-000360', null,0, 'N' ) 
;insert into md_column ( id, sqldatetype, createtime, creator, defaultvalue, description, displayname, dr, help, incrementseed, incrementstep, isactive, identitied, pkey, nullable, columnlength, modifier, modifytime, name, precise, columnsequence, tableid, ts, versiontype, resid, groupid, columntype, forlocale ) values (  'tbm_overtimeb@@@overtimebegindate', 'char', null, null, null, null, '加班开始日期',0, null,null,null, 'Y', null, 'N', 'Y',10, null, null, 'overtimebegindate',0,3, 'tbm_overtimeb', '2018-10-12 17:12:54',0, '2ovtm-000026', null,0, 'N' ) 
;insert into md_column ( id, sqldatetype, createtime, creator, defaultvalue, description, displayname, dr, help, incrementseed, incrementstep, isactive, identitied, pkey, nullable, columnlength, modifier, modifytime, name, precise, columnsequence, tableid, ts, versiontype, resid, groupid, columntype, forlocale ) values (  'tbm_overtimeb@@@overtimebegintime', 'char', null, null, null, null, '加班开始时刻',0, null,null,null, 'Y', null, 'N', 'Y',19, null, null, 'overtimebegintime',0,4, 'tbm_overtimeb', '2018-10-12 17:12:54',0, '2ovtm-000027', null,0, 'N' ) 
;insert into md_column ( id, sqldatetype, createtime, creator, defaultvalue, description, displayname, dr, help, incrementseed, incrementstep, isactive, identitied, pkey, nullable, columnlength, modifier, modifytime, name, precise, columnsequence, tableid, ts, versiontype, resid, groupid, columntype, forlocale ) values (  'tbm_overtimeb@@@overtimeenddate', 'char', null, null, null, null, '加班结束日期',0, null,null,null, 'Y', null, 'N', 'Y',10, null, null, 'overtimeenddate',0,5, 'tbm_overtimeb', '2018-10-12 17:12:54',0, '2ovtm-000002', null,0, 'N' ) 
;insert into md_column ( id, sqldatetype, createtime, creator, defaultvalue, description, displayname, dr, help, incrementseed, incrementstep, isactive, identitied, pkey, nullable, columnlength, modifier, modifytime, name, precise, columnsequence, tableid, ts, versiontype, resid, groupid, columntype, forlocale ) values (  'tbm_overtimeb@@@overtimeendtime', 'char', null, null, null, null, '加班结束时刻',0, null,null,null, 'Y', null, 'N', 'Y',19, null, null, 'overtimeendtime',0,6, 'tbm_overtimeb', '2018-10-12 17:12:54',0, '2ovtm-000009', null,0, 'N' ) 
;insert into md_column ( id, sqldatetype, createtime, creator, defaultvalue, description, displayname, dr, help, incrementseed, incrementstep, isactive, identitied, pkey, nullable, columnlength, modifier, modifytime, name, precise, columnsequence, tableid, ts, versiontype, resid, groupid, columntype, forlocale ) values (  'tbm_overtimeb@@@overtimehour', 'decimal', null, null, null, null, '加班时长',0, null,null,null, 'Y', null, 'N', 'Y',16, null, null, 'overtimehour',2,7, 'tbm_overtimeb', '2018-10-12 17:12:54',0, '2ovtm-000015', null,0, 'N' ) 
;insert into md_column ( id, sqldatetype, createtime, creator, defaultvalue, description, displayname, dr, help, incrementseed, incrementstep, isactive, identitied, pkey, nullable, columnlength, modifier, modifytime, name, precise, columnsequence, tableid, ts, versiontype, resid, groupid, columntype, forlocale ) values (  'tbm_overtimeb@@@overtimeremark', 'varchar', null, null, null, null, '加班说明',0, null,null,null, 'Y', null, 'N', 'Y',512, null, null, 'overtimeremark',0,8, 'tbm_overtimeb', '2018-10-12 17:12:54',0, '2ovtm-000004', null,0, 'Y' ) 
;insert into md_column ( id, sqldatetype, createtime, creator, defaultvalue, description, displayname, dr, help, incrementseed, incrementstep, isactive, identitied, pkey, nullable, columnlength, modifier, modifytime, name, precise, columnsequence, tableid, ts, versiontype, resid, groupid, columntype, forlocale ) values (  'tbm_overtimeb@@@overtimealready', 'decimal', null, null, null, null, '所在考勤期间已加班时数',0, null,null,null, 'Y', null, 'N', 'Y',16, null, null, 'overtimealready',2,9, 'tbm_overtimeb', '2018-10-12 17:12:54',0, '2ovtm-000003', null,0, 'N' ) 
;insert into md_column ( id, sqldatetype, createtime, creator, defaultvalue, description, displayname, dr, help, incrementseed, incrementstep, isactive, identitied, pkey, nullable, columnlength, modifier, modifytime, name, precise, columnsequence, tableid, ts, versiontype, resid, groupid, columntype, forlocale ) values (  'tbm_overtimeb@@@deduct', 'int', null, null, null, null, '扣除时间',0, null,null,null, 'Y', null, 'N', 'Y',0, null, null, 'deduct',0,10, 'tbm_overtimeb', '2018-10-12 17:12:54',0, '2ovtm-000008', null,0, 'N' ) 
;insert into md_column ( id, sqldatetype, createtime, creator, defaultvalue, description, displayname, dr, help, incrementseed, incrementstep, isactive, identitied, pkey, nullable, columnlength, modifier, modifytime, name, precise, columnsequence, tableid, ts, versiontype, resid, groupid, columntype, forlocale ) values (  'tbm_overtimeb@@@acthour', 'decimal', null, null, null, null, '实际加班时长',0, null,null,null, 'Y', null, 'N', 'Y',16, null, null, 'acthour',2,11, 'tbm_overtimeb', '2018-10-12 17:12:54',0, '2ovtm-000007', null,0, 'N' ) 
;insert into md_column ( id, sqldatetype, createtime, creator, defaultvalue, description, displayname, dr, help, incrementseed, incrementstep, isactive, identitied, pkey, nullable, columnlength, modifier, modifytime, name, precise, columnsequence, tableid, ts, versiontype, resid, groupid, columntype, forlocale ) values (  'tbm_overtimeb@@@isneedcheck', 'char', null, null, null, null, '是否需要校验',0, null,null,null, 'Y', null, 'N', 'Y',1, null, null, 'isneedcheck',0,12, 'tbm_overtimeb', '2018-10-12 17:12:54',0, '2ovtm-000024', null,0, 'N' ) 
;insert into md_column ( id, sqldatetype, createtime, creator, defaultvalue, description, displayname, dr, help, incrementseed, incrementstep, isactive, identitied, pkey, nullable, columnlength, modifier, modifytime, name, precise, columnsequence, tableid, ts, versiontype, resid, groupid, columntype, forlocale ) values (  'tbm_overtimeb@@@pk_overtimeh', 'char', null, null, null, null, '加班申请单主表_主键',0, null,null,null, 'Y', null, 'N', 'N',20, null, null, 'pk_overtimeh',null,null, 'tbm_overtimeb', '2018-10-12 17:12:54',0, '2UC000-000003', null,0, null ) 
;insert into md_ORMap ( attributeid, classid, columnid, dr, tableid, ts ) values (  '342ade57-e555-4c98-9165-94990ff90121', 'a7e298c9-3211-489d-8698-7ae65a922156', 'tbm_overtimeh@@@approver',0, 'tbm_overtimeh', '2018-10-12 17:12:54' ) 
;insert into md_ORMap ( attributeid, classid, columnid, dr, tableid, ts ) values (  '05b98fba-139c-4567-b29b-32a8f485e889', 'de0e30a1-d241-4125-8f02-dfc9c64bffd2', 'tbm_overtimeb@@@overtimeremark',0, 'tbm_overtimeb', '2018-10-12 17:12:54' ) 
;insert into md_ORMap ( attributeid, classid, columnid, dr, tableid, ts ) values (  '2b01950a-afc5-46fe-9074-82331889f3ff', 'de0e30a1-d241-4125-8f02-dfc9c64bffd2', 'tbm_overtimeb@@@pk_org',0, 'tbm_overtimeb', '2018-10-12 17:12:54' ) 
;insert into md_ORMap ( attributeid, classid, columnid, dr, tableid, ts ) values (  '1cda1da0-3541-4161-8ad8-ef9981c93fb3', 'a7e298c9-3211-489d-8698-7ae65a922156', 'tbm_overtimeh@@@pk_org_v',0, 'tbm_overtimeh', '2018-10-12 17:12:54' ) 
;insert into md_ORMap ( attributeid, classid, columnid, dr, tableid, ts ) values (  '5a890a95-c647-42dd-8f7c-56ea852ae0dd', 'a7e298c9-3211-489d-8698-7ae65a922156', 'tbm_overtimeh@@@transtype',0, 'tbm_overtimeh', '2018-10-12 17:12:54' ) 
;insert into md_ORMap ( attributeid, classid, columnid, dr, tableid, ts ) values (  'a50ce99a-b605-4e84-9bfa-6ca127bb920e', 'de0e30a1-d241-4125-8f02-dfc9c64bffd2', 'tbm_overtimeb@@PK@@',0, 'tbm_overtimeb', '2018-10-12 17:12:54' ) 
;insert into md_ORMap ( attributeid, classid, columnid, dr, tableid, ts ) values (  '7c496dab-4d41-4b25-b19c-c7add5556c42', 'de0e30a1-d241-4125-8f02-dfc9c64bffd2', 'tbm_overtimeb@@@overtimealready',0, 'tbm_overtimeb', '2018-10-12 17:12:54' ) 
;insert into md_ORMap ( attributeid, classid, columnid, dr, tableid, ts ) values (  'cadd75bd-9370-4e12-ba7b-e9e74779b915', 'de0e30a1-d241-4125-8f02-dfc9c64bffd2', 'tbm_overtimeb@@@overtimeendtime',0, 'tbm_overtimeb', '2018-10-12 17:12:54' ) 
;insert into md_ORMap ( attributeid, classid, columnid, dr, tableid, ts ) values (  'db184e1e-8042-4364-b26c-0baaeeb0e22c', 'a7e298c9-3211-489d-8698-7ae65a922156', 'tbm_overtimeh@@@pk_psnjob',0, 'tbm_overtimeh', '2018-10-12 17:12:54' ) 
;insert into md_ORMap ( attributeid, classid, columnid, dr, tableid, ts ) values (  '568bd3db-808a-414c-b984-2fbe2b08ab88', 'a7e298c9-3211-489d-8698-7ae65a922156', 'tbm_overtimeh@@@billmaker',0, 'tbm_overtimeh', '2018-10-12 17:12:54' ) 
;insert into md_ORMap ( attributeid, classid, columnid, dr, tableid, ts ) values (  '02ec6b4c-8118-45c1-96ff-2c060603fac2', 'de0e30a1-d241-4125-8f02-dfc9c64bffd2', 'tbm_overtimeb@@@overtimehour',0, 'tbm_overtimeb', '2018-10-12 17:12:54' ) 
;insert into md_ORMap ( attributeid, classid, columnid, dr, tableid, ts ) values (  '44a53503-ebf6-41fa-a91b-ac9e2b38b1ef', 'a7e298c9-3211-489d-8698-7ae65a922156', 'tbm_overtimeh@@@sumhour',0, 'tbm_overtimeh', '2018-10-12 17:12:54' ) 
;insert into md_ORMap ( attributeid, classid, columnid, dr, tableid, ts ) values (  '931681a3-0d54-4705-9b30-50ca989a8487', 'a7e298c9-3211-489d-8698-7ae65a922156', 'tbm_overtimeh@@@approve_time',0, 'tbm_overtimeh', '2018-10-12 17:12:54' ) 
;insert into md_ORMap ( attributeid, classid, columnid, dr, tableid, ts ) values (  '43ca1dc3-03df-4987-9182-c1472c0bfb56', 'a7e298c9-3211-489d-8698-7ae65a922156', 'tbm_overtimeh@@@isrerest',0, 'tbm_overtimeh', '2018-10-12 17:12:54' ) 
;insert into md_ORMap ( attributeid, classid, columnid, dr, tableid, ts ) values (  '4ac92f34-e3f9-4af1-997a-7a1c73118340', 'a7e298c9-3211-489d-8698-7ae65a922156', 'tbm_overtimeh@@@transtypeid',0, 'tbm_overtimeh', '2018-10-12 17:12:54' ) 
;insert into md_ORMap ( attributeid, classid, columnid, dr, tableid, ts ) values (  'ad316ea5-aea5-41b7-af6b-1d2dd5731f5c', 'a7e298c9-3211-489d-8698-7ae65a922156', 'tbm_overtimeh@@@approve_state',0, 'tbm_overtimeh', '2018-10-12 17:12:54' ) 
;insert into md_ORMap ( attributeid, classid, columnid, dr, tableid, ts ) values (  'c831d62f-792f-4687-b9a1-cdf7b298ca1b', 'de0e30a1-d241-4125-8f02-dfc9c64bffd2', 'tbm_overtimeb@@@overtimebegindate',0, 'tbm_overtimeb', '2018-10-12 17:12:54' ) 
;insert into md_ORMap ( attributeid, classid, columnid, dr, tableid, ts ) values (  'a7cee33b-234e-4b9c-953d-cd04ffb08287', 'a7e298c9-3211-489d-8698-7ae65a922156', 'tbm_overtimeh@@@pk_psnorg',0, 'tbm_overtimeh', '2018-10-12 17:12:54' ) 
;insert into md_ORMap ( attributeid, classid, columnid, dr, tableid, ts ) values (  '36fc5db5-452e-4784-9a57-35740e7b0f46', 'a7e298c9-3211-489d-8698-7ae65a922156', 'tbm_overtimeh@@@creationtime',0, 'tbm_overtimeh', '2018-10-12 17:12:54' ) 
;insert into md_ORMap ( attributeid, classid, columnid, dr, tableid, ts ) values (  '7ef6fdc1-2c3c-45ef-a388-97650a837ee6', 'a7e298c9-3211-489d-8698-7ae65a922156', 'tbm_overtimeh@@@ishrssbill',0, 'tbm_overtimeh', '2018-10-12 17:12:54' ) 
;insert into md_ORMap ( attributeid, classid, columnid, dr, tableid, ts ) values (  '061e8c60-8395-4ba7-9658-424208866899', 'a7e298c9-3211-489d-8698-7ae65a922156', 'tbm_overtimeh@@@pk_billtype',0, 'tbm_overtimeh', '2018-10-12 17:12:54' ) 
;insert into md_ORMap ( attributeid, classid, columnid, dr, tableid, ts ) values (  'd1ed4783-3895-4275-a8bc-c8f5fd10b168', 'a7e298c9-3211-489d-8698-7ae65a922156', 'tbm_overtimeh@@@pk_psndoc',0, 'tbm_overtimeh', '2018-10-12 17:12:54' ) 
;insert into md_ORMap ( attributeid, classid, columnid, dr, tableid, ts ) values (  'ded42038-66f7-4213-bfa5-b01b2f70650a', 'a7e298c9-3211-489d-8698-7ae65a922156', 'tbm_overtimeh@@@modifiedtime',0, 'tbm_overtimeh', '2018-10-12 17:12:54' ) 
;insert into md_ORMap ( attributeid, classid, columnid, dr, tableid, ts ) values (  '451693a1-c6a4-4cc7-a19b-9ed22070c8fc', 'a7e298c9-3211-489d-8698-7ae65a922156', 'tbm_overtimeh@@@approve_note',0, 'tbm_overtimeh', '2018-10-12 17:12:54' ) 
;insert into md_ORMap ( attributeid, classid, columnid, dr, tableid, ts ) values (  'eef72300-8f43-4f28-8613-379081898afd', 'a7e298c9-3211-489d-8698-7ae65a922156', 'tbm_overtimeb@@@pk_overtimeh',0, 'tbm_overtimeb', '2018-10-12 17:12:54' ) 
;insert into md_ORMap ( attributeid, classid, columnid, dr, tableid, ts ) values (  '08de519c-52cb-469e-a567-2ec2578192b2', 'a7e298c9-3211-489d-8698-7ae65a922156', 'tbm_overtimeh@@@pk_overtimetype',0, 'tbm_overtimeh', '2018-10-12 17:12:54' ) 
;insert into md_ORMap ( attributeid, classid, columnid, dr, tableid, ts ) values (  'e361a05e-f967-4b6c-bca3-caae8c288c9e', 'de0e30a1-d241-4125-8f02-dfc9c64bffd2', 'tbm_overtimeb@@@overtimeenddate',0, 'tbm_overtimeb', '2018-10-12 17:12:54' ) 
;insert into md_ORMap ( attributeid, classid, columnid, dr, tableid, ts ) values (  'c0b8da92-6d2e-47c9-bde5-3b5005e5eb93', 'a7e298c9-3211-489d-8698-7ae65a922156', 'tbm_overtimeh@@@pk_dept_v',0, 'tbm_overtimeh', '2018-10-12 17:12:54' ) 
;insert into md_ORMap ( attributeid, classid, columnid, dr, tableid, ts ) values (  'c4d5bf84-a21b-4d6c-9b30-6a7ee2b4d742', 'a7e298c9-3211-489d-8698-7ae65a922156', 'tbm_overtimeh@@@pk_org',0, 'tbm_overtimeh', '2018-10-12 17:12:54' ) 
;insert into md_ORMap ( attributeid, classid, columnid, dr, tableid, ts ) values (  'e70b93d8-8b38-45d0-b40e-f29de01b4c99', 'de0e30a1-d241-4125-8f02-dfc9c64bffd2', 'tbm_overtimeb@@@deduct',0, 'tbm_overtimeb', '2018-10-12 17:12:54' ) 
;insert into md_ORMap ( attributeid, classid, columnid, dr, tableid, ts ) values (  '2d59e69d-bfc0-4361-b04c-15b686734aaa', 'a7e298c9-3211-489d-8698-7ae65a922156', 'tbm_overtimeh@@@bill_code',0, 'tbm_overtimeh', '2018-10-12 17:12:54' ) 
;insert into md_ORMap ( attributeid, classid, columnid, dr, tableid, ts ) values (  '4d67743e-6a2e-489b-b96e-ee7739a248e2', 'a7e298c9-3211-489d-8698-7ae65a922156', 'tbm_overtimeh@@PK@@',0, 'tbm_overtimeh', '2018-10-12 17:12:54' ) 
;insert into md_ORMap ( attributeid, classid, columnid, dr, tableid, ts ) values (  '67f520f9-9d53-44e5-84ae-ca7225aaa344', 'a7e298c9-3211-489d-8698-7ae65a922156', 'tbm_overtimeh@@@pk_group',0, 'tbm_overtimeh', '2018-10-12 17:12:54' ) 
;insert into md_ORMap ( attributeid, classid, columnid, dr, tableid, ts ) values (  '63ff44b9-5cd6-4594-b9a7-d14d07769cf9', 'a7e298c9-3211-489d-8698-7ae65a922156', 'tbm_overtimeh@@@pk_overtimetypecopy',0, 'tbm_overtimeh', '2018-10-12 17:12:54' ) 
;insert into md_ORMap ( attributeid, classid, columnid, dr, tableid, ts ) values (  'd933aef1-9d58-4ab6-bee2-0d0535eef0bd', 'a7e298c9-3211-489d-8698-7ae65a922156', 'tbm_overtimeh@@@apply_date',0, 'tbm_overtimeh', '2018-10-12 17:12:54' ) 
;insert into md_ORMap ( attributeid, classid, columnid, dr, tableid, ts ) values (  'd26b16f4-42a5-4bad-b228-64f37236e7f1', 'a7e298c9-3211-489d-8698-7ae65a922156', 'tbm_overtimeh@@@creator',0, 'tbm_overtimeh', '2018-10-12 17:12:54' ) 
;insert into md_ORMap ( attributeid, classid, columnid, dr, tableid, ts ) values (  'f9f04908-3bc3-4d84-be2a-49f2ca2f5566', 'a7e298c9-3211-489d-8698-7ae65a922156', 'tbm_overtimeh@@@modifier',0, 'tbm_overtimeh', '2018-10-12 17:12:54' ) 
;insert into md_ORMap ( attributeid, classid, columnid, dr, tableid, ts ) values (  '437985f4-fb17-4426-9f84-d0d13c38d8b0', 'de0e30a1-d241-4125-8f02-dfc9c64bffd2', 'tbm_overtimeb@@@pk_group',0, 'tbm_overtimeb', '2018-10-12 17:12:54' ) 
;insert into md_ORMap ( attributeid, classid, columnid, dr, tableid, ts ) values (  'b772ebcf-d0f9-48f1-b918-52bab59dc1a4', 'de0e30a1-d241-4125-8f02-dfc9c64bffd2', 'tbm_overtimeb@@@acthour',0, 'tbm_overtimeb', '2018-10-12 17:12:54' ) 
;insert into md_ORMap ( attributeid, classid, columnid, dr, tableid, ts ) values (  '757918c6-b346-4642-9648-95adad335dfd', 'de0e30a1-d241-4125-8f02-dfc9c64bffd2', 'tbm_overtimeb@@@overtimebegintime',0, 'tbm_overtimeb', '2018-10-12 17:12:54' ) 
;insert into md_ORMap ( attributeid, classid, columnid, dr, tableid, ts ) values (  'e29853f9-722a-46d8-a010-bdad10773aa3', 'de0e30a1-d241-4125-8f02-dfc9c64bffd2', 'tbm_overtimeb@@@isneedcheck',0, 'tbm_overtimeb', '2018-10-12 17:12:54' ) 
;insert into md_ORMap ( attributeid, classid, columnid, dr, tableid, ts ) values (  '29b0ee08-3405-4384-9096-8bb8e49ac315', 'a7e298c9-3211-489d-8698-7ae65a922156', 'tbm_overtimeh@@@fun_code',0, 'tbm_overtimeh', '2018-10-12 17:12:54' ) 
;insert into md_db_relation ( id, createtime, creator, description, displayname, dr, endcardinality, endfieldid, endtableid, help, modifier, modifytime, name, startcardinality, startfieldid, starttableid, ts, versiontype, resid, asstype, startattrid, isforeignkey ) values (  'db4c54aa-1eb8-4e83-a7f8-99dced5b2be7', null, null, null, 'tbm_overtimeb->tbm_overtimeh',0, null, 'tbm_overtimeh@@PK@@', 'tbm_overtimeh', null, null, null, 'tbm_overtimeb->tbm_overtimeh', null, 'tbm_overtimeb@@@pk_overtimeh', 'tbm_overtimeb', '2018-10-12 17:12:54',0, null,1, 'eef72300-8f43-4f28-8613-379081898afd', 'Y' ) 
