--此脚本作为元数据发布时参考使用,以便开发者了解元数据信息在数据库中的记录.
--严禁将此脚本直接或修改后在数据库中执行,如由上述行为引发问题,概不支持.


delete from md_db_relation where startattrid in (select id from md_property where classid in ('57865653-4b0e-4ab4-ac76-6686a44359cc','@@@@' ) )  and starttableid in ('tbm_extrarest','@@@@')
;delete from md_ORMap where ATTRIBUTEID in(select id from md_property where classid in ('57865653-4b0e-4ab4-ac76-6686a44359cc','@@@@' ) )  and tableid in ('tbm_extrarest','@@@@') 
;delete from md_table where id not in (select distinct tableid from md_ormap )
;delete from md_column where  tableid in('tbm_extrarest','@@@@') and id not in(select distinct columnid from md_ormap) and (isnull(groupid ,'~')='~' or groupid = id )  and name <> 'extend_bean_tag' 
;delete from md_column where tableid in ('tbm_extrarest','@@@@')and groupid is not null and groupid not in( select distinct id from md_column where tableid in ('tbm_extrarest','@@@@') ) 
;delete from md_db_relation where starttableid not in (select id from md_table)
;delete from md_property where classID in (select distinct id from md_class where componentID='83c64bb1-ec47-47aa-bdf2-0c9acf9e8ba6'  )  
;delete from md_association where componentID = '83c64bb1-ec47-47aa-bdf2-0c9acf9e8ba6'  
;delete from md_bizItfMap where classID in (select distinct id from md_class where componentID='83c64bb1-ec47-47aa-bdf2-0c9acf9e8ba6'  )
;delete from md_bizItfMap where classID in ( select id from md_opInterface where componentID = '83c64bb1-ec47-47aa-bdf2-0c9acf9e8ba6'  )
;delete from md_accessorPara where id in (select distinct id from md_class where componentID='83c64bb1-ec47-47aa-bdf2-0c9acf9e8ba6'  )
;delete from md_enumValue where id in (select distinct id from md_class where componentID='83c64bb1-ec47-47aa-bdf2-0c9acf9e8ba6'  ) 
;delete from md_class where componentID = '83c64bb1-ec47-47aa-bdf2-0c9acf9e8ba6'  
;delete from md_component where id = '83c64bb1-ec47-47aa-bdf2-0c9acf9e8ba6' 
;delete from md_table where (id='tbm_extrarest')
;delete from md_column where (id='tbm_extrarest@@PK@@')
;delete from md_column where (id='tbm_extrarest@@@pk_psndoc')
;delete from md_column where (id='tbm_extrarest@@@pk_org_v')
;delete from md_column where (id='tbm_extrarest@@@pk_dept_v')
;delete from md_column where (id='tbm_extrarest@@@pk_group')
;delete from md_column where (id='tbm_extrarest@@@pk_org')
;delete from md_column where (id='tbm_extrarest@@@creator')
;delete from md_column where (id='tbm_extrarest@@@billdate')
;delete from md_column where (id='tbm_extrarest@@@creationtime')
;delete from md_column where (id='tbm_extrarest@@@modifier')
;delete from md_column where (id='tbm_extrarest@@@modifiedtime')
;delete from md_column where (id='tbm_extrarest@@@beforechange')
;delete from md_column where (id='tbm_extrarest@@@afterchange')
;delete from md_column where (id='tbm_extrarest@@@changetype')
;delete from md_column where (id='tbm_extrarest@@@changedayorhour')



;insert into md_component ( createtime, creator, description, displayname, dr, fromsourcebmf, help, id, industry, isbizmodel, modifier, modifytime, name, namespace, ownmodule, preload, resid, resmodule, ts, version, versiontype ) values (  '2018-09-11 14:25:14', null, null, '外加补休天数',0, 'Y', null, '83c64bb1-ec47-47aa-bdf2-0c9acf9e8ba6', '0', 'N', 'YONYOU NC', '2018-09-11 18:30:37', 'leaveextrarest', 'hrta', 'hrta', null, null, '6017leaveextrarest', '2018-10-12 17:15:12', '13',0 ) 
;insert into md_class ( id, accessorclassname, classtype, componentid, createtime, creator, description, displayname, dr, fullclassname, help, isactive, keyattribute, modifier, modifytime, name, parentclassid, precise, refmodelname, returntype, ts, versiontype, isprimary, defaulttablename, stereotype, isauthen, resid, bizitfimpclassname, modinfoclassname, iscreatesql, isextendbean, userdefclassname, industry, fixedlength ) values (  '57865653-4b0e-4ab4-ac76-6686a44359cc', 'nc.md.model.access.javamap.AggVOStyle',201, '83c64bb1-ec47-47aa-bdf2-0c9acf9e8ba6', '2018-09-11 14:25:20', null, null, '外加补休天数',0, 'nc.vo.ta.leaveextrarest.LeaveExtraRestVO', null, null, '0446501c-3e18-47e6-9ebb-b36a1cb82765', 'YONYOU NC', '2018-09-11 18:32:31', 'leaveextrarest', null,null, null, null, '2018-10-12 17:15:12',0, 'Y', 'tbm_extrarest', null, 'Y', null, null, null, 'Y', null, null, '0', null ) 
;insert into md_property ( id, accessorclassname, classid, createtime, creator, datatype, datatypestyle, defaultvalue, description, displayname, dr, help, isactive, hided, nullable, readonly, attrlength, attrmaxvalue, attrminvalue, modifier, modifytime, name, precise, refmodelname, attrsequence, ts, visibility, versiontype, fixedlength, calculation, isauthen, resid, customattr, notserialize, dynamicattr, dynamictable, accesspower, accesspowergroup, industry ) values (  '0446501c-3e18-47e6-9ebb-b36a1cb82765', null, '57865653-4b0e-4ab4-ac76-6686a44359cc', null, null, 'BS000010000100001051',300, null, null, '外加补休天数主键',0, null, 'Y', 'N', 'N', 'N',20, null, null, null, null, 'pk_extrarest',0, null,0, '2018-10-12 17:15:12',0,0, 'N', 'N', 'Y', null, 'N', 'N', 'N', null, 'N', null, '0' ) 
;insert into md_property ( id, accessorclassname, classid, createtime, creator, datatype, datatypestyle, defaultvalue, description, displayname, dr, help, isactive, hided, nullable, readonly, attrlength, attrmaxvalue, attrminvalue, modifier, modifytime, name, precise, refmodelname, attrsequence, ts, visibility, versiontype, fixedlength, calculation, isauthen, resid, customattr, notserialize, dynamicattr, dynamictable, accesspower, accesspowergroup, industry ) values (  '15420239-9121-4101-8c93-c3652b867d5b', null, '57865653-4b0e-4ab4-ac76-6686a44359cc', null, null, '40d39c26-a2b6-4f16-a018-45664cac1a1f',305, null, null, '人员基本信息',0, null, 'Y', 'N', 'Y', 'N',20, null, null, null, null, 'pk_psndoc',0, '人员',1, '2018-10-12 17:15:12',0,0, 'N', 'N', 'Y', '2psndoc-000018', 'N', 'N', 'N', null, 'N', null, '0' ) 
;insert into md_property ( id, accessorclassname, classid, createtime, creator, datatype, datatypestyle, defaultvalue, description, displayname, dr, help, isactive, hided, nullable, readonly, attrlength, attrmaxvalue, attrminvalue, modifier, modifytime, name, precise, refmodelname, attrsequence, ts, visibility, versiontype, fixedlength, calculation, isauthen, resid, customattr, notserialize, dynamicattr, dynamictable, accesspower, accesspowergroup, industry ) values (  '608334fd-9da4-4e6c-abbe-6e335c5cd1a7', null, '57865653-4b0e-4ab4-ac76-6686a44359cc', null, null, 'fa902409-20fe-4c49-89ee-85ee9312174b',305, null, null, '人员组织版本',0, null, 'Y', 'N', 'Y', 'N',20, null, null, null, null, 'pk_org_v',0, '行政组织版本',2, '2018-10-12 17:15:12',0,0, 'N', 'N', 'Y', '2psndoc-000014', 'N', 'N', 'N', null, 'N', null, '0' ) 
;insert into md_property ( id, accessorclassname, classid, createtime, creator, datatype, datatypestyle, defaultvalue, description, displayname, dr, help, isactive, hided, nullable, readonly, attrlength, attrmaxvalue, attrminvalue, modifier, modifytime, name, precise, refmodelname, attrsequence, ts, visibility, versiontype, fixedlength, calculation, isauthen, resid, customattr, notserialize, dynamicattr, dynamictable, accesspower, accesspowergroup, industry ) values (  'e07f1daf-a8e4-44d4-b796-58f64a54916e', null, '57865653-4b0e-4ab4-ac76-6686a44359cc', null, null, '66ed0cf6-e260-4f39-8fbb-172260efd677',305, null, null, '人员部门版本',0, null, 'Y', 'N', 'Y', 'N',20, null, null, null, null, 'pk_dept_v',0, '部门版本',3, '2018-10-12 17:15:12',0,0, 'N', 'N', 'Y', '2psndoc-000016', 'N', 'N', 'N', null, 'N', null, '0' ) 
;insert into md_property ( id, accessorclassname, classid, createtime, creator, datatype, datatypestyle, defaultvalue, description, displayname, dr, help, isactive, hided, nullable, readonly, attrlength, attrmaxvalue, attrminvalue, modifier, modifytime, name, precise, refmodelname, attrsequence, ts, visibility, versiontype, fixedlength, calculation, isauthen, resid, customattr, notserialize, dynamicattr, dynamictable, accesspower, accesspowergroup, industry ) values (  '3d652b04-c21a-4dab-bf3c-12844be974f9', null, '57865653-4b0e-4ab4-ac76-6686a44359cc', null, null, '3b6dd171-2900-47f3-bfbe-41e4483a2a65',305, null, null, '集团主键',0, null, 'Y', 'N', 'Y', 'N',20, null, null, null, null, 'pk_group',0, '集团',4, '2018-10-12 17:15:12',0,0, 'N', 'N', 'Y', '2UC000-001008', 'N', 'N', 'N', null, 'N', null, '0' ) 
;insert into md_property ( id, accessorclassname, classid, createtime, creator, datatype, datatypestyle, defaultvalue, description, displayname, dr, help, isactive, hided, nullable, readonly, attrlength, attrmaxvalue, attrminvalue, modifier, modifytime, name, precise, refmodelname, attrsequence, ts, visibility, versiontype, fixedlength, calculation, isauthen, resid, customattr, notserialize, dynamicattr, dynamictable, accesspower, accesspowergroup, industry ) values (  'a0794181-0271-4ded-8b46-773614869bfe', null, '57865653-4b0e-4ab4-ac76-6686a44359cc', null, null, 'f3fed5ea-72f2-4a0a-ad43-d30b1c22c86c',305, null, null, '组织主键',0, null, 'Y', 'N', 'Y', 'N',20, null, null, null, null, 'pk_org',0, '人力资源组织',5, '2018-10-12 17:15:12',0,0, 'N', 'N', 'Y', '2UC000-000694', 'N', 'N', 'N', null, 'N', null, '0' ) 
;insert into md_property ( id, accessorclassname, classid, createtime, creator, datatype, datatypestyle, defaultvalue, description, displayname, dr, help, isactive, hided, nullable, readonly, attrlength, attrmaxvalue, attrminvalue, modifier, modifytime, name, precise, refmodelname, attrsequence, ts, visibility, versiontype, fixedlength, calculation, isauthen, resid, customattr, notserialize, dynamicattr, dynamictable, accesspower, accesspowergroup, industry ) values (  '067f0ea2-1777-4496-88e9-c163913e72d1', null, '57865653-4b0e-4ab4-ac76-6686a44359cc', null, null, 'f6f9a473-56c0-432f-8bc7-fbf8fde54fee',305, null, null, '创建人',0, null, 'Y', 'N', 'Y', 'N',20, null, null, null, null, 'creator',0, '用户',6, '2018-10-12 17:15:12',0,0, 'N', 'N', 'Y', '2UC000-000155', 'N', 'N', 'N', null, 'N', null, '0' ) 
;insert into md_property ( id, accessorclassname, classid, createtime, creator, datatype, datatypestyle, defaultvalue, description, displayname, dr, help, isactive, hided, nullable, readonly, attrlength, attrmaxvalue, attrminvalue, modifier, modifytime, name, precise, refmodelname, attrsequence, ts, visibility, versiontype, fixedlength, calculation, isauthen, resid, customattr, notserialize, dynamicattr, dynamictable, accesspower, accesspowergroup, industry ) values (  '5bf0698e-c3f6-4d70-979f-0fa8db350df6', null, '57865653-4b0e-4ab4-ac76-6686a44359cc', null, null, 'BS000010000100001033',300, null, null, '单据日期',0, null, 'Y', 'N', 'Y', 'N',19, null, null, null, null, 'billdate',0, null,7, '2018-10-12 17:15:12',0,0, 'N', 'N', 'Y', null, 'N', 'N', 'N', null, 'N', null, '0' ) 
;insert into md_property ( id, accessorclassname, classid, createtime, creator, datatype, datatypestyle, defaultvalue, description, displayname, dr, help, isactive, hided, nullable, readonly, attrlength, attrmaxvalue, attrminvalue, modifier, modifytime, name, precise, refmodelname, attrsequence, ts, visibility, versiontype, fixedlength, calculation, isauthen, resid, customattr, notserialize, dynamicattr, dynamictable, accesspower, accesspowergroup, industry ) values (  'e51e3cbe-0db2-419c-9341-e9b7c8863cea', null, '57865653-4b0e-4ab4-ac76-6686a44359cc', null, null, 'BS000010000100001034',300, null, null, '创建时间',0, null, 'Y', 'N', 'Y', 'N',19, null, null, null, null, 'creationtime',0, null,8, '2018-10-12 17:15:12',0,0, 'N', 'N', 'Y', '2UC000-000157', 'N', 'N', 'N', null, 'N', null, '0' ) 
;insert into md_property ( id, accessorclassname, classid, createtime, creator, datatype, datatypestyle, defaultvalue, description, displayname, dr, help, isactive, hided, nullable, readonly, attrlength, attrmaxvalue, attrminvalue, modifier, modifytime, name, precise, refmodelname, attrsequence, ts, visibility, versiontype, fixedlength, calculation, isauthen, resid, customattr, notserialize, dynamicattr, dynamictable, accesspower, accesspowergroup, industry ) values (  '4aa9c715-5f6d-42a0-9a1d-8d1b192ec273', null, '57865653-4b0e-4ab4-ac76-6686a44359cc', null, null, 'f6f9a473-56c0-432f-8bc7-fbf8fde54fee',305, null, null, '修改人',0, null, 'Y', 'N', 'Y', 'N',20, null, null, null, null, 'modifier',0, '用户',9, '2018-10-12 17:15:12',0,0, 'N', 'N', 'Y', '2UC000-000098', 'N', 'N', 'N', null, 'N', null, '0' ) 
;insert into md_property ( id, accessorclassname, classid, createtime, creator, datatype, datatypestyle, defaultvalue, description, displayname, dr, help, isactive, hided, nullable, readonly, attrlength, attrmaxvalue, attrminvalue, modifier, modifytime, name, precise, refmodelname, attrsequence, ts, visibility, versiontype, fixedlength, calculation, isauthen, resid, customattr, notserialize, dynamicattr, dynamictable, accesspower, accesspowergroup, industry ) values (  'f16b64df-5613-4f2a-b8d3-68efa450bef5', null, '57865653-4b0e-4ab4-ac76-6686a44359cc', null, null, 'BS000010000100001034',300, null, null, '修改时间',0, null, 'Y', 'N', 'Y', 'N',19, null, null, null, null, 'modifiedtime',0, null,10, '2018-10-12 17:15:12',0,0, 'N', 'N', 'Y', '2UC000-000100', 'N', 'N', 'N', null, 'N', null, '0' ) 
;insert into md_property ( id, accessorclassname, classid, createtime, creator, datatype, datatypestyle, defaultvalue, description, displayname, dr, help, isactive, hided, nullable, readonly, attrlength, attrmaxvalue, attrminvalue, modifier, modifytime, name, precise, refmodelname, attrsequence, ts, visibility, versiontype, fixedlength, calculation, isauthen, resid, customattr, notserialize, dynamicattr, dynamictable, accesspower, accesspowergroup, industry ) values (  'bff66084-89eb-4984-b043-8d225ad165a1', null, '57865653-4b0e-4ab4-ac76-6686a44359cc', null, null, 'BS000010000100001001',300, null, null, '变动前日历天',0, null, 'Y', 'N', 'Y', 'N',50, null, null, null, null, 'beforechange',0, null,11, '2018-10-12 17:15:12',0,0, 'N', 'N', 'Y', null, 'N', 'N', 'N', null, 'N', null, '0' ) 
;insert into md_property ( id, accessorclassname, classid, createtime, creator, datatype, datatypestyle, defaultvalue, description, displayname, dr, help, isactive, hided, nullable, readonly, attrlength, attrmaxvalue, attrminvalue, modifier, modifytime, name, precise, refmodelname, attrsequence, ts, visibility, versiontype, fixedlength, calculation, isauthen, resid, customattr, notserialize, dynamicattr, dynamictable, accesspower, accesspowergroup, industry ) values (  '11a8fbaa-2eaa-4229-b9b9-9a79a7082ca2', null, '57865653-4b0e-4ab4-ac76-6686a44359cc', null, null, 'BS000010000100001001',300, null, null, '变动后日历天',0, null, 'Y', 'N', 'Y', 'N',50, null, null, null, null, 'afterchange',0, null,12, '2018-10-12 17:15:12',0,0, 'N', 'N', 'Y', null, 'N', 'N', 'N', null, 'N', null, '0' ) 
;insert into md_property ( id, accessorclassname, classid, createtime, creator, datatype, datatypestyle, defaultvalue, description, displayname, dr, help, isactive, hided, nullable, readonly, attrlength, attrmaxvalue, attrminvalue, modifier, modifytime, name, precise, refmodelname, attrsequence, ts, visibility, versiontype, fixedlength, calculation, isauthen, resid, customattr, notserialize, dynamicattr, dynamictable, accesspower, accesspowergroup, industry ) values (  'feba05b6-f128-4792-890a-da7ba16c05a2', null, '57865653-4b0e-4ab4-ac76-6686a44359cc', null, null, 'BS000010000100001001',300, null, null, '补休产生类型',0, null, 'Y', 'N', 'Y', 'N',50, null, null, null, null, 'changetype',0, null,13, '2018-10-12 17:15:12',0,0, 'N', 'N', 'Y', null, 'N', 'N', 'N', null, 'N', null, '0' ) 
;insert into md_property ( id, accessorclassname, classid, createtime, creator, datatype, datatypestyle, defaultvalue, description, displayname, dr, help, isactive, hided, nullable, readonly, attrlength, attrmaxvalue, attrminvalue, modifier, modifytime, name, precise, refmodelname, attrsequence, ts, visibility, versiontype, fixedlength, calculation, isauthen, resid, customattr, notserialize, dynamicattr, dynamictable, accesspower, accesspowergroup, industry ) values (  '4f069fcc-224c-4e4a-ba0a-52584413b5a9', null, '57865653-4b0e-4ab4-ac76-6686a44359cc', null, null, 'BS000010000100001031',300, null, null, '变动外加补休时天数',0, null, 'Y', 'N', 'Y', 'N',28, null, null, null, null, 'changedayorhour',8, null,14, '2018-10-12 17:15:12',0,0, 'N', 'N', 'Y', null, 'N', 'N', 'N', null, 'N', null, '0' ) 
;insert into md_accessorPara ( id, dr, paravalue, assosequence, ts, versiontype, industry ) values (  '57865653-4b0e-4ab4-ac76-6686a44359cc',0, 'nc.vo.ta.leaveextrarest.AggLeaveExtraRestVO',0, '2018-10-12 17:15:12',null, null ) 
;insert into md_bizItfMap ( bizinterfaceid, intattrid, classid, classattrid, bizitfimpclassname, classattrpath, dr, ts ) values (  '6c8722b9-911a-489b-8d0d-18bd3734fcf6', '5dd3c721-22ad-42b1-9c10-4351c236bc77', '57865653-4b0e-4ab4-ac76-6686a44359cc', '0446501c-3e18-47e6-9ebb-b36a1cb82765', null, null,0, '2018-10-12 17:15:12' ) 
;insert into md_bizItfMap ( bizinterfaceid, intattrid, classid, classattrid, bizitfimpclassname, classattrpath, dr, ts ) values (  '6c8722b9-911a-489b-8d0d-18bd3734fcf6', 'c8334364-7ab9-4266-8d4b-e74537935e46', '57865653-4b0e-4ab4-ac76-6686a44359cc', null, null, null,0, '2018-10-12 17:15:12' ) 
;insert into md_bizItfMap ( bizinterfaceid, intattrid, classid, classattrid, bizitfimpclassname, classattrpath, dr, ts ) values (  '6c8722b9-911a-489b-8d0d-18bd3734fcf6', 'ecf1b76a-6e44-42e2-a55e-87596504775b', '57865653-4b0e-4ab4-ac76-6686a44359cc', 'a0794181-0271-4ded-8b46-773614869bfe', null, null,0, '2018-10-12 17:15:12' ) 
;insert into md_bizItfMap ( bizinterfaceid, intattrid, classid, classattrid, bizitfimpclassname, classattrpath, dr, ts ) values (  '6c8722b9-911a-489b-8d0d-18bd3734fcf6', 'd32cc17b-f415-415a-923f-0764443eb102', '57865653-4b0e-4ab4-ac76-6686a44359cc', null, null, null,0, '2018-10-12 17:15:12' ) 
;insert into md_bizItfMap ( bizinterfaceid, intattrid, classid, classattrid, bizitfimpclassname, classattrpath, dr, ts ) values (  '6c8722b9-911a-489b-8d0d-18bd3734fcf6', '89578a97-42fe-439b-827c-8eabd9e3604c', '57865653-4b0e-4ab4-ac76-6686a44359cc', null, null, null,0, '2018-10-12 17:15:12' ) 
;insert into md_bizItfMap ( bizinterfaceid, intattrid, classid, classattrid, bizitfimpclassname, classattrpath, dr, ts ) values (  '6c8722b9-911a-489b-8d0d-18bd3734fcf6', 'a47e6cda-09e4-480b-923f-ec6f41e3e06c', '57865653-4b0e-4ab4-ac76-6686a44359cc', '3d652b04-c21a-4dab-bf3c-12844be974f9', null, null,0, '2018-10-12 17:15:12' ) 
;insert into md_bizItfMap ( bizinterfaceid, intattrid, classid, classattrid, bizitfimpclassname, classattrpath, dr, ts ) values (  '2b226ae1-aad9-4abe-a405-36bcacaa94a8', 'e5a2aef6-8d58-416a-b8b7-4dd10e13d788', '57865653-4b0e-4ab4-ac76-6686a44359cc', '067f0ea2-1777-4496-88e9-c163913e72d1', null, null,0, '2018-10-12 17:15:12' ) 
;insert into md_bizItfMap ( bizinterfaceid, intattrid, classid, classattrid, bizitfimpclassname, classattrpath, dr, ts ) values (  '2b226ae1-aad9-4abe-a405-36bcacaa94a8', '49b6b1ae-cd5b-4b54-99cd-a6bb9fee7343', '57865653-4b0e-4ab4-ac76-6686a44359cc', 'e51e3cbe-0db2-419c-9341-e9b7c8863cea', null, null,0, '2018-10-12 17:15:12' ) 
;insert into md_bizItfMap ( bizinterfaceid, intattrid, classid, classattrid, bizitfimpclassname, classattrpath, dr, ts ) values (  '2b226ae1-aad9-4abe-a405-36bcacaa94a8', '54c42368-5a43-4295-a7d4-74d276eed522', '57865653-4b0e-4ab4-ac76-6686a44359cc', '4aa9c715-5f6d-42a0-9a1d-8d1b192ec273', null, null,0, '2018-10-12 17:15:12' ) 
;insert into md_bizItfMap ( bizinterfaceid, intattrid, classid, classattrid, bizitfimpclassname, classattrpath, dr, ts ) values (  '2b226ae1-aad9-4abe-a405-36bcacaa94a8', '0abfd569-b9cf-4c44-a8d9-45979c083b08', '57865653-4b0e-4ab4-ac76-6686a44359cc', 'f16b64df-5613-4f2a-b8d3-68efa450bef5', null, null,0, '2018-10-12 17:15:12' ) 
;insert into md_bizItfMap ( bizinterfaceid, intattrid, classid, classattrid, bizitfimpclassname, classattrpath, dr, ts ) values (  'ede1e93f-a86e-4588-b441-9db78f30219f', '72145ab5-b7fa-448e-ad62-8e13cd547191', '57865653-4b0e-4ab4-ac76-6686a44359cc', 'a0794181-0271-4ded-8b46-773614869bfe', null, null,0, '2018-10-12 17:15:12' ) 
;insert into md_bizItfMap ( bizinterfaceid, intattrid, classid, classattrid, bizitfimpclassname, classattrpath, dr, ts ) values (  'ede1e93f-a86e-4588-b441-9db78f30219f', '0c37faa9-6e38-4e27-b596-dabc8d5ad732', '57865653-4b0e-4ab4-ac76-6686a44359cc', '608334fd-9da4-4e6c-abbe-6e335c5cd1a7', null, null,0, '2018-10-12 17:15:12' ) 
;insert into md_bizItfMap ( bizinterfaceid, intattrid, classid, classattrid, bizitfimpclassname, classattrpath, dr, ts ) values (  'cc8a1739-1dca-454c-b8ef-b175b79a3426', '2d2ee0e2-05b9-4bf5-b263-a39796d4f26b', '57865653-4b0e-4ab4-ac76-6686a44359cc', 'e51e3cbe-0db2-419c-9341-e9b7c8863cea', null, null,0, '2018-10-12 17:15:12' ) 
;insert into md_bizItfMap ( bizinterfaceid, intattrid, classid, classattrid, bizitfimpclassname, classattrpath, dr, ts ) values (  'cc8a1739-1dca-454c-b8ef-b175b79a3426', 'da02e89c-df72-4c8c-bfb4-c3ba94a7268c', '57865653-4b0e-4ab4-ac76-6686a44359cc', 'f16b64df-5613-4f2a-b8d3-68efa450bef5', null, null,0, '2018-10-12 17:15:12' ) 
;insert into md_association ( id, componentid, creator, createtime, dr, endcardinality, startbeanid, endelementid, isactive, modifier, modifytime, name, startcardinality, startelementid, ts, type, versiontype, industry ) values (  '5806bb74-7388-4550-8ab7-64ab6623310a', '83c64bb1-ec47-47aa-bdf2-0c9acf9e8ba6', null, null,0, '1', '57865653-4b0e-4ab4-ac76-6686a44359cc', '40d39c26-a2b6-4f16-a018-45664cac1a1f', 'Y', null, null, 'leaveextrarest_pk_psndoc', '1', '15420239-9121-4101-8c93-c3652b867d5b', '2018-10-12 17:15:12',3,0, '0' ) 
;insert into md_association ( id, componentid, creator, createtime, dr, endcardinality, startbeanid, endelementid, isactive, modifier, modifytime, name, startcardinality, startelementid, ts, type, versiontype, industry ) values (  'abd5dad0-7b74-4894-8859-77ad9162cef3', '83c64bb1-ec47-47aa-bdf2-0c9acf9e8ba6', null, null,0, '1', '57865653-4b0e-4ab4-ac76-6686a44359cc', 'fa902409-20fe-4c49-89ee-85ee9312174b', 'Y', null, null, 'leaveextrarest_pk_org_v', '1', '608334fd-9da4-4e6c-abbe-6e335c5cd1a7', '2018-10-12 17:15:12',3,0, '0' ) 
;insert into md_association ( id, componentid, creator, createtime, dr, endcardinality, startbeanid, endelementid, isactive, modifier, modifytime, name, startcardinality, startelementid, ts, type, versiontype, industry ) values (  '998f5eee-72a2-4324-9e98-7d931c1bbc21', '83c64bb1-ec47-47aa-bdf2-0c9acf9e8ba6', null, null,0, '1', '57865653-4b0e-4ab4-ac76-6686a44359cc', '66ed0cf6-e260-4f39-8fbb-172260efd677', 'Y', null, null, 'leaveextrarest_pk_dept_v', '1', 'e07f1daf-a8e4-44d4-b796-58f64a54916e', '2018-10-12 17:15:12',3,0, '0' ) 
;insert into md_association ( id, componentid, creator, createtime, dr, endcardinality, startbeanid, endelementid, isactive, modifier, modifytime, name, startcardinality, startelementid, ts, type, versiontype, industry ) values (  '729ba1dc-4463-4942-93b8-67f9dedd12b2', '83c64bb1-ec47-47aa-bdf2-0c9acf9e8ba6', null, null,0, '1', '57865653-4b0e-4ab4-ac76-6686a44359cc', '3b6dd171-2900-47f3-bfbe-41e4483a2a65', 'Y', null, null, 'leaveextrarest_pk_group', '1', '3d652b04-c21a-4dab-bf3c-12844be974f9', '2018-10-12 17:15:12',3,0, '0' ) 
;insert into md_association ( id, componentid, creator, createtime, dr, endcardinality, startbeanid, endelementid, isactive, modifier, modifytime, name, startcardinality, startelementid, ts, type, versiontype, industry ) values (  'd4dc1418-0672-4f41-a73a-f4113140cf9b', '83c64bb1-ec47-47aa-bdf2-0c9acf9e8ba6', null, null,0, '1', '57865653-4b0e-4ab4-ac76-6686a44359cc', 'f3fed5ea-72f2-4a0a-ad43-d30b1c22c86c', 'Y', null, null, 'leaveextrarest_pk_org', '1', 'a0794181-0271-4ded-8b46-773614869bfe', '2018-10-12 17:15:12',3,0, '0' ) 
;insert into md_association ( id, componentid, creator, createtime, dr, endcardinality, startbeanid, endelementid, isactive, modifier, modifytime, name, startcardinality, startelementid, ts, type, versiontype, industry ) values (  'a6ce6743-a823-4a12-85f3-e168edf6e764', '83c64bb1-ec47-47aa-bdf2-0c9acf9e8ba6', null, null,0, '1', '57865653-4b0e-4ab4-ac76-6686a44359cc', 'f6f9a473-56c0-432f-8bc7-fbf8fde54fee', 'Y', null, null, 'leaveextrarest_creator', '1', '067f0ea2-1777-4496-88e9-c163913e72d1', '2018-10-12 17:15:12',3,0, '0' ) 
;insert into md_association ( id, componentid, creator, createtime, dr, endcardinality, startbeanid, endelementid, isactive, modifier, modifytime, name, startcardinality, startelementid, ts, type, versiontype, industry ) values (  '529c7255-9a83-4db7-a519-e712652ab5a5', '83c64bb1-ec47-47aa-bdf2-0c9acf9e8ba6', null, null,0, '1', '57865653-4b0e-4ab4-ac76-6686a44359cc', 'f6f9a473-56c0-432f-8bc7-fbf8fde54fee', 'Y', null, null, 'leaveextrarest_modifier', '1', '4aa9c715-5f6d-42a0-9a1d-8d1b192ec273', '2018-10-12 17:15:12',3,0, '0' ) 
;insert into md_table ( id, createtime, creator, databaseid, description, displayname, dr, help, isactive, fromsourcebmf, modifier, modifytime, name, ts, versiontype, resmodule, resid, parenttable, isextendtable, industry ) values (  'tbm_extrarest', '2018-09-11 14:25:20', null, null, null, '外加补休天数',0, null, null, 'Y', 'YONYOU NC', '2018-09-11 18:32:31', 'tbm_extrarest', '2018-10-12 17:15:12',0, '6017leaveextrarest', null, null, null, '0' ) 
;insert into md_column ( id, sqldatetype, createtime, creator, defaultvalue, description, displayname, dr, help, incrementseed, incrementstep, isactive, identitied, pkey, nullable, columnlength, modifier, modifytime, name, precise, columnsequence, tableid, ts, versiontype, resid, groupid, columntype, forlocale ) values (  'tbm_extrarest@@PK@@', 'char', null, null, null, null, '外加补休天数主键',0, null,null,null, 'Y', null, 'Y', 'N',20, null, null, 'pk_extrarest',0,0, 'tbm_extrarest', '2018-10-12 17:15:12',0, null, null,0, 'N' ) 
;insert into md_column ( id, sqldatetype, createtime, creator, defaultvalue, description, displayname, dr, help, incrementseed, incrementstep, isactive, identitied, pkey, nullable, columnlength, modifier, modifytime, name, precise, columnsequence, tableid, ts, versiontype, resid, groupid, columntype, forlocale ) values (  'tbm_extrarest@@@pk_psndoc', 'varchar', null, null, '*~', null, '人员基本信息',0, null,null,null, 'Y', null, 'N', 'Y',20, null, null, 'pk_psndoc',0,1, 'tbm_extrarest', '2018-10-12 17:15:12',0, '2psndoc-000018', null,0, 'N' ) 
;insert into md_column ( id, sqldatetype, createtime, creator, defaultvalue, description, displayname, dr, help, incrementseed, incrementstep, isactive, identitied, pkey, nullable, columnlength, modifier, modifytime, name, precise, columnsequence, tableid, ts, versiontype, resid, groupid, columntype, forlocale ) values (  'tbm_extrarest@@@pk_org_v', 'varchar', null, null, '*~', null, '人员组织版本',0, null,null,null, 'Y', null, 'N', 'Y',20, null, null, 'pk_org_v',0,2, 'tbm_extrarest', '2018-10-12 17:15:12',0, '2psndoc-000014', null,0, 'N' ) 
;insert into md_column ( id, sqldatetype, createtime, creator, defaultvalue, description, displayname, dr, help, incrementseed, incrementstep, isactive, identitied, pkey, nullable, columnlength, modifier, modifytime, name, precise, columnsequence, tableid, ts, versiontype, resid, groupid, columntype, forlocale ) values (  'tbm_extrarest@@@pk_dept_v', 'varchar', null, null, '*~', null, '人员部门版本',0, null,null,null, 'Y', null, 'N', 'Y',20, null, null, 'pk_dept_v',0,3, 'tbm_extrarest', '2018-10-12 17:15:12',0, '2psndoc-000016', null,0, 'N' ) 
;insert into md_column ( id, sqldatetype, createtime, creator, defaultvalue, description, displayname, dr, help, incrementseed, incrementstep, isactive, identitied, pkey, nullable, columnlength, modifier, modifytime, name, precise, columnsequence, tableid, ts, versiontype, resid, groupid, columntype, forlocale ) values (  'tbm_extrarest@@@pk_group', 'varchar', null, null, '*~', null, '集团主键',0, null,null,null, 'Y', null, 'N', 'Y',20, null, null, 'pk_group',0,4, 'tbm_extrarest', '2018-10-12 17:15:12',0, '2UC000-001008', null,0, 'N' ) 
;insert into md_column ( id, sqldatetype, createtime, creator, defaultvalue, description, displayname, dr, help, incrementseed, incrementstep, isactive, identitied, pkey, nullable, columnlength, modifier, modifytime, name, precise, columnsequence, tableid, ts, versiontype, resid, groupid, columntype, forlocale ) values (  'tbm_extrarest@@@pk_org', 'varchar', null, null, '*~', null, '组织主键',0, null,null,null, 'Y', null, 'N', 'Y',20, null, null, 'pk_org',0,5, 'tbm_extrarest', '2018-10-12 17:15:12',0, '2UC000-000694', null,0, 'N' ) 
;insert into md_column ( id, sqldatetype, createtime, creator, defaultvalue, description, displayname, dr, help, incrementseed, incrementstep, isactive, identitied, pkey, nullable, columnlength, modifier, modifytime, name, precise, columnsequence, tableid, ts, versiontype, resid, groupid, columntype, forlocale ) values (  'tbm_extrarest@@@creator', 'varchar', null, null, '*~', null, '创建人',0, null,null,null, 'Y', null, 'N', 'Y',20, null, null, 'creator',0,6, 'tbm_extrarest', '2018-10-12 17:15:12',0, '2UC000-000155', null,0, 'N' ) 
;insert into md_column ( id, sqldatetype, createtime, creator, defaultvalue, description, displayname, dr, help, incrementseed, incrementstep, isactive, identitied, pkey, nullable, columnlength, modifier, modifytime, name, precise, columnsequence, tableid, ts, versiontype, resid, groupid, columntype, forlocale ) values (  'tbm_extrarest@@@billdate', 'char', null, null, null, null, '单据日期',0, null,null,null, 'Y', null, 'N', 'Y',19, null, null, 'billdate',0,7, 'tbm_extrarest', '2018-10-12 17:15:12',0, null, null,0, 'N' ) 
;insert into md_column ( id, sqldatetype, createtime, creator, defaultvalue, description, displayname, dr, help, incrementseed, incrementstep, isactive, identitied, pkey, nullable, columnlength, modifier, modifytime, name, precise, columnsequence, tableid, ts, versiontype, resid, groupid, columntype, forlocale ) values (  'tbm_extrarest@@@creationtime', 'char', null, null, null, null, '创建时间',0, null,null,null, 'Y', null, 'N', 'Y',19, null, null, 'creationtime',0,8, 'tbm_extrarest', '2018-10-12 17:15:12',0, '2UC000-000157', null,0, 'N' ) 
;insert into md_column ( id, sqldatetype, createtime, creator, defaultvalue, description, displayname, dr, help, incrementseed, incrementstep, isactive, identitied, pkey, nullable, columnlength, modifier, modifytime, name, precise, columnsequence, tableid, ts, versiontype, resid, groupid, columntype, forlocale ) values (  'tbm_extrarest@@@modifier', 'varchar', null, null, '*~', null, '修改人',0, null,null,null, 'Y', null, 'N', 'Y',20, null, null, 'modifier',0,9, 'tbm_extrarest', '2018-10-12 17:15:12',0, '2UC000-000098', null,0, 'N' ) 
;insert into md_column ( id, sqldatetype, createtime, creator, defaultvalue, description, displayname, dr, help, incrementseed, incrementstep, isactive, identitied, pkey, nullable, columnlength, modifier, modifytime, name, precise, columnsequence, tableid, ts, versiontype, resid, groupid, columntype, forlocale ) values (  'tbm_extrarest@@@modifiedtime', 'char', null, null, null, null, '修改时间',0, null,null,null, 'Y', null, 'N', 'Y',19, null, null, 'modifiedtime',0,10, 'tbm_extrarest', '2018-10-12 17:15:12',0, '2UC000-000100', null,0, 'N' ) 
;insert into md_column ( id, sqldatetype, createtime, creator, defaultvalue, description, displayname, dr, help, incrementseed, incrementstep, isactive, identitied, pkey, nullable, columnlength, modifier, modifytime, name, precise, columnsequence, tableid, ts, versiontype, resid, groupid, columntype, forlocale ) values (  'tbm_extrarest@@@beforechange', 'varchar', null, null, null, null, '变动前日历天',0, null,null,null, 'Y', null, 'N', 'Y',50, null, null, 'beforechange',0,11, 'tbm_extrarest', '2018-10-12 17:15:12',0, null, null,0, 'N' ) 
;insert into md_column ( id, sqldatetype, createtime, creator, defaultvalue, description, displayname, dr, help, incrementseed, incrementstep, isactive, identitied, pkey, nullable, columnlength, modifier, modifytime, name, precise, columnsequence, tableid, ts, versiontype, resid, groupid, columntype, forlocale ) values (  'tbm_extrarest@@@afterchange', 'varchar', null, null, null, null, '变动后日历天',0, null,null,null, 'Y', null, 'N', 'Y',50, null, null, 'afterchange',0,12, 'tbm_extrarest', '2018-10-12 17:15:12',0, null, null,0, 'N' ) 
;insert into md_column ( id, sqldatetype, createtime, creator, defaultvalue, description, displayname, dr, help, incrementseed, incrementstep, isactive, identitied, pkey, nullable, columnlength, modifier, modifytime, name, precise, columnsequence, tableid, ts, versiontype, resid, groupid, columntype, forlocale ) values (  'tbm_extrarest@@@changetype', 'varchar', null, null, null, null, '补休产生类型',0, null,null,null, 'Y', null, 'N', 'Y',50, null, null, 'changetype',0,13, 'tbm_extrarest', '2018-10-12 17:15:12',0, null, null,0, 'N' ) 
;insert into md_column ( id, sqldatetype, createtime, creator, defaultvalue, description, displayname, dr, help, incrementseed, incrementstep, isactive, identitied, pkey, nullable, columnlength, modifier, modifytime, name, precise, columnsequence, tableid, ts, versiontype, resid, groupid, columntype, forlocale ) values (  'tbm_extrarest@@@changedayorhour', 'decimal', null, null, null, null, '变动外加补休时天数',0, null,null,null, 'Y', null, 'N', 'Y',28, null, null, 'changedayorhour',8,14, 'tbm_extrarest', '2018-10-12 17:15:12',0, null, null,0, 'N' ) 
;insert into md_ORMap ( attributeid, classid, columnid, dr, tableid, ts ) values (  'e07f1daf-a8e4-44d4-b796-58f64a54916e', '57865653-4b0e-4ab4-ac76-6686a44359cc', 'tbm_extrarest@@@pk_dept_v',0, 'tbm_extrarest', '2018-10-12 17:15:12' ) 
;insert into md_ORMap ( attributeid, classid, columnid, dr, tableid, ts ) values (  'f16b64df-5613-4f2a-b8d3-68efa450bef5', '57865653-4b0e-4ab4-ac76-6686a44359cc', 'tbm_extrarest@@@modifiedtime',0, 'tbm_extrarest', '2018-10-12 17:15:12' ) 
;insert into md_ORMap ( attributeid, classid, columnid, dr, tableid, ts ) values (  'bff66084-89eb-4984-b043-8d225ad165a1', '57865653-4b0e-4ab4-ac76-6686a44359cc', 'tbm_extrarest@@@beforechange',0, 'tbm_extrarest', '2018-10-12 17:15:12' ) 
;insert into md_ORMap ( attributeid, classid, columnid, dr, tableid, ts ) values (  '4aa9c715-5f6d-42a0-9a1d-8d1b192ec273', '57865653-4b0e-4ab4-ac76-6686a44359cc', 'tbm_extrarest@@@modifier',0, 'tbm_extrarest', '2018-10-12 17:15:12' ) 
;insert into md_ORMap ( attributeid, classid, columnid, dr, tableid, ts ) values (  '067f0ea2-1777-4496-88e9-c163913e72d1', '57865653-4b0e-4ab4-ac76-6686a44359cc', 'tbm_extrarest@@@creator',0, 'tbm_extrarest', '2018-10-12 17:15:12' ) 
;insert into md_ORMap ( attributeid, classid, columnid, dr, tableid, ts ) values (  '608334fd-9da4-4e6c-abbe-6e335c5cd1a7', '57865653-4b0e-4ab4-ac76-6686a44359cc', 'tbm_extrarest@@@pk_org_v',0, 'tbm_extrarest', '2018-10-12 17:15:12' ) 
;insert into md_ORMap ( attributeid, classid, columnid, dr, tableid, ts ) values (  'feba05b6-f128-4792-890a-da7ba16c05a2', '57865653-4b0e-4ab4-ac76-6686a44359cc', 'tbm_extrarest@@@changetype',0, 'tbm_extrarest', '2018-10-12 17:15:12' ) 
;insert into md_ORMap ( attributeid, classid, columnid, dr, tableid, ts ) values (  '15420239-9121-4101-8c93-c3652b867d5b', '57865653-4b0e-4ab4-ac76-6686a44359cc', 'tbm_extrarest@@@pk_psndoc',0, 'tbm_extrarest', '2018-10-12 17:15:12' ) 
;insert into md_ORMap ( attributeid, classid, columnid, dr, tableid, ts ) values (  '11a8fbaa-2eaa-4229-b9b9-9a79a7082ca2', '57865653-4b0e-4ab4-ac76-6686a44359cc', 'tbm_extrarest@@@afterchange',0, 'tbm_extrarest', '2018-10-12 17:15:12' ) 
;insert into md_ORMap ( attributeid, classid, columnid, dr, tableid, ts ) values (  '5bf0698e-c3f6-4d70-979f-0fa8db350df6', '57865653-4b0e-4ab4-ac76-6686a44359cc', 'tbm_extrarest@@@billdate',0, 'tbm_extrarest', '2018-10-12 17:15:12' ) 
;insert into md_ORMap ( attributeid, classid, columnid, dr, tableid, ts ) values (  '0446501c-3e18-47e6-9ebb-b36a1cb82765', '57865653-4b0e-4ab4-ac76-6686a44359cc', 'tbm_extrarest@@PK@@',0, 'tbm_extrarest', '2018-10-12 17:15:12' ) 
;insert into md_ORMap ( attributeid, classid, columnid, dr, tableid, ts ) values (  '3d652b04-c21a-4dab-bf3c-12844be974f9', '57865653-4b0e-4ab4-ac76-6686a44359cc', 'tbm_extrarest@@@pk_group',0, 'tbm_extrarest', '2018-10-12 17:15:12' ) 
;insert into md_ORMap ( attributeid, classid, columnid, dr, tableid, ts ) values (  '4f069fcc-224c-4e4a-ba0a-52584413b5a9', '57865653-4b0e-4ab4-ac76-6686a44359cc', 'tbm_extrarest@@@changedayorhour',0, 'tbm_extrarest', '2018-10-12 17:15:12' ) 
;insert into md_ORMap ( attributeid, classid, columnid, dr, tableid, ts ) values (  'e51e3cbe-0db2-419c-9341-e9b7c8863cea', '57865653-4b0e-4ab4-ac76-6686a44359cc', 'tbm_extrarest@@@creationtime',0, 'tbm_extrarest', '2018-10-12 17:15:12' ) 
;insert into md_ORMap ( attributeid, classid, columnid, dr, tableid, ts ) values (  'a0794181-0271-4ded-8b46-773614869bfe', '57865653-4b0e-4ab4-ac76-6686a44359cc', 'tbm_extrarest@@@pk_org',0, 'tbm_extrarest', '2018-10-12 17:15:12' ) 
