--加班分段明细
delete from pub_billtemplet where pk_billtemplet = '1001ZZ1000000000K976';
INSERT INTO pub_billtemplet (bill_templetcaption, bill_templetname, devorg, dividerproportion, dr, funccode, layer, metadataclass, model_type, modulecode, nodecode, options, pk_billtemplet, pk_billtypecode, pk_corp, pk_org, resid, shareflag, ts, validateformula) VALUES ('加班分段依据', 'SYSTEM', null, null, 0, null, -1, 'overtime.segrule', null, 'hrta', 'segrule', null, '1001ZZ1000000000K976', 'segrule', '@@@@', null, null, null, '2018-09-17 21:15:46', null);

delete from pub_billtemplet_b where pk_billtemplet = '1001ZZ1000000000K976';
INSERT INTO pub_billtemplet_b (cardflag, datatype, defaultshowname, defaultvalue, dr, editflag, editformula, foreground, hyperlinkflag, idcolname, inputlength, itemkey, itemtype, leafflag, listflag, listhyperlinkflag, listshowflag, listshoworder, loadformula, lockflag, metadatapath, metadataproperty, metadatarelation, newlineflag, nullflag, options, pk_billtemplet, pk_billtemplet_b, pk_corp, pos, reftype, resid, resid_tabname, reviseflag, showflag, showorder, table_code, table_name, totalflag, ts, userdefflag, userdefine1, userdefine2, userdefine3, usereditflag, userflag, userreviseflag, usershowflag, validateformula, width) VALUES (1, -1, null, null, 0, 1, null, -1, 'N', null, -1, 'pk_org', 0, 'N', 1, 'N', 'N', 3, null, 0, 'pk_org', 'overtime.segrule.pk_org', null, 'N', 0, null, '1001ZZ1000000000K976', '1001ZZ1000000000K987', '@@@@', 0, null, null, null, 'N', 0, 3, 'segrule', '加班分段依据', 0, '2018-09-17 21:15:46', 'N', null, null, null, 1, 1, 'N', 1, null, 1);
INSERT INTO pub_billtemplet_b (cardflag, datatype, defaultshowname, defaultvalue, dr, editflag, editformula, foreground, hyperlinkflag, idcolname, inputlength, itemkey, itemtype, leafflag, listflag, listhyperlinkflag, listshowflag, listshoworder, loadformula, lockflag, metadatapath, metadataproperty, metadatarelation, newlineflag, nullflag, options, pk_billtemplet, pk_billtemplet_b, pk_corp, pos, reftype, resid, resid_tabname, reviseflag, showflag, showorder, table_code, table_name, totalflag, ts, userdefflag, userdefine1, userdefine2, userdefine3, usereditflag, userflag, userreviseflag, usershowflag, validateformula, width) VALUES (1, -1, null, 'false', 0, 1, null, -1, 'N', null, -1, 'isdefault', 0, 'N', 1, 'N', 'Y', 12, null, 0, 'isdefault', 'overtime.segrule.isdefault', null, 'N', 0, null, '1001ZZ1000000000K976', '1001ZZ1000000000K986', '@@@@', 0, null, null, null, 'N', 1, 12, 'segrule', '加班分段依据', 0, '2018-09-17 21:15:46', 'N', null, null, null, 1, 1, 'N', 1, null, 1);
INSERT INTO pub_billtemplet_b (cardflag, datatype, defaultshowname, defaultvalue, dr, editflag, editformula, foreground, hyperlinkflag, idcolname, inputlength, itemkey, itemtype, leafflag, listflag, listhyperlinkflag, listshowflag, listshoworder, loadformula, lockflag, metadatapath, metadataproperty, metadatarelation, newlineflag, nullflag, options, pk_billtemplet, pk_billtemplet_b, pk_corp, pos, reftype, resid, resid_tabname, reviseflag, showflag, showorder, table_code, table_name, totalflag, ts, userdefflag, userdefine1, userdefine2, userdefine3, usereditflag, userflag, userreviseflag, usershowflag, validateformula, width) VALUES (1, -1, null, null, 0, 1, null, -1, 'N', null, -1, 'memo', 0, 'N', 1, 'N', 'Y', 18, null, 0, 'memo', 'overtime.segruleterm.memo', null, 'N', 0, null, '1001ZZ1000000000K976', '1001ZZ1000000000K985', '@@@@', 1, null, null, null, 'N', 1, 18, 'pk_segruleterm', '加班分段规则', 0, '2018-09-17 21:15:46', 'N', null, null, null, 1, 1, 'N', 1, null, 100);
INSERT INTO pub_billtemplet_b (cardflag, datatype, defaultshowname, defaultvalue, dr, editflag, editformula, foreground, hyperlinkflag, idcolname, inputlength, itemkey, itemtype, leafflag, listflag, listhyperlinkflag, listshowflag, listshoworder, loadformula, lockflag, metadatapath, metadataproperty, metadatarelation, newlineflag, nullflag, options, pk_billtemplet, pk_billtemplet_b, pk_corp, pos, reftype, resid, resid_tabname, reviseflag, showflag, showorder, table_code, table_name, totalflag, ts, userdefflag, userdefine1, userdefine2, userdefine3, usereditflag, userflag, userreviseflag, usershowflag, validateformula, width) VALUES (1, -1, null, null, 0, 1, null, -1, 'N', null, -1, 'creator', 0, 'N', 1, 'N', 'N', 5, null, 0, 'creator', 'overtime.segruleterm.creator', null, 'N', 0, null, '1001ZZ1000000000K976', '1001ZZ1000000000K984', '@@@@', 1, null, null, null, 'N', 0, 5, 'pk_segruleterm', '加班分段规则', 0, '2018-09-17 21:15:46', 'N', null, null, null, 1, 1, 'N', 1, null, 100);
INSERT INTO pub_billtemplet_b (cardflag, datatype, defaultshowname, defaultvalue, dr, editflag, editformula, foreground, hyperlinkflag, idcolname, inputlength, itemkey, itemtype, leafflag, listflag, listhyperlinkflag, listshowflag, listshoworder, loadformula, lockflag, metadatapath, metadataproperty, metadatarelation, newlineflag, nullflag, options, pk_billtemplet, pk_billtemplet_b, pk_corp, pos, reftype, resid, resid_tabname, reviseflag, showflag, showorder, table_code, table_name, totalflag, ts, userdefflag, userdefine1, userdefine2, userdefine3, usereditflag, userflag, userreviseflag, usershowflag, validateformula, width) VALUES (1, -1, null, null, 0, 1, null, -1, 'N', null, -1, 'additionaldays', 0, 'N', 1, 'N', 'Y', 16, null, 0, 'additionaldays', 'overtime.segruleterm.additionaldays', null, 'N', 0, null, '1001ZZ1000000000K976', '1001ZZ1000000000K983', '@@@@', 1, null, null, null, 'N', 1, 16, 'pk_segruleterm', '加班分段规则', 0, '2018-09-17 21:15:46', 'N', null, null, null, 1, 1, 'N', 1, null, 100);
INSERT INTO pub_billtemplet_b (cardflag, datatype, defaultshowname, defaultvalue, dr, editflag, editformula, foreground, hyperlinkflag, idcolname, inputlength, itemkey, itemtype, leafflag, listflag, listhyperlinkflag, listshowflag, listshoworder, loadformula, lockflag, metadatapath, metadataproperty, metadatarelation, newlineflag, nullflag, options, pk_billtemplet, pk_billtemplet_b, pk_corp, pos, reftype, resid, resid_tabname, reviseflag, showflag, showorder, table_code, table_name, totalflag, ts, userdefflag, userdefine1, userdefine2, userdefine3, usereditflag, userflag, userreviseflag, usershowflag, validateformula, width) VALUES (1, -1, null, null, 0, 1, null, -1, 'N', null, -1, 'taxableotrate', 0, 'N', 1, 'N', 'Y', 13, null, 0, 'taxableotrate', 'overtime.segruleterm.taxableotrate', null, 'N', 0, null, '1001ZZ1000000000K976', '1001ZZ1000000000K982', '@@@@', 1, null, null, null, 'N', 1, 13, 'pk_segruleterm', '加班分段规则', 0, '2018-09-17 21:15:46', 'N', null, null, null, 1, 1, 'N', 1, null, 100);
INSERT INTO pub_billtemplet_b (cardflag, datatype, defaultshowname, defaultvalue, dr, editflag, editformula, foreground, hyperlinkflag, idcolname, inputlength, itemkey, itemtype, leafflag, listflag, listhyperlinkflag, listshowflag, listshoworder, loadformula, lockflag, metadatapath, metadataproperty, metadatarelation, newlineflag, nullflag, options, pk_billtemplet, pk_billtemplet_b, pk_corp, pos, reftype, resid, resid_tabname, reviseflag, showflag, showorder, table_code, table_name, totalflag, ts, userdefflag, userdefine1, userdefine2, userdefine3, usereditflag, userflag, userreviseflag, usershowflag, validateformula, width) VALUES (1, -1, null, null, 0, 1, null, -1, 'N', null, -1, 'code', 0, 'N', 1, 'N', 'Y', 9, null, 0, 'code', 'overtime.segrule.code', null, 'N', 0, null, '1001ZZ1000000000K976', '1001ZZ1000000000K981', '@@@@', 0, null, null, null, 'N', 1, 9, 'segrule', '加班分段依据', 0, '2018-09-17 21:15:46', 'N', null, null, null, 1, 1, 'N', 1, null, 1);
INSERT INTO pub_billtemplet_b (cardflag, datatype, defaultshowname, defaultvalue, dr, editflag, editformula, foreground, hyperlinkflag, idcolname, inputlength, itemkey, itemtype, leafflag, listflag, listhyperlinkflag, listshowflag, listshoworder, loadformula, lockflag, metadatapath, metadataproperty, metadatarelation, newlineflag, nullflag, options, pk_billtemplet, pk_billtemplet_b, pk_corp, pos, reftype, resid, resid_tabname, reviseflag, showflag, showorder, table_code, table_name, totalflag, ts, userdefflag, userdefine1, userdefine2, userdefine3, usereditflag, userflag, userreviseflag, usershowflag, validateformula, width) VALUES (1, -1, null, null, 0, 1, null, -1, 'N', null, -1, 'pk_org', 0, 'N', 1, 'N', 'N', 3, null, 0, 'pk_org', 'overtime.segruleterm.pk_org', null, 'N', 0, null, '1001ZZ1000000000K976', '1001ZZ1000000000K980', '@@@@', 1, null, null, null, 'N', 0, 3, 'pk_segruleterm', '加班分段规则', 0, '2018-09-17 21:15:46', 'N', null, null, null, 1, 1, 'N', 1, null, 100);
INSERT INTO pub_billtemplet_b (cardflag, datatype, defaultshowname, defaultvalue, dr, editflag, editformula, foreground, hyperlinkflag, idcolname, inputlength, itemkey, itemtype, leafflag, listflag, listhyperlinkflag, listshowflag, listshoworder, loadformula, lockflag, metadatapath, metadataproperty, metadatarelation, newlineflag, nullflag, options, pk_billtemplet, pk_billtemplet_b, pk_corp, pos, reftype, resid, resid_tabname, reviseflag, showflag, showorder, table_code, table_name, totalflag, ts, userdefflag, userdefine1, userdefine2, userdefine3, usereditflag, userflag, userreviseflag, usershowflag, validateformula, width) VALUES (1, -1, null, null, 0, 1, null, -1, 'N', null, -1, 'pk_segruleterm', 0, 'N', 1, 'N', 'N', 1, null, 0, 'pk_segruleterm', 'overtime.segruleterm.pk_segruleterm', null, 'N', 0, null, '1001ZZ1000000000K976', '1001ZZ1000000000K97Z', '@@@@', 1, null, null, null, 'N', 0, 1, 'pk_segruleterm', '加班分段规则', 0, '2018-09-17 21:15:46', 'N', null, null, null, 1, 1, 'N', 1, null, 100);
INSERT INTO pub_billtemplet_b (cardflag, datatype, defaultshowname, defaultvalue, dr, editflag, editformula, foreground, hyperlinkflag, idcolname, inputlength, itemkey, itemtype, leafflag, listflag, listhyperlinkflag, listshowflag, listshoworder, loadformula, lockflag, metadatapath, metadataproperty, metadatarelation, newlineflag, nullflag, options, pk_billtemplet, pk_billtemplet_b, pk_corp, pos, reftype, resid, resid_tabname, reviseflag, showflag, showorder, table_code, table_name, totalflag, ts, userdefflag, userdefine1, userdefine2, userdefine3, usereditflag, userflag, userreviseflag, usershowflag, validateformula, width) VALUES (1, -1, null, null, 0, 1, null, -1, 'N', null, -1, 'taxflag', 0, 'N', 1, 'N', 'Y', 9, null, 0, 'taxflag', 'overtime.segruleterm.taxflag', null, 'N', 0, null, '1001ZZ1000000000K976', '1001ZZ1000000000K97Y', '@@@@', 1, null, null, null, 'N', 1, 9, 'pk_segruleterm', '加班分段规则', 0, '2018-09-17 21:15:46', 'N', null, null, null, 1, 1, 'N', 1, null, 100);
INSERT INTO pub_billtemplet_b (cardflag, datatype, defaultshowname, defaultvalue, dr, editflag, editformula, foreground, hyperlinkflag, idcolname, inputlength, itemkey, itemtype, leafflag, listflag, listhyperlinkflag, listshowflag, listshoworder, loadformula, lockflag, metadatapath, metadataproperty, metadatarelation, newlineflag, nullflag, options, pk_billtemplet, pk_billtemplet_b, pk_corp, pos, reftype, resid, resid_tabname, reviseflag, showflag, showorder, table_code, table_name, totalflag, ts, userdefflag, userdefine1, userdefine2, userdefine3, usereditflag, userflag, userreviseflag, usershowflag, validateformula, width) VALUES (1, -1, null, null, 0, 1, null, -1, 'N', null, -1, 'islimitscope', 0, 'N', 1, 'N', 'Y', 17, null, 0, 'islimitscope', 'overtime.segruleterm.islimitscope', null, 'N', 0, null, '1001ZZ1000000000K976', '1001ZZ1000000000K97X', '@@@@', 1, null, null, null, 'N', 1, 17, 'pk_segruleterm', '加班分段规则', 0, '2018-09-17 21:15:46', 'N', null, null, null, 1, 1, 'N', 1, null, 100);
INSERT INTO pub_billtemplet_b (cardflag, datatype, defaultshowname, defaultvalue, dr, editflag, editformula, foreground, hyperlinkflag, idcolname, inputlength, itemkey, itemtype, leafflag, listflag, listhyperlinkflag, listshowflag, listshoworder, loadformula, lockflag, metadatapath, metadataproperty, metadatarelation, newlineflag, nullflag, options, pk_billtemplet, pk_billtemplet_b, pk_corp, pos, reftype, resid, resid_tabname, reviseflag, showflag, showorder, table_code, table_name, totalflag, ts, userdefflag, userdefine1, userdefine2, userdefine3, usereditflag, userflag, userreviseflag, usershowflag, validateformula, width) VALUES (1, -1, null, null, 0, 1, null, -1, 'N', null, -1, 'creator', 0, 'N', 1, 'N', 'N', 5, null, 0, 'creator', 'overtime.segrule.creator', null, 'N', 0, null, '1001ZZ1000000000K976', '1001ZZ1000000000K97W', '@@@@', 0, null, null, null, 'N', 0, 5, 'segrule', '加班分段依据', 0, '2018-09-17 21:15:46', 'N', null, null, null, 1, 1, 'N', 1, null, 1);
INSERT INTO pub_billtemplet_b (cardflag, datatype, defaultshowname, defaultvalue, dr, editflag, editformula, foreground, hyperlinkflag, idcolname, inputlength, itemkey, itemtype, leafflag, listflag, listhyperlinkflag, listshowflag, listshoworder, loadformula, lockflag, metadatapath, metadataproperty, metadatarelation, newlineflag, nullflag, options, pk_billtemplet, pk_billtemplet_b, pk_corp, pos, reftype, resid, resid_tabname, reviseflag, showflag, showorder, table_code, table_name, totalflag, ts, userdefflag, userdefine1, userdefine2, userdefine3, usereditflag, userflag, userreviseflag, usershowflag, validateformula, width) VALUES (1, -1, null, null, 0, 1, null, -1, 'N', null, -1, 'ts', 0, 'N', 1, 'N', 'N', 20, null, 0, 'ts', 'overtime.segruleterm.ts', null, 'N', 0, null, '1001ZZ1000000000K976', '1001ZZ1000000000K97V', '@@@@', 1, null, null, null, 'N', 0, 20, 'pk_segruleterm', '加班分段规则', 0, '2018-09-17 21:15:46', 'N', null, null, null, 1, 1, 'N', 1, null, 100);
INSERT INTO pub_billtemplet_b (cardflag, datatype, defaultshowname, defaultvalue, dr, editflag, editformula, foreground, hyperlinkflag, idcolname, inputlength, itemkey, itemtype, leafflag, listflag, listhyperlinkflag, listshowflag, listshoworder, loadformula, lockflag, metadatapath, metadataproperty, metadatarelation, newlineflag, nullflag, options, pk_billtemplet, pk_billtemplet_b, pk_corp, pos, reftype, resid, resid_tabname, reviseflag, showflag, showorder, table_code, table_name, totalflag, ts, userdefflag, userdefine1, userdefine2, userdefine3, usereditflag, userflag, userreviseflag, usershowflag, validateformula, width) VALUES (1, -1, null, null, 0, 1, null, -1, 'N', null, -1, 'pk_group', 0, 'N', 1, 'N', 'N', 2, null, 0, 'pk_group', 'overtime.segruleterm.pk_group', null, 'N', 0, null, '1001ZZ1000000000K976', '1001ZZ1000000000K97U', '@@@@', 1, null, null, null, 'N', 0, 2, 'pk_segruleterm', '加班分段规则', 0, '2018-09-17 21:15:46', 'N', null, null, null, 1, 1, 'N', 1, null, 100);
INSERT INTO pub_billtemplet_b (cardflag, datatype, defaultshowname, defaultvalue, dr, editflag, editformula, foreground, hyperlinkflag, idcolname, inputlength, itemkey, itemtype, leafflag, listflag, listhyperlinkflag, listshowflag, listshoworder, loadformula, lockflag, metadatapath, metadataproperty, metadatarelation, newlineflag, nullflag, options, pk_billtemplet, pk_billtemplet_b, pk_corp, pos, reftype, resid, resid_tabname, reviseflag, showflag, showorder, table_code, table_name, totalflag, ts, userdefflag, userdefine1, userdefine2, userdefine3, usereditflag, userflag, userreviseflag, usershowflag, validateformula, width) VALUES (1, -1, null, null, 0, 1, null, -1, 'N', null, -1, 'modifier', 0, 'N', 1, 'N', 'N', 7, null, 0, 'modifier', 'overtime.segrule.modifier', null, 'N', 0, null, '1001ZZ1000000000K976', '1001ZZ1000000000K97T', '@@@@', 0, null, null, null, 'N', 0, 7, 'segrule', '加班分段依据', 0, '2018-09-17 21:15:46', 'N', null, null, null, 1, 1, 'N', 1, null, 1);
INSERT INTO pub_billtemplet_b (cardflag, datatype, defaultshowname, defaultvalue, dr, editflag, editformula, foreground, hyperlinkflag, idcolname, inputlength, itemkey, itemtype, leafflag, listflag, listhyperlinkflag, listshowflag, listshoworder, loadformula, lockflag, metadatapath, metadataproperty, metadatarelation, newlineflag, nullflag, options, pk_billtemplet, pk_billtemplet_b, pk_corp, pos, reftype, resid, resid_tabname, reviseflag, showflag, showorder, table_code, table_name, totalflag, ts, userdefflag, userdefine1, userdefine2, userdefine3, usereditflag, userflag, userreviseflag, usershowflag, validateformula, width) VALUES (1, -1, null, null, 0, 1, null, -1, 'N', null, -1, 'modifier', 0, 'N', 1, 'N', 'N', 7, null, 0, 'modifier', 'overtime.segruleterm.modifier', null, 'N', 0, null, '1001ZZ1000000000K976', '1001ZZ1000000000K97S', '@@@@', 1, null, null, null, 'N', 0, 7, 'pk_segruleterm', '加班分段规则', 0, '2018-09-17 21:15:46', 'N', null, null, null, 1, 1, 'N', 1, null, 100);
INSERT INTO pub_billtemplet_b (cardflag, datatype, defaultshowname, defaultvalue, dr, editflag, editformula, foreground, hyperlinkflag, idcolname, inputlength, itemkey, itemtype, leafflag, listflag, listhyperlinkflag, listshowflag, listshoworder, loadformula, lockflag, metadatapath, metadataproperty, metadatarelation, newlineflag, nullflag, options, pk_billtemplet, pk_billtemplet_b, pk_corp, pos, reftype, resid, resid_tabname, reviseflag, showflag, showorder, table_code, table_name, totalflag, ts, userdefflag, userdefine1, userdefine2, userdefine3, usereditflag, userflag, userreviseflag, usershowflag, validateformula, width) VALUES (1, -1, null, null, 0, 1, null, -1, 'N', null, -1, 'pk_org_v', 0, 'N', 1, 'N', 'N', 4, null, 0, 'pk_org_v', 'overtime.segrule.pk_org_v', null, 'N', 0, null, '1001ZZ1000000000K976', '1001ZZ1000000000K97R', '@@@@', 0, null, null, null, 'N', 0, 4, 'segrule', '加班分段依据', 0, '2018-09-17 21:15:46', 'N', null, null, null, 1, 1, 'N', 1, null, 1);
INSERT INTO pub_billtemplet_b (cardflag, datatype, defaultshowname, defaultvalue, dr, editflag, editformula, foreground, hyperlinkflag, idcolname, inputlength, itemkey, itemtype, leafflag, listflag, listhyperlinkflag, listshowflag, listshoworder, loadformula, lockflag, metadatapath, metadataproperty, metadatarelation, newlineflag, nullflag, options, pk_billtemplet, pk_billtemplet_b, pk_corp, pos, reftype, resid, resid_tabname, reviseflag, showflag, showorder, table_code, table_name, totalflag, ts, userdefflag, userdefine1, userdefine2, userdefine3, usereditflag, userflag, userreviseflag, usershowflag, validateformula, width) VALUES (1, -1, null, null, 0, 1, null, -1, 'N', null, -1, 'startpoint', 0, 'N', 1, 'N', 'Y', 11, null, 0, 'startpoint', 'overtime.segruleterm.startpoint', null, 'N', 0, null, '1001ZZ1000000000K976', '1001ZZ1000000000K97Q', '@@@@', 1, null, null, null, 'N', 1, 11, 'pk_segruleterm', '加班分段规则', 0, '2018-09-17 21:15:46', 'N', null, null, null, 1, 1, 'N', 1, null, 100);
INSERT INTO pub_billtemplet_b (cardflag, datatype, defaultshowname, defaultvalue, dr, editflag, editformula, foreground, hyperlinkflag, idcolname, inputlength, itemkey, itemtype, leafflag, listflag, listhyperlinkflag, listshowflag, listshoworder, loadformula, lockflag, metadatapath, metadataproperty, metadatarelation, newlineflag, nullflag, options, pk_billtemplet, pk_billtemplet_b, pk_corp, pos, reftype, resid, resid_tabname, reviseflag, showflag, showorder, table_code, table_name, totalflag, ts, userdefflag, userdefine1, userdefine2, userdefine3, usereditflag, userflag, userreviseflag, usershowflag, validateformula, width) VALUES (1, -1, null, null, 0, 1, null, -1, 'N', null, -1, 'pk_segrule', 0, 'N', 1, 'N', 'N', 1, null, 0, 'pk_segrule', 'overtime.segrule.pk_segrule', null, 'N', 0, null, '1001ZZ1000000000K976', '1001ZZ1000000000K97P', '@@@@', 0, null, null, null, 'N', 0, 1, 'segrule', '加班分段依据', 0, '2018-09-17 21:15:46', 'N', null, null, null, 1, 1, 'N', 1, null, 1);
INSERT INTO pub_billtemplet_b (cardflag, datatype, defaultshowname, defaultvalue, dr, editflag, editformula, foreground, hyperlinkflag, idcolname, inputlength, itemkey, itemtype, leafflag, listflag, listhyperlinkflag, listshowflag, listshoworder, loadformula, lockflag, metadatapath, metadataproperty, metadatarelation, newlineflag, nullflag, options, pk_billtemplet, pk_billtemplet_b, pk_corp, pos, reftype, resid, resid_tabname, reviseflag, showflag, showorder, table_code, table_name, totalflag, ts, userdefflag, userdefine1, userdefine2, userdefine3, usereditflag, userflag, userreviseflag, usershowflag, validateformula, width) VALUES (1, -1, null, 'false', 0, 1, null, -1, 'N', null, -1, 'isenabled', 0, 'N', 1, 'N', 'Y', 13, null, 0, 'isenabled', 'overtime.segrule.isenabled', null, 'N', 0, null, '1001ZZ1000000000K976', '1001ZZ1000000000K97O', '@@@@', 0, null, null, null, 'N', 1, 13, 'segrule', '加班分段依据', 0, '2018-09-17 21:15:46', 'N', null, null, null, 1, 1, 'N', 1, null, 1);
INSERT INTO pub_billtemplet_b (cardflag, datatype, defaultshowname, defaultvalue, dr, editflag, editformula, foreground, hyperlinkflag, idcolname, inputlength, itemkey, itemtype, leafflag, listflag, listhyperlinkflag, listshowflag, listshoworder, loadformula, lockflag, metadatapath, metadataproperty, metadatarelation, newlineflag, nullflag, options, pk_billtemplet, pk_billtemplet_b, pk_corp, pos, reftype, resid, resid_tabname, reviseflag, showflag, showorder, table_code, table_name, totalflag, ts, userdefflag, userdefine1, userdefine2, userdefine3, usereditflag, userflag, userreviseflag, usershowflag, validateformula, width) VALUES (1, -1, null, null, 0, 1, null, -1, 'N', null, -1, 'segno', 0, 'N', 1, 'N', 'Y', 10, null, 0, 'segno', 'overtime.segruleterm.segno', null, 'N', 0, null, '1001ZZ1000000000K976', '1001ZZ1000000000K97N', '@@@@', 1, null, null, null, 'N', 1, 10, 'pk_segruleterm', '加班分段规则', 0, '2018-09-17 21:15:46', 'N', null, null, null, 1, 1, 'N', 1, null, 100);
INSERT INTO pub_billtemplet_b (cardflag, datatype, defaultshowname, defaultvalue, dr, editflag, editformula, foreground, hyperlinkflag, idcolname, inputlength, itemkey, itemtype, leafflag, listflag, listhyperlinkflag, listshowflag, listshoworder, loadformula, lockflag, metadatapath, metadataproperty, metadatarelation, newlineflag, nullflag, options, pk_billtemplet, pk_billtemplet_b, pk_corp, pos, reftype, resid, resid_tabname, reviseflag, showflag, showorder, table_code, table_name, totalflag, ts, userdefflag, userdefine1, userdefine2, userdefine3, usereditflag, userflag, userreviseflag, usershowflag, validateformula, width) VALUES (1, -1, null, null, 0, 1, null, -1, 'N', null, -1, 'creationtime', 0, 'N', 1, 'N', 'N', 6, null, 0, 'creationtime', 'overtime.segruleterm.creationtime', null, 'N', 0, null, '1001ZZ1000000000K976', '1001ZZ1000000000K97M', '@@@@', 1, null, null, null, 'N', 0, 6, 'pk_segruleterm', '加班分段规则', 0, '2018-09-17 21:15:46', 'N', null, null, null, 1, 1, 'N', 1, null, 100);
INSERT INTO pub_billtemplet_b (cardflag, datatype, defaultshowname, defaultvalue, dr, editflag, editformula, foreground, hyperlinkflag, idcolname, inputlength, itemkey, itemtype, leafflag, listflag, listhyperlinkflag, listshowflag, listshoworder, loadformula, lockflag, metadatapath, metadataproperty, metadatarelation, newlineflag, nullflag, options, pk_billtemplet, pk_billtemplet_b, pk_corp, pos, reftype, resid, resid_tabname, reviseflag, showflag, showorder, table_code, table_name, totalflag, ts, userdefflag, userdefine1, userdefine2, userdefine3, usereditflag, userflag, userreviseflag, usershowflag, validateformula, width) VALUES (1, -1, null, null, 0, 1, null, -1, 'N', null, -1, 'memo', 0, 'N', 1, 'N', 'Y', 15, null, 0, 'memo', 'overtime.segrule.memo', null, 'N', 0, null, '1001ZZ1000000000K976', '1001ZZ1000000000K97L', '@@@@', 0, null, null, null, 'N', 1, 15, 'segrule', '加班分段依据', 0, '2018-09-17 21:15:46', 'N', null, null, null, 1, 1, 'N', 1, null, 1);
INSERT INTO pub_billtemplet_b (cardflag, datatype, defaultshowname, defaultvalue, dr, editflag, editformula, foreground, hyperlinkflag, idcolname, inputlength, itemkey, itemtype, leafflag, listflag, listhyperlinkflag, listshowflag, listshoworder, loadformula, lockflag, metadatapath, metadataproperty, metadatarelation, newlineflag, nullflag, options, pk_billtemplet, pk_billtemplet_b, pk_corp, pos, reftype, resid, resid_tabname, reviseflag, showflag, showorder, table_code, table_name, totalflag, ts, userdefflag, userdefine1, userdefine2, userdefine3, usereditflag, userflag, userreviseflag, usershowflag, validateformula, width) VALUES (1, -1, null, null, 0, 1, null, -1, 'N', null, -1, 'pk_org_v', 0, 'N', 1, 'N', 'N', 4, null, 0, 'pk_org_v', 'overtime.segruleterm.pk_org_v', null, 'N', 0, null, '1001ZZ1000000000K976', '1001ZZ1000000000K97K', '@@@@', 1, null, null, null, 'N', 0, 4, 'pk_segruleterm', '加班分段规则', 0, '2018-09-17 21:15:46', 'N', null, null, null, 1, 1, 'N', 1, null, 100);
INSERT INTO pub_billtemplet_b (cardflag, datatype, defaultshowname, defaultvalue, dr, editflag, editformula, foreground, hyperlinkflag, idcolname, inputlength, itemkey, itemtype, leafflag, listflag, listhyperlinkflag, listshowflag, listshoworder, loadformula, lockflag, metadatapath, metadataproperty, metadatarelation, newlineflag, nullflag, options, pk_billtemplet, pk_billtemplet_b, pk_corp, pos, reftype, resid, resid_tabname, reviseflag, showflag, showorder, table_code, table_name, totalflag, ts, userdefflag, userdefine1, userdefine2, userdefine3, usereditflag, userflag, userreviseflag, usershowflag, validateformula, width) VALUES (1, -1, null, null, 0, 1, null, -1, 'N', null, -1, 'pk_group', 0, 'N', 1, 'N', 'N', 2, null, 0, 'pk_group', 'overtime.segrule.pk_group', null, 'N', 0, null, '1001ZZ1000000000K976', '1001ZZ1000000000K97J', '@@@@', 0, null, null, null, 'N', 0, 2, 'segrule', '加班分段依据', 0, '2018-09-17 21:15:46', 'N', null, null, null, 1, 1, 'N', 1, null, 1);
INSERT INTO pub_billtemplet_b (cardflag, datatype, defaultshowname, defaultvalue, dr, editflag, editformula, foreground, hyperlinkflag, idcolname, inputlength, itemkey, itemtype, leafflag, listflag, listhyperlinkflag, listshowflag, listshoworder, loadformula, lockflag, metadatapath, metadataproperty, metadatarelation, newlineflag, nullflag, options, pk_billtemplet, pk_billtemplet_b, pk_corp, pos, reftype, resid, resid_tabname, reviseflag, showflag, showorder, table_code, table_name, totalflag, ts, userdefflag, userdefine1, userdefine2, userdefine3, usereditflag, userflag, userreviseflag, usershowflag, validateformula, width) VALUES (1, -1, null, null, 0, 1, null, -1, 'N', null, -1, 'makedate', 0, 'N', 1, 'N', 'Y', 16, null, 0, 'makedate', 'overtime.segrule.makedate', null, 'N', 0, null, '1001ZZ1000000000K976', '1001ZZ1000000000K97I', '@@@@', 0, null, null, null, 'N', 1, 16, 'segrule', '加班分段依据', 0, '2018-09-17 21:15:46', 'N', null, null, null, 1, 1, 'N', 1, null, 1);
INSERT INTO pub_billtemplet_b (cardflag, datatype, defaultshowname, defaultvalue, dr, editflag, editformula, foreground, hyperlinkflag, idcolname, inputlength, itemkey, itemtype, leafflag, listflag, listhyperlinkflag, listshowflag, listshoworder, loadformula, lockflag, metadatapath, metadataproperty, metadatarelation, newlineflag, nullflag, options, pk_billtemplet, pk_billtemplet_b, pk_corp, pos, reftype, resid, resid_tabname, reviseflag, showflag, showorder, table_code, table_name, totalflag, ts, userdefflag, userdefine1, userdefine2, userdefine3, usereditflag, userflag, userreviseflag, usershowflag, validateformula, width) VALUES (1, -1, null, null, 0, 1, null, -1, 'N', null, -1, 'taxfreeotrate', 0, 'N', 1, 'N', 'Y', 14, null, 0, 'taxfreeotrate', 'overtime.segruleterm.taxfreeotrate', null, 'N', 0, null, '1001ZZ1000000000K976', '1001ZZ1000000000K97H', '@@@@', 1, null, null, null, 'N', 1, 14, 'pk_segruleterm', '加班分段规则', 0, '2018-09-17 21:15:46', 'N', null, null, null, 1, 1, 'N', 1, null, 100);
INSERT INTO pub_billtemplet_b (cardflag, datatype, defaultshowname, defaultvalue, dr, editflag, editformula, foreground, hyperlinkflag, idcolname, inputlength, itemkey, itemtype, leafflag, listflag, listhyperlinkflag, listshowflag, listshoworder, loadformula, lockflag, metadatapath, metadataproperty, metadatarelation, newlineflag, nullflag, options, pk_billtemplet, pk_billtemplet_b, pk_corp, pos, reftype, resid, resid_tabname, reviseflag, showflag, showorder, table_code, table_name, totalflag, ts, userdefflag, userdefine1, userdefine2, userdefine3, usereditflag, userflag, userreviseflag, usershowflag, validateformula, width) VALUES (1, -1, null, null, 0, 1, null, -1, 'N', null, -1, 'endpoint', 0, 'N', 1, 'N', 'Y', 12, null, 0, 'endpoint', 'overtime.segruleterm.endpoint', null, 'N', 0, null, '1001ZZ1000000000K976', '1001ZZ1000000000K97G', '@@@@', 1, null, null, null, 'N', 1, 12, 'pk_segruleterm', '加班分段规则', 0, '2018-09-17 21:15:46', 'N', null, null, null, 1, 1, 'N', 1, null, 100);
INSERT INTO pub_billtemplet_b (cardflag, datatype, defaultshowname, defaultvalue, dr, editflag, editformula, foreground, hyperlinkflag, idcolname, inputlength, itemkey, itemtype, leafflag, listflag, listhyperlinkflag, listshowflag, listshoworder, loadformula, lockflag, metadatapath, metadataproperty, metadatarelation, newlineflag, nullflag, options, pk_billtemplet, pk_billtemplet_b, pk_corp, pos, reftype, resid, resid_tabname, reviseflag, showflag, showorder, table_code, table_name, totalflag, ts, userdefflag, userdefine1, userdefine2, userdefine3, usereditflag, userflag, userreviseflag, usershowflag, validateformula, width) VALUES (1, -1, null, null, 0, 1, null, -1, 'N', null, -1, 'rowno', 0, 'N', 1, 'N', 'N', 19, null, 0, 'rowno', 'overtime.segruleterm.rowno', null, 'N', 0, null, '1001ZZ1000000000K976', '1001ZZ1000000000K97F', '@@@@', 1, null, null, null, 'N', 0, 19, 'pk_segruleterm', '加班分段规则', 0, '2018-09-17 21:15:46', 'N', null, null, null, 1, 1, 'N', 1, null, 100);
INSERT INTO pub_billtemplet_b (cardflag, datatype, defaultshowname, defaultvalue, dr, editflag, editformula, foreground, hyperlinkflag, idcolname, inputlength, itemkey, itemtype, leafflag, listflag, listhyperlinkflag, listshowflag, listshoworder, loadformula, lockflag, metadatapath, metadataproperty, metadatarelation, newlineflag, nullflag, options, pk_billtemplet, pk_billtemplet_b, pk_corp, pos, reftype, resid, resid_tabname, reviseflag, showflag, showorder, table_code, table_name, totalflag, ts, userdefflag, userdefine1, userdefine2, userdefine3, usereditflag, userflag, userreviseflag, usershowflag, validateformula, width) VALUES (1, -1, null, null, 0, 1, null, -1, 'N', null, -1, 'creationtime', 0, 'N', 1, 'N', 'N', 6, null, 0, 'creationtime', 'overtime.segrule.creationtime', null, 'N', 0, null, '1001ZZ1000000000K976', '1001ZZ1000000000K97E', '@@@@', 0, null, null, null, 'N', 0, 6, 'segrule', '加班分段依据', 0, '2018-09-17 21:15:46', 'N', null, null, null, 1, 1, 'N', 1, null, 1);
INSERT INTO pub_billtemplet_b (cardflag, datatype, defaultshowname, defaultvalue, dr, editflag, editformula, foreground, hyperlinkflag, idcolname, inputlength, itemkey, itemtype, leafflag, listflag, listhyperlinkflag, listshowflag, listshoworder, loadformula, lockflag, metadatapath, metadataproperty, metadatarelation, newlineflag, nullflag, options, pk_billtemplet, pk_billtemplet_b, pk_corp, pos, reftype, resid, resid_tabname, reviseflag, showflag, showorder, table_code, table_name, totalflag, ts, userdefflag, userdefine1, userdefine2, userdefine3, usereditflag, userflag, userreviseflag, usershowflag, validateformula, width) VALUES (1, -1, null, null, 0, 1, null, -1, 'N', null, -1, 'ts', 0, 'N', 1, 'N', 'N', 17, null, 0, 'ts', 'overtime.segrule.ts', null, 'N', 0, null, '1001ZZ1000000000K976', '1001ZZ1000000000K97D', '@@@@', 0, null, null, null, 'N', 0, 17, 'segrule', '加班分段依据', 0, '2018-09-17 21:15:46', 'N', null, null, null, 1, 1, 'N', 1, null, 1);
INSERT INTO pub_billtemplet_b (cardflag, datatype, defaultshowname, defaultvalue, dr, editflag, editformula, foreground, hyperlinkflag, idcolname, inputlength, itemkey, itemtype, leafflag, listflag, listhyperlinkflag, listshowflag, listshoworder, loadformula, lockflag, metadatapath, metadataproperty, metadatarelation, newlineflag, nullflag, options, pk_billtemplet, pk_billtemplet_b, pk_corp, pos, reftype, resid, resid_tabname, reviseflag, showflag, showorder, table_code, table_name, totalflag, ts, userdefflag, userdefine1, userdefine2, userdefine3, usereditflag, userflag, userreviseflag, usershowflag, validateformula, width) VALUES (1, -1, null, null, 0, 1, null, -1, 'N', null, -1, 'torestrate', 0, 'N', 1, 'N', 'Y', 15, null, 0, 'torestrate', 'overtime.segruleterm.torestrate', null, 'N', 0, null, '1001ZZ1000000000K976', '1001ZZ1000000000K97C', '@@@@', 1, null, null, null, 'N', 1, 15, 'pk_segruleterm', '加班分段规则', 0, '2018-09-17 21:15:46', 'N', null, null, null, 1, 1, 'N', 1, null, 100);
INSERT INTO pub_billtemplet_b (cardflag, datatype, defaultshowname, defaultvalue, dr, editflag, editformula, foreground, hyperlinkflag, idcolname, inputlength, itemkey, itemtype, leafflag, listflag, listhyperlinkflag, listshowflag, listshoworder, loadformula, lockflag, metadatapath, metadataproperty, metadatarelation, newlineflag, nullflag, options, pk_billtemplet, pk_billtemplet_b, pk_corp, pos, reftype, resid, resid_tabname, reviseflag, showflag, showorder, table_code, table_name, totalflag, ts, userdefflag, userdefine1, userdefine2, userdefine3, usereditflag, userflag, userreviseflag, usershowflag, validateformula, width) VALUES (1, -1, null, null, 0, 1, null, -1, 'N', null, -1, 'name', 0, 'N', 1, 'N', 'Y', 10, null, 0, 'name', 'overtime.segrule.name', null, 'N', 0, null, '1001ZZ1000000000K976', '1001ZZ1000000000K97B', '@@@@', 0, null, null, null, 'N', 1, 10, 'segrule', '加班分段依据', 0, '2018-09-17 21:15:46', 'N', null, null, null, 1, 1, 'N', 1, null, 1);
INSERT INTO pub_billtemplet_b (cardflag, datatype, defaultshowname, defaultvalue, dr, editflag, editformula, foreground, hyperlinkflag, idcolname, inputlength, itemkey, itemtype, leafflag, listflag, listhyperlinkflag, listshowflag, listshoworder, loadformula, lockflag, metadatapath, metadataproperty, metadatarelation, newlineflag, nullflag, options, pk_billtemplet, pk_billtemplet_b, pk_corp, pos, reftype, resid, resid_tabname, reviseflag, showflag, showorder, table_code, table_name, totalflag, ts, userdefflag, userdefine1, userdefine2, userdefine3, usereditflag, userflag, userreviseflag, usershowflag, validateformula, width) VALUES (1, -1, null, null, 0, 1, null, -1, 'N', null, -1, 'modifiedtime', 0, 'N', 1, 'N', 'N', 8, null, 0, 'modifiedtime', 'overtime.segrule.modifiedtime', null, 'N', 0, null, '1001ZZ1000000000K976', '1001ZZ1000000000K97A', '@@@@', 0, null, null, null, 'N', 0, 8, 'segrule', '加班分段依据', 0, '2018-09-17 21:15:46', 'N', null, null, null, 1, 1, 'N', 1, null, 1);
INSERT INTO pub_billtemplet_b (cardflag, datatype, defaultshowname, defaultvalue, dr, editflag, editformula, foreground, hyperlinkflag, idcolname, inputlength, itemkey, itemtype, leafflag, listflag, listhyperlinkflag, listshowflag, listshoworder, loadformula, lockflag, metadatapath, metadataproperty, metadatarelation, newlineflag, nullflag, options, pk_billtemplet, pk_billtemplet_b, pk_corp, pos, reftype, resid, resid_tabname, reviseflag, showflag, showorder, table_code, table_name, totalflag, ts, userdefflag, userdefine1, userdefine2, userdefine3, usereditflag, userflag, userreviseflag, usershowflag, validateformula, width) VALUES (1, -1, null, null, 0, 1, null, -1, 'N', null, -1, 'modifiedtime', 0, 'N', 1, 'N', 'N', 8, null, 0, 'modifiedtime', 'overtime.segruleterm.modifiedtime', null, 'N', 0, null, '1001ZZ1000000000K976', '1001ZZ1000000000K979', '@@@@', 1, null, null, null, 'N', 0, 8, 'pk_segruleterm', '加班分段规则', 0, '2018-09-17 21:15:46', 'N', null, null, null, 1, 1, 'N', 1, null, 100);
INSERT INTO pub_billtemplet_b (cardflag, datatype, defaultshowname, defaultvalue, dr, editflag, editformula, foreground, hyperlinkflag, idcolname, inputlength, itemkey, itemtype, leafflag, listflag, listhyperlinkflag, listshowflag, listshoworder, loadformula, lockflag, metadatapath, metadataproperty, metadatarelation, newlineflag, nullflag, options, pk_billtemplet, pk_billtemplet_b, pk_corp, pos, reftype, resid, resid_tabname, reviseflag, showflag, showorder, table_code, table_name, totalflag, ts, userdefflag, userdefine1, userdefine2, userdefine3, usereditflag, userflag, userreviseflag, usershowflag, validateformula, width) VALUES (1, -1, null, null, 0, 1, null, -1, 'N', null, -1, 'additionaldays', 0, 'N', 1, 'N', 'Y', 14, null, 0, 'additionaldays', 'overtime.segrule.additionaldays', null, 'N', 0, null, '1001ZZ1000000000K976', '1001ZZ1000000000K978', '@@@@', 0, null, null, null, 'N', 1, 14, 'segrule', '加班分段依据', 0, '2018-09-17 21:15:46', 'N', null, null, null, 1, 1, 'N', 1, null, 1);
INSERT INTO pub_billtemplet_b (cardflag, datatype, defaultshowname, defaultvalue, dr, editflag, editformula, foreground, hyperlinkflag, idcolname, inputlength, itemkey, itemtype, leafflag, listflag, listhyperlinkflag, listshowflag, listshoworder, loadformula, lockflag, metadatapath, metadataproperty, metadatarelation, newlineflag, nullflag, options, pk_billtemplet, pk_billtemplet_b, pk_corp, pos, reftype, resid, resid_tabname, reviseflag, showflag, showorder, table_code, table_name, totalflag, ts, userdefflag, userdefine1, userdefine2, userdefine3, usereditflag, userflag, userreviseflag, usershowflag, validateformula, width) VALUES (1, -1, null, null, 0, 1, null, -1, 'N', null, -1, 'datetype', 0, 'N', 1, 'N', 'Y', 11, null, 0, 'datetype', 'overtime.segrule.datetype', null, 'N', 0, null, '1001ZZ1000000000K976', '1001ZZ1000000000K977', '@@@@', 0, null, null, null, 'N', 1, 11, 'segrule', '加班分段依据', 0, '2018-09-17 21:15:46', 'N', null, null, null, 1, 1, 'N', 1, null, 1);

delete from pub_billtemplet_t where pk_billtemplet = '1001ZZ1000000000K976';
INSERT INTO pub_billtemplet_t (basetab, dr, metadataclass, metadatapath, mixindex, pk_billtemplet, pk_billtemplet_t, pk_layout, pos, position, resid, tabcode, tabindex, tabname, ts, vdef1, vdef2, vdef3) VALUES (null, 0, 'overtime.segruleterm', 'pk_segruleterm', null, '1001ZZ1000000000K976', '1001ZZ1000000000K989', '~', 1, 1, null, 'pk_segruleterm', 0, '加班分段规则', '2018-09-17 21:15:47', null, null, null);
INSERT INTO pub_billtemplet_t (basetab, dr, metadataclass, metadatapath, mixindex, pk_billtemplet, pk_billtemplet_t, pk_layout, pos, position, resid, tabcode, tabindex, tabname, ts, vdef1, vdef2, vdef3) VALUES (null, 0, 'overtime.segrule', null, null, '1001ZZ1000000000K976', '1001ZZ1000000000K98A', '~', 0, null, null, 'segrule', 0, '加班分段依据', '2018-09-17 21:15:47', null, null, null);

delete from pub_query_templet where id = '1001ZZ1000000000K98H';
INSERT INTO pub_query_templet (description, devorg, dr, fixcondition, id, layer, metaclass, model_code, model_name, node_code, parentid, pk_corp, pk_org, resid, ts) VALUES (null, null, 0, null, '1001ZZ1000000000K98H', null, 'e609056c-ba06-4ee1-9fbf-23640c7cb5df', 'segrule', '加班分段依据', '60170segrule', null, '@@@@', null, null, '2018-09-17 22:24:03');

delete from pub_query_condition where pk_templet = '1001ZZ1000000000K98H';
INSERT INTO pub_query_condition (consult_code, data_type, disp_sequence, disp_type, disp_value, dr, ext1, ext2, ext3, ext4, ext5, field_code, field_name, guideline, id, if_attrrefused, if_autocheck, if_datapower, if_default, if_desc, if_group, if_immobility, if_multicorpref, if_must, if_notmdcondition, if_order, if_subincluded, if_sum, if_sysfuncrefused, if_used, instrumentsql, iscondition, limits, max_length, opera_code, opera_name, order_sequence, pk_corp, pk_templet, prerestrict, resid, return_type, table_code, table_name, ts, userdefflag, value) VALUES ('-99', 0, 0, 1, null, 0, null, null, null, null, null, 'pk_segrule', null, null, '1001ZZ1000000000K98I', 'N', 'Y', 'N', 'N', 'N', 'N', 'N', 'N', 'N', 'N', 'N', 'N', 'N', 'N', 'Y', null, 'Y', 9999, null, '=@like@left like@right like@', '等於@包含@左包含@右包含@', 0, '@@@@', '1001ZZ1000000000K98H', null, null, 2, null, null, '2018-09-17 22:24:03', 'N', null);
INSERT INTO pub_query_condition (consult_code, data_type, disp_sequence, disp_type, disp_value, dr, ext1, ext2, ext3, ext4, ext5, field_code, field_name, guideline, id, if_attrrefused, if_autocheck, if_datapower, if_default, if_desc, if_group, if_immobility, if_multicorpref, if_must, if_notmdcondition, if_order, if_subincluded, if_sum, if_sysfuncrefused, if_used, instrumentsql, iscondition, limits, max_length, opera_code, opera_name, order_sequence, pk_corp, pk_templet, prerestrict, resid, return_type, table_code, table_name, ts, userdefflag, value) VALUES ('-99', 0, 1, 1, null, 0, null, null, null, null, null, 'pk_segruleterm', null, null, '1001ZZ1000000000K98J', 'N', 'Y', 'N', 'N', 'N', 'N', 'N', 'N', 'N', 'N', 'N', 'N', 'N', 'N', 'Y', null, 'Y', 9999, null, '=@like@left like@right like@', '等於@包含@左包含@右包含@', 0, '@@@@', '1001ZZ1000000000K98H', null, null, 2, null, null, '2018-09-17 22:24:03', 'N', null);
INSERT INTO pub_query_condition (consult_code, data_type, disp_sequence, disp_type, disp_value, dr, ext1, ext2, ext3, ext4, ext5, field_code, field_name, guideline, id, if_attrrefused, if_autocheck, if_datapower, if_default, if_desc, if_group, if_immobility, if_multicorpref, if_must, if_notmdcondition, if_order, if_subincluded, if_sum, if_sysfuncrefused, if_used, instrumentsql, iscondition, limits, max_length, opera_code, opera_name, order_sequence, pk_corp, pk_templet, prerestrict, resid, return_type, table_code, table_name, ts, userdefflag, value) VALUES ('集团', 5, 2, 1, null, 0, null, null, null, null, null, 'pk_group', null, null, '1001ZZ1000000000K98K', 'N', 'Y', 'N', 'N', 'N', 'N', 'N', 'N', 'N', 'N', 'N', 'Y', 'N', 'N', 'Y', null, 'Y', 9999, null, '=', '等於@', 0, '@@@@', '1001ZZ1000000000K98H', null, null, 2, null, null, '2018-09-17 22:24:03', 'N', null);
INSERT INTO pub_query_condition (consult_code, data_type, disp_sequence, disp_type, disp_value, dr, ext1, ext2, ext3, ext4, ext5, field_code, field_name, guideline, id, if_attrrefused, if_autocheck, if_datapower, if_default, if_desc, if_group, if_immobility, if_multicorpref, if_must, if_notmdcondition, if_order, if_subincluded, if_sum, if_sysfuncrefused, if_used, instrumentsql, iscondition, limits, max_length, opera_code, opera_name, order_sequence, pk_corp, pk_templet, prerestrict, resid, return_type, table_code, table_name, ts, userdefflag, value) VALUES ('组织（包含全局）(所有)', 5, 3, 1, null, 0, null, null, null, null, null, 'pk_org', null, null, '1001ZZ1000000000K98L', 'N', 'Y', 'N', 'N', 'N', 'N', 'N', 'N', 'N', 'N', 'N', 'Y', 'N', 'N', 'Y', null, 'Y', 9999, null, '=', '等於@', 0, '@@@@', '1001ZZ1000000000K98H', null, null, 2, null, null, '2018-09-17 22:24:03', 'N', null);
INSERT INTO pub_query_condition (consult_code, data_type, disp_sequence, disp_type, disp_value, dr, ext1, ext2, ext3, ext4, ext5, field_code, field_name, guideline, id, if_attrrefused, if_autocheck, if_datapower, if_default, if_desc, if_group, if_immobility, if_multicorpref, if_must, if_notmdcondition, if_order, if_subincluded, if_sum, if_sysfuncrefused, if_used, instrumentsql, iscondition, limits, max_length, opera_code, opera_name, order_sequence, pk_corp, pk_templet, prerestrict, resid, return_type, table_code, table_name, ts, userdefflag, value) VALUES ('业务单元版本', 5, 4, 1, null, 0, null, null, null, null, null, 'pk_org_v', null, null, '1001ZZ1000000000K98M', 'N', 'Y', 'N', 'N', 'N', 'N', 'N', 'N', 'N', 'N', 'N', 'Y', 'N', 'N', 'Y', null, 'Y', 9999, null, '=', '等於@', 0, '@@@@', '1001ZZ1000000000K98H', null, null, 2, null, null, '2018-09-17 22:24:03', 'N', null);
INSERT INTO pub_query_condition (consult_code, data_type, disp_sequence, disp_type, disp_value, dr, ext1, ext2, ext3, ext4, ext5, field_code, field_name, guideline, id, if_attrrefused, if_autocheck, if_datapower, if_default, if_desc, if_group, if_immobility, if_multicorpref, if_must, if_notmdcondition, if_order, if_subincluded, if_sum, if_sysfuncrefused, if_used, instrumentsql, iscondition, limits, max_length, opera_code, opera_name, order_sequence, pk_corp, pk_templet, prerestrict, resid, return_type, table_code, table_name, ts, userdefflag, value) VALUES ('用户', 5, 5, 1, null, 0, null, null, null, null, null, 'creator', null, null, '1001ZZ1000000000K98N', 'N', 'Y', 'N', 'N', 'N', 'N', 'N', 'N', 'N', 'N', 'N', 'Y', 'N', 'N', 'Y', null, 'Y', 9999, null, '=', '等於@', 0, '@@@@', '1001ZZ1000000000K98H', null, null, 2, null, null, '2018-09-17 22:24:03', 'N', null);
INSERT INTO pub_query_condition (consult_code, data_type, disp_sequence, disp_type, disp_value, dr, ext1, ext2, ext3, ext4, ext5, field_code, field_name, guideline, id, if_attrrefused, if_autocheck, if_datapower, if_default, if_desc, if_group, if_immobility, if_multicorpref, if_must, if_notmdcondition, if_order, if_subincluded, if_sum, if_sysfuncrefused, if_used, instrumentsql, iscondition, limits, max_length, opera_code, opera_name, order_sequence, pk_corp, pk_templet, prerestrict, resid, return_type, table_code, table_name, ts, userdefflag, value) VALUES ('-99', 8, 6, 1, null, 0, null, null, null, null, null, 'creationtime', null, null, '1001ZZ1000000000K98O', 'N', 'Y', 'N', 'N', 'N', 'N', 'N', 'N', 'N', 'N', 'N', 'N', 'N', 'Y', 'Y', null, 'Y', 9999, null, 'between@=@>@>=@<@<=@', '介於@等於@大於@大於等於@小於@小於等於@', 0, '@@@@', '1001ZZ1000000000K98H', null, null, 2, null, null, '2018-09-17 22:24:03', 'N', null);
INSERT INTO pub_query_condition (consult_code, data_type, disp_sequence, disp_type, disp_value, dr, ext1, ext2, ext3, ext4, ext5, field_code, field_name, guideline, id, if_attrrefused, if_autocheck, if_datapower, if_default, if_desc, if_group, if_immobility, if_multicorpref, if_must, if_notmdcondition, if_order, if_subincluded, if_sum, if_sysfuncrefused, if_used, instrumentsql, iscondition, limits, max_length, opera_code, opera_name, order_sequence, pk_corp, pk_templet, prerestrict, resid, return_type, table_code, table_name, ts, userdefflag, value) VALUES ('用户', 5, 7, 1, null, 0, null, null, null, null, null, 'modifier', null, null, '1001ZZ1000000000K98P', 'N', 'Y', 'N', 'N', 'N', 'N', 'N', 'N', 'N', 'N', 'N', 'Y', 'N', 'N', 'Y', null, 'Y', 9999, null, '=', '等於@', 0, '@@@@', '1001ZZ1000000000K98H', null, null, 2, null, null, '2018-09-17 22:24:03', 'N', null);
INSERT INTO pub_query_condition (consult_code, data_type, disp_sequence, disp_type, disp_value, dr, ext1, ext2, ext3, ext4, ext5, field_code, field_name, guideline, id, if_attrrefused, if_autocheck, if_datapower, if_default, if_desc, if_group, if_immobility, if_multicorpref, if_must, if_notmdcondition, if_order, if_subincluded, if_sum, if_sysfuncrefused, if_used, instrumentsql, iscondition, limits, max_length, opera_code, opera_name, order_sequence, pk_corp, pk_templet, prerestrict, resid, return_type, table_code, table_name, ts, userdefflag, value) VALUES ('-99', 8, 8, 1, null, 0, null, null, null, null, null, 'modifiedtime', null, null, '1001ZZ1000000000K98Q', 'N', 'Y', 'N', 'N', 'N', 'N', 'N', 'N', 'N', 'N', 'N', 'N', 'N', 'Y', 'Y', null, 'Y', 9999, null, 'between@=@>@>=@<@<=@', '介於@等於@大於@大於等於@小於@小於等於@', 0, '@@@@', '1001ZZ1000000000K98H', null, null, 2, null, null, '2018-09-17 22:24:03', 'N', null);
INSERT INTO pub_query_condition (consult_code, data_type, disp_sequence, disp_type, disp_value, dr, ext1, ext2, ext3, ext4, ext5, field_code, field_name, guideline, id, if_attrrefused, if_autocheck, if_datapower, if_default, if_desc, if_group, if_immobility, if_multicorpref, if_must, if_notmdcondition, if_order, if_subincluded, if_sum, if_sysfuncrefused, if_used, instrumentsql, iscondition, limits, max_length, opera_code, opera_name, order_sequence, pk_corp, pk_templet, prerestrict, resid, return_type, table_code, table_name, ts, userdefflag, value) VALUES ('-99', 0, 9, 1, null, 0, null, null, null, null, null, 'code', null, null, '1001ZZ1000000000K98R', 'N', 'Y', 'N', 'N', 'N', 'N', 'N', 'N', 'N', 'N', 'N', 'N', 'N', 'N', 'Y', null, 'Y', 9999, null, '=@like@left like@right like@', '等於@包含@左包含@右包含@', 0, '@@@@', '1001ZZ1000000000K98H', null, null, 2, null, null, '2018-09-17 22:24:03', 'N', null);
INSERT INTO pub_query_condition (consult_code, data_type, disp_sequence, disp_type, disp_value, dr, ext1, ext2, ext3, ext4, ext5, field_code, field_name, guideline, id, if_attrrefused, if_autocheck, if_datapower, if_default, if_desc, if_group, if_immobility, if_multicorpref, if_must, if_notmdcondition, if_order, if_subincluded, if_sum, if_sysfuncrefused, if_used, instrumentsql, iscondition, limits, max_length, opera_code, opera_name, order_sequence, pk_corp, pk_templet, prerestrict, resid, return_type, table_code, table_name, ts, userdefflag, value) VALUES ('-99', 9, 10, 1, null, 0, null, null, null, null, null, 'name', null, null, '1001ZZ1000000000K98S', 'N', 'Y', 'N', 'N', 'N', 'N', 'N', 'N', 'N', 'N', 'N', 'N', 'N', 'N', 'Y', null, 'Y', 9999, null, '=@like@left like@right like@', '等於@包含@左包含@右包含@', 0, '@@@@', '1001ZZ1000000000K98H', null, null, 2, null, null, '2018-09-17 22:24:03', 'N', null);
INSERT INTO pub_query_condition (consult_code, data_type, disp_sequence, disp_type, disp_value, dr, ext1, ext2, ext3, ext4, ext5, field_code, field_name, guideline, id, if_attrrefused, if_autocheck, if_datapower, if_default, if_desc, if_group, if_immobility, if_multicorpref, if_must, if_notmdcondition, if_order, if_subincluded, if_sum, if_sysfuncrefused, if_used, instrumentsql, iscondition, limits, max_length, opera_code, opera_name, order_sequence, pk_corp, pk_templet, prerestrict, resid, return_type, table_code, table_name, ts, userdefflag, value) VALUES ('IM,68399123-b330-4e69-9575-0a3835e16b6f', 6, 11, 1, null, 0, null, null, null, null, null, 'datetype', null, null, '1001ZZ1000000000K98T', 'N', 'Y', 'N', 'N', 'N', 'N', 'N', 'N', 'N', 'N', 'N', 'N', 'N', 'N', 'Y', null, 'Y', 9999, null, '=@<>@', '等於@不等於@', 0, '@@@@', '1001ZZ1000000000K98H', null, null, 2, null, null, '2018-09-17 22:24:03', 'N', null);
INSERT INTO pub_query_condition (consult_code, data_type, disp_sequence, disp_type, disp_value, dr, ext1, ext2, ext3, ext4, ext5, field_code, field_name, guideline, id, if_attrrefused, if_autocheck, if_datapower, if_default, if_desc, if_group, if_immobility, if_multicorpref, if_must, if_notmdcondition, if_order, if_subincluded, if_sum, if_sysfuncrefused, if_used, instrumentsql, iscondition, limits, max_length, opera_code, opera_name, order_sequence, pk_corp, pk_templet, prerestrict, resid, return_type, table_code, table_name, ts, userdefflag, value) VALUES ('-99', 4, 12, 1, null, 0, null, null, null, null, null, 'isdefault', null, null, '1001ZZ1000000000K98U', 'N', 'Y', 'N', 'N', 'N', 'N', 'N', 'N', 'N', 'N', 'N', 'N', 'N', 'N', 'Y', null, 'Y', 9999, null, '=@', '等於@', 0, '@@@@', '1001ZZ1000000000K98H', null, null, 2, null, null, '2018-09-17 22:24:03', 'N', null);
INSERT INTO pub_query_condition (consult_code, data_type, disp_sequence, disp_type, disp_value, dr, ext1, ext2, ext3, ext4, ext5, field_code, field_name, guideline, id, if_attrrefused, if_autocheck, if_datapower, if_default, if_desc, if_group, if_immobility, if_multicorpref, if_must, if_notmdcondition, if_order, if_subincluded, if_sum, if_sysfuncrefused, if_used, instrumentsql, iscondition, limits, max_length, opera_code, opera_name, order_sequence, pk_corp, pk_templet, prerestrict, resid, return_type, table_code, table_name, ts, userdefflag, value) VALUES ('-99', 4, 13, 1, null, 0, null, null, null, null, null, 'isenabled', null, null, '1001ZZ1000000000K98V', 'N', 'Y', 'N', 'N', 'N', 'N', 'N', 'N', 'N', 'N', 'N', 'N', 'N', 'N', 'Y', null, 'Y', 9999, null, '=@', '等於@', 0, '@@@@', '1001ZZ1000000000K98H', null, null, 2, null, null, '2018-09-17 22:24:03', 'N', null);
INSERT INTO pub_query_condition (consult_code, data_type, disp_sequence, disp_type, disp_value, dr, ext1, ext2, ext3, ext4, ext5, field_code, field_name, guideline, id, if_attrrefused, if_autocheck, if_datapower, if_default, if_desc, if_group, if_immobility, if_multicorpref, if_must, if_notmdcondition, if_order, if_subincluded, if_sum, if_sysfuncrefused, if_used, instrumentsql, iscondition, limits, max_length, opera_code, opera_name, order_sequence, pk_corp, pk_templet, prerestrict, resid, return_type, table_code, table_name, ts, userdefflag, value) VALUES ('2', 2, 14, 1, null, 0, null, null, null, null, null, 'additionaldays', null, null, '1001ZZ1000000000K98W', 'N', 'Y', 'N', 'N', 'N', 'N', 'N', 'N', 'N', 'N', 'N', 'N', 'N', 'N', 'Y', null, 'Y', 9999, null, 'between@=@>@>=@<@<=@', '介於@等於@大於@大於等於@小於@小於等於@', 0, '@@@@', '1001ZZ1000000000K98H', null, null, 2, null, null, '2018-09-17 22:24:03', 'N', null);
INSERT INTO pub_query_condition (consult_code, data_type, disp_sequence, disp_type, disp_value, dr, ext1, ext2, ext3, ext4, ext5, field_code, field_name, guideline, id, if_attrrefused, if_autocheck, if_datapower, if_default, if_desc, if_group, if_immobility, if_multicorpref, if_must, if_notmdcondition, if_order, if_subincluded, if_sum, if_sysfuncrefused, if_used, instrumentsql, iscondition, limits, max_length, opera_code, opera_name, order_sequence, pk_corp, pk_templet, prerestrict, resid, return_type, table_code, table_name, ts, userdefflag, value) VALUES ('-99', 0, 15, 1, null, 0, null, null, null, null, null, 'memo', null, null, '1001ZZ1000000000K98X', 'N', 'Y', 'N', 'N', 'N', 'N', 'N', 'N', 'N', 'N', 'N', 'N', 'N', 'N', 'Y', null, 'Y', 9999, null, '=@like@left like@right like@', '等於@包含@左包含@右包含@', 0, '@@@@', '1001ZZ1000000000K98H', null, null, 2, null, null, '2018-09-17 22:24:03', 'N', null);
INSERT INTO pub_query_condition (consult_code, data_type, disp_sequence, disp_type, disp_value, dr, ext1, ext2, ext3, ext4, ext5, field_code, field_name, guideline, id, if_attrrefused, if_autocheck, if_datapower, if_default, if_desc, if_group, if_immobility, if_multicorpref, if_must, if_notmdcondition, if_order, if_subincluded, if_sum, if_sysfuncrefused, if_used, instrumentsql, iscondition, limits, max_length, opera_code, opera_name, order_sequence, pk_corp, pk_templet, prerestrict, resid, return_type, table_code, table_name, ts, userdefflag, value) VALUES ('-99', 3, 16, 1, null, 0, null, null, null, null, null, 'makedate', null, null, '1001ZZ1000000000K98Y', 'N', 'Y', 'N', 'N', 'N', 'N', 'N', 'N', 'N', 'N', 'N', 'N', 'N', 'Y', 'Y', null, 'Y', 9999, null, 'between@=@>@>=@<@<=@', '介於@等於@大於@大於等於@小於@小於等於@', 0, '@@@@', '1001ZZ1000000000K98H', null, null, 2, null, null, '2018-09-17 22:24:03', 'N', null);


delete from pub_systemplate_base where funnode = '60170segrule';
INSERT INTO pub_systemplate_base (devorg, dr, funnode, layer, moduleid, nodekey, pk_country, pk_industry, pk_systemplate, templateid, tempstyle, ts) VALUES ('~', 0, '60170segrule', -1, '6017', 'bt', '~', '~', '1001ZZ1000000000K990', '1001ZZ1000000000K976', 0, '2018-09-17 22:24:28');
INSERT INTO pub_systemplate_base (devorg, dr, funnode, layer, moduleid, nodekey, pk_country, pk_industry, pk_systemplate, templateid, tempstyle, ts) VALUES ('~', 0, '60170segrule', -1, '6017', 'qt', '~', '~', '1001ZZ1000000000K991', '1001ZZ1000000000K98H', 1, '2018-09-17 22:24:28');

--补休假假勤明细
delete from pub_billtemplet where pk_billtemplet = '1001ZZ1000000000K8EK';
INSERT INTO pub_billtemplet (bill_templetcaption, bill_templetname, devorg, dividerproportion, dr, funccode, layer, metadataclass, model_type, modulecode, nodecode, options, pk_billtemplet, pk_billtypecode, pk_corp, pk_org, resid, shareflag, ts, validateformula) VALUES ('补休假假勤明细', 'SYSTEM', '~', null, 0, null, -1, 'overtime.otleavebalance', null, 'hrta', 'ovtmlb', null, '1001ZZ1000000000K8EK', 'ovtmlb', '@@@@', null, null, null, '2018-09-17 16:35:47', null);

delete from pub_billtemplet_b where pk_billtemplet = '1001ZZ1000000000K8EK';
INSERT INTO pub_billtemplet_b (cardflag, datatype, defaultshowname, defaultvalue, dr, editflag, editformula, foreground, hyperlinkflag, idcolname, inputlength, itemkey, itemtype, leafflag, listflag, listhyperlinkflag, listshowflag, listshoworder, loadformula, lockflag, metadatapath, metadataproperty, metadatarelation, newlineflag, nullflag, options, pk_billtemplet, pk_billtemplet_b, pk_corp, pos, reftype, resid, resid_tabname, reviseflag, showflag, showorder, table_code, table_name, totalflag, ts, userdefflag, userdefine1, userdefine2, userdefine3, usereditflag, userflag, userreviseflag, usershowflag, validateformula, width) VALUES (1, -1, null, null, 0, 1, null, -1, 'N', null, -1, 'pk_leavereg', null, 'N', 1, 'N', 'N', 7, null, 0, 'pk_leavereg', 'overtime.otleavebalance.pk_leavereg', null, 'N', 0, null, '1001ZZ1000000000K8EK', '1001ZZ1000000000K8F4', null, 0, null, null, null, 'N', 0, 7, 'otleavebalance', '补休假假勤明细', 0, '2018-09-17 16:35:47', 'N', null, null, null, 1, 1, 'N', 1, null, 1);
INSERT INTO pub_billtemplet_b (cardflag, datatype, defaultshowname, defaultvalue, dr, editflag, editformula, foreground, hyperlinkflag, idcolname, inputlength, itemkey, itemtype, leafflag, listflag, listhyperlinkflag, listshowflag, listshoworder, loadformula, lockflag, metadatapath, metadataproperty, metadatarelation, newlineflag, nullflag, options, pk_billtemplet, pk_billtemplet_b, pk_corp, pos, reftype, resid, resid_tabname, reviseflag, showflag, showorder, table_code, table_name, totalflag, ts, userdefflag, userdefine1, userdefine2, userdefine3, usereditflag, userflag, userreviseflag, usershowflag, validateformula, width) VALUES (1, -1, null, null, 0, 1, null, -1, 'N', null, -1, 'pk_group', null, 'N', 1, 'N', 'N', 3, null, 0, 'pk_group', 'overtime.otleavebalance.pk_group', null, 'N', 0, null, '1001ZZ1000000000K8EK', '1001ZZ1000000000K8F3', null, 0, null, null, null, 'N', 0, 3, 'otleavebalance', '补休假假勤明细', 0, '2018-09-17 16:35:47', 'N', null, null, null, 1, 1, 'N', 1, null, 1);
INSERT INTO pub_billtemplet_b (cardflag, datatype, defaultshowname, defaultvalue, dr, editflag, editformula, foreground, hyperlinkflag, idcolname, inputlength, itemkey, itemtype, leafflag, listflag, listhyperlinkflag, listshowflag, listshoworder, loadformula, lockflag, metadatapath, metadataproperty, metadatarelation, newlineflag, nullflag, options, pk_billtemplet, pk_billtemplet_b, pk_corp, pos, reftype, resid, resid_tabname, reviseflag, showflag, showorder, table_code, table_name, totalflag, ts, userdefflag, userdefine1, userdefine2, userdefine3, usereditflag, userflag, userreviseflag, usershowflag, validateformula, width) VALUES (1, -1, null, null, 0, 1, null, -1, 'N', null, -1, 'remainhours', null, 'N', 1, 'N', 'Y', 10, null, 0, 'remainhours', 'overtime.otleavebalance.remainhours', null, 'N', 0, null, '1001ZZ1000000000K8EK', '1001ZZ1000000000K8F2', null, 0, null, null, null, 'N', 1, 10, 'otleavebalance', '补休假假勤明细', 0, '2018-09-17 16:35:47', 'N', null, null, null, 1, 1, 'N', 1, null, 1);
INSERT INTO pub_billtemplet_b (cardflag, datatype, defaultshowname, defaultvalue, dr, editflag, editformula, foreground, hyperlinkflag, idcolname, inputlength, itemkey, itemtype, leafflag, listflag, listhyperlinkflag, listshowflag, listshoworder, loadformula, lockflag, metadatapath, metadataproperty, metadatarelation, newlineflag, nullflag, options, pk_billtemplet, pk_billtemplet_b, pk_corp, pos, reftype, resid, resid_tabname, reviseflag, showflag, showorder, table_code, table_name, totalflag, ts, userdefflag, userdefine1, userdefine2, userdefine3, usereditflag, userflag, userreviseflag, usershowflag, validateformula, width) VALUES (1, -1, null, null, 0, 1, null, -1, 'N', null, -1, 'hasfrozen', null, 'N', 1, 'N', 'Y', 6, null, 0, 'hasfrozen', 'overtime.otbalancedetail.hasfrozen', null, 'N', 0, null, '1001ZZ1000000000K8EK', '1001ZZ1000000000K8F1', null, 1, null, null, null, 'N', 1, 6, 'pk_balancedetail', '子表主键', 0, '2018-09-17 16:35:47', 'N', null, null, null, 1, 1, 'N', 1, null, 100);
INSERT INTO pub_billtemplet_b (cardflag, datatype, defaultshowname, defaultvalue, dr, editflag, editformula, foreground, hyperlinkflag, idcolname, inputlength, itemkey, itemtype, leafflag, listflag, listhyperlinkflag, listshowflag, listshoworder, loadformula, lockflag, metadatapath, metadataproperty, metadatarelation, newlineflag, nullflag, options, pk_billtemplet, pk_billtemplet_b, pk_corp, pos, reftype, resid, resid_tabname, reviseflag, showflag, showorder, table_code, table_name, totalflag, ts, userdefflag, userdefine1, userdefine2, userdefine3, usereditflag, userflag, userreviseflag, usershowflag, validateformula, width) VALUES (1, -1, null, null, 0, 1, null, -1, 'N', null, -1, 'freehours', null, 'N', 1, 'N', 'Y', 12, null, 0, 'freehours', 'overtime.otleavebalance.freehours', null, 'N', 0, null, '1001ZZ1000000000K8EK', '1001ZZ1000000000K8F0', null, 0, null, null, null, 'N', 1, 12, 'otleavebalance', '补休假假勤明细', 0, '2018-09-17 16:35:47', 'N', null, null, null, 1, 1, 'N', 1, null, 1);
INSERT INTO pub_billtemplet_b (cardflag, datatype, defaultshowname, defaultvalue, dr, editflag, editformula, foreground, hyperlinkflag, idcolname, inputlength, itemkey, itemtype, leafflag, listflag, listhyperlinkflag, listshowflag, listshoworder, loadformula, lockflag, metadatapath, metadataproperty, metadatarelation, newlineflag, nullflag, options, pk_billtemplet, pk_billtemplet_b, pk_corp, pos, reftype, resid, resid_tabname, reviseflag, showflag, showorder, table_code, table_name, totalflag, ts, userdefflag, userdefine1, userdefine2, userdefine3, usereditflag, userflag, userreviseflag, usershowflag, validateformula, width) VALUES (1, -1, null, null, 0, 1, null, -1, 'N', null, -1, 'consumedhours', null, 'N', 1, 'N', 'Y', 5, null, 0, 'consumedhours', 'overtime.otbalancedetail.consumedhours', null, 'N', 0, null, '1001ZZ1000000000K8EK', '1001ZZ1000000000K8EZ', null, 1, null, null, null, 'N', 1, 5, 'pk_balancedetail', '子表主键', 0, '2018-09-17 16:35:47', 'N', null, null, null, 1, 1, 'N', 1, null, 100);
INSERT INTO pub_billtemplet_b (cardflag, datatype, defaultshowname, defaultvalue, dr, editflag, editformula, foreground, hyperlinkflag, idcolname, inputlength, itemkey, itemtype, leafflag, listflag, listhyperlinkflag, listshowflag, listshoworder, loadformula, lockflag, metadatapath, metadataproperty, metadatarelation, newlineflag, nullflag, options, pk_billtemplet, pk_billtemplet_b, pk_corp, pos, reftype, resid, resid_tabname, reviseflag, showflag, showorder, table_code, table_name, totalflag, ts, userdefflag, userdefine1, userdefine2, userdefine3, usereditflag, userflag, userreviseflag, usershowflag, validateformula, width) VALUES (1, -1, null, null, 0, 1, null, -1, 'N', null, -1, 'ts', null, 'N', 1, 'N', 'N', 7, null, 0, 'ts', 'overtime.otbalancedetail.ts', null, 'N', 0, null, '1001ZZ1000000000K8EK', '1001ZZ1000000000K8EY', null, 1, null, null, null, 'N', 0, 7, 'pk_balancedetail', '子表主键', 0, '2018-09-17 16:35:47', 'N', null, null, null, 1, 1, 'N', 1, null, 100);
INSERT INTO pub_billtemplet_b (cardflag, datatype, defaultshowname, defaultvalue, dr, editflag, editformula, foreground, hyperlinkflag, idcolname, inputlength, itemkey, itemtype, leafflag, listflag, listhyperlinkflag, listshowflag, listshoworder, loadformula, lockflag, metadatapath, metadataproperty, metadatarelation, newlineflag, nullflag, options, pk_billtemplet, pk_billtemplet_b, pk_corp, pos, reftype, resid, resid_tabname, reviseflag, showflag, showorder, table_code, table_name, totalflag, ts, userdefflag, userdefine1, userdefine2, userdefine3, usereditflag, userflag, userreviseflag, usershowflag, validateformula, width) VALUES (1, -1, null, null, 0, 1, null, -1, 'N', null, -1, 'totalhours', null, 'N', 1, 'N', 'Y', 8, null, 0, 'totalhours', 'overtime.otleavebalance.totalhours', null, 'N', 0, null, '1001ZZ1000000000K8EK', '1001ZZ1000000000K8EX', null, 0, null, null, null, 'N', 1, 8, 'otleavebalance', '补休假假勤明细', 0, '2018-09-17 16:35:47', 'N', null, null, null, 1, 1, 'N', 1, null, 1);
INSERT INTO pub_billtemplet_b (cardflag, datatype, defaultshowname, defaultvalue, dr, editflag, editformula, foreground, hyperlinkflag, idcolname, inputlength, itemkey, itemtype, leafflag, listflag, listhyperlinkflag, listshowflag, listshoworder, loadformula, lockflag, metadatapath, metadataproperty, metadatarelation, newlineflag, nullflag, options, pk_billtemplet, pk_billtemplet_b, pk_corp, pos, reftype, resid, resid_tabname, reviseflag, showflag, showorder, table_code, table_name, totalflag, ts, userdefflag, userdefine1, userdefine2, userdefine3, usereditflag, userflag, userreviseflag, usershowflag, validateformula, width) VALUES (1, -1, null, null, 0, 1, null, -1, 'N', null, -1, 'consumedhours', null, 'N', 1, 'N', 'Y', 9, null, 0, 'consumedhours', 'overtime.otleavebalance.consumedhours', null, 'N', 0, null, '1001ZZ1000000000K8EK', '1001ZZ1000000000K8EW', null, 0, null, null, null, 'N', 1, 9, 'otleavebalance', '补休假假勤明细', 0, '2018-09-17 16:35:47', 'N', null, null, null, 1, 1, 'N', 1, null, 1);
INSERT INTO pub_billtemplet_b (cardflag, datatype, defaultshowname, defaultvalue, dr, editflag, editformula, foreground, hyperlinkflag, idcolname, inputlength, itemkey, itemtype, leafflag, listflag, listhyperlinkflag, listshowflag, listshoworder, loadformula, lockflag, metadatapath, metadataproperty, metadatarelation, newlineflag, nullflag, options, pk_billtemplet, pk_billtemplet_b, pk_corp, pos, reftype, resid, resid_tabname, reviseflag, showflag, showorder, table_code, table_name, totalflag, ts, userdefflag, userdefine1, userdefine2, userdefine3, usereditflag, userflag, userreviseflag, usershowflag, validateformula, width) VALUES (1, -1, null, null, 0, 1, null, -1, 'N', null, -1, 'frozenhours', null, 'N', 1, 'N', 'Y', 11, null, 0, 'frozenhours', 'overtime.otleavebalance.frozenhours', null, 'N', 0, null, '1001ZZ1000000000K8EK', '1001ZZ1000000000K8EV', null, 0, null, null, null, 'N', 1, 11, 'otleavebalance', '补休假假勤明细', 0, '2018-09-17 16:35:47', 'N', null, null, null, 1, 1, 'N', 1, null, 1);
INSERT INTO pub_billtemplet_b (cardflag, datatype, defaultshowname, defaultvalue, dr, editflag, editformula, foreground, hyperlinkflag, idcolname, inputlength, itemkey, itemtype, leafflag, listflag, listhyperlinkflag, listshowflag, listshoworder, loadformula, lockflag, metadatapath, metadataproperty, metadatarelation, newlineflag, nullflag, options, pk_billtemplet, pk_billtemplet_b, pk_corp, pos, reftype, resid, resid_tabname, reviseflag, showflag, showorder, table_code, table_name, totalflag, ts, userdefflag, userdefine1, userdefine2, userdefine3, usereditflag, userflag, userreviseflag, usershowflag, validateformula, width) VALUES (1, -1, null, null, 0, 1, null, -1, 'N', null, -1, 'pk_otleavebalance', null, 'N', 1, 'N', 'N', 1, null, 0, 'pk_otleavebalance', 'overtime.otleavebalance.pk_otleavebalance', null, 'N', 0, null, '1001ZZ1000000000K8EK', '1001ZZ1000000000K8EU', null, 0, null, null, null, 'N', 0, 1, 'otleavebalance', '补休假假勤明细', 0, '2018-09-17 16:35:47', 'N', null, null, null, 1, 1, 'N', 1, null, 1);
INSERT INTO pub_billtemplet_b (cardflag, datatype, defaultshowname, defaultvalue, dr, editflag, editformula, foreground, hyperlinkflag, idcolname, inputlength, itemkey, itemtype, leafflag, listflag, listhyperlinkflag, listshowflag, listshoworder, loadformula, lockflag, metadatapath, metadataproperty, metadatarelation, newlineflag, nullflag, options, pk_billtemplet, pk_billtemplet_b, pk_corp, pos, reftype, resid, resid_tabname, reviseflag, showflag, showorder, table_code, table_name, totalflag, ts, userdefflag, userdefine1, userdefine2, userdefine3, usereditflag, userflag, userreviseflag, usershowflag, validateformula, width) VALUES (1, -1, null, null, 0, 1, null, -1, 'N', null, -1, 'ts', null, 'N', 1, 'N', 'N', 13, null, 0, 'ts', 'overtime.otleavebalance.ts', null, 'N', 0, null, '1001ZZ1000000000K8EK', '1001ZZ1000000000K8ET', null, 0, null, null, null, 'N', 0, 13, 'otleavebalance', '补休假假勤明细', 0, '2018-09-17 16:35:47', 'N', null, null, null, 1, 1, 'N', 1, null, 1);
INSERT INTO pub_billtemplet_b (cardflag, datatype, defaultshowname, defaultvalue, dr, editflag, editformula, foreground, hyperlinkflag, idcolname, inputlength, itemkey, itemtype, leafflag, listflag, listhyperlinkflag, listshowflag, listshoworder, loadformula, lockflag, metadatapath, metadataproperty, metadatarelation, newlineflag, nullflag, options, pk_billtemplet, pk_billtemplet_b, pk_corp, pos, reftype, resid, resid_tabname, reviseflag, showflag, showorder, table_code, table_name, totalflag, ts, userdefflag, userdefine1, userdefine2, userdefine3, usereditflag, userflag, userreviseflag, usershowflag, validateformula, width) VALUES (1, -1, null, null, 0, 1, null, -1, 'N', null, -1, 'calendar', null, 'N', 1, 'N', 'Y', 3, null, 0, 'calendar', 'overtime.otbalancedetail.calendar', null, 'N', 0, null, '1001ZZ1000000000K8EK', '1001ZZ1000000000K8ES', null, 1, null, null, null, 'N', 1, 3, 'pk_balancedetail', '子表主键', 0, '2018-09-17 16:35:47', 'N', null, null, null, 1, 1, 'N', 1, null, 100);
INSERT INTO pub_billtemplet_b (cardflag, datatype, defaultshowname, defaultvalue, dr, editflag, editformula, foreground, hyperlinkflag, idcolname, inputlength, itemkey, itemtype, leafflag, listflag, listhyperlinkflag, listshowflag, listshoworder, loadformula, lockflag, metadatapath, metadataproperty, metadatarelation, newlineflag, nullflag, options, pk_billtemplet, pk_billtemplet_b, pk_corp, pos, reftype, resid, resid_tabname, reviseflag, showflag, showorder, table_code, table_name, totalflag, ts, userdefflag, userdefine1, userdefine2, userdefine3, usereditflag, userflag, userreviseflag, usershowflag, validateformula, width) VALUES (1, -1, null, null, 0, 1, null, -1, 'N', null, -1, 'overtimehours', null, 'N', 1, 'N', 'Y', 4, null, 0, 'overtimehours', 'overtime.otbalancedetail.overtimehours', null, 'N', 0, null, '1001ZZ1000000000K8EK', '1001ZZ1000000000K8ER', null, 1, null, null, null, 'N', 1, 4, 'pk_balancedetail', '子表主键', 0, '2018-09-17 16:35:47', 'N', null, null, null, 1, 1, 'N', 1, null, 100);
INSERT INTO pub_billtemplet_b (cardflag, datatype, defaultshowname, defaultvalue, dr, editflag, editformula, foreground, hyperlinkflag, idcolname, inputlength, itemkey, itemtype, leafflag, listflag, listhyperlinkflag, listshowflag, listshoworder, loadformula, lockflag, metadatapath, metadataproperty, metadatarelation, newlineflag, nullflag, options, pk_billtemplet, pk_billtemplet_b, pk_corp, pos, reftype, resid, resid_tabname, reviseflag, showflag, showorder, table_code, table_name, totalflag, ts, userdefflag, userdefine1, userdefine2, userdefine3, usereditflag, userflag, userreviseflag, usershowflag, validateformula, width) VALUES (1, -1, null, null, 0, 1, null, -1, 'N', null, -1, 'pk_psndoc', null, 'N', 1, 'N', 'Y', 2, null, 0, 'pk_psndoc', 'overtime.otleavebalance.pk_psndoc', null, 'N', 0, null, '1001ZZ1000000000K8EK', '1001ZZ1000000000K8EQ', null, 0, null, null, null, 'N', 1, 2, 'otleavebalance', '补休假假勤明细', 0, '2018-09-17 16:35:47', 'N', null, null, null, 1, 1, 'N', 1, null, 1);
INSERT INTO pub_billtemplet_b (cardflag, datatype, defaultshowname, defaultvalue, dr, editflag, editformula, foreground, hyperlinkflag, idcolname, inputlength, itemkey, itemtype, leafflag, listflag, listhyperlinkflag, listshowflag, listshoworder, loadformula, lockflag, metadatapath, metadataproperty, metadatarelation, newlineflag, nullflag, options, pk_billtemplet, pk_billtemplet_b, pk_corp, pos, reftype, resid, resid_tabname, reviseflag, showflag, showorder, table_code, table_name, totalflag, ts, userdefflag, userdefine1, userdefine2, userdefine3, usereditflag, userflag, userreviseflag, usershowflag, validateformula, width) VALUES (1, -1, null, null, 0, 1, null, -1, 'N', null, -1, 'pk_leaveapply', null, 'N', 1, 'N', 'N', 6, null, 0, 'pk_leaveapply', 'overtime.otleavebalance.pk_leaveapply', null, 'N', 0, null, '1001ZZ1000000000K8EK', '1001ZZ1000000000K8EP', null, 0, null, null, null, 'N', 0, 6, 'otleavebalance', '补休假假勤明细', 0, '2018-09-17 16:35:47', 'N', null, null, null, 1, 1, 'N', 1, null, 1);
INSERT INTO pub_billtemplet_b (cardflag, datatype, defaultshowname, defaultvalue, dr, editflag, editformula, foreground, hyperlinkflag, idcolname, inputlength, itemkey, itemtype, leafflag, listflag, listhyperlinkflag, listshowflag, listshoworder, loadformula, lockflag, metadatapath, metadataproperty, metadatarelation, newlineflag, nullflag, options, pk_billtemplet, pk_billtemplet_b, pk_corp, pos, reftype, resid, resid_tabname, reviseflag, showflag, showorder, table_code, table_name, totalflag, ts, userdefflag, userdefine1, userdefine2, userdefine3, usereditflag, userflag, userreviseflag, usershowflag, validateformula, width) VALUES (1, -1, null, null, 0, 1, null, -1, 'N', null, -1, 'pk_org', null, 'N', 1, 'N', 'Y', 4, null, 0, 'pk_org', 'overtime.otleavebalance.pk_org', null, 'N', 0, null, '1001ZZ1000000000K8EK', '1001ZZ1000000000K8EO', null, 0, null, null, null, 'N', 1, 4, 'otleavebalance', '补休假假勤明细', 0, '2018-09-17 16:35:47', 'N', null, null, null, 1, 1, 'N', 1, null, 1);
INSERT INTO pub_billtemplet_b (cardflag, datatype, defaultshowname, defaultvalue, dr, editflag, editformula, foreground, hyperlinkflag, idcolname, inputlength, itemkey, itemtype, leafflag, listflag, listhyperlinkflag, listshowflag, listshoworder, loadformula, lockflag, metadatapath, metadataproperty, metadatarelation, newlineflag, nullflag, options, pk_billtemplet, pk_billtemplet_b, pk_corp, pos, reftype, resid, resid_tabname, reviseflag, showflag, showorder, table_code, table_name, totalflag, ts, userdefflag, userdefine1, userdefine2, userdefine3, usereditflag, userflag, userreviseflag, usershowflag, validateformula, width) VALUES (1, -1, null, null, 0, 1, null, -1, 'N', null, -1, 'pk_org_v', null, 'N', 1, 'N', 'N', 5, null, 0, 'pk_org_v', 'overtime.otleavebalance.pk_org_v', null, 'N', 0, null, '1001ZZ1000000000K8EK', '1001ZZ1000000000K8EN', null, 0, null, null, null, 'N', 0, 5, 'otleavebalance', '补休假假勤明细', 0, '2018-09-17 16:35:47', 'N', null, null, null, 1, 1, 'N', 1, null, 1);
INSERT INTO pub_billtemplet_b (cardflag, datatype, defaultshowname, defaultvalue, dr, editflag, editformula, foreground, hyperlinkflag, idcolname, inputlength, itemkey, itemtype, leafflag, listflag, listhyperlinkflag, listshowflag, listshoworder, loadformula, lockflag, metadatapath, metadataproperty, metadatarelation, newlineflag, nullflag, options, pk_billtemplet, pk_billtemplet_b, pk_corp, pos, reftype, resid, resid_tabname, reviseflag, showflag, showorder, table_code, table_name, totalflag, ts, userdefflag, userdefine1, userdefine2, userdefine3, usereditflag, userflag, userreviseflag, usershowflag, validateformula, width) VALUES (1, -1, null, null, 0, 1, null, -1, 'N', null, -1, 'pk_overtimereg', null, 'N', 1, 'N', 'Y', 2, null, 0, 'pk_overtimereg', 'overtime.otbalancedetail.pk_overtimereg', null, 'N', 0, null, '1001ZZ1000000000K8EK', '1001ZZ1000000000K8EM', null, 1, null, null, null, 'N', 1, 2, 'pk_balancedetail', '子表主键', 0, '2018-09-17 16:35:47', 'N', null, null, null, 1, 1, 'N', 1, null, 100);
INSERT INTO pub_billtemplet_b (cardflag, datatype, defaultshowname, defaultvalue, dr, editflag, editformula, foreground, hyperlinkflag, idcolname, inputlength, itemkey, itemtype, leafflag, listflag, listhyperlinkflag, listshowflag, listshoworder, loadformula, lockflag, metadatapath, metadataproperty, metadatarelation, newlineflag, nullflag, options, pk_billtemplet, pk_billtemplet_b, pk_corp, pos, reftype, resid, resid_tabname, reviseflag, showflag, showorder, table_code, table_name, totalflag, ts, userdefflag, userdefine1, userdefine2, userdefine3, usereditflag, userflag, userreviseflag, usershowflag, validateformula, width) VALUES (1, -1, null, null, 0, 1, null, -1, 'N', null, -1, 'pk_balancedetail', null, 'N', 1, 'N', 'N', 1, null, 0, 'pk_balancedetail', 'overtime.otbalancedetail.pk_balancedetail', null, 'N', 0, null, '1001ZZ1000000000K8EK', '1001ZZ1000000000K8EL', null, 1, null, null, null, 'N', 0, 1, 'pk_balancedetail', '子表主键', 0, '2018-09-17 16:35:47', 'N', null, null, null, 1, 1, 'N', 1, null, 100);

delete from pub_query_templet where id = '1001ZZ1000000000K969';
INSERT INTO pub_query_templet (description, devorg, dr, fixcondition, id, layer, metaclass, model_code, model_name, node_code, parentid, pk_corp, pk_org, resid, ts) VALUES (null, '~', null, null, '1001ZZ1000000000K969', 0, '7e6ca204-f9ba-4630-9361-529279dd4e88', 'otleavebalance', '补休假假勤明细查询模板', '6017otleavebalance', '~', '@@@@', '~', null, '2018-09-18 12:15:17');

delete from pub_query_condition where pk_templet = '1001ZZ1000000000K969';
INSERT INTO pub_query_condition (consult_code, data_type, disp_sequence, disp_type, disp_value, dr, ext1, ext2, ext3, ext4, ext5, field_code, field_name, guideline, id, if_attrrefused, if_autocheck, if_datapower, if_default, if_desc, if_group, if_immobility, if_multicorpref, if_must, if_notmdcondition, if_order, if_subincluded, if_sum, if_sysfuncrefused, if_used, instrumentsql, iscondition, limits, max_length, opera_code, opera_name, order_sequence, pk_corp, pk_templet, prerestrict, resid, return_type, table_code, table_name, ts, userdefflag, value) VALUES ('人力资源组织', 5, 0, 1, null, 0, null, null, null, null, null, 'pk_org', null, null, '1000PREOTLB000000000', 'N', 'Y', 'N', 'Y', 'N', 'N', 'N', 'N', 'Y', 'N', 'N', 'Y', 'N', 'Y', 'Y', null, 'Y', 9999, null, '=', '等于@', 0, '@@@@', '1001ZZ1000000000K969', null, null, 2, null, null, '2018-09-18 13:15:17', 'N', '#mainorg#');
INSERT INTO pub_query_condition (consult_code, data_type, disp_sequence, disp_type, disp_value, dr, ext1, ext2, ext3, ext4, ext5, field_code, field_name, guideline, id, if_attrrefused, if_autocheck, if_datapower, if_default, if_desc, if_group, if_immobility, if_multicorpref, if_must, if_notmdcondition, if_order, if_subincluded, if_sum, if_sysfuncrefused, if_used, instrumentsql, iscondition, limits, max_length, opera_code, opera_name, order_sequence, pk_corp, pk_templet, prerestrict, resid, return_type, table_code, table_name, ts, userdefflag, value) VALUES ('HR人员', 5, 1, 1, null, 0, null, null, null, null, null, 'pk_psndoc', null, null, '1000PREOTLB000000001', 'N', 'Y', 'N', 'Y', 'N', 'N', 'N', 'N', 'N', 'N', 'N', 'Y', 'N', 'N', 'Y', null, 'Y', 9999, null, '=', '等於@', 0, '@@@@', '1001ZZ1000000000K969', null, null, 2, null, null, '2018-09-18 13:15:17', 'N', null);
INSERT INTO pub_query_condition (consult_code, data_type, disp_sequence, disp_type, disp_value, dr, ext1, ext2, ext3, ext4, ext5, field_code, field_name, guideline, id, if_attrrefused, if_autocheck, if_datapower, if_default, if_desc, if_group, if_immobility, if_multicorpref, if_must, if_notmdcondition, if_order, if_subincluded, if_sum, if_sysfuncrefused, if_used, instrumentsql, iscondition, limits, max_length, opera_code, opera_name, order_sequence, pk_corp, pk_templet, prerestrict, resid, return_type, table_code, table_name, ts, userdefflag, value) VALUES ('HR部门版本', 5, 2, 1, null, 0, null, null, null, null, null, 'pk_dept_v', '部门', null, '1000PREOTLB000000002', 'N', 'Y', 'N', 'Y', 'N', 'N', 'N', 'N', 'N', 'Y', 'N', 'Y', 'N', 'N', 'Y', null, 'Y', 9999, null, '=', '等於@', 0, '@@@@', '1001ZZ1000000000K969', null, null, 2, null, null, '2018-09-18 13:15:17', 'N', null);
INSERT INTO pub_query_condition (consult_code, data_type, disp_sequence, disp_type, disp_value, dr, ext1, ext2, ext3, ext4, ext5, field_code, field_name, guideline, id, if_attrrefused, if_autocheck, if_datapower, if_default, if_desc, if_group, if_immobility, if_multicorpref, if_must, if_notmdcondition, if_order, if_subincluded, if_sum, if_sysfuncrefused, if_used, instrumentsql, iscondition, limits, max_length, opera_code, opera_name, order_sequence, pk_corp, pk_templet, prerestrict, resid, return_type, table_code, table_name, ts, userdefflag, value) VALUES ('日历', 3, 3, 1, null, 0, null, null, null, null, null, 'leavebegindate', '休假开始日期', null, '1000PREOTLB000000003', 'N', 'Y', 'N', 'Y', 'N', 'N', 'N', 'N', 'N', 'Y', 'N', 'Y', 'N', 'N', 'Y', null, 'Y', 9999, null, 'between', '介於@', 0, '@@@@', '1001ZZ1000000000K969', null, null, 2, null, null, '2018-09-18 13:15:17', 'N', null);
INSERT INTO pub_query_condition (consult_code, data_type, disp_sequence, disp_type, disp_value, dr, ext1, ext2, ext3, ext4, ext5, field_code, field_name, guideline, id, if_attrrefused, if_autocheck, if_datapower, if_default, if_desc, if_group, if_immobility, if_multicorpref, if_must, if_notmdcondition, if_order, if_subincluded, if_sum, if_sysfuncrefused, if_used, instrumentsql, iscondition, limits, max_length, opera_code, opera_name, order_sequence, pk_corp, pk_templet, prerestrict, resid, return_type, table_code, table_name, ts, userdefflag, value) VALUES ('日历', 3, 4, 1, null, 0, null, null, null, null, null, 'leaveenddate', '休假结束日期', null, '1000PREOTLB000000004', 'N', 'Y', 'N', 'Y', 'N', 'N', 'N', 'N', 'N', 'Y', 'N', 'Y', 'N', 'N', 'Y', null, 'Y', 9999, null, 'between', '介於@', 0, '@@@@', '1001ZZ1000000000K969', null, null, 2, null, null, '2018-09-18 13:15:17', 'N', null);
INSERT INTO pub_query_condition (consult_code, data_type, disp_sequence, disp_type, disp_value, dr, ext1, ext2, ext3, ext4, ext5, field_code, field_name, guideline, id, if_attrrefused, if_autocheck, if_datapower, if_default, if_desc, if_group, if_immobility, if_multicorpref, if_must, if_notmdcondition, if_order, if_subincluded, if_sum, if_sysfuncrefused, if_used, instrumentsql, iscondition, limits, max_length, opera_code, opera_name, order_sequence, pk_corp, pk_templet, prerestrict, resid, return_type, table_code, table_name, ts, userdefflag, value) VALUES ('日历', 3, 5, 1, null, 0, null, null, null, null, null, 'maxdate', '最长可休日期', null, '1000PREOTLB000000005', 'N', 'Y', 'N', 'Y', 'N', 'N', 'N', 'N', 'N', 'Y', 'N', 'Y', 'N', 'N', 'Y', null, 'Y', 9999, null, '=', '等于@', 0, '@@@@', '1001ZZ1000000000K969', null, null, 2, null, null, '2018-09-18 13:15:17', 'N', null);
INSERT INTO pub_query_condition (consult_code, data_type, disp_sequence, disp_type, disp_value, dr, ext1, ext2, ext3, ext4, ext5, field_code, field_name, guideline, id, if_attrrefused, if_autocheck, if_datapower, if_default, if_desc, if_group, if_immobility, if_multicorpref, if_must, if_notmdcondition, if_order, if_subincluded, if_sum, if_sysfuncrefused, if_used, instrumentsql, iscondition, limits, max_length, opera_code, opera_name, order_sequence, pk_corp, pk_templet, prerestrict, resid, return_type, table_code, table_name, ts, userdefflag, value) VALUES ('-99', 4, 6, 1, null, 0, null, null, null, null, null, 'isfrozen', '是否含有冻结时数', null, '1000PREOTLB000000006', 'N', 'Y', 'N', 'Y', 'N', 'N', 'N', 'N', 'N', 'Y', 'N', 'Y', 'N', 'N', 'Y', null, 'Y', 9999, null, '=', '等于@', 0, '@@@@', '1001ZZ1000000000K969', null, null, 2, null, null, '2018-09-18 13:15:17', 'N', null);

delete from pub_print_template where ctemplateid = '1001ZZ1000000000K9CZ';
INSERT INTO pub_print_template (bdirector, bdispagenum, bdistotalpagenum, billspace, bnormalcolor, ctemplateid, devorg, dr, extendattr, ffontstyle, fpagination, ibotmargin, ibreakposition, ifontsize, igridcolor, ileftmargin, ipageheight, ipagelocate, ipagewidth, irightmargin, iscale, itopmargin, itype, layer, mdclass, model_type, modelheight, modelwidth, pk_corp, pk_org, prepare1, prepare2, ptemplateid, ts, vdefaultprinter, vfontname, vleftnote, vmidnote, vnodecode, vrightnote, vtemplatecode, vtemplatename) VALUES ('Y', 'N', 'N', null, 'N', '1001ZZ1000000000K9CZ', null, 0, '<nc.vo.pub.print.PrintTemplateExtVO>
  <isBindUp>false</isBindUp>
  <zdline__position>0.0</zdline__position>
  <pagehead__position>0.0</pagehead__position>
  <pagetail__position>0.0</pagetail__position>
  <pagenumber__position>0.0</pagenumber__position>
  <m__withFullPageNumber>false</m__withFullPageNumber>
  <baseLineWeight>0.65</baseLineWeight>
  <initPageNo>1</initPageNo>
</nc.vo.pub.print.PrintTemplateExtVO>', 0, 0, 10, 0, 9, -4144960, 10, 596, '21', 842, 10, 100, 10, 1, 1, '7e6ca204-f9ba-4630-9361-529279dd4e88', null, null, null, '@@@@', null, null, null, '~', '2018-09-17 22:28:34', null, 'dialog.plain', null, null, '6017otleavebalance', null, '补休假假勤明细', '补休假假勤明细');

delete from pub_print_cell where ctemplateid = '1001ZZ1000000000K9CZ';
INSERT INTO pub_print_cell (bunderline, ccellcode, ccellid, ccombineproperty, ccontentproperty, cisfrozen, cisheadtail, clineproperty, ctemplateid, dr, ffontstyle, fixedstyle, fshadowtype, ibgcolor, ibotlinecolor, ifgcolor, ifonrsize, iheight, ileftlinecolor, irightcolor, isdycolgroup, isdynrowheight, islastpagetrail, istartx, istarty, itoplinecolor, iwidth, options, prepare1, prepare2, table_code, ts, vfontname, vtext, vvar) VALUES ('0', '000000000000', '1001ZZ1000000000K9EX', '1000000', '0110', '10', null, '00000000', '1001ZZ1000000000K9CZ', 0, 1, null, 0, -1, 0, -16777216, 16, 30.00000000, 0, 0, null, null, null, 0, 0, 0, 80.00000000, '<nc.vo.pub.print.PrintCellExtVO>
  <height__decimal>0.0</height__decimal>
  <textDirection>0</textDirection>
  <lineSpaceBetween>0</lineSpaceBetween>
  <formatType>0</formatType>
</nc.vo.pub.print.PrintCellExtVO>', null, null, null, '2018-09-17 22:28:34', 'Dialog', '补休假假勤明细', null);
INSERT INTO pub_print_cell (bunderline, ccellcode, ccellid, ccombineproperty, ccontentproperty, cisfrozen, cisheadtail, clineproperty, ctemplateid, dr, ffontstyle, fixedstyle, fshadowtype, ibgcolor, ibotlinecolor, ifgcolor, ifonrsize, iheight, ileftlinecolor, irightcolor, isdycolgroup, isdynrowheight, islastpagetrail, istartx, istarty, itoplinecolor, iwidth, options, prepare1, prepare2, table_code, ts, vfontname, vtext, vvar) VALUES ('0', '000000000006', '1001ZZ1000000000K9F4', '0', '0110', '10', null, '00000000', '1001ZZ1000000000K9CZ', 0, 1, null, 0, -1, 0, -16777216, 16, 30.00000000, 0, 0, null, null, null, 0, 0, 0, 560.00000000, '<nc.vo.pub.print.PrintCellExtVO>
  <height__decimal>0.0</height__decimal>
  <textDirection>0</textDirection>
  <lineSpaceBetween>0</lineSpaceBetween>
  <formatType>0</formatType>
</nc.vo.pub.print.PrintCellExtVO>', null, null, null, '2018-09-17 22:28:34', 'Dialog', '补休假假勤明细', null);
INSERT INTO pub_print_cell (bunderline, ccellcode, ccellid, ccombineproperty, ccontentproperty, cisfrozen, cisheadtail, clineproperty, ctemplateid, dr, ffontstyle, fixedstyle, fshadowtype, ibgcolor, ibotlinecolor, ifgcolor, ifonrsize, iheight, ileftlinecolor, irightcolor, isdycolgroup, isdynrowheight, islastpagetrail, istartx, istarty, itoplinecolor, iwidth, options, prepare1, prepare2, table_code, ts, vfontname, vtext, vvar) VALUES ('0', '000001000001', '1001ZZ1000000000K9EY', '1000000', '0110', '10', null, '00000000', '1001ZZ1000000000K9CZ', 0, 1, null, 0, -1, 0, -16777216, 16, 30.00000000, 0, 0, null, null, null, 80, 0, 0, 80.00000000, '<nc.vo.pub.print.PrintCellExtVO>
  <height__decimal>0.0</height__decimal>
  <textDirection>0</textDirection>
  <lineSpaceBetween>0</lineSpaceBetween>
  <formatType>0</formatType>
</nc.vo.pub.print.PrintCellExtVO>', null, null, null, '2018-09-17 22:28:34', 'Dialog', '补休假假勤明细', null);
INSERT INTO pub_print_cell (bunderline, ccellcode, ccellid, ccombineproperty, ccontentproperty, cisfrozen, cisheadtail, clineproperty, ctemplateid, dr, ffontstyle, fixedstyle, fshadowtype, ibgcolor, ibotlinecolor, ifgcolor, ifonrsize, iheight, ileftlinecolor, irightcolor, isdycolgroup, isdynrowheight, islastpagetrail, istartx, istarty, itoplinecolor, iwidth, options, prepare1, prepare2, table_code, ts, vfontname, vtext, vvar) VALUES ('0', '000002000002', '1001ZZ1000000000K9EZ', '1000000', '0110', '10', null, '00000000', '1001ZZ1000000000K9CZ', 0, 1, null, 0, -1, 0, -16777216, 16, 30.00000000, 0, 0, null, null, null, 160, 0, 0, 80.00000000, '<nc.vo.pub.print.PrintCellExtVO>
  <height__decimal>0.0</height__decimal>
  <textDirection>0</textDirection>
  <lineSpaceBetween>0</lineSpaceBetween>
  <formatType>0</formatType>
</nc.vo.pub.print.PrintCellExtVO>', null, null, null, '2018-09-17 22:28:34', 'Dialog', '补休假假勤明细', null);
INSERT INTO pub_print_cell (bunderline, ccellcode, ccellid, ccombineproperty, ccontentproperty, cisfrozen, cisheadtail, clineproperty, ctemplateid, dr, ffontstyle, fixedstyle, fshadowtype, ibgcolor, ibotlinecolor, ifgcolor, ifonrsize, iheight, ileftlinecolor, irightcolor, isdycolgroup, isdynrowheight, islastpagetrail, istartx, istarty, itoplinecolor, iwidth, options, prepare1, prepare2, table_code, ts, vfontname, vtext, vvar) VALUES ('0', '000003000003', '1001ZZ1000000000K9F0', '1000000', '0110', '10', null, '00000000', '1001ZZ1000000000K9CZ', 0, 1, null, 0, -1, 0, -16777216, 16, 30.00000000, 0, 0, null, null, null, 240, 0, 0, 80.00000000, '<nc.vo.pub.print.PrintCellExtVO>
  <height__decimal>0.0</height__decimal>
  <textDirection>0</textDirection>
  <lineSpaceBetween>0</lineSpaceBetween>
  <formatType>0</formatType>
</nc.vo.pub.print.PrintCellExtVO>', null, null, null, '2018-09-17 22:28:34', 'Dialog', '补休假假勤明细', null);
INSERT INTO pub_print_cell (bunderline, ccellcode, ccellid, ccombineproperty, ccontentproperty, cisfrozen, cisheadtail, clineproperty, ctemplateid, dr, ffontstyle, fixedstyle, fshadowtype, ibgcolor, ibotlinecolor, ifgcolor, ifonrsize, iheight, ileftlinecolor, irightcolor, isdycolgroup, isdynrowheight, islastpagetrail, istartx, istarty, itoplinecolor, iwidth, options, prepare1, prepare2, table_code, ts, vfontname, vtext, vvar) VALUES ('0', '000004000004', '1001ZZ1000000000K9F1', '1000000', '0110', '10', null, '00000000', '1001ZZ1000000000K9CZ', 0, 1, null, 0, -1, 0, -16777216, 16, 30.00000000, 0, 0, null, null, null, 320, 0, 0, 80.00000000, '<nc.vo.pub.print.PrintCellExtVO>
  <height__decimal>0.0</height__decimal>
  <textDirection>0</textDirection>
  <lineSpaceBetween>0</lineSpaceBetween>
  <formatType>0</formatType>
</nc.vo.pub.print.PrintCellExtVO>', null, null, null, '2018-09-17 22:28:34', 'Dialog', '补休假假勤明细', null);
INSERT INTO pub_print_cell (bunderline, ccellcode, ccellid, ccombineproperty, ccontentproperty, cisfrozen, cisheadtail, clineproperty, ctemplateid, dr, ffontstyle, fixedstyle, fshadowtype, ibgcolor, ibotlinecolor, ifgcolor, ifonrsize, iheight, ileftlinecolor, irightcolor, isdycolgroup, isdynrowheight, islastpagetrail, istartx, istarty, itoplinecolor, iwidth, options, prepare1, prepare2, table_code, ts, vfontname, vtext, vvar) VALUES ('0', '000005000005', '1001ZZ1000000000K9F2', '1000000', '0110', '10', null, '00000000', '1001ZZ1000000000K9CZ', 0, 1, null, 0, -1, 0, -16777216, 16, 30.00000000, 0, 0, null, null, null, 400, 0, 0, 80.00000000, '<nc.vo.pub.print.PrintCellExtVO>
  <height__decimal>0.0</height__decimal>
  <textDirection>0</textDirection>
  <lineSpaceBetween>0</lineSpaceBetween>
  <formatType>0</formatType>
</nc.vo.pub.print.PrintCellExtVO>', null, null, null, '2018-09-17 22:28:34', 'Dialog', '补休假假勤明细', null);
INSERT INTO pub_print_cell (bunderline, ccellcode, ccellid, ccombineproperty, ccontentproperty, cisfrozen, cisheadtail, clineproperty, ctemplateid, dr, ffontstyle, fixedstyle, fshadowtype, ibgcolor, ibotlinecolor, ifgcolor, ifonrsize, iheight, ileftlinecolor, irightcolor, isdycolgroup, isdynrowheight, islastpagetrail, istartx, istarty, itoplinecolor, iwidth, options, prepare1, prepare2, table_code, ts, vfontname, vtext, vvar) VALUES ('0', '000006000006', '1001ZZ1000000000K9F3', '1000000', '0110', '10', null, '00000000', '1001ZZ1000000000K9CZ', 0, 1, null, 0, -1, 0, -16777216, 16, 30.00000000, 0, 0, null, null, null, 480, 0, 0, 80.00000000, '<nc.vo.pub.print.PrintCellExtVO>
  <height__decimal>0.0</height__decimal>
  <textDirection>0</textDirection>
  <lineSpaceBetween>0</lineSpaceBetween>
  <formatType>0</formatType>
</nc.vo.pub.print.PrintCellExtVO>', null, null, null, '2018-09-17 22:28:34', 'Dialog', '补休假假勤明细', null);
INSERT INTO pub_print_cell (bunderline, ccellcode, ccellid, ccombineproperty, ccontentproperty, cisfrozen, cisheadtail, clineproperty, ctemplateid, dr, ffontstyle, fixedstyle, fshadowtype, ibgcolor, ibotlinecolor, ifgcolor, ifonrsize, iheight, ileftlinecolor, irightcolor, isdycolgroup, isdynrowheight, islastpagetrail, istartx, istarty, itoplinecolor, iwidth, options, prepare1, prepare2, table_code, ts, vfontname, vtext, vvar) VALUES ('0', '001000001000', '1001ZZ1000000000K9F5', '1001000', '0020', '10', null, '00000000', '1001ZZ1000000000K9CZ', 0, 1, null, 0, -1, 0, -16777216, 12, 20.00000000, 0, 0, null, null, null, 0, 30, 0, 80.00000000, '<nc.vo.pub.print.PrintCellExtVO>
  <height__decimal>0.0</height__decimal>
  <textDirection>0</textDirection>
  <lineSpaceBetween>0</lineSpaceBetween>
  <formatType>0</formatType>
</nc.vo.pub.print.PrintCellExtVO>', null, null, null, '2018-09-17 22:28:34', 'Dialog', '补休假假勤明细', null);
INSERT INTO pub_print_cell (bunderline, ccellcode, ccellid, ccombineproperty, ccontentproperty, cisfrozen, cisheadtail, clineproperty, ctemplateid, dr, ffontstyle, fixedstyle, fshadowtype, ibgcolor, ibotlinecolor, ifgcolor, ifonrsize, iheight, ileftlinecolor, irightcolor, isdycolgroup, isdynrowheight, islastpagetrail, istartx, istarty, itoplinecolor, iwidth, options, prepare1, prepare2, table_code, ts, vfontname, vtext, vvar) VALUES ('0', '001000001006', '1001ZZ1000000000K9FC', '0', '0020', '10', null, '00000000', '1001ZZ1000000000K9CZ', 0, 1, null, 0, -1, 0, -16777216, 12, 20.00000000, 0, 0, null, null, null, 0, 30, 0, 560.00000000, '<nc.vo.pub.print.PrintCellExtVO>
  <height__decimal>0.0</height__decimal>
  <textDirection>0</textDirection>
  <lineSpaceBetween>0</lineSpaceBetween>
  <formatType>0</formatType>
</nc.vo.pub.print.PrintCellExtVO>', null, null, null, '2018-09-17 22:28:34', 'Dialog', '补休假假勤明细', null);
INSERT INTO pub_print_cell (bunderline, ccellcode, ccellid, ccombineproperty, ccontentproperty, cisfrozen, cisheadtail, clineproperty, ctemplateid, dr, ffontstyle, fixedstyle, fshadowtype, ibgcolor, ibotlinecolor, ifgcolor, ifonrsize, iheight, ileftlinecolor, irightcolor, isdycolgroup, isdynrowheight, islastpagetrail, istartx, istarty, itoplinecolor, iwidth, options, prepare1, prepare2, table_code, ts, vfontname, vtext, vvar) VALUES ('0', '001001001001', '1001ZZ1000000000K9F6', '1001000', '0020', '10', null, '00000000', '1001ZZ1000000000K9CZ', 0, 1, null, 0, -1, 0, -16777216, 12, 20.00000000, 0, 0, null, null, null, 80, 30, 0, 80.00000000, '<nc.vo.pub.print.PrintCellExtVO>
  <height__decimal>0.0</height__decimal>
  <textDirection>0</textDirection>
  <lineSpaceBetween>0</lineSpaceBetween>
  <formatType>0</formatType>
</nc.vo.pub.print.PrintCellExtVO>', null, null, null, '2018-09-17 22:28:34', 'Dialog', '补休假假勤明细', null);
INSERT INTO pub_print_cell (bunderline, ccellcode, ccellid, ccombineproperty, ccontentproperty, cisfrozen, cisheadtail, clineproperty, ctemplateid, dr, ffontstyle, fixedstyle, fshadowtype, ibgcolor, ibotlinecolor, ifgcolor, ifonrsize, iheight, ileftlinecolor, irightcolor, isdycolgroup, isdynrowheight, islastpagetrail, istartx, istarty, itoplinecolor, iwidth, options, prepare1, prepare2, table_code, ts, vfontname, vtext, vvar) VALUES ('0', '001002001002', '1001ZZ1000000000K9F7', '1001000', '0020', '10', null, '00000000', '1001ZZ1000000000K9CZ', 0, 1, null, 0, -1, 0, -16777216, 12, 20.00000000, 0, 0, null, null, null, 160, 30, 0, 80.00000000, '<nc.vo.pub.print.PrintCellExtVO>
  <height__decimal>0.0</height__decimal>
  <textDirection>0</textDirection>
  <lineSpaceBetween>0</lineSpaceBetween>
  <formatType>0</formatType>
</nc.vo.pub.print.PrintCellExtVO>', null, null, null, '2018-09-17 22:28:34', 'Dialog', '补休假假勤明细', null);
INSERT INTO pub_print_cell (bunderline, ccellcode, ccellid, ccombineproperty, ccontentproperty, cisfrozen, cisheadtail, clineproperty, ctemplateid, dr, ffontstyle, fixedstyle, fshadowtype, ibgcolor, ibotlinecolor, ifgcolor, ifonrsize, iheight, ileftlinecolor, irightcolor, isdycolgroup, isdynrowheight, islastpagetrail, istartx, istarty, itoplinecolor, iwidth, options, prepare1, prepare2, table_code, ts, vfontname, vtext, vvar) VALUES ('0', '001003001003', '1001ZZ1000000000K9F8', '1001000', '0020', '10', null, '00000000', '1001ZZ1000000000K9CZ', 0, 1, null, 0, -1, 0, -16777216, 12, 20.00000000, 0, 0, null, null, null, 240, 30, 0, 80.00000000, '<nc.vo.pub.print.PrintCellExtVO>
  <height__decimal>0.0</height__decimal>
  <textDirection>0</textDirection>
  <lineSpaceBetween>0</lineSpaceBetween>
  <formatType>0</formatType>
</nc.vo.pub.print.PrintCellExtVO>', null, null, null, '2018-09-17 22:28:34', 'Dialog', '补休假假勤明细', null);
INSERT INTO pub_print_cell (bunderline, ccellcode, ccellid, ccombineproperty, ccontentproperty, cisfrozen, cisheadtail, clineproperty, ctemplateid, dr, ffontstyle, fixedstyle, fshadowtype, ibgcolor, ibotlinecolor, ifgcolor, ifonrsize, iheight, ileftlinecolor, irightcolor, isdycolgroup, isdynrowheight, islastpagetrail, istartx, istarty, itoplinecolor, iwidth, options, prepare1, prepare2, table_code, ts, vfontname, vtext, vvar) VALUES ('0', '001004001004', '1001ZZ1000000000K9F9', '1001000', '0020', '10', null, '00000000', '1001ZZ1000000000K9CZ', 0, 1, null, 0, -1, 0, -16777216, 12, 20.00000000, 0, 0, null, null, null, 320, 30, 0, 80.00000000, '<nc.vo.pub.print.PrintCellExtVO>
  <height__decimal>0.0</height__decimal>
  <textDirection>0</textDirection>
  <lineSpaceBetween>0</lineSpaceBetween>
  <formatType>0</formatType>
</nc.vo.pub.print.PrintCellExtVO>', null, null, null, '2018-09-17 22:28:34', 'Dialog', '补休假假勤明细', null);
INSERT INTO pub_print_cell (bunderline, ccellcode, ccellid, ccombineproperty, ccontentproperty, cisfrozen, cisheadtail, clineproperty, ctemplateid, dr, ffontstyle, fixedstyle, fshadowtype, ibgcolor, ibotlinecolor, ifgcolor, ifonrsize, iheight, ileftlinecolor, irightcolor, isdycolgroup, isdynrowheight, islastpagetrail, istartx, istarty, itoplinecolor, iwidth, options, prepare1, prepare2, table_code, ts, vfontname, vtext, vvar) VALUES ('0', '001005001005', '1001ZZ1000000000K9FA', '1001000', '0020', '10', null, '00000000', '1001ZZ1000000000K9CZ', 0, 1, null, 0, -1, 0, -16777216, 12, 20.00000000, 0, 0, null, null, null, 400, 30, 0, 80.00000000, '<nc.vo.pub.print.PrintCellExtVO>
  <height__decimal>0.0</height__decimal>
  <textDirection>0</textDirection>
  <lineSpaceBetween>0</lineSpaceBetween>
  <formatType>0</formatType>
</nc.vo.pub.print.PrintCellExtVO>', null, null, null, '2018-09-17 22:28:34', 'Dialog', '补休假假勤明细', null);
INSERT INTO pub_print_cell (bunderline, ccellcode, ccellid, ccombineproperty, ccontentproperty, cisfrozen, cisheadtail, clineproperty, ctemplateid, dr, ffontstyle, fixedstyle, fshadowtype, ibgcolor, ibotlinecolor, ifgcolor, ifonrsize, iheight, ileftlinecolor, irightcolor, isdycolgroup, isdynrowheight, islastpagetrail, istartx, istarty, itoplinecolor, iwidth, options, prepare1, prepare2, table_code, ts, vfontname, vtext, vvar) VALUES ('0', '001006001006', '1001ZZ1000000000K9FB', '1001000', '0020', '10', null, '00000000', '1001ZZ1000000000K9CZ', 0, 1, null, 0, -1, 0, -16777216, 12, 20.00000000, 0, 0, null, null, null, 480, 30, 0, 80.00000000, '<nc.vo.pub.print.PrintCellExtVO>
  <height__decimal>0.0</height__decimal>
  <textDirection>0</textDirection>
  <lineSpaceBetween>0</lineSpaceBetween>
  <formatType>0</formatType>
</nc.vo.pub.print.PrintCellExtVO>', null, null, null, '2018-09-17 22:28:34', 'Dialog', '补休假假勤明细', null);
INSERT INTO pub_print_cell (bunderline, ccellcode, ccellid, ccombineproperty, ccontentproperty, cisfrozen, cisheadtail, clineproperty, ctemplateid, dr, ffontstyle, fixedstyle, fshadowtype, ibgcolor, ibotlinecolor, ifgcolor, ifonrsize, iheight, ileftlinecolor, irightcolor, isdycolgroup, isdynrowheight, islastpagetrail, istartx, istarty, itoplinecolor, iwidth, options, prepare1, prepare2, table_code, ts, vfontname, vtext, vvar) VALUES ('0', '002000002000', '1001ZZ1000000000K9FD', '0', '0110', 'N ', null, '11111111', '1001ZZ1000000000K9CZ', 0, 0, null, 0, -1, 0, -16777216, 12, 20.00000000, 0, 0, null, null, null, 0, 50, 0, 80.00000000, '<nc.vo.pub.print.PrintCellExtVO>
  <height__decimal>0.0</height__decimal>
  <textDirection>0</textDirection>
  <lineSpaceBetween>0</lineSpaceBetween>
  <formatType>0</formatType>
</nc.vo.pub.print.PrintCellExtVO>', null, null, null, '2018-09-17 22:28:34', 'Dialog', '员工信息', null);
INSERT INTO pub_print_cell (bunderline, ccellcode, ccellid, ccombineproperty, ccontentproperty, cisfrozen, cisheadtail, clineproperty, ctemplateid, dr, ffontstyle, fixedstyle, fshadowtype, ibgcolor, ibotlinecolor, ifgcolor, ifonrsize, iheight, ileftlinecolor, irightcolor, isdycolgroup, isdynrowheight, islastpagetrail, istartx, istarty, itoplinecolor, iwidth, options, prepare1, prepare2, table_code, ts, vfontname, vtext, vvar) VALUES ('0', '002001002001', '1001ZZ1000000000K9FE', '0', '0110', 'N ', null, '11111111', '1001ZZ1000000000K9CZ', 0, 0, null, 0, -1, 0, -16777216, 12, 20.00000000, 0, 0, null, null, null, 80, 50, 0, 80.00000000, '<nc.vo.pub.print.PrintCellExtVO>
  <height__decimal>0.0</height__decimal>
  <textDirection>0</textDirection>
  <lineSpaceBetween>0</lineSpaceBetween>
  <formatType>0</formatType>
</nc.vo.pub.print.PrintCellExtVO>', null, null, null, '2018-09-17 22:28:34', 'Dialog', '组织', null);
INSERT INTO pub_print_cell (bunderline, ccellcode, ccellid, ccombineproperty, ccontentproperty, cisfrozen, cisheadtail, clineproperty, ctemplateid, dr, ffontstyle, fixedstyle, fshadowtype, ibgcolor, ibotlinecolor, ifgcolor, ifonrsize, iheight, ileftlinecolor, irightcolor, isdycolgroup, isdynrowheight, islastpagetrail, istartx, istarty, itoplinecolor, iwidth, options, prepare1, prepare2, table_code, ts, vfontname, vtext, vvar) VALUES ('0', '002002002002', '1001ZZ1000000000K9FF', '0', '0110', 'N ', null, '11111111', '1001ZZ1000000000K9CZ', 0, 0, null, 0, -1, 0, -16777216, 12, 20.00000000, 0, 0, null, null, null, 160, 50, 0, 80.00000000, '<nc.vo.pub.print.PrintCellExtVO>
  <height__decimal>0.0</height__decimal>
  <textDirection>0</textDirection>
  <lineSpaceBetween>0</lineSpaceBetween>
  <formatType>0</formatType>
</nc.vo.pub.print.PrintCellExtVO>', null, null, null, '2018-09-17 22:28:34', 'Dialog', '享有时数', null);
INSERT INTO pub_print_cell (bunderline, ccellcode, ccellid, ccombineproperty, ccontentproperty, cisfrozen, cisheadtail, clineproperty, ctemplateid, dr, ffontstyle, fixedstyle, fshadowtype, ibgcolor, ibotlinecolor, ifgcolor, ifonrsize, iheight, ileftlinecolor, irightcolor, isdycolgroup, isdynrowheight, islastpagetrail, istartx, istarty, itoplinecolor, iwidth, options, prepare1, prepare2, table_code, ts, vfontname, vtext, vvar) VALUES ('0', '002003002003', '1001ZZ1000000000K9FG', '0', '0110', 'N ', null, '11111111', '1001ZZ1000000000K9CZ', 0, 0, null, 0, -1, 0, -16777216, 12, 20.00000000, 0, 0, null, null, null, 240, 50, 0, 80.00000000, '<nc.vo.pub.print.PrintCellExtVO>
  <height__decimal>0.0</height__decimal>
  <textDirection>0</textDirection>
  <lineSpaceBetween>0</lineSpaceBetween>
  <formatType>0</formatType>
</nc.vo.pub.print.PrintCellExtVO>', null, null, null, '2018-09-17 22:28:34', 'Dialog', '已休时数', null);
INSERT INTO pub_print_cell (bunderline, ccellcode, ccellid, ccombineproperty, ccontentproperty, cisfrozen, cisheadtail, clineproperty, ctemplateid, dr, ffontstyle, fixedstyle, fshadowtype, ibgcolor, ibotlinecolor, ifgcolor, ifonrsize, iheight, ileftlinecolor, irightcolor, isdycolgroup, isdynrowheight, islastpagetrail, istartx, istarty, itoplinecolor, iwidth, options, prepare1, prepare2, table_code, ts, vfontname, vtext, vvar) VALUES ('0', '002004002004', '1001ZZ1000000000K9FH', '0', '0110', 'N ', null, '11111111', '1001ZZ1000000000K9CZ', 0, 0, null, 0, -1, 0, -16777216, 12, 20.00000000, 0, 0, null, null, null, 320, 50, 0, 80.00000000, '<nc.vo.pub.print.PrintCellExtVO>
  <height__decimal>0.0</height__decimal>
  <textDirection>0</textDirection>
  <lineSpaceBetween>0</lineSpaceBetween>
  <formatType>0</formatType>
</nc.vo.pub.print.PrintCellExtVO>', null, null, null, '2018-09-17 22:28:34', 'Dialog', '结余时数', null);
INSERT INTO pub_print_cell (bunderline, ccellcode, ccellid, ccombineproperty, ccontentproperty, cisfrozen, cisheadtail, clineproperty, ctemplateid, dr, ffontstyle, fixedstyle, fshadowtype, ibgcolor, ibotlinecolor, ifgcolor, ifonrsize, iheight, ileftlinecolor, irightcolor, isdycolgroup, isdynrowheight, islastpagetrail, istartx, istarty, itoplinecolor, iwidth, options, prepare1, prepare2, table_code, ts, vfontname, vtext, vvar) VALUES ('0', '002005002005', '1001ZZ1000000000K9FI', '0', '0110', 'N ', null, '11111111', '1001ZZ1000000000K9CZ', 0, 0, null, 0, -1, 0, -16777216, 12, 20.00000000, 0, 0, null, null, null, 400, 50, 0, 80.00000000, '<nc.vo.pub.print.PrintCellExtVO>
  <height__decimal>0.0</height__decimal>
  <textDirection>0</textDirection>
  <lineSpaceBetween>0</lineSpaceBetween>
  <formatType>0</formatType>
</nc.vo.pub.print.PrintCellExtVO>', null, null, null, '2018-09-17 22:28:34', 'Dialog', '冻结时数', null);
INSERT INTO pub_print_cell (bunderline, ccellcode, ccellid, ccombineproperty, ccontentproperty, cisfrozen, cisheadtail, clineproperty, ctemplateid, dr, ffontstyle, fixedstyle, fshadowtype, ibgcolor, ibotlinecolor, ifgcolor, ifonrsize, iheight, ileftlinecolor, irightcolor, isdycolgroup, isdynrowheight, islastpagetrail, istartx, istarty, itoplinecolor, iwidth, options, prepare1, prepare2, table_code, ts, vfontname, vtext, vvar) VALUES ('0', '002006002006', '1001ZZ1000000000K9FJ', '0', '0110', 'N ', null, '11111111', '1001ZZ1000000000K9CZ', 0, 0, null, 0, -1, 0, -16777216, 12, 20.00000000, 0, 0, null, null, null, 480, 50, 0, 80.00000000, '<nc.vo.pub.print.PrintCellExtVO>
  <height__decimal>0.0</height__decimal>
  <textDirection>0</textDirection>
  <lineSpaceBetween>0</lineSpaceBetween>
  <formatType>0</formatType>
</nc.vo.pub.print.PrintCellExtVO>', null, null, null, '2018-09-17 22:28:34', 'Dialog', '可用时数', null);
INSERT INTO pub_print_cell (bunderline, ccellcode, ccellid, ccombineproperty, ccontentproperty, cisfrozen, cisheadtail, clineproperty, ctemplateid, dr, ffontstyle, fixedstyle, fshadowtype, ibgcolor, ibotlinecolor, ifgcolor, ifonrsize, iheight, ileftlinecolor, irightcolor, isdycolgroup, isdynrowheight, islastpagetrail, istartx, istarty, itoplinecolor, iwidth, options, prepare1, prepare2, table_code, ts, vfontname, vtext, vvar) VALUES ('0', '003000003000', '1001ZZ1000000000K9FK', '0', '1110', 'N ', null, '11111111', '1001ZZ1000000000K9CZ', 0, 0, null, 0, -1, 0, -16777216, 12, 20.00000000, 0, 0, null, null, null, 0, 70, 0, 80.00000000, '<nc.vo.pub.print.PrintCellExtVO>
  <height__decimal>0.0</height__decimal>
  <textDirection>0</textDirection>
  <lineSpaceBetween>0</lineSpaceBetween>
  <formatType>0</formatType>
</nc.vo.pub.print.PrintCellExtVO>', null, null, null, '2018-09-17 22:28:34', 'Dialog', '员工信息', 'pk_psndoc.name');
INSERT INTO pub_print_cell (bunderline, ccellcode, ccellid, ccombineproperty, ccontentproperty, cisfrozen, cisheadtail, clineproperty, ctemplateid, dr, ffontstyle, fixedstyle, fshadowtype, ibgcolor, ibotlinecolor, ifgcolor, ifonrsize, iheight, ileftlinecolor, irightcolor, isdycolgroup, isdynrowheight, islastpagetrail, istartx, istarty, itoplinecolor, iwidth, options, prepare1, prepare2, table_code, ts, vfontname, vtext, vvar) VALUES ('0', '003001003001', '1001ZZ1000000000K9FL', '0', '1110', 'N ', null, '11111111', '1001ZZ1000000000K9CZ', 0, 0, null, 0, -1, 0, -16777216, 12, 20.00000000, 0, 0, null, null, null, 80, 70, 0, 80.00000000, '<nc.vo.pub.print.PrintCellExtVO>
  <height__decimal>0.0</height__decimal>
  <textDirection>0</textDirection>
  <lineSpaceBetween>0</lineSpaceBetween>
  <formatType>0</formatType>
</nc.vo.pub.print.PrintCellExtVO>', null, null, null, '2018-09-17 22:28:34', 'Dialog', '组织', 'pk_org.name');
INSERT INTO pub_print_cell (bunderline, ccellcode, ccellid, ccombineproperty, ccontentproperty, cisfrozen, cisheadtail, clineproperty, ctemplateid, dr, ffontstyle, fixedstyle, fshadowtype, ibgcolor, ibotlinecolor, ifgcolor, ifonrsize, iheight, ileftlinecolor, irightcolor, isdycolgroup, isdynrowheight, islastpagetrail, istartx, istarty, itoplinecolor, iwidth, options, prepare1, prepare2, table_code, ts, vfontname, vtext, vvar) VALUES ('0', '003002003002', '1001ZZ1000000000K9FM', '0', '1110', 'N ', null, '11111111', '1001ZZ1000000000K9CZ', 0, 0, null, 0, -1, 0, -16777216, 12, 20.00000000, 0, 0, null, null, null, 160, 70, 0, 80.00000000, '<nc.vo.pub.print.PrintCellExtVO>
  <height__decimal>0.0</height__decimal>
  <textDirection>0</textDirection>
  <lineSpaceBetween>0</lineSpaceBetween>
  <formatType>0</formatType>
</nc.vo.pub.print.PrintCellExtVO>', null, null, null, '2018-09-17 22:28:34', 'Dialog', '享有时数', 'totalhours');
INSERT INTO pub_print_cell (bunderline, ccellcode, ccellid, ccombineproperty, ccontentproperty, cisfrozen, cisheadtail, clineproperty, ctemplateid, dr, ffontstyle, fixedstyle, fshadowtype, ibgcolor, ibotlinecolor, ifgcolor, ifonrsize, iheight, ileftlinecolor, irightcolor, isdycolgroup, isdynrowheight, islastpagetrail, istartx, istarty, itoplinecolor, iwidth, options, prepare1, prepare2, table_code, ts, vfontname, vtext, vvar) VALUES ('0', '003003003003', '1001ZZ1000000000K9FN', '0', '1110', 'N ', null, '11111111', '1001ZZ1000000000K9CZ', 0, 0, null, 0, -1, 0, -16777216, 12, 20.00000000, 0, 0, null, null, null, 240, 70, 0, 80.00000000, '<nc.vo.pub.print.PrintCellExtVO>
  <height__decimal>0.0</height__decimal>
  <textDirection>0</textDirection>
  <lineSpaceBetween>0</lineSpaceBetween>
  <formatType>0</formatType>
</nc.vo.pub.print.PrintCellExtVO>', null, null, null, '2018-09-17 22:28:34', 'Dialog', '已休时数', 'consumedhours');
INSERT INTO pub_print_cell (bunderline, ccellcode, ccellid, ccombineproperty, ccontentproperty, cisfrozen, cisheadtail, clineproperty, ctemplateid, dr, ffontstyle, fixedstyle, fshadowtype, ibgcolor, ibotlinecolor, ifgcolor, ifonrsize, iheight, ileftlinecolor, irightcolor, isdycolgroup, isdynrowheight, islastpagetrail, istartx, istarty, itoplinecolor, iwidth, options, prepare1, prepare2, table_code, ts, vfontname, vtext, vvar) VALUES ('0', '003004003004', '1001ZZ1000000000K9FO', '0', '1110', 'N ', null, '11111111', '1001ZZ1000000000K9CZ', 0, 0, null, 0, -1, 0, -16777216, 12, 20.00000000, 0, 0, null, null, null, 320, 70, 0, 80.00000000, '<nc.vo.pub.print.PrintCellExtVO>
  <height__decimal>0.0</height__decimal>
  <textDirection>0</textDirection>
  <lineSpaceBetween>0</lineSpaceBetween>
  <formatType>0</formatType>
</nc.vo.pub.print.PrintCellExtVO>', null, null, null, '2018-09-17 22:28:34', 'Dialog', '结余时数', 'remainhours');
INSERT INTO pub_print_cell (bunderline, ccellcode, ccellid, ccombineproperty, ccontentproperty, cisfrozen, cisheadtail, clineproperty, ctemplateid, dr, ffontstyle, fixedstyle, fshadowtype, ibgcolor, ibotlinecolor, ifgcolor, ifonrsize, iheight, ileftlinecolor, irightcolor, isdycolgroup, isdynrowheight, islastpagetrail, istartx, istarty, itoplinecolor, iwidth, options, prepare1, prepare2, table_code, ts, vfontname, vtext, vvar) VALUES ('0', '003005003005', '1001ZZ1000000000K9FP', '0', '1110', 'N ', null, '11111111', '1001ZZ1000000000K9CZ', 0, 0, null, 0, -1, 0, -16777216, 12, 20.00000000, 0, 0, null, null, null, 400, 70, 0, 80.00000000, '<nc.vo.pub.print.PrintCellExtVO>
  <height__decimal>0.0</height__decimal>
  <textDirection>0</textDirection>
  <lineSpaceBetween>0</lineSpaceBetween>
  <formatType>0</formatType>
</nc.vo.pub.print.PrintCellExtVO>', null, null, null, '2018-09-17 22:28:34', 'Dialog', '冻结时数', 'frozenhours');
INSERT INTO pub_print_cell (bunderline, ccellcode, ccellid, ccombineproperty, ccontentproperty, cisfrozen, cisheadtail, clineproperty, ctemplateid, dr, ffontstyle, fixedstyle, fshadowtype, ibgcolor, ibotlinecolor, ifgcolor, ifonrsize, iheight, ileftlinecolor, irightcolor, isdycolgroup, isdynrowheight, islastpagetrail, istartx, istarty, itoplinecolor, iwidth, options, prepare1, prepare2, table_code, ts, vfontname, vtext, vvar) VALUES ('0', '003006003006', '1001ZZ1000000000K9FQ', '0', '1110', 'N ', null, '11111111', '1001ZZ1000000000K9CZ', 0, 0, null, 0, -1, 0, -16777216, 12, 20.00000000, 0, 0, null, null, null, 480, 70, 0, 80.00000000, '<nc.vo.pub.print.PrintCellExtVO>
  <height__decimal>0.0</height__decimal>
  <textDirection>0</textDirection>
  <lineSpaceBetween>0</lineSpaceBetween>
  <formatType>0</formatType>
</nc.vo.pub.print.PrintCellExtVO>', null, null, null, '2018-09-17 22:28:34', 'Dialog', '可用时数', 'freehours');
INSERT INTO pub_print_cell (bunderline, ccellcode, ccellid, ccombineproperty, ccontentproperty, cisfrozen, cisheadtail, clineproperty, ctemplateid, dr, ffontstyle, fixedstyle, fshadowtype, ibgcolor, ibotlinecolor, ifgcolor, ifonrsize, iheight, ileftlinecolor, irightcolor, isdycolgroup, isdynrowheight, islastpagetrail, istartx, istarty, itoplinecolor, iwidth, options, prepare1, prepare2, table_code, ts, vfontname, vtext, vvar) VALUES ('0', '004000004000', '1001ZZ1000000000K9FR', '1004000', '0020', 'Y ', null, '00000000', '1001ZZ1000000000K9CZ', 0, 1, null, 0, -1, 0, -16777216, 12, 5.00000000, 0, 0, null, null, null, 0, 90, 0, 80.00000000, '<nc.vo.pub.print.PrintCellExtVO>
  <height__decimal>0.0</height__decimal>
  <textDirection>0</textDirection>
  <lineSpaceBetween>0</lineSpaceBetween>
  <formatType>0</formatType>
</nc.vo.pub.print.PrintCellExtVO>', null, null, null, '2018-09-17 22:28:34', 'Dialog', '', null);
INSERT INTO pub_print_cell (bunderline, ccellcode, ccellid, ccombineproperty, ccontentproperty, cisfrozen, cisheadtail, clineproperty, ctemplateid, dr, ffontstyle, fixedstyle, fshadowtype, ibgcolor, ibotlinecolor, ifgcolor, ifonrsize, iheight, ileftlinecolor, irightcolor, isdycolgroup, isdynrowheight, islastpagetrail, istartx, istarty, itoplinecolor, iwidth, options, prepare1, prepare2, table_code, ts, vfontname, vtext, vvar) VALUES ('0', '004000004006', '1001ZZ1000000000K9FY', '0', '0020', 'Y ', null, '00000000', '1001ZZ1000000000K9CZ', 0, 1, null, 0, -1, 0, -16777216, 12, 5.00000000, 0, 0, null, null, null, 0, 90, 0, 560.00000000, '<nc.vo.pub.print.PrintCellExtVO>
  <height__decimal>0.0</height__decimal>
  <textDirection>0</textDirection>
  <lineSpaceBetween>0</lineSpaceBetween>
  <formatType>0</formatType>
</nc.vo.pub.print.PrintCellExtVO>', null, null, null, '2018-09-17 22:28:34', 'Dialog', '', null);
INSERT INTO pub_print_cell (bunderline, ccellcode, ccellid, ccombineproperty, ccontentproperty, cisfrozen, cisheadtail, clineproperty, ctemplateid, dr, ffontstyle, fixedstyle, fshadowtype, ibgcolor, ibotlinecolor, ifgcolor, ifonrsize, iheight, ileftlinecolor, irightcolor, isdycolgroup, isdynrowheight, islastpagetrail, istartx, istarty, itoplinecolor, iwidth, options, prepare1, prepare2, table_code, ts, vfontname, vtext, vvar) VALUES ('0', '004001004001', '1001ZZ1000000000K9FS', '1004000', '0020', 'Y ', null, '00000000', '1001ZZ1000000000K9CZ', 0, 1, null, 0, -1, 0, -16777216, 12, 5.00000000, 0, 0, null, null, null, 80, 90, 0, 80.00000000, '<nc.vo.pub.print.PrintCellExtVO>
  <height__decimal>0.0</height__decimal>
  <textDirection>0</textDirection>
  <lineSpaceBetween>0</lineSpaceBetween>
  <formatType>0</formatType>
</nc.vo.pub.print.PrintCellExtVO>', null, null, null, '2018-09-17 22:28:34', 'Dialog', '', null);
INSERT INTO pub_print_cell (bunderline, ccellcode, ccellid, ccombineproperty, ccontentproperty, cisfrozen, cisheadtail, clineproperty, ctemplateid, dr, ffontstyle, fixedstyle, fshadowtype, ibgcolor, ibotlinecolor, ifgcolor, ifonrsize, iheight, ileftlinecolor, irightcolor, isdycolgroup, isdynrowheight, islastpagetrail, istartx, istarty, itoplinecolor, iwidth, options, prepare1, prepare2, table_code, ts, vfontname, vtext, vvar) VALUES ('0', '004002004002', '1001ZZ1000000000K9FT', '1004000', '0020', 'Y ', null, '00000000', '1001ZZ1000000000K9CZ', 0, 1, null, 0, -1, 0, -16777216, 12, 5.00000000, 0, 0, null, null, null, 160, 90, 0, 80.00000000, '<nc.vo.pub.print.PrintCellExtVO>
  <height__decimal>0.0</height__decimal>
  <textDirection>0</textDirection>
  <lineSpaceBetween>0</lineSpaceBetween>
  <formatType>0</formatType>
</nc.vo.pub.print.PrintCellExtVO>', null, null, null, '2018-09-17 22:28:34', 'Dialog', '', null);
INSERT INTO pub_print_cell (bunderline, ccellcode, ccellid, ccombineproperty, ccontentproperty, cisfrozen, cisheadtail, clineproperty, ctemplateid, dr, ffontstyle, fixedstyle, fshadowtype, ibgcolor, ibotlinecolor, ifgcolor, ifonrsize, iheight, ileftlinecolor, irightcolor, isdycolgroup, isdynrowheight, islastpagetrail, istartx, istarty, itoplinecolor, iwidth, options, prepare1, prepare2, table_code, ts, vfontname, vtext, vvar) VALUES ('0', '004003004003', '1001ZZ1000000000K9FU', '1004000', '0020', 'Y ', null, '00000000', '1001ZZ1000000000K9CZ', 0, 1, null, 0, -1, 0, -16777216, 12, 5.00000000, 0, 0, null, null, null, 240, 90, 0, 80.00000000, '<nc.vo.pub.print.PrintCellExtVO>
  <height__decimal>0.0</height__decimal>
  <textDirection>0</textDirection>
  <lineSpaceBetween>0</lineSpaceBetween>
  <formatType>0</formatType>
</nc.vo.pub.print.PrintCellExtVO>', null, null, null, '2018-09-17 22:28:34', 'Dialog', '', null);
INSERT INTO pub_print_cell (bunderline, ccellcode, ccellid, ccombineproperty, ccontentproperty, cisfrozen, cisheadtail, clineproperty, ctemplateid, dr, ffontstyle, fixedstyle, fshadowtype, ibgcolor, ibotlinecolor, ifgcolor, ifonrsize, iheight, ileftlinecolor, irightcolor, isdycolgroup, isdynrowheight, islastpagetrail, istartx, istarty, itoplinecolor, iwidth, options, prepare1, prepare2, table_code, ts, vfontname, vtext, vvar) VALUES ('0', '004004004004', '1001ZZ1000000000K9FV', '1004000', '0020', 'Y ', null, '00000000', '1001ZZ1000000000K9CZ', 0, 1, null, 0, -1, 0, -16777216, 12, 5.00000000, 0, 0, null, null, null, 320, 90, 0, 80.00000000, '<nc.vo.pub.print.PrintCellExtVO>
  <height__decimal>0.0</height__decimal>
  <textDirection>0</textDirection>
  <lineSpaceBetween>0</lineSpaceBetween>
  <formatType>0</formatType>
</nc.vo.pub.print.PrintCellExtVO>', null, null, null, '2018-09-17 22:28:34', 'Dialog', '', null);
INSERT INTO pub_print_cell (bunderline, ccellcode, ccellid, ccombineproperty, ccontentproperty, cisfrozen, cisheadtail, clineproperty, ctemplateid, dr, ffontstyle, fixedstyle, fshadowtype, ibgcolor, ibotlinecolor, ifgcolor, ifonrsize, iheight, ileftlinecolor, irightcolor, isdycolgroup, isdynrowheight, islastpagetrail, istartx, istarty, itoplinecolor, iwidth, options, prepare1, prepare2, table_code, ts, vfontname, vtext, vvar) VALUES ('0', '004005004005', '1001ZZ1000000000K9FW', '1004000', '0020', 'Y ', null, '00000000', '1001ZZ1000000000K9CZ', 0, 1, null, 0, -1, 0, -16777216, 12, 5.00000000, 0, 0, null, null, null, 400, 90, 0, 80.00000000, '<nc.vo.pub.print.PrintCellExtVO>
  <height__decimal>0.0</height__decimal>
  <textDirection>0</textDirection>
  <lineSpaceBetween>0</lineSpaceBetween>
  <formatType>0</formatType>
</nc.vo.pub.print.PrintCellExtVO>', null, null, null, '2018-09-17 22:28:34', 'Dialog', '', null);
INSERT INTO pub_print_cell (bunderline, ccellcode, ccellid, ccombineproperty, ccontentproperty, cisfrozen, cisheadtail, clineproperty, ctemplateid, dr, ffontstyle, fixedstyle, fshadowtype, ibgcolor, ibotlinecolor, ifgcolor, ifonrsize, iheight, ileftlinecolor, irightcolor, isdycolgroup, isdynrowheight, islastpagetrail, istartx, istarty, itoplinecolor, iwidth, options, prepare1, prepare2, table_code, ts, vfontname, vtext, vvar) VALUES ('0', '004006004006', '1001ZZ1000000000K9FX', '1004000', '0020', 'Y ', null, '00000000', '1001ZZ1000000000K9CZ', 0, 1, null, 0, -1, 0, -16777216, 12, 5.00000000, 0, 0, null, null, null, 480, 90, 0, 80.00000000, '<nc.vo.pub.print.PrintCellExtVO>
  <height__decimal>0.0</height__decimal>
  <textDirection>0</textDirection>
  <lineSpaceBetween>0</lineSpaceBetween>
  <formatType>0</formatType>
</nc.vo.pub.print.PrintCellExtVO>', null, null, null, '2018-09-17 22:28:34', 'Dialog', '', null);
INSERT INTO pub_print_cell (bunderline, ccellcode, ccellid, ccombineproperty, ccontentproperty, cisfrozen, cisheadtail, clineproperty, ctemplateid, dr, ffontstyle, fixedstyle, fshadowtype, ibgcolor, ibotlinecolor, ifgcolor, ifonrsize, iheight, ileftlinecolor, irightcolor, isdycolgroup, isdynrowheight, islastpagetrail, istartx, istarty, itoplinecolor, iwidth, options, prepare1, prepare2, table_code, ts, vfontname, vtext, vvar) VALUES ('0', '005000005000', '1001ZZ1000000000K9FZ', '1005000', '0020', '10', null, '00000000', '1001ZZ1000000000K9CZ', 0, 1, null, 0, -1, 0, -16777216, 12, 20.00000000, 0, 0, null, null, null, 0, 95, 0, 80.00000000, '<nc.vo.pub.print.PrintCellExtVO>
  <height__decimal>0.0</height__decimal>
  <textDirection>0</textDirection>
  <lineSpaceBetween>0</lineSpaceBetween>
  <formatType>0</formatType>
</nc.vo.pub.print.PrintCellExtVO>', null, null, null, '2018-09-17 22:28:34', 'Dialog', '子表主键', null);
INSERT INTO pub_print_cell (bunderline, ccellcode, ccellid, ccombineproperty, ccontentproperty, cisfrozen, cisheadtail, clineproperty, ctemplateid, dr, ffontstyle, fixedstyle, fshadowtype, ibgcolor, ibotlinecolor, ifgcolor, ifonrsize, iheight, ileftlinecolor, irightcolor, isdycolgroup, isdynrowheight, islastpagetrail, istartx, istarty, itoplinecolor, iwidth, options, prepare1, prepare2, table_code, ts, vfontname, vtext, vvar) VALUES ('0', '005000005006', '1001ZZ1000000000K9G6', '0', '0020', '10', null, '00000000', '1001ZZ1000000000K9CZ', 0, 1, null, 0, -1, 0, -16777216, 12, 20.00000000, 0, 0, null, null, null, 0, 95, 0, 560.00000000, '<nc.vo.pub.print.PrintCellExtVO>
  <height__decimal>0.0</height__decimal>
  <textDirection>0</textDirection>
  <lineSpaceBetween>0</lineSpaceBetween>
  <formatType>0</formatType>
</nc.vo.pub.print.PrintCellExtVO>', null, null, null, '2018-09-17 22:28:34', 'Dialog', '子表主键', null);
INSERT INTO pub_print_cell (bunderline, ccellcode, ccellid, ccombineproperty, ccontentproperty, cisfrozen, cisheadtail, clineproperty, ctemplateid, dr, ffontstyle, fixedstyle, fshadowtype, ibgcolor, ibotlinecolor, ifgcolor, ifonrsize, iheight, ileftlinecolor, irightcolor, isdycolgroup, isdynrowheight, islastpagetrail, istartx, istarty, itoplinecolor, iwidth, options, prepare1, prepare2, table_code, ts, vfontname, vtext, vvar) VALUES ('0', '005001005001', '1001ZZ1000000000K9G0', '1005000', '0020', '10', null, '00000000', '1001ZZ1000000000K9CZ', 0, 1, null, 0, -1, 0, -16777216, 12, 20.00000000, 0, 0, null, null, null, 80, 95, 0, 80.00000000, '<nc.vo.pub.print.PrintCellExtVO>
  <height__decimal>0.0</height__decimal>
  <textDirection>0</textDirection>
  <lineSpaceBetween>0</lineSpaceBetween>
  <formatType>0</formatType>
</nc.vo.pub.print.PrintCellExtVO>', null, null, null, '2018-09-17 22:28:34', 'Dialog', '子表主键', null);
INSERT INTO pub_print_cell (bunderline, ccellcode, ccellid, ccombineproperty, ccontentproperty, cisfrozen, cisheadtail, clineproperty, ctemplateid, dr, ffontstyle, fixedstyle, fshadowtype, ibgcolor, ibotlinecolor, ifgcolor, ifonrsize, iheight, ileftlinecolor, irightcolor, isdycolgroup, isdynrowheight, islastpagetrail, istartx, istarty, itoplinecolor, iwidth, options, prepare1, prepare2, table_code, ts, vfontname, vtext, vvar) VALUES ('0', '005002005002', '1001ZZ1000000000K9G1', '1005000', '0020', '10', null, '00000000', '1001ZZ1000000000K9CZ', 0, 1, null, 0, -1, 0, -16777216, 12, 20.00000000, 0, 0, null, null, null, 160, 95, 0, 80.00000000, '<nc.vo.pub.print.PrintCellExtVO>
  <height__decimal>0.0</height__decimal>
  <textDirection>0</textDirection>
  <lineSpaceBetween>0</lineSpaceBetween>
  <formatType>0</formatType>
</nc.vo.pub.print.PrintCellExtVO>', null, null, null, '2018-09-17 22:28:34', 'Dialog', '子表主键', null);
INSERT INTO pub_print_cell (bunderline, ccellcode, ccellid, ccombineproperty, ccontentproperty, cisfrozen, cisheadtail, clineproperty, ctemplateid, dr, ffontstyle, fixedstyle, fshadowtype, ibgcolor, ibotlinecolor, ifgcolor, ifonrsize, iheight, ileftlinecolor, irightcolor, isdycolgroup, isdynrowheight, islastpagetrail, istartx, istarty, itoplinecolor, iwidth, options, prepare1, prepare2, table_code, ts, vfontname, vtext, vvar) VALUES ('0', '005003005003', '1001ZZ1000000000K9G2', '1005000', '0020', '10', null, '00000000', '1001ZZ1000000000K9CZ', 0, 1, null, 0, -1, 0, -16777216, 12, 20.00000000, 0, 0, null, null, null, 240, 95, 0, 80.00000000, '<nc.vo.pub.print.PrintCellExtVO>
  <height__decimal>0.0</height__decimal>
  <textDirection>0</textDirection>
  <lineSpaceBetween>0</lineSpaceBetween>
  <formatType>0</formatType>
</nc.vo.pub.print.PrintCellExtVO>', null, null, null, '2018-09-17 22:28:34', 'Dialog', '子表主键', null);
INSERT INTO pub_print_cell (bunderline, ccellcode, ccellid, ccombineproperty, ccontentproperty, cisfrozen, cisheadtail, clineproperty, ctemplateid, dr, ffontstyle, fixedstyle, fshadowtype, ibgcolor, ibotlinecolor, ifgcolor, ifonrsize, iheight, ileftlinecolor, irightcolor, isdycolgroup, isdynrowheight, islastpagetrail, istartx, istarty, itoplinecolor, iwidth, options, prepare1, prepare2, table_code, ts, vfontname, vtext, vvar) VALUES ('0', '005004005004', '1001ZZ1000000000K9G3', '1005000', '0020', '10', null, '00000000', '1001ZZ1000000000K9CZ', 0, 1, null, 0, -1, 0, -16777216, 12, 20.00000000, 0, 0, null, null, null, 320, 95, 0, 80.00000000, '<nc.vo.pub.print.PrintCellExtVO>
  <height__decimal>0.0</height__decimal>
  <textDirection>0</textDirection>
  <lineSpaceBetween>0</lineSpaceBetween>
  <formatType>0</formatType>
</nc.vo.pub.print.PrintCellExtVO>', null, null, null, '2018-09-17 22:28:34', 'Dialog', '子表主键', null);
INSERT INTO pub_print_cell (bunderline, ccellcode, ccellid, ccombineproperty, ccontentproperty, cisfrozen, cisheadtail, clineproperty, ctemplateid, dr, ffontstyle, fixedstyle, fshadowtype, ibgcolor, ibotlinecolor, ifgcolor, ifonrsize, iheight, ileftlinecolor, irightcolor, isdycolgroup, isdynrowheight, islastpagetrail, istartx, istarty, itoplinecolor, iwidth, options, prepare1, prepare2, table_code, ts, vfontname, vtext, vvar) VALUES ('0', '005005005005', '1001ZZ1000000000K9G4', '1005000', '0020', '10', null, '00000000', '1001ZZ1000000000K9CZ', 0, 1, null, 0, -1, 0, -16777216, 12, 20.00000000, 0, 0, null, null, null, 400, 95, 0, 80.00000000, '<nc.vo.pub.print.PrintCellExtVO>
  <height__decimal>0.0</height__decimal>
  <textDirection>0</textDirection>
  <lineSpaceBetween>0</lineSpaceBetween>
  <formatType>0</formatType>
</nc.vo.pub.print.PrintCellExtVO>', null, null, null, '2018-09-17 22:28:34', 'Dialog', '子表主键', null);
INSERT INTO pub_print_cell (bunderline, ccellcode, ccellid, ccombineproperty, ccontentproperty, cisfrozen, cisheadtail, clineproperty, ctemplateid, dr, ffontstyle, fixedstyle, fshadowtype, ibgcolor, ibotlinecolor, ifgcolor, ifonrsize, iheight, ileftlinecolor, irightcolor, isdycolgroup, isdynrowheight, islastpagetrail, istartx, istarty, itoplinecolor, iwidth, options, prepare1, prepare2, table_code, ts, vfontname, vtext, vvar) VALUES ('0', '005006005006', '1001ZZ1000000000K9G5', '1005000', '0020', '10', null, '00000000', '1001ZZ1000000000K9CZ', 0, 1, null, 0, -1, 0, -16777216, 12, 20.00000000, 0, 0, null, null, null, 480, 95, 0, 80.00000000, '<nc.vo.pub.print.PrintCellExtVO>
  <height__decimal>0.0</height__decimal>
  <textDirection>0</textDirection>
  <lineSpaceBetween>0</lineSpaceBetween>
  <formatType>0</formatType>
</nc.vo.pub.print.PrintCellExtVO>', null, null, null, '2018-09-17 22:28:34', 'Dialog', '子表主键', null);
INSERT INTO pub_print_cell (bunderline, ccellcode, ccellid, ccombineproperty, ccontentproperty, cisfrozen, cisheadtail, clineproperty, ctemplateid, dr, ffontstyle, fixedstyle, fshadowtype, ibgcolor, ibotlinecolor, ifgcolor, ifonrsize, iheight, ileftlinecolor, irightcolor, isdycolgroup, isdynrowheight, islastpagetrail, istartx, istarty, itoplinecolor, iwidth, options, prepare1, prepare2, table_code, ts, vfontname, vtext, vvar) VALUES ('0', '006000006000', '1001ZZ1000000000K9G7', '0', '0110', 'N ', null, '11111111', '1001ZZ1000000000K9CZ', 0, 0, null, 0, -1, 0, -16777216, 12, 20.00000000, 0, 0, null, null, null, 0, 115, 0, 80.00000000, '<nc.vo.pub.print.PrintCellExtVO>
  <height__decimal>0.0</height__decimal>
  <textDirection>0</textDirection>
  <lineSpaceBetween>0</lineSpaceBetween>
  <formatType>0</formatType>
</nc.vo.pub.print.PrintCellExtVO>', null, null, null, '2018-09-17 22:28:34', 'Dialog', '加班登记', null);
INSERT INTO pub_print_cell (bunderline, ccellcode, ccellid, ccombineproperty, ccontentproperty, cisfrozen, cisheadtail, clineproperty, ctemplateid, dr, ffontstyle, fixedstyle, fshadowtype, ibgcolor, ibotlinecolor, ifgcolor, ifonrsize, iheight, ileftlinecolor, irightcolor, isdycolgroup, isdynrowheight, islastpagetrail, istartx, istarty, itoplinecolor, iwidth, options, prepare1, prepare2, table_code, ts, vfontname, vtext, vvar) VALUES ('0', '006001006001', '1001ZZ1000000000K9G8', '0', '0110', 'N ', null, '11111111', '1001ZZ1000000000K9CZ', 0, 0, null, 0, -1, 0, -16777216, 12, 20.00000000, 0, 0, null, null, null, 80, 115, 0, 80.00000000, '<nc.vo.pub.print.PrintCellExtVO>
  <height__decimal>0.0</height__decimal>
  <textDirection>0</textDirection>
  <lineSpaceBetween>0</lineSpaceBetween>
  <formatType>0</formatType>
</nc.vo.pub.print.PrintCellExtVO>', null, null, null, '2018-09-17 22:28:34', 'Dialog', '加班日期', null);
INSERT INTO pub_print_cell (bunderline, ccellcode, ccellid, ccombineproperty, ccontentproperty, cisfrozen, cisheadtail, clineproperty, ctemplateid, dr, ffontstyle, fixedstyle, fshadowtype, ibgcolor, ibotlinecolor, ifgcolor, ifonrsize, iheight, ileftlinecolor, irightcolor, isdycolgroup, isdynrowheight, islastpagetrail, istartx, istarty, itoplinecolor, iwidth, options, prepare1, prepare2, table_code, ts, vfontname, vtext, vvar) VALUES ('0', '006002006002', '1001ZZ1000000000K9G9', '0', '0110', 'N ', null, '11111111', '1001ZZ1000000000K9CZ', 0, 0, null, 0, -1, 0, -16777216, 12, 20.00000000, 0, 0, null, null, null, 160, 115, 0, 80.00000000, '<nc.vo.pub.print.PrintCellExtVO>
  <height__decimal>0.0</height__decimal>
  <textDirection>0</textDirection>
  <lineSpaceBetween>0</lineSpaceBetween>
  <formatType>0</formatType>
</nc.vo.pub.print.PrintCellExtVO>', null, null, null, '2018-09-17 22:28:34', 'Dialog', '加班总时数', null);
INSERT INTO pub_print_cell (bunderline, ccellcode, ccellid, ccombineproperty, ccontentproperty, cisfrozen, cisheadtail, clineproperty, ctemplateid, dr, ffontstyle, fixedstyle, fshadowtype, ibgcolor, ibotlinecolor, ifgcolor, ifonrsize, iheight, ileftlinecolor, irightcolor, isdycolgroup, isdynrowheight, islastpagetrail, istartx, istarty, itoplinecolor, iwidth, options, prepare1, prepare2, table_code, ts, vfontname, vtext, vvar) VALUES ('0', '006003006003', '1001ZZ1000000000K9GA', '0', '0110', 'N ', null, '11111111', '1001ZZ1000000000K9CZ', 0, 0, null, 0, -1, 0, -16777216, 12, 20.00000000, 0, 0, null, null, null, 240, 115, 0, 80.00000000, '<nc.vo.pub.print.PrintCellExtVO>
  <height__decimal>0.0</height__decimal>
  <textDirection>0</textDirection>
  <lineSpaceBetween>0</lineSpaceBetween>
  <formatType>0</formatType>
</nc.vo.pub.print.PrintCellExtVO>', null, null, null, '2018-09-17 22:28:34', 'Dialog', '已使用时数', null);
INSERT INTO pub_print_cell (bunderline, ccellcode, ccellid, ccombineproperty, ccontentproperty, cisfrozen, cisheadtail, clineproperty, ctemplateid, dr, ffontstyle, fixedstyle, fshadowtype, ibgcolor, ibotlinecolor, ifgcolor, ifonrsize, iheight, ileftlinecolor, irightcolor, isdycolgroup, isdynrowheight, islastpagetrail, istartx, istarty, itoplinecolor, iwidth, options, prepare1, prepare2, table_code, ts, vfontname, vtext, vvar) VALUES ('0', '006004006004', '1001ZZ1000000000K9GB', '0', '0110', 'N ', null, '11111111', '1001ZZ1000000000K9CZ', 0, 0, null, 0, -1, 0, -16777216, 12, 20.00000000, 0, 0, null, null, null, 320, 115, 0, 80.00000000, '<nc.vo.pub.print.PrintCellExtVO>
  <height__decimal>0.0</height__decimal>
  <textDirection>0</textDirection>
  <lineSpaceBetween>0</lineSpaceBetween>
  <formatType>0</formatType>
</nc.vo.pub.print.PrintCellExtVO>', null, null, null, '2018-09-17 22:28:34', 'Dialog', '是否有冻结时数', null);
INSERT INTO pub_print_cell (bunderline, ccellcode, ccellid, ccombineproperty, ccontentproperty, cisfrozen, cisheadtail, clineproperty, ctemplateid, dr, ffontstyle, fixedstyle, fshadowtype, ibgcolor, ibotlinecolor, ifgcolor, ifonrsize, iheight, ileftlinecolor, irightcolor, isdycolgroup, isdynrowheight, islastpagetrail, istartx, istarty, itoplinecolor, iwidth, options, prepare1, prepare2, table_code, ts, vfontname, vtext, vvar) VALUES ('0', '006005006005', '1001ZZ1000000000K9GC', '0', '0110', 'N ', null, '00000000', '1001ZZ1000000000K9CZ', 0, 0, null, 0, -1, 0, -16777216, 12, 20.00000000, 0, 0, null, null, null, 400, 115, 0, 80.00000000, '<nc.vo.pub.print.PrintCellExtVO>
  <height__decimal>0.0</height__decimal>
  <textDirection>0</textDirection>
  <lineSpaceBetween>0</lineSpaceBetween>
  <formatType>0</formatType>
</nc.vo.pub.print.PrintCellExtVO>', null, null, null, '2018-09-17 22:28:34', 'Dialog', '', null);
INSERT INTO pub_print_cell (bunderline, ccellcode, ccellid, ccombineproperty, ccontentproperty, cisfrozen, cisheadtail, clineproperty, ctemplateid, dr, ffontstyle, fixedstyle, fshadowtype, ibgcolor, ibotlinecolor, ifgcolor, ifonrsize, iheight, ileftlinecolor, irightcolor, isdycolgroup, isdynrowheight, islastpagetrail, istartx, istarty, itoplinecolor, iwidth, options, prepare1, prepare2, table_code, ts, vfontname, vtext, vvar) VALUES ('0', '006006006006', '1001ZZ1000000000K9GD', '0', '0110', 'N ', null, '00000000', '1001ZZ1000000000K9CZ', 0, 0, null, 0, -1, 0, -16777216, 12, 20.00000000, 0, 0, null, null, null, 480, 115, 0, 80.00000000, '<nc.vo.pub.print.PrintCellExtVO>
  <height__decimal>0.0</height__decimal>
  <textDirection>0</textDirection>
  <lineSpaceBetween>0</lineSpaceBetween>
  <formatType>0</formatType>
</nc.vo.pub.print.PrintCellExtVO>', null, null, null, '2018-09-17 22:28:34', 'Dialog', '', null);
INSERT INTO pub_print_cell (bunderline, ccellcode, ccellid, ccombineproperty, ccontentproperty, cisfrozen, cisheadtail, clineproperty, ctemplateid, dr, ffontstyle, fixedstyle, fshadowtype, ibgcolor, ibotlinecolor, ifgcolor, ifonrsize, iheight, ileftlinecolor, irightcolor, isdycolgroup, isdynrowheight, islastpagetrail, istartx, istarty, itoplinecolor, iwidth, options, prepare1, prepare2, table_code, ts, vfontname, vtext, vvar) VALUES ('0', '007000007000', '1001ZZ1000000000K9GE', '0', '1110', 'N ', null, '11111111', '1001ZZ1000000000K9CZ', 0, 0, null, 0, -1, 0, -16777216, 12, 20.00000000, 0, 0, null, null, null, 0, 135, 0, 80.00000000, '<nc.vo.pub.print.PrintCellExtVO>
  <height__decimal>0.0</height__decimal>
  <textDirection>0</textDirection>
  <lineSpaceBetween>0</lineSpaceBetween>
  <formatType>0</formatType>
</nc.vo.pub.print.PrintCellExtVO>', null, null, null, '2018-09-17 22:28:34', 'Dialog', '加班登记', 'pk_balancedetail.pk_overtimereg.pk_psndoc.name');
INSERT INTO pub_print_cell (bunderline, ccellcode, ccellid, ccombineproperty, ccontentproperty, cisfrozen, cisheadtail, clineproperty, ctemplateid, dr, ffontstyle, fixedstyle, fshadowtype, ibgcolor, ibotlinecolor, ifgcolor, ifonrsize, iheight, ileftlinecolor, irightcolor, isdycolgroup, isdynrowheight, islastpagetrail, istartx, istarty, itoplinecolor, iwidth, options, prepare1, prepare2, table_code, ts, vfontname, vtext, vvar) VALUES ('0', '007001007001', '1001ZZ1000000000K9GF', '0', '1110', 'N ', null, '11111111', '1001ZZ1000000000K9CZ', 0, 0, null, 0, -1, 0, -16777216, 12, 20.00000000, 0, 0, null, null, null, 80, 135, 0, 80.00000000, '<nc.vo.pub.print.PrintCellExtVO>
  <height__decimal>0.0</height__decimal>
  <textDirection>0</textDirection>
  <lineSpaceBetween>0</lineSpaceBetween>
  <formatType>0</formatType>
</nc.vo.pub.print.PrintCellExtVO>', null, null, null, '2018-09-17 22:28:34', 'Dialog', '加班日期', 'pk_balancedetail.calendar');
INSERT INTO pub_print_cell (bunderline, ccellcode, ccellid, ccombineproperty, ccontentproperty, cisfrozen, cisheadtail, clineproperty, ctemplateid, dr, ffontstyle, fixedstyle, fshadowtype, ibgcolor, ibotlinecolor, ifgcolor, ifonrsize, iheight, ileftlinecolor, irightcolor, isdycolgroup, isdynrowheight, islastpagetrail, istartx, istarty, itoplinecolor, iwidth, options, prepare1, prepare2, table_code, ts, vfontname, vtext, vvar) VALUES ('0', '007002007002', '1001ZZ1000000000K9GG', '0', '1110', 'N ', null, '11111111', '1001ZZ1000000000K9CZ', 0, 0, null, 0, -1, 0, -16777216, 12, 20.00000000, 0, 0, null, null, null, 160, 135, 0, 80.00000000, '<nc.vo.pub.print.PrintCellExtVO>
  <height__decimal>0.0</height__decimal>
  <textDirection>0</textDirection>
  <lineSpaceBetween>0</lineSpaceBetween>
  <formatType>0</formatType>
</nc.vo.pub.print.PrintCellExtVO>', null, null, null, '2018-09-17 22:28:34', 'Dialog', '加班总时数', 'pk_balancedetail.overtimehours');
INSERT INTO pub_print_cell (bunderline, ccellcode, ccellid, ccombineproperty, ccontentproperty, cisfrozen, cisheadtail, clineproperty, ctemplateid, dr, ffontstyle, fixedstyle, fshadowtype, ibgcolor, ibotlinecolor, ifgcolor, ifonrsize, iheight, ileftlinecolor, irightcolor, isdycolgroup, isdynrowheight, islastpagetrail, istartx, istarty, itoplinecolor, iwidth, options, prepare1, prepare2, table_code, ts, vfontname, vtext, vvar) VALUES ('0', '007003007003', '1001ZZ1000000000K9GH', '0', '1110', 'N ', null, '11111111', '1001ZZ1000000000K9CZ', 0, 0, null, 0, -1, 0, -16777216, 12, 20.00000000, 0, 0, null, null, null, 240, 135, 0, 80.00000000, '<nc.vo.pub.print.PrintCellExtVO>
  <height__decimal>0.0</height__decimal>
  <textDirection>0</textDirection>
  <lineSpaceBetween>0</lineSpaceBetween>
  <formatType>0</formatType>
</nc.vo.pub.print.PrintCellExtVO>', null, null, null, '2018-09-17 22:28:34', 'Dialog', '已使用时数', 'pk_balancedetail.consumedhours');
INSERT INTO pub_print_cell (bunderline, ccellcode, ccellid, ccombineproperty, ccontentproperty, cisfrozen, cisheadtail, clineproperty, ctemplateid, dr, ffontstyle, fixedstyle, fshadowtype, ibgcolor, ibotlinecolor, ifgcolor, ifonrsize, iheight, ileftlinecolor, irightcolor, isdycolgroup, isdynrowheight, islastpagetrail, istartx, istarty, itoplinecolor, iwidth, options, prepare1, prepare2, table_code, ts, vfontname, vtext, vvar) VALUES ('0', '007004007004', '1001ZZ1000000000K9GI', '0', '1110', 'N ', null, '11111111', '1001ZZ1000000000K9CZ', 0, 0, null, 0, -1, 0, -16777216, 12, 20.00000000, 0, 0, null, null, null, 320, 135, 0, 80.00000000, '<nc.vo.pub.print.PrintCellExtVO>
  <height__decimal>0.0</height__decimal>
  <textDirection>0</textDirection>
  <lineSpaceBetween>0</lineSpaceBetween>
  <formatType>0</formatType>
</nc.vo.pub.print.PrintCellExtVO>', null, null, null, '2018-09-17 22:28:34', 'Dialog', '是否有冻结时数', 'pk_balancedetail.hasfrozen');
INSERT INTO pub_print_cell (bunderline, ccellcode, ccellid, ccombineproperty, ccontentproperty, cisfrozen, cisheadtail, clineproperty, ctemplateid, dr, ffontstyle, fixedstyle, fshadowtype, ibgcolor, ibotlinecolor, ifgcolor, ifonrsize, iheight, ileftlinecolor, irightcolor, isdycolgroup, isdynrowheight, islastpagetrail, istartx, istarty, itoplinecolor, iwidth, options, prepare1, prepare2, table_code, ts, vfontname, vtext, vvar) VALUES ('0', '007005007005', '1001ZZ1000000000K9GJ', '0', '0110', 'N ', null, '00000000', '1001ZZ1000000000K9CZ', 0, 0, null, 0, -1, 0, -16777216, 12, 20.00000000, 0, 0, null, null, null, 400, 135, 0, 80.00000000, '<nc.vo.pub.print.PrintCellExtVO>
  <height__decimal>0.0</height__decimal>
  <textDirection>0</textDirection>
  <lineSpaceBetween>0</lineSpaceBetween>
  <formatType>0</formatType>
</nc.vo.pub.print.PrintCellExtVO>', null, null, null, '2018-09-17 22:28:34', 'Dialog', '', null);
INSERT INTO pub_print_cell (bunderline, ccellcode, ccellid, ccombineproperty, ccontentproperty, cisfrozen, cisheadtail, clineproperty, ctemplateid, dr, ffontstyle, fixedstyle, fshadowtype, ibgcolor, ibotlinecolor, ifgcolor, ifonrsize, iheight, ileftlinecolor, irightcolor, isdycolgroup, isdynrowheight, islastpagetrail, istartx, istarty, itoplinecolor, iwidth, options, prepare1, prepare2, table_code, ts, vfontname, vtext, vvar) VALUES ('0', '007006007006', '1001ZZ1000000000K9GK', '0', '0110', 'N ', null, '00000000', '1001ZZ1000000000K9CZ', 0, 0, null, 0, -1, 0, -16777216, 12, 20.00000000, 0, 0, null, null, null, 480, 135, 0, 80.00000000, '<nc.vo.pub.print.PrintCellExtVO>
  <height__decimal>0.0</height__decimal>
  <textDirection>0</textDirection>
  <lineSpaceBetween>0</lineSpaceBetween>
  <formatType>0</formatType>
</nc.vo.pub.print.PrintCellExtVO>', null, null, null, '2018-09-17 22:28:34', 'Dialog', '', null);
INSERT INTO pub_print_cell (bunderline, ccellcode, ccellid, ccombineproperty, ccontentproperty, cisfrozen, cisheadtail, clineproperty, ctemplateid, dr, ffontstyle, fixedstyle, fshadowtype, ibgcolor, ibotlinecolor, ifgcolor, ifonrsize, iheight, ileftlinecolor, irightcolor, isdycolgroup, isdynrowheight, islastpagetrail, istartx, istarty, itoplinecolor, iwidth, options, prepare1, prepare2, table_code, ts, vfontname, vtext, vvar) VALUES ('0', '008000008000', '1001ZZ1000000000K9GL', '1008000', '0020', 'Y ', null, '00000000', '1001ZZ1000000000K9CZ', 0, 1, null, 0, -1, 0, -16777216, 12, 5.00000000, 0, 0, null, null, null, 0, 155, 0, 80.00000000, '<nc.vo.pub.print.PrintCellExtVO>
  <height__decimal>0.0</height__decimal>
  <textDirection>0</textDirection>
  <lineSpaceBetween>0</lineSpaceBetween>
  <formatType>0</formatType>
</nc.vo.pub.print.PrintCellExtVO>', null, null, null, '2018-09-17 22:28:34', 'Dialog', '', null);
INSERT INTO pub_print_cell (bunderline, ccellcode, ccellid, ccombineproperty, ccontentproperty, cisfrozen, cisheadtail, clineproperty, ctemplateid, dr, ffontstyle, fixedstyle, fshadowtype, ibgcolor, ibotlinecolor, ifgcolor, ifonrsize, iheight, ileftlinecolor, irightcolor, isdycolgroup, isdynrowheight, islastpagetrail, istartx, istarty, itoplinecolor, iwidth, options, prepare1, prepare2, table_code, ts, vfontname, vtext, vvar) VALUES ('0', '008000008006', '1001ZZ1000000000K9GS', '0', '0020', 'Y ', null, '00000000', '1001ZZ1000000000K9CZ', 0, 1, null, 0, -1, 0, -16777216, 12, 5.00000000, 0, 0, null, null, null, 0, 155, 0, 560.00000000, '<nc.vo.pub.print.PrintCellExtVO>
  <height__decimal>0.0</height__decimal>
  <textDirection>0</textDirection>
  <lineSpaceBetween>0</lineSpaceBetween>
  <formatType>0</formatType>
</nc.vo.pub.print.PrintCellExtVO>', null, null, null, '2018-09-17 22:28:34', 'Dialog', '', null);
INSERT INTO pub_print_cell (bunderline, ccellcode, ccellid, ccombineproperty, ccontentproperty, cisfrozen, cisheadtail, clineproperty, ctemplateid, dr, ffontstyle, fixedstyle, fshadowtype, ibgcolor, ibotlinecolor, ifgcolor, ifonrsize, iheight, ileftlinecolor, irightcolor, isdycolgroup, isdynrowheight, islastpagetrail, istartx, istarty, itoplinecolor, iwidth, options, prepare1, prepare2, table_code, ts, vfontname, vtext, vvar) VALUES ('0', '008001008001', '1001ZZ1000000000K9GM', '1008000', '0020', 'Y ', null, '00000000', '1001ZZ1000000000K9CZ', 0, 1, null, 0, -1, 0, -16777216, 12, 5.00000000, 0, 0, null, null, null, 80, 155, 0, 80.00000000, '<nc.vo.pub.print.PrintCellExtVO>
  <height__decimal>0.0</height__decimal>
  <textDirection>0</textDirection>
  <lineSpaceBetween>0</lineSpaceBetween>
  <formatType>0</formatType>
</nc.vo.pub.print.PrintCellExtVO>', null, null, null, '2018-09-17 22:28:34', 'Dialog', '', null);
INSERT INTO pub_print_cell (bunderline, ccellcode, ccellid, ccombineproperty, ccontentproperty, cisfrozen, cisheadtail, clineproperty, ctemplateid, dr, ffontstyle, fixedstyle, fshadowtype, ibgcolor, ibotlinecolor, ifgcolor, ifonrsize, iheight, ileftlinecolor, irightcolor, isdycolgroup, isdynrowheight, islastpagetrail, istartx, istarty, itoplinecolor, iwidth, options, prepare1, prepare2, table_code, ts, vfontname, vtext, vvar) VALUES ('0', '008002008002', '1001ZZ1000000000K9GN', '1008000', '0020', 'Y ', null, '00000000', '1001ZZ1000000000K9CZ', 0, 1, null, 0, -1, 0, -16777216, 12, 5.00000000, 0, 0, null, null, null, 160, 155, 0, 80.00000000, '<nc.vo.pub.print.PrintCellExtVO>
  <height__decimal>0.0</height__decimal>
  <textDirection>0</textDirection>
  <lineSpaceBetween>0</lineSpaceBetween>
  <formatType>0</formatType>
</nc.vo.pub.print.PrintCellExtVO>', null, null, null, '2018-09-17 22:28:34', 'Dialog', '', null);
INSERT INTO pub_print_cell (bunderline, ccellcode, ccellid, ccombineproperty, ccontentproperty, cisfrozen, cisheadtail, clineproperty, ctemplateid, dr, ffontstyle, fixedstyle, fshadowtype, ibgcolor, ibotlinecolor, ifgcolor, ifonrsize, iheight, ileftlinecolor, irightcolor, isdycolgroup, isdynrowheight, islastpagetrail, istartx, istarty, itoplinecolor, iwidth, options, prepare1, prepare2, table_code, ts, vfontname, vtext, vvar) VALUES ('0', '008003008003', '1001ZZ1000000000K9GO', '1008000', '0020', 'Y ', null, '00000000', '1001ZZ1000000000K9CZ', 0, 1, null, 0, -1, 0, -16777216, 12, 5.00000000, 0, 0, null, null, null, 240, 155, 0, 80.00000000, '<nc.vo.pub.print.PrintCellExtVO>
  <height__decimal>0.0</height__decimal>
  <textDirection>0</textDirection>
  <lineSpaceBetween>0</lineSpaceBetween>
  <formatType>0</formatType>
</nc.vo.pub.print.PrintCellExtVO>', null, null, null, '2018-09-17 22:28:34', 'Dialog', '', null);
INSERT INTO pub_print_cell (bunderline, ccellcode, ccellid, ccombineproperty, ccontentproperty, cisfrozen, cisheadtail, clineproperty, ctemplateid, dr, ffontstyle, fixedstyle, fshadowtype, ibgcolor, ibotlinecolor, ifgcolor, ifonrsize, iheight, ileftlinecolor, irightcolor, isdycolgroup, isdynrowheight, islastpagetrail, istartx, istarty, itoplinecolor, iwidth, options, prepare1, prepare2, table_code, ts, vfontname, vtext, vvar) VALUES ('0', '008004008004', '1001ZZ1000000000K9GP', '1008000', '0020', 'Y ', null, '00000000', '1001ZZ1000000000K9CZ', 0, 1, null, 0, -1, 0, -16777216, 12, 5.00000000, 0, 0, null, null, null, 320, 155, 0, 80.00000000, '<nc.vo.pub.print.PrintCellExtVO>
  <height__decimal>0.0</height__decimal>
  <textDirection>0</textDirection>
  <lineSpaceBetween>0</lineSpaceBetween>
  <formatType>0</formatType>
</nc.vo.pub.print.PrintCellExtVO>', null, null, null, '2018-09-17 22:28:34', 'Dialog', '', null);
INSERT INTO pub_print_cell (bunderline, ccellcode, ccellid, ccombineproperty, ccontentproperty, cisfrozen, cisheadtail, clineproperty, ctemplateid, dr, ffontstyle, fixedstyle, fshadowtype, ibgcolor, ibotlinecolor, ifgcolor, ifonrsize, iheight, ileftlinecolor, irightcolor, isdycolgroup, isdynrowheight, islastpagetrail, istartx, istarty, itoplinecolor, iwidth, options, prepare1, prepare2, table_code, ts, vfontname, vtext, vvar) VALUES ('0', '008005008005', '1001ZZ1000000000K9GQ', '1008000', '0020', 'Y ', null, '00000000', '1001ZZ1000000000K9CZ', 0, 1, null, 0, -1, 0, -16777216, 12, 5.00000000, 0, 0, null, null, null, 400, 155, 0, 80.00000000, '<nc.vo.pub.print.PrintCellExtVO>
  <height__decimal>0.0</height__decimal>
  <textDirection>0</textDirection>
  <lineSpaceBetween>0</lineSpaceBetween>
  <formatType>0</formatType>
</nc.vo.pub.print.PrintCellExtVO>', null, null, null, '2018-09-17 22:28:34', 'Dialog', '', null);
INSERT INTO pub_print_cell (bunderline, ccellcode, ccellid, ccombineproperty, ccontentproperty, cisfrozen, cisheadtail, clineproperty, ctemplateid, dr, ffontstyle, fixedstyle, fshadowtype, ibgcolor, ibotlinecolor, ifgcolor, ifonrsize, iheight, ileftlinecolor, irightcolor, isdycolgroup, isdynrowheight, islastpagetrail, istartx, istarty, itoplinecolor, iwidth, options, prepare1, prepare2, table_code, ts, vfontname, vtext, vvar) VALUES ('0', '008006008006', '1001ZZ1000000000K9GR', '1008000', '0020', 'Y ', null, '00000000', '1001ZZ1000000000K9CZ', 0, 1, null, 0, -1, 0, -16777216, 12, 5.00000000, 0, 0, null, null, null, 480, 155, 0, 80.00000000, '<nc.vo.pub.print.PrintCellExtVO>
  <height__decimal>0.0</height__decimal>
  <textDirection>0</textDirection>
  <lineSpaceBetween>0</lineSpaceBetween>
  <formatType>0</formatType>
</nc.vo.pub.print.PrintCellExtVO>', null, null, null, '2018-09-17 22:28:34', 'Dialog', '', null);

delete from pub_systemplate_base where funnode = '6017otleavebalance';
INSERT INTO pub_systemplate_base (devorg, dr, funnode, layer, moduleid, nodekey, pk_country, pk_industry, pk_systemplate, templateid, tempstyle, ts) VALUES ('~', 0, '6017otleavebalance', -1, '6017', 'bt', '~', '~', '1001ZZ1000000000K9GU', '1001ZZ1000000000K8EK', 0, '2018-09-17 22:29:37');
INSERT INTO pub_systemplate_base (devorg, dr, funnode, layer, moduleid, nodekey, pk_country, pk_industry, pk_systemplate, templateid, tempstyle, ts) VALUES ('~', 0, '6017otleavebalance', -1, '6017', 'qt', '~', '~', '1001ZZ1000000000K9GV', '1001ZZ1000000000K969', 1, '2018-09-17 22:29:37');
INSERT INTO pub_systemplate_base (devorg, dr, funnode, layer, moduleid, nodekey, pk_country, pk_industry, pk_systemplate, templateid, tempstyle, ts) VALUES ('~', 0, '6017otleavebalance', -1, '6017', 'ot', '~', '~', '1001ZZ1000000000K9GW', '1001ZZ1000000000K9CZ', 3, '2018-09-17 22:29:37');

delete from sm_paramregister where parentid = '1001ZZ1000000000K631';
INSERT INTO sm_paramregister (dr, paramname, paramvalue, parentid, pk_param, ts) VALUES (0, 'BeanConfigFilePath', 'nc/ui/overtime/otleavebalance/view/otleavebalance_config.xml', '1001ZZ1000000000K631', '1001ZZ1000000000K964', '2018-09-17 18:11:10');

delete from sm_paramregister where parentid = '1001ZZ1000000000K96D';
INSERT INTO sm_paramregister (dr, paramname, paramvalue, parentid, pk_param, ts) VALUES (0, 'BeanConfigFilePath', 'nc/ui/overtime/segrule/ace/view/Segrule_config.xml', '1001ZZ1000000000K96D', '1001ZZ1000000000K96E', '2018-09-17 18:41:27');

DELETE FROM sm_funcregister WHERE cfunid = '1001ZZ1000000000K96D';
INSERT INTO sm_funcregister (cfunid, class_name, dr, fun_desc, fun_name, fun_property, funcode, funtype, help_name, isbuttonpower, iscauserusable, isenable, isfunctype, mdid, orgtypecode, own_module, parent_id, pk_group, ts) VALUES ('1001ZZ1000000000K96D', 'nc.ui.uif2.ToftPanelAdaptor', 0, null, '加班分段依據', 0, '60170segrule', 0, null, null, 'N', 'Y', 'N', 'e609056c-ba06-4ee1-9fbf-23640c7cb5df', 'HRORGTYPE00000000000', '6017', '1002Z71000000001VJHF', '~', '2018-09-17 18:40:48');

DELETE FROM sm_funcregister WHERE cfunid = '1001ZZ1000000000K631';
INSERT INTO sm_funcregister (cfunid, class_name, dr, fun_desc, fun_name, fun_property, funcode, funtype, help_name, isbuttonpower, iscauserusable, isenable, isfunctype, mdid, orgtypecode, own_module, parent_id, pk_group, ts) VALUES ('1001ZZ1000000000K631', 'nc.ui.uif2.ToftPanelAdaptor', 0, null, '補休假假勤明細', 0, '6017otleavebalance', 0, null, null, 'N', 'Y', 'N', '7e6ca204-f9ba-4630-9361-529279dd4e88', 'HRORGTYPE00000000000', '6017', '1002Z71000000001VJHH', '~', '2018-09-17 14:45:07');

delete from sm_menuitemreg where pk_menuitem = '1001ZZ1000000000K96F';
INSERT INTO sm_menuitemreg (dr, funcode, iconpath, ismenutype, menudes, menuitemcode, menuitemname, nodeorder, pk_menu, pk_menuitem, resid, ts) VALUES (0, '60170segrule', null, 'N', null, '6017100110', '加班分段依据', null, (select pk_menu from sm_menuregister where isenable='Y' ), '1001ZZ1000000000K96F', 'D6017100110', '2018-09-17 18:42:37');

delete from sm_menuitemreg where pk_menuitem = '1001ZZ1000000000K96G';
INSERT INTO sm_menuitemreg (dr, funcode, iconpath, ismenutype, menudes, menuitemcode, menuitemname, nodeorder, pk_menu, pk_menuitem, resid, ts) VALUES (0, '6017otleavebalance', null, 'N', null, '6017100420', '补休假假勤明细', null, (select pk_menu from sm_menuregister where isenable='Y' ), '1001ZZ1000000000K96G', 'D6017100420', '2018-09-17 18:43:39');

DELETE FROM PUB_SYSINITTEMP WHERE INITCODE IN ('TBMOTLMTBY','TBMOTSEG','TBMOTTYPE');
INSERT INTO PUB_SYSINITTEMP (AFTERCLASS, APPTAG, CHECKCLASS, DATACLASS, DATAORIGINFLAG, DEFAULTVALUE, DOMAINFLAG, DR, EDITCOMPONENTCTRLCLASS, GROUPCODE, GROUPNAME, INITCODE, INITNAME, MAINFLAG, MUTEXFLAG, ORGTYPECONVERTMODE, PARATYPE, PK_ORGTYPE, PK_REFINFO, PK_SYSINITTEMP, REMARK, SHOWFLAG, STATEFLAG, SYSFLAG, SYSINDEX, TS, VALUELIST, VALUETYPE) VALUES (null, null, null, null, 0, '0', '6017', 0, null, '~', null, 'TBMOTLMTBY', '加班上限週期管理級別', 'N', 0, 'HRORGTYPE00000000000', 'business', 'HRORGTYPE00000000000', '~', '1001ZZ10000000019ZZZ', '用於控制加班上限管理範圍的級別，可選擇按公司、部門或個人管理', 'Y', 1, 'N', 0, '2018-05-22 15:38:18', 'C,公司=0,部門=1,人員=2', 2);
INSERT INTO PUB_SYSINITTEMP (AFTERCLASS, APPTAG, CHECKCLASS, DATACLASS, DATAORIGINFLAG, DEFAULTVALUE, DOMAINFLAG, DR, EDITCOMPONENTCTRLCLASS, GROUPCODE, GROUPNAME, INITCODE, INITNAME, MAINFLAG, MUTEXFLAG, ORGTYPECONVERTMODE, PARATYPE, PK_ORGTYPE, PK_REFINFO, PK_SYSINITTEMP, REMARK, SHOWFLAG, STATEFLAG, SYSFLAG, SYSINDEX, TS, VALUELIST, VALUETYPE) VALUES (null, null, null, null, 0, 'N', '6017', null, null, '~', null, 'TBMOTSEG', '啟用加班分段先進先出管理', 'N', 0, 'HRORGTYPE00000000000', 'business', 'HRORGTYPE00000000000', '~', '1001ZZ10000000019XKR', '用於判斷是否啟用加班分段先進先出功能，包含加班分段註冊及消耗。', 'Y', 2, 'N', 0, '2018-05-20 14:12:56', 'Y/N', 1);
INSERT INTO PUB_SYSINITTEMP (AFTERCLASS, APPTAG, CHECKCLASS, DATACLASS, DATAORIGINFLAG, DEFAULTVALUE, DOMAINFLAG, DR, EDITCOMPONENTCTRLCLASS, GROUPCODE, GROUPNAME, INITCODE, INITNAME, MAINFLAG, MUTEXFLAG, ORGTYPECONVERTMODE, PARATYPE, PK_ORGTYPE, PK_REFINFO, PK_SYSINITTEMP, REMARK, SHOWFLAG, STATEFLAG, SYSFLAG, SYSINDEX, TS, VALUELIST, VALUETYPE) VALUES (null, null, null, null, 0, null, '6017', null, null, '~', null, 'TBMOTTYPE', '加班分段休假類別编码', 'N', 0, 'HRORGTYPE00000000000', 'business', 'HRORGTYPE00000000000', '~', '1001ZZ10000000019WS3', '用於加班轉調休的休假類別编码，用於加班分段依據先進先出對加班的判斷', 'Y', 0, 'N', 0, '2018-05-20 12:51:34', null, 2);