
delete md_association where ( componentid in ('c314d979-3ddd-47a2-adb1-12c2640d9ef0') and (dr=0 or dr is null) );


delete md_property where ( classid in ('28b94d24-6d65-4cc5-b6ac-ca1b638b0da3', '317f74f8-7bc5-4496-a51b-0648ffbfd48b', '857905ba-ebee-418d-870b-9ad15119e091', 'e18475d0-13d8-4a62-b4ea-51959399fa36') and (dr=0 or dr is null) );


delete md_db_relation where ( endtableid in ('twhr_waitem_30', 'wa_item') and (dr=0 or dr is null) );


delete md_db_relation where ( starttableid in ('twhr_waitem_30', 'wa_item') and (dr=0 or dr is null) );


delete md_column where ( tableid in ('twhr_waitem_30', 'wa_item') and (dr=0 or dr is null) );


delete md_table where ( id in ('wa_item', 'twhr_waitem_30') and (dr=0 or dr is null) );


delete md_ormap where ( classid in ('28b94d24-6d65-4cc5-b6ac-ca1b638b0da3', '317f74f8-7bc5-4496-a51b-0648ffbfd48b', '857905ba-ebee-418d-870b-9ad15119e091', 'e18475d0-13d8-4a62-b4ea-51959399fa36') and (dr=0 or dr is null) );


delete md_bizitfmap where ( classid in ('28b94d24-6d65-4cc5-b6ac-ca1b638b0da3', '317f74f8-7bc5-4496-a51b-0648ffbfd48b', '857905ba-ebee-418d-870b-9ad15119e091', 'e18475d0-13d8-4a62-b4ea-51959399fa36') and (dr=0 or dr is null) );


delete md_enumvalue where ( id in ('28b94d24-6d65-4cc5-b6ac-ca1b638b0da3', '317f74f8-7bc5-4496-a51b-0648ffbfd48b', '857905ba-ebee-418d-870b-9ad15119e091', 'e18475d0-13d8-4a62-b4ea-51959399fa36') and (dr=0 or dr is null) );


delete md_class where ( componentid in ('c314d979-3ddd-47a2-adb1-12c2640d9ef0') and (dr=0 or dr is null) );


delete md_component where ( id='c314d979-3ddd-47a2-adb1-12c2640d9ef0' and (versiontype='0') and (dr=0 or dr is null) );



insert into md_component(createtime,creator,description,displayname,dr,fromsourcebmf,help,id,industry,isbizmodel,modifier,modifytime,name,namespace,ownmodule,preload,resid,resmodule,ts,version,versiontype) values( '2009-08-26 16:43:40','zhoucx',null,'公共薪资项目',null,'Y','BDMODE,URC,DOC','c314d979-3ddd-47a2-adb1-12c2640d9ef0','0','N','YONYOU NC','2018-09-22 15:24:17','waitem','hrwa','hrwa',null,'2waitem-000017','waitem','2018-09-22 15:28:42','108',0);



insert into md_class(accessorclassname,bizitfimpclassname,classtype,componentid,createtime,creator,defaulttablename,description,displayname,dr,fixedlength,fullclassname,help,id,industry,isactive,isauthen,iscreatesql,isextendbean,isprimary,keyattribute,modifier,modifytime,modinfoclassname,name,parentclassid,precise,refmodelname,resid,returntype,stereotype,ts,userdefclassname,versiontype) values( null,null,203,'c314d979-3ddd-47a2-adb1-12c2640d9ef0','2009-09-07 14:24:05',null,'fromenum',null,'数据来源',null,null,'nc.vo.wa.item.FromEnumVO',null,'28b94d24-6d65-4cc5-b6ac-ca1b638b0da3','0',null,null,null,null,'N',null,'YONYOU NC','2018-09-22 15:24:17',null,'fromenum',null,null,null,'2UC000-000455','BS000010000100001004',null,'2018-09-22 15:28:42',null,0);

insert into md_class(accessorclassname,bizitfimpclassname,classtype,componentid,createtime,creator,defaulttablename,description,displayname,dr,fixedlength,fullclassname,help,id,industry,isactive,isauthen,iscreatesql,isextendbean,isprimary,keyattribute,modifier,modifytime,modinfoclassname,name,parentclassid,precise,refmodelname,resid,returntype,stereotype,ts,userdefclassname,versiontype) values( 'nc.md.model.access.javamap.NCBeanStyle',null,201,'c314d979-3ddd-47a2-adb1-12c2640d9ef0','2009-08-26 16:52:43','zhoucx','wa_item',null,'公共薪资项目',null,null,'nc.vo.wa.item.WaItemVO','URC,DOC','317f74f8-7bc5-4496-a51b-0648ffbfd48b','0',null,'Y','Y',null,'Y','f00f9bbb-f57d-4070-85ad-551b7b39b709','YONYOU NC','2018-09-22 15:27:46',null,'waitem',null,null,'公共薪资项目;公共薪资项目（grade）;公共薪资项目（classitem）','2waitem-000017',null,null,'2018-09-22 15:28:42',null,0);

insert into md_class(accessorclassname,bizitfimpclassname,classtype,componentid,createtime,creator,defaulttablename,description,displayname,dr,fixedlength,fullclassname,help,id,industry,isactive,isauthen,iscreatesql,isextendbean,isprimary,keyattribute,modifier,modifytime,modinfoclassname,name,parentclassid,precise,refmodelname,resid,returntype,stereotype,ts,userdefclassname,versiontype) values( null,null,203,'c314d979-3ddd-47a2-adb1-12c2640d9ef0','2009-09-07 22:30:57',null,'typeenum',null,'数据类型',null,null,'nc.vo.hr.itemsource.TypeEnumVO',null,'857905ba-ebee-418d-870b-9ad15119e091','0',null,null,null,null,'N',null,'YONYOU NC','2018-09-22 15:24:17',null,'typeenum',null,null,null,'2UC000-000458','BS000010000100001004',null,'2018-09-22 15:28:42',null,0);

insert into md_class(accessorclassname,bizitfimpclassname,classtype,componentid,createtime,creator,defaulttablename,description,displayname,dr,fixedlength,fullclassname,help,id,industry,isactive,isauthen,iscreatesql,isextendbean,isprimary,keyattribute,modifier,modifytime,modinfoclassname,name,parentclassid,precise,refmodelname,resid,returntype,stereotype,ts,userdefclassname,versiontype) values( null,null,203,'c314d979-3ddd-47a2-adb1-12c2640d9ef0','2009-09-07 22:30:04',null,'propertyenum',null,'增减属性',null,null,'nc.vo.wa.item.PropertyEnumVO',null,'e18475d0-13d8-4a62-b4ea-51959399fa36','0',null,null,null,null,'N',null,'YONYOU NC','2018-09-22 15:24:17',null,'propertyenum',null,null,null,'2waitem-000020','BS000010000100001004',null,'2018-09-22 15:28:42',null,0);



insert into md_enumvalue(description,dr,enumsequence,hidden,id,industry,name,resid,ts,value,versiontype) values( 'formula',null,0,'N','28b94d24-6d65-4cc5-b6ac-ca1b638b0da3','0','由公式计算','2waitem-000011','2018-09-22 15:28:42','0',0);

insert into md_enumvalue(description,dr,enumsequence,hidden,id,industry,name,resid,ts,value,versiontype) values( 'wa_wageform',null,1,'N','28b94d24-6d65-4cc5-b6ac-ca1b638b0da3','0','按薪资规则表','2waitem-000010','2018-09-22 15:28:42','1',0);

insert into md_enumvalue(description,dr,enumsequence,hidden,id,industry,name,resid,ts,value,versiontype) values( 'bm',null,10,'N','28b94d24-6d65-4cc5-b6ac-ca1b638b0da3','0','其他系统社保','2waitem-000052','2018-09-22 15:28:42','10',0);

insert into md_enumvalue(description,dr,enumsequence,hidden,id,industry,name,resid,ts,value,versiontype) values( 'pe',null,11,'N','28b94d24-6d65-4cc5-b6ac-ca1b638b0da3','0','其他系统绩效','2waitem-000053','2018-09-22 15:28:42','11',0);

insert into md_enumvalue(description,dr,enumsequence,hidden,id,industry,name,resid,ts,value,versiontype) values( 'othersource',null,12,'N','28b94d24-6d65-4cc5-b6ac-ca1b638b0da3','0','外部数据源',null,'2018-09-22 15:28:42','12',0);

insert into md_enumvalue(description,dr,enumsequence,hidden,id,industry,name,resid,ts,value,versiontype) values( 'twhr',null,13,'N','28b94d24-6d65-4cc5-b6ac-ca1b638b0da3','0','劳健保参数',null,'2018-09-22 15:28:42','13',0);

insert into md_enumvalue(description,dr,enumsequence,hidden,id,industry,name,resid,ts,value,versiontype) values( 'user_input',null,2,'N','28b94d24-6d65-4cc5-b6ac-ca1b638b0da3','0','手工输入','2waitem-000031','2018-09-22 15:28:42','2',0);

insert into md_enumvalue(description,dr,enumsequence,hidden,id,industry,name,resid,ts,value,versiontype) values( 'fix_value',null,3,'N','28b94d24-6d65-4cc5-b6ac-ca1b638b0da3','0','固定值','2waitem-000042','2018-09-22 15:28:42','3',0);

insert into md_enumvalue(description,dr,enumsequence,hidden,id,industry,name,resid,ts,value,versiontype) values( 'wa_grade',null,4,'N','28b94d24-6d65-4cc5-b6ac-ca1b638b0da3','0','按薪资标准表','2waitem-000038','2018-09-22 15:28:42','4',0);

insert into md_enumvalue(description,dr,enumsequence,hidden,id,industry,name,resid,ts,value,versiontype) values( 'other_system',null,5,'N','28b94d24-6d65-4cc5-b6ac-ca1b638b0da3','0','其他系统(组)','2waitem-000000','2018-09-22 15:28:42','5',0);

insert into md_enumvalue(description,dr,enumsequence,hidden,id,industry,name,resid,ts,value,versiontype) values( 'waorther',null,6,'N','28b94d24-6d65-4cc5-b6ac-ca1b638b0da3','0','其他系统','2waitem-000039','2018-09-22 15:28:42','6',0);

insert into md_enumvalue(description,dr,enumsequence,hidden,id,industry,name,resid,ts,value,versiontype) values( 'hi',null,7,'N','28b94d24-6d65-4cc5-b6ac-ca1b638b0da3','0','其他系统人事','2waitem-000037','2018-09-22 15:28:42','7',0);

insert into md_enumvalue(description,dr,enumsequence,hidden,id,industry,name,resid,ts,value,versiontype) values( 'timescollect',null,8,'N','28b94d24-6d65-4cc5-b6ac-ca1b638b0da3','0','发放次数汇总','2waitem-000043','2018-09-22 15:28:42','8',0);

insert into md_enumvalue(description,dr,enumsequence,hidden,id,industry,name,resid,ts,value,versiontype) values( 'ta',null,9,'N','28b94d24-6d65-4cc5-b6ac-ca1b638b0da3','0','其他系统考勤','2waitem-000048','2018-09-22 15:28:42','9',0);

insert into md_enumvalue(description,dr,enumsequence,hidden,id,industry,name,resid,ts,value,versiontype) values( 'floatType',null,0,'N','857905ba-ebee-418d-870b-9ad15119e091','0','数值型','2waitem-000024','2018-09-22 15:28:42','0',0);

insert into md_enumvalue(description,dr,enumsequence,hidden,id,industry,name,resid,ts,value,versiontype) values( 'charType',null,1,'N','857905ba-ebee-418d-870b-9ad15119e091','0','字符型','2waitem-000034','2018-09-22 15:28:42','1',0);

insert into md_enumvalue(description,dr,enumsequence,hidden,id,industry,name,resid,ts,value,versiontype) values( 'dateType',null,2,'N','857905ba-ebee-418d-870b-9ad15119e091','0','日期型','2waitem-000001','2018-09-22 15:28:42','2',0);

insert into md_enumvalue(description,dr,enumsequence,hidden,id,industry,name,resid,ts,value,versiontype) values( 'add',null,0,'N','e18475d0-13d8-4a62-b4ea-51959399fa36','0','增项','2waitem-000016','2018-09-22 15:28:42','0',0);

insert into md_enumvalue(description,dr,enumsequence,hidden,id,industry,name,resid,ts,value,versiontype) values( 'minus',null,1,'N','e18475d0-13d8-4a62-b4ea-51959399fa36','0','减项','2waitem-000008','2018-09-22 15:28:42','1',0);

insert into md_enumvalue(description,dr,enumsequence,hidden,id,industry,name,resid,ts,value,versiontype) values( 'other',null,2,'N','e18475d0-13d8-4a62-b4ea-51959399fa36','0','其它项','2waitem-000040','2018-09-22 15:28:42','2',0);

insert into md_enumvalue(description,dr,enumsequence,hidden,id,industry,name,resid,ts,value,versiontype) values( 'system',null,3,'N','e18475d0-13d8-4a62-b4ea-51959399fa36','0','系统项','2waitem-000032','2018-09-22 15:28:42','3',0);



insert into md_bizitfmap(bizinterfaceid,bizitfimpclassname,classattrid,classattrpath,classid,dr,industry,intattrid,ts,versiontype) values( '6c8722b9-911a-489b-8d0d-18bd3734fcf6',null,'f00f9bbb-f57d-4070-85ad-551b7b39b709',null,'317f74f8-7bc5-4496-a51b-0648ffbfd48b',null,null,'5dd3c721-22ad-42b1-9c10-4351c236bc77','2018-09-22 15:28:42',null);

insert into md_bizitfmap(bizinterfaceid,bizitfimpclassname,classattrid,classattrpath,classid,dr,industry,intattrid,ts,versiontype) values( '6c8722b9-911a-489b-8d0d-18bd3734fcf6',null,'3bdc7bb0-e226-4454-b513-a964db6d635e',null,'317f74f8-7bc5-4496-a51b-0648ffbfd48b',null,null,'89578a97-42fe-439b-827c-8eabd9e3604c','2018-09-22 15:28:42',null);

insert into md_bizitfmap(bizinterfaceid,bizitfimpclassname,classattrid,classattrpath,classid,dr,industry,intattrid,ts,versiontype) values( '6c8722b9-911a-489b-8d0d-18bd3734fcf6',null,'212f775c-a9ba-4b76-bcb9-f413c1beb40e',null,'317f74f8-7bc5-4496-a51b-0648ffbfd48b',null,null,'a47e6cda-09e4-480b-923f-ec6f41e3e06c','2018-09-22 15:28:42',null);

insert into md_bizitfmap(bizinterfaceid,bizitfimpclassname,classattrid,classattrpath,classid,dr,industry,intattrid,ts,versiontype) values( '6c8722b9-911a-489b-8d0d-18bd3734fcf6',null,null,null,'317f74f8-7bc5-4496-a51b-0648ffbfd48b',null,null,'c8334364-7ab9-4266-8d4b-e74537935e46','2018-09-22 15:28:42',null);

insert into md_bizitfmap(bizinterfaceid,bizitfimpclassname,classattrid,classattrpath,classid,dr,industry,intattrid,ts,versiontype) values( '6c8722b9-911a-489b-8d0d-18bd3734fcf6',null,'25f8764d-42a6-4d66-8ebc-818ac8af1974',null,'317f74f8-7bc5-4496-a51b-0648ffbfd48b',null,null,'d32cc17b-f415-415a-923f-0764443eb102','2018-09-22 15:28:42',null);

insert into md_bizitfmap(bizinterfaceid,bizitfimpclassname,classattrid,classattrpath,classid,dr,industry,intattrid,ts,versiontype) values( '6c8722b9-911a-489b-8d0d-18bd3734fcf6',null,'c9a273df-9fed-4781-83c5-128759a71bda',null,'317f74f8-7bc5-4496-a51b-0648ffbfd48b',null,null,'ecf1b76a-6e44-42e2-a55e-87596504775b','2018-09-22 15:28:42',null);



insert into md_ormap(attributeid,classid,columnid,dr,tableid,ts) values( '0c3cd31b-ef7e-4d1e-a16b-3a7e135b842e','317f74f8-7bc5-4496-a51b-0648ffbfd48b','wa_item@@@creationtime',null,'wa_item','2018-09-22 15:28:42');

insert into md_ormap(attributeid,classid,columnid,dr,tableid,ts) values( '1262d240-17e7-412a-81af-3d14cef731aa','317f74f8-7bc5-4496-a51b-0648ffbfd48b','wa_item@@@taxflag',null,'wa_item','2018-09-22 15:28:42');

insert into md_ormap(attributeid,classid,columnid,dr,tableid,ts) values( '12baac01-aaa7-4a49-b2b3-70307bebfd71','317f74f8-7bc5-4496-a51b-0648ffbfd48b','wa_item@@@iflddecimal',null,'wa_item','2018-09-22 15:28:42');

insert into md_ormap(attributeid,classid,columnid,dr,tableid,ts) values( '145f91df-e072-4170-91e0-06496bc498a8','317f74f8-7bc5-4496-a51b-0648ffbfd48b','wa_item@@@modifier',null,'wa_item','2018-09-22 15:28:42');

insert into md_ormap(attributeid,classid,columnid,dr,tableid,ts) values( '17182626-efbc-450f-8d39-a5d4ecf7203a','317f74f8-7bc5-4496-a51b-0648ffbfd48b','wa_item@@@psnceilflag',null,'wa_item','2018-09-22 15:28:42');

insert into md_ormap(attributeid,classid,columnid,dr,tableid,ts) values( '1aaa1237-8c6b-4342-b6ad-dc89b820a491','317f74f8-7bc5-4496-a51b-0648ffbfd48b','wa_item@@@vformulastr',null,'wa_item','2018-09-22 15:28:42');

insert into md_ormap(attributeid,classid,columnid,dr,tableid,ts) values( '212f775c-a9ba-4b76-bcb9-f413c1beb40e','317f74f8-7bc5-4496-a51b-0648ffbfd48b','wa_item@@@pk_group',null,'wa_item','2018-09-22 15:28:42');

insert into md_ormap(attributeid,classid,columnid,dr,tableid,ts) values( '239085a2-f90d-4c5a-b745-f755962475f6','317f74f8-7bc5-4496-a51b-0648ffbfd48b','wa_item@@@nsumfloor',null,'wa_item','2018-09-22 15:28:42');

insert into md_ormap(attributeid,classid,columnid,dr,tableid,ts) values( '25f8764d-42a6-4d66-8ebc-818ac8af1974','317f74f8-7bc5-4496-a51b-0648ffbfd48b','wa_item@@@code',null,'wa_item','2018-09-22 15:28:42');

insert into md_ormap(attributeid,classid,columnid,dr,tableid,ts) values( '27d6c0e9-6d5a-49db-b01b-b20e6d26f36a','317f74f8-7bc5-4496-a51b-0648ffbfd48b','wa_item@@@iproperty',null,'wa_item','2018-09-22 15:28:42');

insert into md_ormap(attributeid,classid,columnid,dr,tableid,ts) values( '37f366c8-5558-4cdf-bfbe-3ab1f8fa3e5b','317f74f8-7bc5-4496-a51b-0648ffbfd48b','wa_item@@@vformula',null,'wa_item','2018-09-22 15:28:42');

insert into md_ormap(attributeid,classid,columnid,dr,tableid,ts) values( '3bdc7bb0-e226-4454-b513-a964db6d635e','317f74f8-7bc5-4496-a51b-0648ffbfd48b','wa_item@@@name',null,'wa_item','2018-09-22 15:28:42');

insert into md_ormap(attributeid,classid,columnid,dr,tableid,ts) values( '4587f2cb-c139-46b1-b4a6-0220454b9296','317f74f8-7bc5-4496-a51b-0648ffbfd48b','wa_item@@@avgcalcsalflag',null,'wa_item','2018-09-22 15:28:42');

insert into md_ormap(attributeid,classid,columnid,dr,tableid,ts) values( '506cc062-ce01-4083-a00b-549fd194e3e2','317f74f8-7bc5-4496-a51b-0648ffbfd48b','wa_item@@@iitemtype',null,'wa_item','2018-09-22 15:28:42');

insert into md_ormap(attributeid,classid,columnid,dr,tableid,ts) values( '5360c909-c4f4-421c-a7a0-4d9ed61d9ca4','317f74f8-7bc5-4496-a51b-0648ffbfd48b','wa_item@@@itemkey',null,'wa_item','2018-09-22 15:28:42');

insert into md_ormap(attributeid,classid,columnid,dr,tableid,ts) values( '5b81c830-80b2-45fb-bb4f-1a60185974b4','317f74f8-7bc5-4496-a51b-0648ffbfd48b','wa_item@@@psnfloorflag',null,'wa_item','2018-09-22 15:28:42');

insert into md_ormap(attributeid,classid,columnid,dr,tableid,ts) values( '68e5bab0-7ce2-4ed5-bb23-d2488b2dd8a4','317f74f8-7bc5-4496-a51b-0648ffbfd48b','wa_item@@@mid',null,'wa_item','2018-09-22 15:28:42');

insert into md_ormap(attributeid,classid,columnid,dr,tableid,ts) values( '6c4146a3-181f-4768-a851-10968ce6b107','317f74f8-7bc5-4496-a51b-0648ffbfd48b','twhr_waitem_30@@@ishealthinsexsum_30',null,'twhr_waitem_30','2018-09-22 15:28:42');

insert into md_ormap(attributeid,classid,columnid,dr,tableid,ts) values( '71f4b21c-c219-43dc-89c9-ac2d0f454d4a','317f74f8-7bc5-4496-a51b-0648ffbfd48b','wa_item@@@ifromflag',null,'wa_item','2018-09-22 15:28:42');

insert into md_ormap(attributeid,classid,columnid,dr,tableid,ts) values( '76ecc778-c151-4514-9f09-e0c7a536943e','317f74f8-7bc5-4496-a51b-0648ffbfd48b','wa_item@@@npsnfloor',null,'wa_item','2018-09-22 15:28:42');

insert into md_ormap(attributeid,classid,columnid,dr,tableid,ts) values( '77e327e8-2ca1-4bba-be6d-28124621eed8','317f74f8-7bc5-4496-a51b-0648ffbfd48b','wa_item@@@sumceilflag',null,'wa_item','2018-09-22 15:28:42');

insert into md_ormap(attributeid,classid,columnid,dr,tableid,ts) values( '7b6d244a-d68f-4436-89fa-b2fafcfa3714','317f74f8-7bc5-4496-a51b-0648ffbfd48b','wa_item@@@intotalitem',null,'wa_item','2018-09-22 15:28:42');

insert into md_ormap(attributeid,classid,columnid,dr,tableid,ts) values( '803ad1f0-ac88-4798-b52e-78f665412d7b','317f74f8-7bc5-4496-a51b-0648ffbfd48b','wa_item@@@npsnceil',null,'wa_item','2018-09-22 15:28:42');

insert into md_ormap(attributeid,classid,columnid,dr,tableid,ts) values( '859e981b-ea73-48c1-b7cf-ae84222ed1ca','317f74f8-7bc5-4496-a51b-0648ffbfd48b','twhr_waitem_30@@@ishealthinsparttime',null,'twhr_waitem_30','2018-09-22 15:28:42');

insert into md_ormap(attributeid,classid,columnid,dr,tableid,ts) values( '8a5020b6-2c0e-4317-b7cf-7076069357c8','317f74f8-7bc5-4496-a51b-0648ffbfd48b','wa_item@@@creator',null,'wa_item','2018-09-22 15:28:42');

insert into md_ormap(attributeid,classid,columnid,dr,tableid,ts) values( '8b9fd8ed-4849-4971-8df5-712196048118','317f74f8-7bc5-4496-a51b-0648ffbfd48b','wa_item@@@isinhi',null,'wa_item','2018-09-22 15:28:42');

insert into md_ormap(attributeid,classid,columnid,dr,tableid,ts) values( '962248c4-d384-4735-8ff9-f00a1a027336','317f74f8-7bc5-4496-a51b-0648ffbfd48b','wa_item@@@clearflag',null,'wa_item','2018-09-22 15:28:42');

insert into md_ormap(attributeid,classid,columnid,dr,tableid,ts) values( '9ccb8ba1-61d8-4f59-b4aa-e4ba71cdcf4a','317f74f8-7bc5-4496-a51b-0648ffbfd48b','wa_item@@@idisplayseq',null,'wa_item','2018-09-22 15:28:42');

insert into md_ormap(attributeid,classid,columnid,dr,tableid,ts) values( '9ef98a3a-0a64-485e-8404-0849d1ab3f8e','317f74f8-7bc5-4496-a51b-0648ffbfd48b','wa_item@@@totalitem',null,'wa_item','2018-09-22 15:28:42');

insert into md_ormap(attributeid,classid,columnid,dr,tableid,ts) values( 'acba8dc4-fa16-4226-b501-2e69fe8986eb','317f74f8-7bc5-4496-a51b-0648ffbfd48b','wa_item@@@ifldwidth',null,'wa_item','2018-09-22 15:28:42');

insert into md_ormap(attributeid,classid,columnid,dr,tableid,ts) values( 'bc1d2095-00a8-4e63-84c6-818337f8c58c','317f74f8-7bc5-4496-a51b-0648ffbfd48b','twhr_waitem_30@@@isnhiitem_30',null,'twhr_waitem_30','2018-09-22 15:28:42');

insert into md_ormap(attributeid,classid,columnid,dr,tableid,ts) values( 'c014375b-65cd-477f-b656-d000c819eb74','317f74f8-7bc5-4496-a51b-0648ffbfd48b','wa_item@@@isattend',null,'wa_item','2018-09-22 15:28:42');

insert into md_ormap(attributeid,classid,columnid,dr,tableid,ts) values( 'c249aba1-ccea-4aab-aa68-52f73bf54ac8','317f74f8-7bc5-4496-a51b-0648ffbfd48b','wa_item@@@category_id',null,'wa_item','2018-09-22 15:28:42');

insert into md_ormap(attributeid,classid,columnid,dr,tableid,ts) values( 'c9a273df-9fed-4781-83c5-128759a71bda','317f74f8-7bc5-4496-a51b-0648ffbfd48b','wa_item@@@pk_org',null,'wa_item','2018-09-22 15:28:42');

insert into md_ormap(attributeid,classid,columnid,dr,tableid,ts) values( 'cc4b361b-1891-48dc-9047-025c1a71f573','317f74f8-7bc5-4496-a51b-0648ffbfd48b','wa_item@@@modifiedtime',null,'wa_item','2018-09-22 15:28:42');

insert into md_ormap(attributeid,classid,columnid,dr,tableid,ts) values( 'cccad586-845c-4d86-8bb7-d56d7aa4edc4','317f74f8-7bc5-4496-a51b-0648ffbfd48b','wa_item@@@defaultflag',null,'wa_item','2018-09-22 15:28:42');

insert into md_ormap(attributeid,classid,columnid,dr,tableid,ts) values( 'eadff107-6ea4-469b-bc41-043a889263e5','317f74f8-7bc5-4496-a51b-0648ffbfd48b','wa_item@@@nsumceil',null,'wa_item','2018-09-22 15:28:42');

insert into md_ormap(attributeid,classid,columnid,dr,tableid,ts) values( 'f00f9bbb-f57d-4070-85ad-551b7b39b709','317f74f8-7bc5-4496-a51b-0648ffbfd48b','wa_item@@PK@@',null,'wa_item','2018-09-22 15:28:42');

insert into md_ormap(attributeid,classid,columnid,dr,tableid,ts) values( 'f60814d1-2c54-4631-b000-d32e1871c24a','317f74f8-7bc5-4496-a51b-0648ffbfd48b','wa_item@@@iprivil',null,'wa_item','2018-09-22 15:28:42');

insert into md_ormap(attributeid,classid,columnid,dr,tableid,ts) values( 'fbb060d6-9c3d-4b50-bce6-88d0a607462f','317f74f8-7bc5-4496-a51b-0648ffbfd48b','wa_item@@@sumfloorflag',null,'wa_item','2018-09-22 15:28:42');



insert into md_table(createtime,creator,databaseid,description,displayname,dr,fromsourcebmf,help,id,industry,isactive,isextendtable,modifier,modifytime,name,parenttable,resid,resmodule,ts,versiontype) values( null,null,null,null,'twhr_waitem_30_扩展表',null,null,null,'twhr_waitem_30','',null,'Y',null,null,'twhr_waitem_30',null,null,'waitem','2018-09-22 15:28:42',0);

insert into md_table(createtime,creator,databaseid,description,displayname,dr,fromsourcebmf,help,id,industry,isactive,isextendtable,modifier,modifytime,name,parenttable,resid,resmodule,ts,versiontype) values( '2009-08-26 16:52:43','zhoucx',null,null,'公共薪资项目',null,'Y','URC,DOC','wa_item','0',null,null,'YONYOU NC','2018-09-22 15:27:46','wa_item',null,'2waitem-000017','waitem','2018-09-22 15:28:42',0);



insert into md_column(columnlength,columnsequence,columntype,createtime,creator,defaultvalue,description,displayname,dr,forlocale,groupid,help,id,identitied,incrementseed,incrementstep,isactive,modifier,modifytime,name,nullable,pkey,precise,resid,sqldatetype,tableid,ts,versiontype) values( 1,37,0,null,null,null,null,'是否二代健保累计项目',null,'N',null,null,'twhr_waitem_30@@@ishealthinsexsum_30',null,null,null,'Y',null,null,'ishealthinsexsum_30','Y','N',0,'2waitem-000056','char','twhr_waitem_30','2018-09-22 15:28:42',0);

insert into md_column(columnlength,columnsequence,columntype,createtime,creator,defaultvalue,description,displayname,dr,forlocale,groupid,help,id,identitied,incrementseed,incrementstep,isactive,modifier,modifytime,name,nullable,pkey,precise,resid,sqldatetype,tableid,ts,versiontype) values( 1,40,0,null,null,null,null,'兼職人員二代健保計算項目',null,'N',null,null,'twhr_waitem_30@@@ishealthinsparttime',null,null,null,'Y',null,null,'ishealthinsparttime','Y','N',0,'2waitem-000057','char','twhr_waitem_30','2018-09-22 15:28:42',0);

insert into md_column(columnlength,columnsequence,columntype,createtime,creator,defaultvalue,description,displayname,dr,forlocale,groupid,help,id,identitied,incrementseed,incrementstep,isactive,modifier,modifytime,name,nullable,pkey,precise,resid,sqldatetype,tableid,ts,versiontype) values( 1,36,0,null,null,null,null,'是否劳健保计算依据',null,'N',null,null,'twhr_waitem_30@@@isnhiitem_30',null,null,null,'Y',null,null,'isnhiitem_30','Y','N',0,'2waitem-000055','char','twhr_waitem_30','2018-09-22 15:28:42',0);

insert into md_column(columnlength,columnsequence,columntype,createtime,creator,defaultvalue,description,displayname,dr,forlocale,groupid,help,id,identitied,incrementseed,incrementstep,isactive,modifier,modifytime,name,nullable,pkey,precise,resid,sqldatetype,tableid,ts,versiontype) values( 20,null,0,null,null,null,null,'扩展表主键',null,null,null,null,'twhr_waitem_30@@PK@@',null,null,null,'Y',null,null,'pk_wa_item','N','Y',null,null,'char','twhr_waitem_30','2018-09-22 15:28:42',0);

insert into md_column(columnlength,columnsequence,columntype,createtime,creator,defaultvalue,description,displayname,dr,forlocale,groupid,help,id,identitied,incrementseed,incrementstep,isactive,modifier,modifytime,name,nullable,pkey,precise,resid,sqldatetype,tableid,ts,versiontype) values( 1,38,0,null,null,null,null,'平均薪資計算項',null,'N',null,null,'wa_item@@@avgcalcsalflag',null,null,null,'Y',null,null,'avgcalcsalflag','Y','N',0,'2waitem-000060','char','wa_item','2018-09-22 15:28:42',0);

insert into md_column(columnlength,columnsequence,columntype,createtime,creator,defaultvalue,description,displayname,dr,forlocale,groupid,help,id,identitied,incrementseed,incrementstep,isactive,modifier,modifytime,name,nullable,pkey,precise,resid,sqldatetype,tableid,ts,versiontype) values( 20,9,0,null,null,'*~',null,'项目分类',null,'N',null,null,'wa_item@@@category_id',null,null,null,'Y',null,null,'category_id','Y','N',0,'2waitem-000018','varchar','wa_item','2018-09-22 15:28:42',0);

insert into md_column(columnlength,columnsequence,columntype,createtime,creator,defaultvalue,description,displayname,dr,forlocale,groupid,help,id,identitied,incrementseed,incrementstep,isactive,modifier,modifytime,name,nullable,pkey,precise,resid,sqldatetype,tableid,ts,versiontype) values( 1,22,0,null,null,null,null,'下月清零',null,'N',null,null,'wa_item@@@clearflag',null,null,null,'Y',null,null,'clearflag','Y','N',0,'2waitem-000006','char','wa_item','2018-09-22 15:28:42',0);

insert into md_column(columnlength,columnsequence,columntype,createtime,creator,defaultvalue,description,displayname,dr,forlocale,groupid,help,id,identitied,incrementseed,incrementstep,isactive,modifier,modifytime,name,nullable,pkey,precise,resid,sqldatetype,tableid,ts,versiontype) values( 50,1,0,null,null,null,null,'薪资项目编码',null,'N',null,'URC','wa_item@@@code',null,null,null,'Y',null,null,'code','Y','N',0,'2waitem-000027','varchar','wa_item','2018-09-22 15:28:42',0);

insert into md_column(columnlength,columnsequence,columntype,createtime,creator,defaultvalue,description,displayname,dr,forlocale,groupid,help,id,identitied,incrementseed,incrementstep,isactive,modifier,modifytime,name,nullable,pkey,precise,resid,sqldatetype,tableid,ts,versiontype) values( 19,6,0,null,null,null,null,'创建时间',null,'N',null,null,'wa_item@@@creationtime',null,null,null,'Y',null,null,'creationtime','Y','N',0,'2UC000-000157','char','wa_item','2018-09-22 15:28:42',0);

insert into md_column(columnlength,columnsequence,columntype,createtime,creator,defaultvalue,description,displayname,dr,forlocale,groupid,help,id,identitied,incrementseed,incrementstep,isactive,modifier,modifytime,name,nullable,pkey,precise,resid,sqldatetype,tableid,ts,versiontype) values( 20,5,0,null,null,'*~',null,'创建人',null,'N',null,null,'wa_item@@@creator',null,null,null,'Y',null,null,'creator','Y','N',0,'2UC000-000155','varchar','wa_item','2018-09-22 15:28:42',0);

insert into md_column(columnlength,columnsequence,columntype,createtime,creator,defaultvalue,description,displayname,dr,forlocale,groupid,help,id,identitied,incrementseed,incrementstep,isactive,modifier,modifytime,name,nullable,pkey,precise,resid,sqldatetype,tableid,ts,versiontype) values( 1,13,0,null,null,null,null,'系统项目',null,'N',null,null,'wa_item@@@defaultflag',null,null,null,'Y',null,null,'defaultflag','Y','N',0,'2waitem-000007','char','wa_item','2018-09-22 15:28:42',0);

insert into md_column(columnlength,columnsequence,columntype,createtime,creator,defaultvalue,description,displayname,dr,forlocale,groupid,help,id,identitied,incrementseed,incrementstep,isactive,modifier,modifytime,name,nullable,pkey,precise,resid,sqldatetype,tableid,ts,versiontype) values( 0,34,0,null,null,null,null,'显示顺序',null,'N',null,null,'wa_item@@@idisplayseq',null,null,null,'Y',null,null,'idisplayseq','Y','N',0,'2UC000-000489','int','wa_item','2018-09-22 15:28:42',0);

insert into md_column(columnlength,columnsequence,columntype,createtime,creator,defaultvalue,description,displayname,dr,forlocale,groupid,help,id,identitied,incrementseed,incrementstep,isactive,modifier,modifytime,name,nullable,pkey,precise,resid,sqldatetype,tableid,ts,versiontype) values( 0,15,0,null,null,null,null,'小数位数',null,'N',null,null,'wa_item@@@iflddecimal',null,null,null,'Y',null,null,'iflddecimal','Y','N',0,'2waitem-000002','int','wa_item','2018-09-22 15:28:42',0);

insert into md_column(columnlength,columnsequence,columntype,createtime,creator,defaultvalue,description,displayname,dr,forlocale,groupid,help,id,identitied,incrementseed,incrementstep,isactive,modifier,modifytime,name,nullable,pkey,precise,resid,sqldatetype,tableid,ts,versiontype) values( 0,31,0,null,null,null,null,'数据长度',null,'N',null,null,'wa_item@@@ifldwidth',null,null,null,'Y',null,null,'ifldwidth','N','N',0,'2waitem-000009','int','wa_item','2018-09-22 15:28:42',0);

insert into md_column(columnlength,columnsequence,columntype,createtime,creator,defaultvalue,description,displayname,dr,forlocale,groupid,help,id,identitied,incrementseed,incrementstep,isactive,modifier,modifytime,name,nullable,pkey,precise,resid,sqldatetype,tableid,ts,versiontype) values( 0,18,0,null,null,null,null,'数据项来源标志',null,'N',null,null,'wa_item@@@ifromflag',null,null,null,'Y',null,null,'ifromflag','Y','N',0,'2waitem-000013','int','wa_item','2018-09-22 15:28:42',0);

insert into md_column(columnlength,columnsequence,columntype,createtime,creator,defaultvalue,description,displayname,dr,forlocale,groupid,help,id,identitied,incrementseed,incrementstep,isactive,modifier,modifytime,name,nullable,pkey,precise,resid,sqldatetype,tableid,ts,versiontype) values( 0,12,0,null,null,null,null,'数据类型',null,'N',null,null,'wa_item@@@iitemtype',null,null,null,'Y',null,null,'iitemtype','Y','N',0,'2UC000-000458','int','wa_item','2018-09-22 15:28:42',0);

insert into md_column(columnlength,columnsequence,columntype,createtime,creator,defaultvalue,description,displayname,dr,forlocale,groupid,help,id,identitied,incrementseed,incrementstep,isactive,modifier,modifytime,name,nullable,pkey,precise,resid,sqldatetype,tableid,ts,versiontype) values( 1,33,0,null,null,null,null,'纳纳入总额项目',null,'N',null,null,'wa_item@@@intotalitem',null,null,null,'Y',null,null,'intotalitem','Y','N',0,'2waitem-000014','char','wa_item','2018-09-22 15:28:42',0);

insert into md_column(columnlength,columnsequence,columntype,createtime,creator,defaultvalue,description,displayname,dr,forlocale,groupid,help,id,identitied,incrementseed,incrementstep,isactive,modifier,modifytime,name,nullable,pkey,precise,resid,sqldatetype,tableid,ts,versiontype) values( 0,16,0,null,null,null,null,'权限属性',null,'N',null,null,'wa_item@@@iprivil',null,null,null,'Y',null,null,'iprivil','Y','N',0,'2waitem-000004','int','wa_item','2018-09-22 15:28:42',0);

insert into md_column(columnlength,columnsequence,columntype,createtime,creator,defaultvalue,description,displayname,dr,forlocale,groupid,help,id,identitied,incrementseed,incrementstep,isactive,modifier,modifytime,name,nullable,pkey,precise,resid,sqldatetype,tableid,ts,versiontype) values( 0,14,0,null,null,null,null,'增减属性',null,'N',null,null,'wa_item@@@iproperty',null,null,null,'Y',null,null,'iproperty','N','N',0,'2waitem-000020','int','wa_item','2018-09-22 15:28:42',0);

insert into md_column(columnlength,columnsequence,columntype,createtime,creator,defaultvalue,description,displayname,dr,forlocale,groupid,help,id,identitied,incrementseed,incrementstep,isactive,modifier,modifytime,name,nullable,pkey,precise,resid,sqldatetype,tableid,ts,versiontype) values( 1,39,0,null,null,null,null,'是否考勤',null,'N',null,null,'wa_item@@@isattend',null,null,null,'Y',null,null,'isattend','Y','N',0,'2waitem-000061','char','wa_item','2018-09-22 15:28:42',0);

insert into md_column(columnlength,columnsequence,columntype,createtime,creator,defaultvalue,description,displayname,dr,forlocale,groupid,help,id,identitied,incrementseed,incrementstep,isactive,modifier,modifytime,name,nullable,pkey,precise,resid,sqldatetype,tableid,ts,versiontype) values( 1,17,0,null,null,null,null,'是否纳入薪酬体系',null,'N',null,null,'wa_item@@@isinhi',null,null,null,'Y',null,null,'isinhi','Y','N',0,'2waitem-000041','char','wa_item','2018-09-22 15:28:42',0);

insert into md_column(columnlength,columnsequence,columntype,createtime,creator,defaultvalue,description,displayname,dr,forlocale,groupid,help,id,identitied,incrementseed,incrementstep,isactive,modifier,modifytime,name,nullable,pkey,precise,resid,sqldatetype,tableid,ts,versiontype) values( 50,11,0,null,null,null,null,'薪资项目字段名',null,'N',null,null,'wa_item@@@itemkey',null,null,null,'Y',null,null,'itemkey','Y','N',0,'2waitem-000003','varchar','wa_item','2018-09-22 15:28:42',0);

insert into md_column(columnlength,columnsequence,columntype,createtime,creator,defaultvalue,description,displayname,dr,forlocale,groupid,help,id,identitied,incrementseed,incrementstep,isactive,modifier,modifytime,name,nullable,pkey,precise,resid,sqldatetype,tableid,ts,versiontype) values( 1,10,0,null,null,null,null,'中间项目',null,'N',null,null,'wa_item@@@mid',null,null,null,'Y',null,null,'mid','Y','N',0,'2waitem-000035','char','wa_item','2018-09-22 15:28:42',0);

insert into md_column(columnlength,columnsequence,columntype,createtime,creator,defaultvalue,description,displayname,dr,forlocale,groupid,help,id,identitied,incrementseed,incrementstep,isactive,modifier,modifytime,name,nullable,pkey,precise,resid,sqldatetype,tableid,ts,versiontype) values( 19,8,0,null,null,null,null,'最后修改时间',null,'N',null,null,'wa_item@@@modifiedtime',null,null,null,'Y',null,null,'modifiedtime','Y','N',0,'2UC000-000491','char','wa_item','2018-09-22 15:28:42',0);

insert into md_column(columnlength,columnsequence,columntype,createtime,creator,defaultvalue,description,displayname,dr,forlocale,groupid,help,id,identitied,incrementseed,incrementstep,isactive,modifier,modifytime,name,nullable,pkey,precise,resid,sqldatetype,tableid,ts,versiontype) values( 20,7,0,null,null,'*~',null,'最后修改人',null,'N',null,null,'wa_item@@@modifier',null,null,null,'Y',null,null,'modifier','Y','N',0,'2UC000-000490','varchar','wa_item','2018-09-22 15:28:42',0);

insert into md_column(columnlength,columnsequence,columntype,createtime,creator,defaultvalue,description,displayname,dr,forlocale,groupid,help,id,identitied,incrementseed,incrementstep,isactive,modifier,modifytime,name,nullable,pkey,precise,resid,sqldatetype,tableid,ts,versiontype) values( 100,0,0,null,null,null,null,'薪资项目名称',null,'Y','wa_item@@@name','URC','wa_item@@@name',null,null,null,'Y',null,null,'name','Y','N',0,'2waitem-000015','varchar','wa_item','2018-09-22 15:28:42',0);

insert into md_column(columnlength,columnsequence,columntype,createtime,creator,defaultvalue,description,displayname,dr,forlocale,groupid,help,id,identitied,incrementseed,incrementstep,isactive,modifier,modifytime,name,nullable,pkey,precise,resid,sqldatetype,tableid,ts,versiontype) values( 100,0,0,null,null,null,null,'薪资项目名称2',null,'Y','wa_item@@@name','URC','wa_item@@@name2',null,null,null,'Y',null,null,'name2','Y','N',0,'2waitem-000015','varchar','wa_item','2018-09-22 15:28:42',0);

insert into md_column(columnlength,columnsequence,columntype,createtime,creator,defaultvalue,description,displayname,dr,forlocale,groupid,help,id,identitied,incrementseed,incrementstep,isactive,modifier,modifytime,name,nullable,pkey,precise,resid,sqldatetype,tableid,ts,versiontype) values( 100,0,0,null,null,null,null,'薪资项目名称3',null,'Y','wa_item@@@name','URC','wa_item@@@name3',null,null,null,'Y',null,null,'name3','Y','N',0,'2waitem-000015','varchar','wa_item','2018-09-22 15:28:42',0);

insert into md_column(columnlength,columnsequence,columntype,createtime,creator,defaultvalue,description,displayname,dr,forlocale,groupid,help,id,identitied,incrementseed,incrementstep,isactive,modifier,modifytime,name,nullable,pkey,precise,resid,sqldatetype,tableid,ts,versiontype) values( 100,0,0,null,null,null,null,'薪资项目名称4',null,'Y','wa_item@@@name','URC','wa_item@@@name4',null,null,null,'Y',null,null,'name4','Y','N',0,'2waitem-000015','varchar','wa_item','2018-09-22 15:28:42',0);

insert into md_column(columnlength,columnsequence,columntype,createtime,creator,defaultvalue,description,displayname,dr,forlocale,groupid,help,id,identitied,incrementseed,incrementstep,isactive,modifier,modifytime,name,nullable,pkey,precise,resid,sqldatetype,tableid,ts,versiontype) values( 100,0,0,null,null,null,null,'薪资项目名称5',null,'Y','wa_item@@@name','URC','wa_item@@@name5',null,null,null,'Y',null,null,'name5','Y','N',0,'2waitem-000015','varchar','wa_item','2018-09-22 15:28:42',0);

insert into md_column(columnlength,columnsequence,columntype,createtime,creator,defaultvalue,description,displayname,dr,forlocale,groupid,help,id,identitied,incrementseed,incrementstep,isactive,modifier,modifytime,name,nullable,pkey,precise,resid,sqldatetype,tableid,ts,versiontype) values( 100,0,0,null,null,null,null,'薪资项目名称6',null,'Y','wa_item@@@name','URC','wa_item@@@name6',null,null,null,'Y',null,null,'name6','Y','N',0,'2waitem-000015','varchar','wa_item','2018-09-22 15:28:42',0);

insert into md_column(columnlength,columnsequence,columntype,createtime,creator,defaultvalue,description,displayname,dr,forlocale,groupid,help,id,identitied,incrementseed,incrementstep,isactive,modifier,modifytime,name,nullable,pkey,precise,resid,sqldatetype,tableid,ts,versiontype) values( 31,28,0,null,null,null,null,'个人上限值',null,'N',null,null,'wa_item@@@npsnceil',null,null,null,'Y',null,null,'npsnceil','Y','N',8,'2waitem-000012','decimal','wa_item','2018-09-22 15:28:42',0);

insert into md_column(columnlength,columnsequence,columntype,createtime,creator,defaultvalue,description,displayname,dr,forlocale,groupid,help,id,identitied,incrementseed,incrementstep,isactive,modifier,modifytime,name,nullable,pkey,precise,resid,sqldatetype,tableid,ts,versiontype) values( 31,30,0,null,null,null,null,'个人下限值',null,'N',null,null,'wa_item@@@npsnfloor',null,null,null,'Y',null,null,'npsnfloor','Y','N',8,'2waitem-000030','decimal','wa_item','2018-09-22 15:28:42',0);

insert into md_column(columnlength,columnsequence,columntype,createtime,creator,defaultvalue,description,displayname,dr,forlocale,groupid,help,id,identitied,incrementseed,incrementstep,isactive,modifier,modifytime,name,nullable,pkey,precise,resid,sqldatetype,tableid,ts,versiontype) values( 31,24,0,null,null,null,null,'总额上限值',null,'N',null,null,'wa_item@@@nsumceil',null,null,null,'Y',null,null,'nsumceil','Y','N',8,'2waitem-000023','decimal','wa_item','2018-09-22 15:28:42',0);

insert into md_column(columnlength,columnsequence,columntype,createtime,creator,defaultvalue,description,displayname,dr,forlocale,groupid,help,id,identitied,incrementseed,incrementstep,isactive,modifier,modifytime,name,nullable,pkey,precise,resid,sqldatetype,tableid,ts,versiontype) values( 31,26,0,null,null,null,null,'总额下限值',null,'N',null,null,'wa_item@@@nsumfloor',null,null,null,'Y',null,null,'nsumfloor','Y','N',8,'2waitem-000021','decimal','wa_item','2018-09-22 15:28:42',0);

insert into md_column(columnlength,columnsequence,columntype,createtime,creator,defaultvalue,description,displayname,dr,forlocale,groupid,help,id,identitied,incrementseed,incrementstep,isactive,modifier,modifytime,name,nullable,pkey,precise,resid,sqldatetype,tableid,ts,versiontype) values( 20,3,0,null,null,'*~',null,'所属集团',null,'N',null,null,'wa_item@@@pk_group',null,null,null,'Y',null,null,'pk_group','Y','N',0,'2UC000-000367','varchar','wa_item','2018-09-22 15:28:42',0);

insert into md_column(columnlength,columnsequence,columntype,createtime,creator,defaultvalue,description,displayname,dr,forlocale,groupid,help,id,identitied,incrementseed,incrementstep,isactive,modifier,modifytime,name,nullable,pkey,precise,resid,sqldatetype,tableid,ts,versiontype) values( 20,4,0,null,null,'*~',null,'所属组织',null,'N',null,null,'wa_item@@@pk_org',null,null,null,'Y',null,null,'pk_org','Y','N',0,'2UC000-000360','varchar','wa_item','2018-09-22 15:28:42',0);

insert into md_column(columnlength,columnsequence,columntype,createtime,creator,defaultvalue,description,displayname,dr,forlocale,groupid,help,id,identitied,incrementseed,incrementstep,isactive,modifier,modifytime,name,nullable,pkey,precise,resid,sqldatetype,tableid,ts,versiontype) values( 1,27,0,null,null,null,null,'个人上限控制标志',null,'N',null,null,'wa_item@@@psnceilflag',null,null,null,'Y',null,null,'psnceilflag','Y','N',0,'2waitem-000028','char','wa_item','2018-09-22 15:28:42',0);

insert into md_column(columnlength,columnsequence,columntype,createtime,creator,defaultvalue,description,displayname,dr,forlocale,groupid,help,id,identitied,incrementseed,incrementstep,isactive,modifier,modifytime,name,nullable,pkey,precise,resid,sqldatetype,tableid,ts,versiontype) values( 1,29,0,null,null,null,null,'个人下限控制标志',null,'N',null,null,'wa_item@@@psnfloorflag',null,null,null,'Y',null,null,'psnfloorflag','Y','N',0,'2waitem-000029','char','wa_item','2018-09-22 15:28:42',0);

insert into md_column(columnlength,columnsequence,columntype,createtime,creator,defaultvalue,description,displayname,dr,forlocale,groupid,help,id,identitied,incrementseed,incrementstep,isactive,modifier,modifytime,name,nullable,pkey,precise,resid,sqldatetype,tableid,ts,versiontype) values( 1,23,0,null,null,null,null,'总额上限控制标志',null,'N',null,null,'wa_item@@@sumceilflag',null,null,null,'Y',null,null,'sumceilflag','Y','N',0,'2waitem-000019','char','wa_item','2018-09-22 15:28:42',0);

insert into md_column(columnlength,columnsequence,columntype,createtime,creator,defaultvalue,description,displayname,dr,forlocale,groupid,help,id,identitied,incrementseed,incrementstep,isactive,modifier,modifytime,name,nullable,pkey,precise,resid,sqldatetype,tableid,ts,versiontype) values( 1,25,0,null,null,null,null,'总额下限控制标志',null,'N',null,null,'wa_item@@@sumfloorflag',null,null,null,'Y',null,null,'sumfloorflag','Y','N',0,'2waitem-000033','char','wa_item','2018-09-22 15:28:42',0);

insert into md_column(columnlength,columnsequence,columntype,createtime,creator,defaultvalue,description,displayname,dr,forlocale,groupid,help,id,identitied,incrementseed,incrementstep,isactive,modifier,modifytime,name,nullable,pkey,precise,resid,sqldatetype,tableid,ts,versiontype) values( 1,19,0,null,null,null,null,'扣税',null,'N',null,null,'wa_item@@@taxflag',null,null,null,'Y',null,null,'taxflag','Y','N',0,'2waitem-000022','decimal','wa_item','2018-09-22 15:28:42',0);

insert into md_column(columnlength,columnsequence,columntype,createtime,creator,defaultvalue,description,displayname,dr,forlocale,groupid,help,id,identitied,incrementseed,incrementstep,isactive,modifier,modifytime,name,nullable,pkey,precise,resid,sqldatetype,tableid,ts,versiontype) values( 20,32,0,null,null,'*~',null,'总额项目',null,'N',null,null,'wa_item@@@totalitem',null,null,null,'Y',null,null,'totalitem','Y','N',0,'2waitem-000036','varchar','wa_item','2018-09-22 15:28:42',0);

insert into md_column(columnlength,columnsequence,columntype,createtime,creator,defaultvalue,description,displayname,dr,forlocale,groupid,help,id,identitied,incrementseed,incrementstep,isactive,modifier,modifytime,name,nullable,pkey,precise,resid,sqldatetype,tableid,ts,versiontype) values( 2000,20,0,null,null,null,null,'公式',null,'Y',null,null,'wa_item@@@vformula',null,null,null,'Y',null,null,'vformula','Y','N',0,'2waitem-000025','varchar','wa_item','2018-09-22 15:28:42',0);

insert into md_column(columnlength,columnsequence,columntype,createtime,creator,defaultvalue,description,displayname,dr,forlocale,groupid,help,id,identitied,incrementseed,incrementstep,isactive,modifier,modifytime,name,nullable,pkey,precise,resid,sqldatetype,tableid,ts,versiontype) values( 2000,21,0,null,null,null,null,'公式显示',null,'Y',null,null,'wa_item@@@vformulastr',null,null,null,'Y',null,null,'vformulastr','Y','N',0,'2waitem-000005','varchar','wa_item','2018-09-22 15:28:42',0);

insert into md_column(columnlength,columnsequence,columntype,createtime,creator,defaultvalue,description,displayname,dr,forlocale,groupid,help,id,identitied,incrementseed,incrementstep,isactive,modifier,modifytime,name,nullable,pkey,precise,resid,sqldatetype,tableid,ts,versiontype) values( 20,0,0,null,null,null,null,'薪资项目主键',null,'N',null,null,'wa_item@@PK@@',null,null,null,'Y',null,null,'pk_wa_item','N','Y',0,'2waitem-000026','char','wa_item','2018-09-22 15:28:42',0);



insert into md_db_relation(asstype,createtime,creator,description,displayname,dr,endcardinality,endfieldid,endtableid,help,id,isforeignkey,modifier,modifytime,name,resid,startattrid,startcardinality,startfieldid,starttableid,ts,versiontype) values( 3,null,null,null,'waitem_BudgetItemVO',null,null,'hrp_budget_item@@PK@@','hrp_budget_item',null,'0bcd93e9-1d20-45db-9427-3340e1591d26','N',null,null,'waitem_BudgetItemVO',null,'9ef98a3a-0a64-485e-8404-0849d1ab3f8e',null,'wa_item@@@totalitem','wa_item','2018-09-22 15:28:42',0);

insert into md_db_relation(asstype,createtime,creator,description,displayname,dr,endcardinality,endfieldid,endtableid,help,id,isforeignkey,modifier,modifytime,name,resid,startattrid,startcardinality,startfieldid,starttableid,ts,versiontype) values( 3,null,null,null,'waitem_Defdoc-HRWA001_0xx',null,null,'bd_defdoc@@PK@@','bd_defdoc',null,'2be41997-53af-4232-bce5-1511996d9f85','N',null,null,'waitem_Defdoc-HRWA001_0xx',null,'c249aba1-ccea-4aab-aa68-52f73bf54ac8',null,'wa_item@@@category_id','wa_item','2018-09-22 15:28:42',0);

insert into md_db_relation(asstype,createtime,creator,description,displayname,dr,endcardinality,endfieldid,endtableid,help,id,isforeignkey,modifier,modifytime,name,resid,startattrid,startcardinality,startfieldid,starttableid,ts,versiontype) values( 3,null,null,null,'waitem_group',null,null,'org_group@@PK@@','org_group',null,'434af913-9a35-40f0-b4e4-e112dc2bc999','N',null,null,'waitem_group',null,'212f775c-a9ba-4b76-bcb9-f413c1beb40e',null,'wa_item@@@pk_group','wa_item','2018-09-22 15:28:42',0);

insert into md_db_relation(asstype,createtime,creator,description,displayname,dr,endcardinality,endfieldid,endtableid,help,id,isforeignkey,modifier,modifytime,name,resid,startattrid,startcardinality,startfieldid,starttableid,ts,versiontype) values( 3,null,null,null,'waitem_org',null,null,'org_orgs@@PK@@','org_orgs',null,'63eb3ad4-b247-4393-9003-a98ad03edd46','N',null,null,'waitem_org',null,'c9a273df-9fed-4781-83c5-128759a71bda',null,'wa_item@@@pk_org','wa_item','2018-09-22 15:28:42',0);

insert into md_db_relation(asstype,createtime,creator,description,displayname,dr,endcardinality,endfieldid,endtableid,help,id,isforeignkey,modifier,modifytime,name,resid,startattrid,startcardinality,startfieldid,starttableid,ts,versiontype) values( 3,null,null,null,'waitem_user',null,null,'sm_user@@PK@@','sm_user',null,'76ddd2b8-f925-4f99-a147-d4d7bc53fc9b','N',null,null,'waitem_user',null,'8a5020b6-2c0e-4317-b7cf-7076069357c8',null,'wa_item@@@creator','wa_item','2018-09-22 15:28:42',0);

insert into md_db_relation(asstype,createtime,creator,description,displayname,dr,endcardinality,endfieldid,endtableid,help,id,isforeignkey,modifier,modifytime,name,resid,startattrid,startcardinality,startfieldid,starttableid,ts,versiontype) values( 3,null,null,null,'waitem_user',null,null,'sm_user@@PK@@','sm_user',null,'93b6d988-690a-4673-8285-0f759d138df5','N',null,null,'waitem_user',null,'145f91df-e072-4170-91e0-06496bc498a8',null,'wa_item@@@modifier','wa_item','2018-09-22 15:28:42',0);



insert into md_db_relation(asstype,createtime,creator,description,displayname,dr,endcardinality,endfieldid,endtableid,help,id,isforeignkey,modifier,modifytime,name,resid,startattrid,startcardinality,startfieldid,starttableid,ts,versiontype) values( 3,null,null,null,'PsndocWadocVO_waitem',null,null,'wa_item@@PK@@','wa_item',null,'29642a0b-f5c1-4786-9a36-a18b0e059e14','N',null,null,'PsndocWadocVO_waitem',null,'3a496f62-448d-401e-aa01-fd6f3da96f25',null,'hi_psndoc_wadoc@@@pk_wa_item','hi_psndoc_wadoc','2017-12-28 14:25:33',0);

insert into md_db_relation(asstype,createtime,creator,description,displayname,dr,endcardinality,endfieldid,endtableid,help,id,isforeignkey,modifier,modifytime,name,resid,startattrid,startcardinality,startfieldid,starttableid,ts,versiontype) values( 3,null,null,null,'wa_classitem_waitem',null,null,'wa_item@@PK@@','wa_item',null,'36c87213-bbd4-468d-9d80-7ab7bf35791e','N',null,null,'wa_classitem_waitem',null,'c75074e6-9ce1-43f8-a546-6b437c051014',null,'wa_classitem@@@pk_wa_item','wa_classitem','2017-12-28 14:25:34',0);

insert into md_db_relation(asstype,createtime,creator,description,displayname,dr,endcardinality,endfieldid,endtableid,help,id,isforeignkey,modifier,modifytime,name,resid,startattrid,startcardinality,startfieldid,starttableid,ts,versiontype) values( 3,null,null,null,'PsnappaproveB_waitem',null,null,'wa_item@@PK@@','wa_item',null,'669efd86-a398-4770-8f5d-df63e098fd54','N',null,null,'PsnappaproveB_waitem',null,'66aeff9e-3f7d-4440-8588-8fa4f38b8c46',null,'wa_psnappaprove_b@@@pk_wa_item','wa_psnappaprove_b','2017-12-28 14:25:33',0);

insert into md_db_relation(asstype,createtime,creator,description,displayname,dr,endcardinality,endfieldid,endtableid,help,id,isforeignkey,modifier,modifytime,name,resid,startattrid,startcardinality,startfieldid,starttableid,ts,versiontype) values( 3,null,null,null,'VochagDefaultVO_waitem',null,null,'wa_item@@PK@@','wa_item',null,'6dc204ab-a1df-4c20-a170-4dfc863ea05e','N',null,null,'VochagDefaultVO_waitem',null,'2bb4df19-0056-4a17-95da-5db03494a589',null,'hr_vochag_default@@@def1','hr_vochag_default','2017-12-28 14:25:34',0);

insert into md_db_relation(asstype,createtime,creator,description,displayname,dr,endcardinality,endfieldid,endtableid,help,id,isforeignkey,modifier,modifytime,name,resid,startattrid,startcardinality,startfieldid,starttableid,ts,versiontype) values( 3,null,null,null,'itempower_waitem',null,null,'wa_item@@PK@@','wa_item',null,'c63d3f88-9382-4037-95d1-93f2ccc2f77e','N',null,null,'itempower_waitem',null,'f7fd87a2-bd19-4f4b-80d1-8eeda06ca1eb',null,'wa_itempower@@@pk_wa_item','wa_itempower','2017-12-28 14:25:34',0);

insert into md_db_relation(asstype,createtime,creator,description,displayname,dr,endcardinality,endfieldid,endtableid,help,id,isforeignkey,modifier,modifytime,name,resid,startattrid,startcardinality,startfieldid,starttableid,ts,versiontype) values( 3,null,null,null,'WaGrade_waitem',null,null,'wa_item@@PK@@','wa_item',null,'fd73e332-8be8-42e5-a526-c0fecbaea6a8','N',null,null,'WaGrade_waitem',null,'91b53129-ea00-40b4-a945-8d88b1dadaa7',null,'wa_grade@@@pk_wa_item','wa_grade','2017-12-28 14:25:32',0);



insert into md_property(accessorclassname,accesspower,accesspowergroup,attrlength,attrmaxvalue,attrminvalue,attrsequence,calculation,classid,createindustry,createtime,creator,customattr,datatype,datatypestyle,defaultvalue,description,displayname,dr,dynamicattr,dynamictable,fixedlength,help,hided,id,industry,isactive,isauthen,modifier,modifytime,name,notserialize,nullable,precise,readonly,refmodelname,resid,ts,versiontype,visibility) values( null,'N',null,19,null,null,6,'N','317f74f8-7bc5-4496-a51b-0648ffbfd48b','0',null,null,'N','BS000010000100001034',300,null,null,'创建时间',null,'N',null,'N',null,'N','0c3cd31b-ef7e-4d1e-a16b-3a7e135b842e','0','Y',null,null,null,'creationtime','N','Y',0,'N',null,'2UC000-000157','2018-09-22 15:28:42',0,0);

insert into md_property(accessorclassname,accesspower,accesspowergroup,attrlength,attrmaxvalue,attrminvalue,attrsequence,calculation,classid,createindustry,createtime,creator,customattr,datatype,datatypestyle,defaultvalue,description,displayname,dr,dynamicattr,dynamictable,fixedlength,help,hided,id,industry,isactive,isauthen,modifier,modifytime,name,notserialize,nullable,precise,readonly,refmodelname,resid,ts,versiontype,visibility) values( null,'N',null,1,null,null,19,'N','317f74f8-7bc5-4496-a51b-0648ffbfd48b','0',null,null,'N','BS000010000100001032',300,null,null,'扣税',null,'N',null,'N',null,'N','1262d240-17e7-412a-81af-3d14cef731aa','0','Y',null,null,null,'taxflag','N','Y',0,'N',null,'2waitem-000022','2018-09-22 15:28:42',0,0);

insert into md_property(accessorclassname,accesspower,accesspowergroup,attrlength,attrmaxvalue,attrminvalue,attrsequence,calculation,classid,createindustry,createtime,creator,customattr,datatype,datatypestyle,defaultvalue,description,displayname,dr,dynamicattr,dynamictable,fixedlength,help,hided,id,industry,isactive,isauthen,modifier,modifytime,name,notserialize,nullable,precise,readonly,refmodelname,resid,ts,versiontype,visibility) values( null,'N',null,0,null,null,15,'N','317f74f8-7bc5-4496-a51b-0648ffbfd48b','0',null,null,'N','BS000010000100001004',300,null,null,'小数位数',null,'N',null,'N',null,'N','12baac01-aaa7-4a49-b2b3-70307bebfd71','0','Y',null,null,null,'iflddecimal','N','Y',0,'N',null,'2waitem-000002','2018-09-22 15:28:42',0,0);

insert into md_property(accessorclassname,accesspower,accesspowergroup,attrlength,attrmaxvalue,attrminvalue,attrsequence,calculation,classid,createindustry,createtime,creator,customattr,datatype,datatypestyle,defaultvalue,description,displayname,dr,dynamicattr,dynamictable,fixedlength,help,hided,id,industry,isactive,isauthen,modifier,modifytime,name,notserialize,nullable,precise,readonly,refmodelname,resid,ts,versiontype,visibility) values( null,'N',null,20,null,null,7,'N','317f74f8-7bc5-4496-a51b-0648ffbfd48b','0',null,null,'N','f6f9a473-56c0-432f-8bc7-fbf8fde54fee',305,null,null,'最后修改人',null,'N',null,'N',null,'N','145f91df-e072-4170-91e0-06496bc498a8','0','Y',null,null,null,'modifier','N','Y',0,'N','用户','2UC000-000490','2018-09-22 15:28:42',0,0);

insert into md_property(accessorclassname,accesspower,accesspowergroup,attrlength,attrmaxvalue,attrminvalue,attrsequence,calculation,classid,createindustry,createtime,creator,customattr,datatype,datatypestyle,defaultvalue,description,displayname,dr,dynamicattr,dynamictable,fixedlength,help,hided,id,industry,isactive,isauthen,modifier,modifytime,name,notserialize,nullable,precise,readonly,refmodelname,resid,ts,versiontype,visibility) values( null,'N',null,1,null,null,27,'N','317f74f8-7bc5-4496-a51b-0648ffbfd48b','0',null,null,'N','BS000010000100001032',300,null,null,'个人上限控制标志',null,'N',null,'N',null,'N','17182626-efbc-450f-8d39-a5d4ecf7203a','0','Y',null,null,null,'psnceilflag','N','Y',0,'N',null,'2waitem-000028','2018-09-22 15:28:42',0,0);

insert into md_property(accessorclassname,accesspower,accesspowergroup,attrlength,attrmaxvalue,attrminvalue,attrsequence,calculation,classid,createindustry,createtime,creator,customattr,datatype,datatypestyle,defaultvalue,description,displayname,dr,dynamicattr,dynamictable,fixedlength,help,hided,id,industry,isactive,isauthen,modifier,modifytime,name,notserialize,nullable,precise,readonly,refmodelname,resid,ts,versiontype,visibility) values( null,'N',null,2000,null,null,21,'N','317f74f8-7bc5-4496-a51b-0648ffbfd48b','0',null,null,'N','BS000010000100001001',300,null,null,'公式显示',null,'N',null,'N',null,'N','1aaa1237-8c6b-4342-b6ad-dc89b820a491','0','Y',null,null,null,'vformulastr','N','Y',0,'N',null,'2waitem-000005','2018-09-22 15:28:42',0,0);

insert into md_property(accessorclassname,accesspower,accesspowergroup,attrlength,attrmaxvalue,attrminvalue,attrsequence,calculation,classid,createindustry,createtime,creator,customattr,datatype,datatypestyle,defaultvalue,description,displayname,dr,dynamicattr,dynamictable,fixedlength,help,hided,id,industry,isactive,isauthen,modifier,modifytime,name,notserialize,nullable,precise,readonly,refmodelname,resid,ts,versiontype,visibility) values( null,'N',null,20,null,null,3,'N','317f74f8-7bc5-4496-a51b-0648ffbfd48b','0',null,null,'N','3b6dd171-2900-47f3-bfbe-41e4483a2a65',305,null,null,'所属集团',null,'N',null,'N',null,'N','212f775c-a9ba-4b76-bcb9-f413c1beb40e','0','Y',null,null,null,'pk_group','N','Y',0,'N','集团','2UC000-000367','2018-09-22 15:28:42',0,0);

insert into md_property(accessorclassname,accesspower,accesspowergroup,attrlength,attrmaxvalue,attrminvalue,attrsequence,calculation,classid,createindustry,createtime,creator,customattr,datatype,datatypestyle,defaultvalue,description,displayname,dr,dynamicattr,dynamictable,fixedlength,help,hided,id,industry,isactive,isauthen,modifier,modifytime,name,notserialize,nullable,precise,readonly,refmodelname,resid,ts,versiontype,visibility) values( null,'N',null,31,null,null,26,'N','317f74f8-7bc5-4496-a51b-0648ffbfd48b','0',null,null,'N','BS000010000100001031',300,null,null,'总额下限值',null,'N',null,'N',null,'N','239085a2-f90d-4c5a-b745-f755962475f6','0','Y',null,null,null,'nsumfloor','N','Y',8,'N',null,'2waitem-000021','2018-09-22 15:28:42',0,0);

insert into md_property(accessorclassname,accesspower,accesspowergroup,attrlength,attrmaxvalue,attrminvalue,attrsequence,calculation,classid,createindustry,createtime,creator,customattr,datatype,datatypestyle,defaultvalue,description,displayname,dr,dynamicattr,dynamictable,fixedlength,help,hided,id,industry,isactive,isauthen,modifier,modifytime,name,notserialize,nullable,precise,readonly,refmodelname,resid,ts,versiontype,visibility) values( null,'N',null,50,null,null,1,'N','317f74f8-7bc5-4496-a51b-0648ffbfd48b','0',null,null,'N','BS000010000100001001',300,null,null,'薪资项目编码',null,'N',null,'N','URC','N','25f8764d-42a6-4d66-8ebc-818ac8af1974','0','Y',null,null,null,'code','N','Y',0,'N',null,'2waitem-000027','2018-09-22 15:28:42',0,0);

insert into md_property(accessorclassname,accesspower,accesspowergroup,attrlength,attrmaxvalue,attrminvalue,attrsequence,calculation,classid,createindustry,createtime,creator,customattr,datatype,datatypestyle,defaultvalue,description,displayname,dr,dynamicattr,dynamictable,fixedlength,help,hided,id,industry,isactive,isauthen,modifier,modifytime,name,notserialize,nullable,precise,readonly,refmodelname,resid,ts,versiontype,visibility) values( null,'N',null,0,null,null,14,'N','317f74f8-7bc5-4496-a51b-0648ffbfd48b','0',null,null,'N','e18475d0-13d8-4a62-b4ea-51959399fa36',300,null,null,'增减属性',null,'N',null,'N',null,'N','27d6c0e9-6d5a-49db-b01b-b20e6d26f36a','0','Y',null,null,null,'iproperty','N','N',0,'N',null,'2waitem-000020','2018-09-22 15:28:42',0,0);

insert into md_property(accessorclassname,accesspower,accesspowergroup,attrlength,attrmaxvalue,attrminvalue,attrsequence,calculation,classid,createindustry,createtime,creator,customattr,datatype,datatypestyle,defaultvalue,description,displayname,dr,dynamicattr,dynamictable,fixedlength,help,hided,id,industry,isactive,isauthen,modifier,modifytime,name,notserialize,nullable,precise,readonly,refmodelname,resid,ts,versiontype,visibility) values( null,'N',null,2000,null,null,20,'N','317f74f8-7bc5-4496-a51b-0648ffbfd48b','0',null,null,'N','BS000010000100001001',300,null,null,'公式',null,'N',null,'N',null,'N','37f366c8-5558-4cdf-bfbe-3ab1f8fa3e5b','0','Y',null,null,null,'vformula','N','Y',0,'N',null,'2waitem-000025','2018-09-22 15:28:42',0,0);

insert into md_property(accessorclassname,accesspower,accesspowergroup,attrlength,attrmaxvalue,attrminvalue,attrsequence,calculation,classid,createindustry,createtime,creator,customattr,datatype,datatypestyle,defaultvalue,description,displayname,dr,dynamicattr,dynamictable,fixedlength,help,hided,id,industry,isactive,isauthen,modifier,modifytime,name,notserialize,nullable,precise,readonly,refmodelname,resid,ts,versiontype,visibility) values( null,'N',null,100,null,null,2,'N','317f74f8-7bc5-4496-a51b-0648ffbfd48b','0',null,null,'N','BS000010000100001058',300,null,null,'薪资项目名称',null,'N',null,'N','URC','N','3bdc7bb0-e226-4454-b513-a964db6d635e','0','Y',null,null,null,'name','N','Y',0,'N',null,'2waitem-000015','2018-09-22 15:28:42',0,0);

insert into md_property(accessorclassname,accesspower,accesspowergroup,attrlength,attrmaxvalue,attrminvalue,attrsequence,calculation,classid,createindustry,createtime,creator,customattr,datatype,datatypestyle,defaultvalue,description,displayname,dr,dynamicattr,dynamictable,fixedlength,help,hided,id,industry,isactive,isauthen,modifier,modifytime,name,notserialize,nullable,precise,readonly,refmodelname,resid,ts,versiontype,visibility) values( null,'N',null,1,null,null,38,'N','317f74f8-7bc5-4496-a51b-0648ffbfd48b','0',null,null,'N','BS000010000100001032',300,null,null,'平均薪資計算項',null,'N',null,'N',null,'N','4587f2cb-c139-46b1-b4a6-0220454b9296','0','Y',null,null,null,'avgcalcsalflag','N','Y',0,'N',null,'2waitem-000060','2018-09-22 15:28:42',0,0);

insert into md_property(accessorclassname,accesspower,accesspowergroup,attrlength,attrmaxvalue,attrminvalue,attrsequence,calculation,classid,createindustry,createtime,creator,customattr,datatype,datatypestyle,defaultvalue,description,displayname,dr,dynamicattr,dynamictable,fixedlength,help,hided,id,industry,isactive,isauthen,modifier,modifytime,name,notserialize,nullable,precise,readonly,refmodelname,resid,ts,versiontype,visibility) values( null,'N',null,0,null,null,12,'N','317f74f8-7bc5-4496-a51b-0648ffbfd48b','0',null,null,'N','857905ba-ebee-418d-870b-9ad15119e091',300,null,null,'数据类型',null,'N',null,'N',null,'N','506cc062-ce01-4083-a00b-549fd194e3e2','0','Y',null,null,null,'iitemtype','N','Y',0,'N',null,'2UC000-000458','2018-09-22 15:28:42',0,0);

insert into md_property(accessorclassname,accesspower,accesspowergroup,attrlength,attrmaxvalue,attrminvalue,attrsequence,calculation,classid,createindustry,createtime,creator,customattr,datatype,datatypestyle,defaultvalue,description,displayname,dr,dynamicattr,dynamictable,fixedlength,help,hided,id,industry,isactive,isauthen,modifier,modifytime,name,notserialize,nullable,precise,readonly,refmodelname,resid,ts,versiontype,visibility) values( null,'N',null,50,null,null,11,'N','317f74f8-7bc5-4496-a51b-0648ffbfd48b','0',null,null,'N','BS000010000100001001',300,null,null,'薪资项目字段名',null,'N',null,'N',null,'N','5360c909-c4f4-421c-a7a0-4d9ed61d9ca4','0','Y',null,null,null,'itemkey','N','Y',0,'N',null,'2waitem-000003','2018-09-22 15:28:42',0,0);

insert into md_property(accessorclassname,accesspower,accesspowergroup,attrlength,attrmaxvalue,attrminvalue,attrsequence,calculation,classid,createindustry,createtime,creator,customattr,datatype,datatypestyle,defaultvalue,description,displayname,dr,dynamicattr,dynamictable,fixedlength,help,hided,id,industry,isactive,isauthen,modifier,modifytime,name,notserialize,nullable,precise,readonly,refmodelname,resid,ts,versiontype,visibility) values( null,'N',null,1,null,null,29,'N','317f74f8-7bc5-4496-a51b-0648ffbfd48b','0',null,null,'N','BS000010000100001032',300,null,null,'个人下限控制标志',null,'N',null,'N',null,'N','5b81c830-80b2-45fb-bb4f-1a60185974b4','0','Y',null,null,null,'psnfloorflag','N','Y',0,'N',null,'2waitem-000029','2018-09-22 15:28:42',0,0);

insert into md_property(accessorclassname,accesspower,accesspowergroup,attrlength,attrmaxvalue,attrminvalue,attrsequence,calculation,classid,createindustry,createtime,creator,customattr,datatype,datatypestyle,defaultvalue,description,displayname,dr,dynamicattr,dynamictable,fixedlength,help,hided,id,industry,isactive,isauthen,modifier,modifytime,name,notserialize,nullable,precise,readonly,refmodelname,resid,ts,versiontype,visibility) values( null,'N',null,1,null,null,10,'N','317f74f8-7bc5-4496-a51b-0648ffbfd48b','0',null,null,'N','BS000010000100001032',300,null,null,'中间项目',null,'N',null,'N',null,'N','68e5bab0-7ce2-4ed5-bb23-d2488b2dd8a4','0','Y',null,null,null,'mid','N','Y',0,'N',null,'2waitem-000035','2018-09-22 15:28:42',0,0);

insert into md_property(accessorclassname,accesspower,accesspowergroup,attrlength,attrmaxvalue,attrminvalue,attrsequence,calculation,classid,createindustry,createtime,creator,customattr,datatype,datatypestyle,defaultvalue,description,displayname,dr,dynamicattr,dynamictable,fixedlength,help,hided,id,industry,isactive,isauthen,modifier,modifytime,name,notserialize,nullable,precise,readonly,refmodelname,resid,ts,versiontype,visibility) values( null,'N',null,1,null,null,37,'N','317f74f8-7bc5-4496-a51b-0648ffbfd48b','0',null,null,'N','BS000010000100001032',300,null,null,'是否二代健保累计项目',null,'N','twhr_waitem_30','N',null,'N','6c4146a3-181f-4768-a851-10968ce6b107','0','Y',null,null,null,'ishealthinsexsum_30','N','Y',0,'N',null,'2waitem-000056','2018-09-22 15:28:42',0,0);

insert into md_property(accessorclassname,accesspower,accesspowergroup,attrlength,attrmaxvalue,attrminvalue,attrsequence,calculation,classid,createindustry,createtime,creator,customattr,datatype,datatypestyle,defaultvalue,description,displayname,dr,dynamicattr,dynamictable,fixedlength,help,hided,id,industry,isactive,isauthen,modifier,modifytime,name,notserialize,nullable,precise,readonly,refmodelname,resid,ts,versiontype,visibility) values( null,'N',null,0,null,null,18,'N','317f74f8-7bc5-4496-a51b-0648ffbfd48b','0',null,null,'N','28b94d24-6d65-4cc5-b6ac-ca1b638b0da3',300,null,null,'数据项来源标志',null,'N',null,'N',null,'N','71f4b21c-c219-43dc-89c9-ac2d0f454d4a','0','Y',null,null,null,'ifromflag','N','Y',0,'N',null,'2waitem-000013','2018-09-22 15:28:42',0,0);

insert into md_property(accessorclassname,accesspower,accesspowergroup,attrlength,attrmaxvalue,attrminvalue,attrsequence,calculation,classid,createindustry,createtime,creator,customattr,datatype,datatypestyle,defaultvalue,description,displayname,dr,dynamicattr,dynamictable,fixedlength,help,hided,id,industry,isactive,isauthen,modifier,modifytime,name,notserialize,nullable,precise,readonly,refmodelname,resid,ts,versiontype,visibility) values( null,'N',null,31,null,null,30,'N','317f74f8-7bc5-4496-a51b-0648ffbfd48b','0',null,null,'N','BS000010000100001031',300,null,null,'个人下限值',null,'N',null,'N',null,'N','76ecc778-c151-4514-9f09-e0c7a536943e','0','Y',null,null,null,'npsnfloor','N','Y',8,'N',null,'2waitem-000030','2018-09-22 15:28:42',0,0);

insert into md_property(accessorclassname,accesspower,accesspowergroup,attrlength,attrmaxvalue,attrminvalue,attrsequence,calculation,classid,createindustry,createtime,creator,customattr,datatype,datatypestyle,defaultvalue,description,displayname,dr,dynamicattr,dynamictable,fixedlength,help,hided,id,industry,isactive,isauthen,modifier,modifytime,name,notserialize,nullable,precise,readonly,refmodelname,resid,ts,versiontype,visibility) values( null,'N',null,1,null,null,23,'N','317f74f8-7bc5-4496-a51b-0648ffbfd48b','0',null,null,'N','BS000010000100001032',300,null,null,'总额上限控制标志',null,'N',null,'N',null,'N','77e327e8-2ca1-4bba-be6d-28124621eed8','0','Y',null,null,null,'sumceilflag','N','Y',0,'N',null,'2waitem-000019','2018-09-22 15:28:42',0,0);

insert into md_property(accessorclassname,accesspower,accesspowergroup,attrlength,attrmaxvalue,attrminvalue,attrsequence,calculation,classid,createindustry,createtime,creator,customattr,datatype,datatypestyle,defaultvalue,description,displayname,dr,dynamicattr,dynamictable,fixedlength,help,hided,id,industry,isactive,isauthen,modifier,modifytime,name,notserialize,nullable,precise,readonly,refmodelname,resid,ts,versiontype,visibility) values( null,'N',null,1,null,null,33,'N','317f74f8-7bc5-4496-a51b-0648ffbfd48b','0',null,null,'N','BS000010000100001032',300,null,null,'纳纳入总额项目',null,'N',null,'N',null,'N','7b6d244a-d68f-4436-89fa-b2fafcfa3714','0','Y',null,null,null,'intotalitem','N','Y',0,'N',null,'2waitem-000014','2018-09-22 15:28:42',0,0);

insert into md_property(accessorclassname,accesspower,accesspowergroup,attrlength,attrmaxvalue,attrminvalue,attrsequence,calculation,classid,createindustry,createtime,creator,customattr,datatype,datatypestyle,defaultvalue,description,displayname,dr,dynamicattr,dynamictable,fixedlength,help,hided,id,industry,isactive,isauthen,modifier,modifytime,name,notserialize,nullable,precise,readonly,refmodelname,resid,ts,versiontype,visibility) values( null,'N',null,31,null,null,28,'N','317f74f8-7bc5-4496-a51b-0648ffbfd48b','0',null,null,'N','BS000010000100001031',300,null,null,'个人上限值',null,'N',null,'N',null,'N','803ad1f0-ac88-4798-b52e-78f665412d7b','0','Y',null,null,null,'npsnceil','N','Y',8,'N',null,'2waitem-000012','2018-09-22 15:28:42',0,0);

insert into md_property(accessorclassname,accesspower,accesspowergroup,attrlength,attrmaxvalue,attrminvalue,attrsequence,calculation,classid,createindustry,createtime,creator,customattr,datatype,datatypestyle,defaultvalue,description,displayname,dr,dynamicattr,dynamictable,fixedlength,help,hided,id,industry,isactive,isauthen,modifier,modifytime,name,notserialize,nullable,precise,readonly,refmodelname,resid,ts,versiontype,visibility) values( null,'N',null,1,null,null,40,'N','317f74f8-7bc5-4496-a51b-0648ffbfd48b','0',null,null,'N','BS000010000100001032',300,null,null,'兼職人員二代健保計算項目',null,'N','twhr_waitem_30','N',null,'N','859e981b-ea73-48c1-b7cf-ae84222ed1ca','0','Y',null,null,null,'ishealthinsparttime','N','Y',0,'N',null,'2waitem-000057','2018-09-22 15:28:42',0,0);

insert into md_property(accessorclassname,accesspower,accesspowergroup,attrlength,attrmaxvalue,attrminvalue,attrsequence,calculation,classid,createindustry,createtime,creator,customattr,datatype,datatypestyle,defaultvalue,description,displayname,dr,dynamicattr,dynamictable,fixedlength,help,hided,id,industry,isactive,isauthen,modifier,modifytime,name,notserialize,nullable,precise,readonly,refmodelname,resid,ts,versiontype,visibility) values( null,'N',null,20,null,null,5,'N','317f74f8-7bc5-4496-a51b-0648ffbfd48b','0',null,null,'N','f6f9a473-56c0-432f-8bc7-fbf8fde54fee',305,null,null,'创建人',null,'N',null,'N',null,'N','8a5020b6-2c0e-4317-b7cf-7076069357c8','0','Y',null,null,null,'creator','N','Y',0,'N','用户','2UC000-000155','2018-09-22 15:28:42',0,0);

insert into md_property(accessorclassname,accesspower,accesspowergroup,attrlength,attrmaxvalue,attrminvalue,attrsequence,calculation,classid,createindustry,createtime,creator,customattr,datatype,datatypestyle,defaultvalue,description,displayname,dr,dynamicattr,dynamictable,fixedlength,help,hided,id,industry,isactive,isauthen,modifier,modifytime,name,notserialize,nullable,precise,readonly,refmodelname,resid,ts,versiontype,visibility) values( null,'N',null,1,null,null,17,'N','317f74f8-7bc5-4496-a51b-0648ffbfd48b','0',null,null,'N','BS000010000100001032',300,null,null,'是否纳入薪酬体系',null,'N',null,'N',null,'N','8b9fd8ed-4849-4971-8df5-712196048118','0','Y',null,null,null,'isinhi','N','Y',0,'N',null,'2waitem-000041','2018-09-22 15:28:42',0,0);

insert into md_property(accessorclassname,accesspower,accesspowergroup,attrlength,attrmaxvalue,attrminvalue,attrsequence,calculation,classid,createindustry,createtime,creator,customattr,datatype,datatypestyle,defaultvalue,description,displayname,dr,dynamicattr,dynamictable,fixedlength,help,hided,id,industry,isactive,isauthen,modifier,modifytime,name,notserialize,nullable,precise,readonly,refmodelname,resid,ts,versiontype,visibility) values( null,'N',null,1,null,null,22,'N','317f74f8-7bc5-4496-a51b-0648ffbfd48b','0',null,null,'N','BS000010000100001032',300,null,null,'下月清零',null,'N',null,'N',null,'N','962248c4-d384-4735-8ff9-f00a1a027336','0','Y',null,null,null,'clearflag','N','Y',0,'N',null,'2waitem-000006','2018-09-22 15:28:42',0,0);

insert into md_property(accessorclassname,accesspower,accesspowergroup,attrlength,attrmaxvalue,attrminvalue,attrsequence,calculation,classid,createindustry,createtime,creator,customattr,datatype,datatypestyle,defaultvalue,description,displayname,dr,dynamicattr,dynamictable,fixedlength,help,hided,id,industry,isactive,isauthen,modifier,modifytime,name,notserialize,nullable,precise,readonly,refmodelname,resid,ts,versiontype,visibility) values( null,'N',null,0,null,null,34,'N','317f74f8-7bc5-4496-a51b-0648ffbfd48b','0',null,null,'N','BS000010000100001004',300,null,null,'显示顺序',null,'N',null,'N',null,'N','9ccb8ba1-61d8-4f59-b4aa-e4ba71cdcf4a','0','Y',null,null,null,'idisplayseq','N','Y',0,'N',null,'2UC000-000489','2018-09-22 15:28:42',0,0);

insert into md_property(accessorclassname,accesspower,accesspowergroup,attrlength,attrmaxvalue,attrminvalue,attrsequence,calculation,classid,createindustry,createtime,creator,customattr,datatype,datatypestyle,defaultvalue,description,displayname,dr,dynamicattr,dynamictable,fixedlength,help,hided,id,industry,isactive,isauthen,modifier,modifytime,name,notserialize,nullable,precise,readonly,refmodelname,resid,ts,versiontype,visibility) values( null,'N',null,20,null,null,32,'N','317f74f8-7bc5-4496-a51b-0648ffbfd48b','0',null,null,'N','501a5ee4-ed37-4f4a-87ba-d76be90215db',305,null,null,'总额项目',null,'Y',null,'N',null,'N','9ef98a3a-0a64-485e-8404-0849d1ab3f8e','0','Y',null,null,null,'totalitem','N','Y',0,'N','预算项目','2waitem-000036','2018-09-22 15:28:42',0,0);

insert into md_property(accessorclassname,accesspower,accesspowergroup,attrlength,attrmaxvalue,attrminvalue,attrsequence,calculation,classid,createindustry,createtime,creator,customattr,datatype,datatypestyle,defaultvalue,description,displayname,dr,dynamicattr,dynamictable,fixedlength,help,hided,id,industry,isactive,isauthen,modifier,modifytime,name,notserialize,nullable,precise,readonly,refmodelname,resid,ts,versiontype,visibility) values( null,'N',null,0,null,null,31,'N','317f74f8-7bc5-4496-a51b-0648ffbfd48b','0',null,null,'N','BS000010000100001004',300,null,null,'数据长度',null,'N',null,'N',null,'N','acba8dc4-fa16-4226-b501-2e69fe8986eb','0','Y',null,null,null,'ifldwidth','N','N',0,'N',null,'2waitem-000009','2018-09-22 15:28:42',0,0);

insert into md_property(accessorclassname,accesspower,accesspowergroup,attrlength,attrmaxvalue,attrminvalue,attrsequence,calculation,classid,createindustry,createtime,creator,customattr,datatype,datatypestyle,defaultvalue,description,displayname,dr,dynamicattr,dynamictable,fixedlength,help,hided,id,industry,isactive,isauthen,modifier,modifytime,name,notserialize,nullable,precise,readonly,refmodelname,resid,ts,versiontype,visibility) values( null,'N',null,1,null,null,36,'N','317f74f8-7bc5-4496-a51b-0648ffbfd48b','0',null,null,'N','BS000010000100001032',300,null,null,'是否劳健保计算依据',null,'N','twhr_waitem_30','N',null,'N','bc1d2095-00a8-4e63-84c6-818337f8c58c','0','Y',null,null,null,'isnhiitem_30','N','Y',0,'N',null,'2waitem-000055','2018-09-22 15:28:42',0,0);

insert into md_property(accessorclassname,accesspower,accesspowergroup,attrlength,attrmaxvalue,attrminvalue,attrsequence,calculation,classid,createindustry,createtime,creator,customattr,datatype,datatypestyle,defaultvalue,description,displayname,dr,dynamicattr,dynamictable,fixedlength,help,hided,id,industry,isactive,isauthen,modifier,modifytime,name,notserialize,nullable,precise,readonly,refmodelname,resid,ts,versiontype,visibility) values( null,'N',null,1,null,null,39,'N','317f74f8-7bc5-4496-a51b-0648ffbfd48b','0',null,null,'N','BS000010000100001032',300,null,null,'是否考勤',null,'N',null,'N',null,'N','c014375b-65cd-477f-b656-d000c819eb74','0','Y',null,null,null,'isattend','N','Y',0,'N',null,'2waitem-000061','2018-09-22 15:28:42',0,0);

insert into md_property(accessorclassname,accesspower,accesspowergroup,attrlength,attrmaxvalue,attrminvalue,attrsequence,calculation,classid,createindustry,createtime,creator,customattr,datatype,datatypestyle,defaultvalue,description,displayname,dr,dynamicattr,dynamictable,fixedlength,help,hided,id,industry,isactive,isauthen,modifier,modifytime,name,notserialize,nullable,precise,readonly,refmodelname,resid,ts,versiontype,visibility) values( null,'N',null,20,null,null,9,'N','317f74f8-7bc5-4496-a51b-0648ffbfd48b','0',null,null,'N','1002Z710000000004MO1',305,null,null,'项目分类',null,'N',null,'N',null,'N','c249aba1-ccea-4aab-aa68-52f73bf54ac8','0','Y',null,null,null,'category_id','N','Y',0,'N','薪资变动原因(自定义档案)','2waitem-000018','2018-09-22 15:28:42',0,0);

insert into md_property(accessorclassname,accesspower,accesspowergroup,attrlength,attrmaxvalue,attrminvalue,attrsequence,calculation,classid,createindustry,createtime,creator,customattr,datatype,datatypestyle,defaultvalue,description,displayname,dr,dynamicattr,dynamictable,fixedlength,help,hided,id,industry,isactive,isauthen,modifier,modifytime,name,notserialize,nullable,precise,readonly,refmodelname,resid,ts,versiontype,visibility) values( null,'N',null,20,null,null,4,'N','317f74f8-7bc5-4496-a51b-0648ffbfd48b','0',null,null,'N','985be8a4-3a36-4778-8afe-2d8ed3902659',305,null,null,'所属组织',null,'N',null,'N',null,'N','c9a273df-9fed-4781-83c5-128759a71bda','0','Y',null,null,null,'pk_org','N','Y',0,'N','组织（包含全局）','2UC000-000360','2018-09-22 15:28:42',0,0);

insert into md_property(accessorclassname,accesspower,accesspowergroup,attrlength,attrmaxvalue,attrminvalue,attrsequence,calculation,classid,createindustry,createtime,creator,customattr,datatype,datatypestyle,defaultvalue,description,displayname,dr,dynamicattr,dynamictable,fixedlength,help,hided,id,industry,isactive,isauthen,modifier,modifytime,name,notserialize,nullable,precise,readonly,refmodelname,resid,ts,versiontype,visibility) values( null,'N',null,19,null,null,8,'N','317f74f8-7bc5-4496-a51b-0648ffbfd48b','0',null,null,'N','BS000010000100001034',300,null,null,'最后修改时间',null,'N',null,'N',null,'N','cc4b361b-1891-48dc-9047-025c1a71f573','0','Y',null,null,null,'modifiedtime','N','Y',0,'N',null,'2UC000-000491','2018-09-22 15:28:42',0,0);

insert into md_property(accessorclassname,accesspower,accesspowergroup,attrlength,attrmaxvalue,attrminvalue,attrsequence,calculation,classid,createindustry,createtime,creator,customattr,datatype,datatypestyle,defaultvalue,description,displayname,dr,dynamicattr,dynamictable,fixedlength,help,hided,id,industry,isactive,isauthen,modifier,modifytime,name,notserialize,nullable,precise,readonly,refmodelname,resid,ts,versiontype,visibility) values( null,'N',null,1,null,null,13,'N','317f74f8-7bc5-4496-a51b-0648ffbfd48b','0',null,null,'N','BS000010000100001032',300,null,null,'系统项目',null,'N',null,'N',null,'N','cccad586-845c-4d86-8bb7-d56d7aa4edc4','0','Y',null,null,null,'defaultflag','N','Y',0,'N',null,'2waitem-000007','2018-09-22 15:28:42',0,0);

insert into md_property(accessorclassname,accesspower,accesspowergroup,attrlength,attrmaxvalue,attrminvalue,attrsequence,calculation,classid,createindustry,createtime,creator,customattr,datatype,datatypestyle,defaultvalue,description,displayname,dr,dynamicattr,dynamictable,fixedlength,help,hided,id,industry,isactive,isauthen,modifier,modifytime,name,notserialize,nullable,precise,readonly,refmodelname,resid,ts,versiontype,visibility) values( null,'N',null,100,null,null,35,'Y','317f74f8-7bc5-4496-a51b-0648ffbfd48b','0',null,null,'N','BS000010000100001001',300,null,null,'总额项目显示值',null,'N',null,'N',null,'N','da9f8b37-8f34-4f99-97a7-7afe0d3c6542','0','Y',null,null,null,'totalitemstr','N','Y',0,'N',null,'2waitem-000054','2018-09-22 15:28:42',0,0);

insert into md_property(accessorclassname,accesspower,accesspowergroup,attrlength,attrmaxvalue,attrminvalue,attrsequence,calculation,classid,createindustry,createtime,creator,customattr,datatype,datatypestyle,defaultvalue,description,displayname,dr,dynamicattr,dynamictable,fixedlength,help,hided,id,industry,isactive,isauthen,modifier,modifytime,name,notserialize,nullable,precise,readonly,refmodelname,resid,ts,versiontype,visibility) values( null,'N',null,31,null,null,24,'N','317f74f8-7bc5-4496-a51b-0648ffbfd48b','0',null,null,'N','BS000010000100001031',300,null,null,'总额上限值',null,'N',null,'N',null,'N','eadff107-6ea4-469b-bc41-043a889263e5','0','Y',null,null,null,'nsumceil','N','Y',8,'N',null,'2waitem-000023','2018-09-22 15:28:42',0,0);

insert into md_property(accessorclassname,accesspower,accesspowergroup,attrlength,attrmaxvalue,attrminvalue,attrsequence,calculation,classid,createindustry,createtime,creator,customattr,datatype,datatypestyle,defaultvalue,description,displayname,dr,dynamicattr,dynamictable,fixedlength,help,hided,id,industry,isactive,isauthen,modifier,modifytime,name,notserialize,nullable,precise,readonly,refmodelname,resid,ts,versiontype,visibility) values( null,'N',null,20,null,null,0,'N','317f74f8-7bc5-4496-a51b-0648ffbfd48b','0',null,null,'N','BS000010000100001051',300,null,null,'薪资项目主键',null,'N',null,'N',null,'N','f00f9bbb-f57d-4070-85ad-551b7b39b709','0','Y',null,null,null,'pk_wa_item','N','N',0,'N',null,'2waitem-000026','2018-09-22 15:28:42',0,0);

insert into md_property(accessorclassname,accesspower,accesspowergroup,attrlength,attrmaxvalue,attrminvalue,attrsequence,calculation,classid,createindustry,createtime,creator,customattr,datatype,datatypestyle,defaultvalue,description,displayname,dr,dynamicattr,dynamictable,fixedlength,help,hided,id,industry,isactive,isauthen,modifier,modifytime,name,notserialize,nullable,precise,readonly,refmodelname,resid,ts,versiontype,visibility) values( null,'N',null,0,null,null,16,'N','317f74f8-7bc5-4496-a51b-0648ffbfd48b','0',null,null,'N','BS000010000100001004',300,null,null,'权限属性',null,'N',null,'N',null,'N','f60814d1-2c54-4631-b000-d32e1871c24a','0','Y',null,null,null,'iprivil','N','Y',0,'N',null,'2waitem-000004','2018-09-22 15:28:42',0,0);

insert into md_property(accessorclassname,accesspower,accesspowergroup,attrlength,attrmaxvalue,attrminvalue,attrsequence,calculation,classid,createindustry,createtime,creator,customattr,datatype,datatypestyle,defaultvalue,description,displayname,dr,dynamicattr,dynamictable,fixedlength,help,hided,id,industry,isactive,isauthen,modifier,modifytime,name,notserialize,nullable,precise,readonly,refmodelname,resid,ts,versiontype,visibility) values( null,'N',null,1,null,null,25,'N','317f74f8-7bc5-4496-a51b-0648ffbfd48b','0',null,null,'N','BS000010000100001032',300,null,null,'总额下限控制标志',null,'N',null,'N',null,'N','fbb060d6-9c3d-4b50-bce6-88d0a607462f','0','Y',null,null,null,'sumfloorflag','N','Y',0,'N',null,'2waitem-000033','2018-09-22 15:28:42',0,0);



insert into md_association(cascadedelete,cascadeupdate,componentid,createtime,creator,dr,endcardinality,endelementid,id,industry,isactive,modifier,modifytime,name,startbeanid,startcardinality,startelementid,ts,type,versiontype) values( null,null,'c314d979-3ddd-47a2-adb1-12c2640d9ef0',null,null,null,'1','501a5ee4-ed37-4f4a-87ba-d76be90215db','05353526-d49b-4a77-97ae-2ed7d386f70d','0','Y',null,null,'waitem_totalitem','317f74f8-7bc5-4496-a51b-0648ffbfd48b','1','9ef98a3a-0a64-485e-8404-0849d1ab3f8e','2018-09-22 15:28:42',3,0);

insert into md_association(cascadedelete,cascadeupdate,componentid,createtime,creator,dr,endcardinality,endelementid,id,industry,isactive,modifier,modifytime,name,startbeanid,startcardinality,startelementid,ts,type,versiontype) values( null,null,'c314d979-3ddd-47a2-adb1-12c2640d9ef0',null,null,null,'1','1002Z710000000004MO1','0c0301da-1cb8-4782-ad9f-b2bce9d42f99','0','Y',null,null,'waitem_category_id','317f74f8-7bc5-4496-a51b-0648ffbfd48b','1','c249aba1-ccea-4aab-aa68-52f73bf54ac8','2018-09-22 15:28:42',3,0);

insert into md_association(cascadedelete,cascadeupdate,componentid,createtime,creator,dr,endcardinality,endelementid,id,industry,isactive,modifier,modifytime,name,startbeanid,startcardinality,startelementid,ts,type,versiontype) values( null,null,'c314d979-3ddd-47a2-adb1-12c2640d9ef0',null,null,null,'1','f6f9a473-56c0-432f-8bc7-fbf8fde54fee','2a90628c-b287-4c85-aa13-f8566877b075','0','Y',null,null,'waitem_creator','317f74f8-7bc5-4496-a51b-0648ffbfd48b','1','8a5020b6-2c0e-4317-b7cf-7076069357c8','2018-09-22 15:28:42',3,0);

insert into md_association(cascadedelete,cascadeupdate,componentid,createtime,creator,dr,endcardinality,endelementid,id,industry,isactive,modifier,modifytime,name,startbeanid,startcardinality,startelementid,ts,type,versiontype) values( null,null,'c314d979-3ddd-47a2-adb1-12c2640d9ef0',null,null,null,'1','3b6dd171-2900-47f3-bfbe-41e4483a2a65','59c03b77-7611-4cd0-a593-8ef5a757b0e0','0','Y',null,null,'waitem_pk_group','317f74f8-7bc5-4496-a51b-0648ffbfd48b','1','212f775c-a9ba-4b76-bcb9-f413c1beb40e','2018-09-22 15:28:42',3,0);

insert into md_association(cascadedelete,cascadeupdate,componentid,createtime,creator,dr,endcardinality,endelementid,id,industry,isactive,modifier,modifytime,name,startbeanid,startcardinality,startelementid,ts,type,versiontype) values( null,null,'c314d979-3ddd-47a2-adb1-12c2640d9ef0',null,null,null,'1','f6f9a473-56c0-432f-8bc7-fbf8fde54fee','60bb2acd-6283-40bb-84c9-b21e428b45bd','0','Y',null,null,'waitem_modifier','317f74f8-7bc5-4496-a51b-0648ffbfd48b','1','145f91df-e072-4170-91e0-06496bc498a8','2018-09-22 15:28:42',3,0);

insert into md_association(cascadedelete,cascadeupdate,componentid,createtime,creator,dr,endcardinality,endelementid,id,industry,isactive,modifier,modifytime,name,startbeanid,startcardinality,startelementid,ts,type,versiontype) values( null,null,'c314d979-3ddd-47a2-adb1-12c2640d9ef0',null,null,null,'1','985be8a4-3a36-4778-8afe-2d8ed3902659','ec4a1e1f-8c90-4f67-a7ff-b0810b72a6ad','0','Y',null,null,'waitem_pk_org','317f74f8-7bc5-4496-a51b-0648ffbfd48b','1','c9a273df-9fed-4781-83c5-128759a71bda','2018-09-22 15:28:42',3,0);

