--此脚本作为元数据发布时参考使用,以便开发者了解元数据信息在数据库中的记录.
--严禁将此脚本直接或修改后在数据库中执行,如由上述行为引发问题,概不支持.


delete from md_db_relation where startattrid in (select id from md_property where classid in ('86f6cad5-5f32-480f-bd53-b7812bcf329c','@@@@' ) )  and starttableid in ('hrwa_incometax','@@@@')
;delete from md_ORMap where ATTRIBUTEID in(select id from md_property where classid in ('86f6cad5-5f32-480f-bd53-b7812bcf329c','@@@@' ) )  and tableid in ('hrwa_incometax','@@@@') 
;delete from md_table where id not in (select distinct tableid from md_ormap )
;delete from md_column where  tableid in('hrwa_incometax','@@@@') and id not in(select distinct columnid from md_ormap) and (isnull(groupid ,'~')='~' or groupid = id )  and name <> 'extend_bean_tag' 
;delete from md_column where tableid in ('hrwa_incometax','@@@@')and groupid is not null and groupid not in( select distinct id from md_column where tableid in ('hrwa_incometax','@@@@') ) 
;delete from md_db_relation where starttableid not in (select id from md_table)
;delete from md_property where classID in (select distinct id from md_class where componentID='5bc32d14-fb86-40da-8be7-31cdbd6c5ed0'  )  
;delete from md_association where componentID = '5bc32d14-fb86-40da-8be7-31cdbd6c5ed0'  
;delete from md_bizItfMap where classID in (select distinct id from md_class where componentID='5bc32d14-fb86-40da-8be7-31cdbd6c5ed0'  )
;delete from md_bizItfMap where classID in ( select id from md_opInterface where componentID = '5bc32d14-fb86-40da-8be7-31cdbd6c5ed0'  )
;delete from md_accessorPara where id in (select distinct id from md_class where componentID='5bc32d14-fb86-40da-8be7-31cdbd6c5ed0'  )
;delete from md_enumValue where id in (select distinct id from md_class where componentID='5bc32d14-fb86-40da-8be7-31cdbd6c5ed0'  ) 
;delete from md_class where componentID = '5bc32d14-fb86-40da-8be7-31cdbd6c5ed0'  
;delete from md_component where id = '5bc32d14-fb86-40da-8be7-31cdbd6c5ed0' 
;delete from md_table where (id='hrwa_incometax')
;delete from md_column where (id='hrwa_incometax@@PK@@')
;delete from md_column where (id='hrwa_incometax@@@code')
;delete from md_column where (id='hrwa_incometax@@@pk_psndoc')
;delete from md_column where (id='hrwa_incometax@@@id')
;delete from md_column where (id='hrwa_incometax@@@cperiod')
;delete from md_column where (id='hrwa_incometax@@@cyear')
;delete from md_column where (id='hrwa_incometax@@@cyearperiod')
;delete from md_column where (id='hrwa_incometax@@@pk_wa_class')
;delete from md_column where (id='hrwa_incometax@@@taxbase')
;delete from md_column where (id='hrwa_incometax@@@cacu_value')
;delete from md_column where (id='hrwa_incometax@@@netincome')
;delete from md_column where (id='hrwa_incometax@@@pickedup')
;delete from md_column where (id='hrwa_incometax@@@isdeclare')
;delete from md_column where (id='hrwa_incometax@@@isgather')
;delete from md_column where (id='hrwa_incometax@@@unifiednumber')
;delete from md_column where (id='hrwa_incometax@@@declaretype')
;delete from md_column where (id='hrwa_incometax@@@isforeignmonthdec')
;delete from md_column where (id='hrwa_incometax@@@creator')
;delete from md_column where (id='hrwa_incometax@@@creationtime')
;delete from md_column where (id='hrwa_incometax@@@modifier')
;delete from md_column where (id='hrwa_incometax@@@modifiedtime')
;delete from md_column where (id='hrwa_incometax@@@pk_group')
;delete from md_column where (id='hrwa_incometax@@@pk_org')
;delete from md_column where (id='hrwa_incometax@@@billdate')
;delete from md_column where (id='hrwa_incometax@@@pk_wa_data')
;delete from md_column where (id='hrwa_incometax@@@cpaydate')
;delete from md_column where (id='hrwa_incometax@@@payoffflag')
;delete from md_column where (id='hrwa_incometax@@@pk_hrorg')



;insert into md_component ( createtime, creator, description, displayname, dr, fromsourcebmf, help, id, industry, isbizmodel, modifier, modifytime, name, namespace, ownmodule, preload, resid, resmodule, ts, version, versiontype ) values (  '2018-01-19 10:40:44', 'yonyouBQ', null, 'incometax',0, 'Y', null, '5bc32d14-fb86-40da-8be7-31cdbd6c5ed0', '0', 'N', 'YONYOU NC', '2018-01-28 10:48:59', 'incometax', 'hrwa', 'hrwa', null, '2incometax-000019', 'incometax', '2018-10-13 00:08:12', '14',0 ) 
;insert into md_class ( id, accessorclassname, classtype, componentid, createtime, creator, description, displayname, dr, fullclassname, help, isactive, keyattribute, modifier, modifytime, name, parentclassid, precise, refmodelname, returntype, ts, versiontype, isprimary, defaulttablename, stereotype, isauthen, resid, bizitfimpclassname, modinfoclassname, iscreatesql, isextendbean, userdefclassname, industry, fixedlength ) values (  '86f6cad5-5f32-480f-bd53-b7812bcf329c', 'nc.md.model.access.javamap.AggVOStyle',201, '5bc32d14-fb86-40da-8be7-31cdbd6c5ed0', '2018-01-19 11:09:42', 'yonyouBQ', null, '申报明细档',0, 'nc.vo.hrwa.incometax.IncomeTaxVO', null, null, '0fe8eef1-c88e-4061-ba22-a3ad4b3c2833', 'YONYOU NC', '2018-01-28 10:54:07', 'IncomeTaxVO', null,null, null, null, '2018-10-13 00:08:12',0, 'Y', 'hrwa_incometax', null, 'Y', '2incometax-000018', null, null, 'Y', null, null, '0', null ) 
;insert into md_property ( id, accessorclassname, classid, createtime, creator, datatype, datatypestyle, defaultvalue, description, displayname, dr, help, isactive, hided, nullable, readonly, attrlength, attrmaxvalue, attrminvalue, modifier, modifytime, name, precise, refmodelname, attrsequence, ts, visibility, versiontype, fixedlength, calculation, isauthen, resid, customattr, notserialize, dynamicattr, dynamictable, accesspower, accesspowergroup, industry ) values (  '0fe8eef1-c88e-4061-ba22-a3ad4b3c2833', null, '86f6cad5-5f32-480f-bd53-b7812bcf329c', null, null, 'BS000010000100001051',300, null, null, '申报明细档主键',0, null, 'Y', 'N', 'N', 'N',20, null, null, null, null, 'pk_incometax',0, null,0, '2018-10-13 00:08:12',0,0, 'N', 'N', 'Y', '2incometax-000001', 'N', 'N', 'N', null, 'N', null, '0' ) 
;insert into md_property ( id, accessorclassname, classid, createtime, creator, datatype, datatypestyle, defaultvalue, description, displayname, dr, help, isactive, hided, nullable, readonly, attrlength, attrmaxvalue, attrminvalue, modifier, modifytime, name, precise, refmodelname, attrsequence, ts, visibility, versiontype, fixedlength, calculation, isauthen, resid, customattr, notserialize, dynamicattr, dynamictable, accesspower, accesspowergroup, industry ) values (  '206d5a0b-1fee-4c8d-ae41-356f407798d4', null, '86f6cad5-5f32-480f-bd53-b7812bcf329c', null, null, 'BS000010000100001001',300, null, null, '员工编号',0, null, 'Y', 'N', 'Y', 'N',50, null, null, null, null, 'code',0, null,1, '2018-10-13 00:08:12',0,0, 'N', 'N', 'Y', '2incometax-000002', 'N', 'N', 'N', null, 'N', null, '0' ) 
;insert into md_property ( id, accessorclassname, classid, createtime, creator, datatype, datatypestyle, defaultvalue, description, displayname, dr, help, isactive, hided, nullable, readonly, attrlength, attrmaxvalue, attrminvalue, modifier, modifytime, name, precise, refmodelname, attrsequence, ts, visibility, versiontype, fixedlength, calculation, isauthen, resid, customattr, notserialize, dynamicattr, dynamictable, accesspower, accesspowergroup, industry ) values (  '010ccf00-e05e-467a-8d5c-612885ce38a0', null, '86f6cad5-5f32-480f-bd53-b7812bcf329c', null, null, '218971f0-e5dc-408b-9a32-56529dddd4db',305, null, null, '员工姓名',0, null, 'Y', 'N', 'Y', 'N',20, null, null, null, null, 'pk_psndoc',0, 'HR人员',2, '2018-10-13 00:08:12',0,0, 'N', 'N', 'Y', '2incometax-000003', 'N', 'N', 'N', null, 'N', null, '0' ) 
;insert into md_property ( id, accessorclassname, classid, createtime, creator, datatype, datatypestyle, defaultvalue, description, displayname, dr, help, isactive, hided, nullable, readonly, attrlength, attrmaxvalue, attrminvalue, modifier, modifytime, name, precise, refmodelname, attrsequence, ts, visibility, versiontype, fixedlength, calculation, isauthen, resid, customattr, notserialize, dynamicattr, dynamictable, accesspower, accesspowergroup, industry ) values (  '0ef32cf1-e76d-4d27-a6a1-7d8a5038cb0d', null, '86f6cad5-5f32-480f-bd53-b7812bcf329c', null, null, 'BS000010000100001001',300, null, null, '身份证号',0, null, 'Y', 'N', 'Y', 'N',50, null, null, null, null, 'id',0, null,3, '2018-10-13 00:08:12',0,0, 'N', 'N', 'Y', '2incometax-000004', 'N', 'N', 'N', null, 'N', null, '0' ) 
;insert into md_property ( id, accessorclassname, classid, createtime, creator, datatype, datatypestyle, defaultvalue, description, displayname, dr, help, isactive, hided, nullable, readonly, attrlength, attrmaxvalue, attrminvalue, modifier, modifytime, name, precise, refmodelname, attrsequence, ts, visibility, versiontype, fixedlength, calculation, isauthen, resid, customattr, notserialize, dynamicattr, dynamictable, accesspower, accesspowergroup, industry ) values (  '930f0692-c3f3-4c35-99c4-b9472e532c7f', null, '86f6cad5-5f32-480f-bd53-b7812bcf329c', null, null, 'BS000010000100001001',300, null, null, '期间',0, null, 'Y', 'N', 'Y', 'N',50, null, null, null, null, 'cperiod',0, null,4, '2018-10-13 00:08:12',0,0, 'N', 'N', 'Y', '2incometax-000005', 'N', 'N', 'N', null, 'N', null, '0' ) 
;insert into md_property ( id, accessorclassname, classid, createtime, creator, datatype, datatypestyle, defaultvalue, description, displayname, dr, help, isactive, hided, nullable, readonly, attrlength, attrmaxvalue, attrminvalue, modifier, modifytime, name, precise, refmodelname, attrsequence, ts, visibility, versiontype, fixedlength, calculation, isauthen, resid, customattr, notserialize, dynamicattr, dynamictable, accesspower, accesspowergroup, industry ) values (  '175780b8-6875-4bba-94b4-dc11b4e5585e', null, '86f6cad5-5f32-480f-bd53-b7812bcf329c', null, null, 'BS000010000100001001',300, null, null, '年度',0, null, 'Y', 'N', 'Y', 'N',50, null, null, null, null, 'cyear',0, null,5, '2018-10-13 00:08:12',0,0, 'N', 'N', 'Y', '2incometax-000006', 'N', 'N', 'N', null, 'N', null, '0' ) 
;insert into md_property ( id, accessorclassname, classid, createtime, creator, datatype, datatypestyle, defaultvalue, description, displayname, dr, help, isactive, hided, nullable, readonly, attrlength, attrmaxvalue, attrminvalue, modifier, modifytime, name, precise, refmodelname, attrsequence, ts, visibility, versiontype, fixedlength, calculation, isauthen, resid, customattr, notserialize, dynamicattr, dynamictable, accesspower, accesspowergroup, industry ) values (  '8e7a9b18-2acd-4182-a8d0-e88a22b12634', null, '86f6cad5-5f32-480f-bd53-b7812bcf329c', null, null, 'BS000010000100001001',300, null, null, '薪资期间',0, null, 'Y', 'N', 'Y', 'N',50, null, null, null, null, 'cyearperiod',0, null,6, '2018-10-13 00:08:12',0,0, 'N', 'N', 'Y', '2incometax-000007', 'N', 'N', 'N', null, 'N', null, '0' ) 
;insert into md_property ( id, accessorclassname, classid, createtime, creator, datatype, datatypestyle, defaultvalue, description, displayname, dr, help, isactive, hided, nullable, readonly, attrlength, attrmaxvalue, attrminvalue, modifier, modifytime, name, precise, refmodelname, attrsequence, ts, visibility, versiontype, fixedlength, calculation, isauthen, resid, customattr, notserialize, dynamicattr, dynamictable, accesspower, accesspowergroup, industry ) values (  '52135c91-392d-4c64-9edd-954f7fde6ee1', null, '86f6cad5-5f32-480f-bd53-b7812bcf329c', null, null, '3faa851b-c428-46fd-af37-c7d3b1531537',305, null, null, '薪资方案',0, null, 'Y', 'N', 'Y', 'N',20, null, null, null, null, 'pk_wa_class',0, '薪资类别',7, '2018-10-13 00:08:12',0,0, 'N', 'N', 'Y', '2incometax-000008', 'N', 'N', 'N', null, 'N', null, '0' ) 
;insert into md_property ( id, accessorclassname, classid, createtime, creator, datatype, datatypestyle, defaultvalue, description, displayname, dr, help, isactive, hided, nullable, readonly, attrlength, attrmaxvalue, attrminvalue, modifier, modifytime, name, precise, refmodelname, attrsequence, ts, visibility, versiontype, fixedlength, calculation, isauthen, resid, customattr, notserialize, dynamicattr, dynamictable, accesspower, accesspowergroup, industry ) values (  'e597c695-31ad-425d-8da6-3f96e03b8597', null, '86f6cad5-5f32-480f-bd53-b7812bcf329c', null, null, 'BS000010000100001031',300, null, null, '给付总额',0, null, 'Y', 'N', 'Y', 'N',28, null, null, null, null, 'taxbase',8, null,8, '2018-10-13 00:08:12',0,0, 'N', 'N', 'Y', '2incometax-000009', 'N', 'N', 'N', null, 'N', null, '0' ) 
;insert into md_property ( id, accessorclassname, classid, createtime, creator, datatype, datatypestyle, defaultvalue, description, displayname, dr, help, isactive, hided, nullable, readonly, attrlength, attrmaxvalue, attrminvalue, modifier, modifytime, name, precise, refmodelname, attrsequence, ts, visibility, versiontype, fixedlength, calculation, isauthen, resid, customattr, notserialize, dynamicattr, dynamictable, accesspower, accesspowergroup, industry ) values (  'eef4cdd1-2026-4034-88c5-0f7d26807aae', null, '86f6cad5-5f32-480f-bd53-b7812bcf329c', null, null, 'BS000010000100001031',300, null, null, '扣缴税额',0, null, 'Y', 'N', 'Y', 'N',28, null, null, null, null, 'cacu_value',8, null,9, '2018-10-13 00:08:12',0,0, 'N', 'N', 'Y', '2incometax-000010', 'N', 'N', 'N', null, 'N', null, '0' ) 
;insert into md_property ( id, accessorclassname, classid, createtime, creator, datatype, datatypestyle, defaultvalue, description, displayname, dr, help, isactive, hided, nullable, readonly, attrlength, attrmaxvalue, attrminvalue, modifier, modifytime, name, precise, refmodelname, attrsequence, ts, visibility, versiontype, fixedlength, calculation, isauthen, resid, customattr, notserialize, dynamicattr, dynamictable, accesspower, accesspowergroup, industry ) values (  '7e9af28b-70d7-4186-be9f-feaff04b96db', null, '86f6cad5-5f32-480f-bd53-b7812bcf329c', null, null, 'BS000010000100001031',300, null, null, '给付净额',0, null, 'Y', 'N', 'Y', 'N',28, null, null, null, null, 'netincome',8, null,10, '2018-10-13 00:08:12',0,0, 'N', 'N', 'Y', '2incometax-000011', 'N', 'N', 'N', null, 'N', null, '0' ) 
;insert into md_property ( id, accessorclassname, classid, createtime, creator, datatype, datatypestyle, defaultvalue, description, displayname, dr, help, isactive, hided, nullable, readonly, attrlength, attrmaxvalue, attrminvalue, modifier, modifytime, name, precise, refmodelname, attrsequence, ts, visibility, versiontype, fixedlength, calculation, isauthen, resid, customattr, notserialize, dynamicattr, dynamictable, accesspower, accesspowergroup, industry ) values (  '2f78a411-4648-4f47-bc30-9e4ead90de63', null, '86f6cad5-5f32-480f-bd53-b7812bcf329c', null, null, 'BS000010000100001031',300, null, null, '员工自提金额',0, null, 'Y', 'N', 'Y', 'N',28, null, null, null, null, 'pickedup',8, null,11, '2018-10-13 00:08:12',0,0, 'N', 'N', 'Y', '2incometax-000012', 'N', 'N', 'N', null, 'N', null, '0' ) 
;insert into md_property ( id, accessorclassname, classid, createtime, creator, datatype, datatypestyle, defaultvalue, description, displayname, dr, help, isactive, hided, nullable, readonly, attrlength, attrmaxvalue, attrminvalue, modifier, modifytime, name, precise, refmodelname, attrsequence, ts, visibility, versiontype, fixedlength, calculation, isauthen, resid, customattr, notserialize, dynamicattr, dynamictable, accesspower, accesspowergroup, industry ) values (  '2e4ce17d-e26a-4d09-a31d-62321325f054', null, '86f6cad5-5f32-480f-bd53-b7812bcf329c', null, null, 'BS000010000100001032',300, null, null, '是否申报',0, null, 'Y', 'N', 'Y', 'N',1, null, null, null, null, 'isdeclare',0, null,12, '2018-10-13 00:08:12',0,0, 'N', 'N', 'Y', '2incometax-000013', 'N', 'N', 'N', null, 'N', null, '0' ) 
;insert into md_property ( id, accessorclassname, classid, createtime, creator, datatype, datatypestyle, defaultvalue, description, displayname, dr, help, isactive, hided, nullable, readonly, attrlength, attrmaxvalue, attrminvalue, modifier, modifytime, name, precise, refmodelname, attrsequence, ts, visibility, versiontype, fixedlength, calculation, isauthen, resid, customattr, notserialize, dynamicattr, dynamictable, accesspower, accesspowergroup, industry ) values (  'db6d84ce-0bec-459b-86f9-37b3905671fb', null, '86f6cad5-5f32-480f-bd53-b7812bcf329c', null, null, 'BS000010000100001032',300, null, null, '是否汇总',0, null, 'Y', 'N', 'Y', 'N',1, null, null, null, null, 'isgather',0, null,13, '2018-10-13 00:08:12',0,0, 'N', 'N', 'Y', '2incometax-000041', 'N', 'N', 'N', null, 'N', null, '0' ) 
;insert into md_property ( id, accessorclassname, classid, createtime, creator, datatype, datatypestyle, defaultvalue, description, displayname, dr, help, isactive, hided, nullable, readonly, attrlength, attrmaxvalue, attrminvalue, modifier, modifytime, name, precise, refmodelname, attrsequence, ts, visibility, versiontype, fixedlength, calculation, isauthen, resid, customattr, notserialize, dynamicattr, dynamictable, accesspower, accesspowergroup, industry ) values (  '5c6a8500-e3f3-40fd-9354-3788c2e1356a', null, '86f6cad5-5f32-480f-bd53-b7812bcf329c', null, null, '1001ZZ1000000001NP09',305, null, null, '统一编号',0, null, 'Y', 'N', 'Y', 'N',20, null, null, null, null, 'unifiednumber',0, 'y一(自定义档案)',14, '2018-10-13 00:08:12',0,0, 'N', 'N', 'Y', '2incometax-000014', 'N', 'N', 'N', null, 'N', null, '0' ) 
;insert into md_property ( id, accessorclassname, classid, createtime, creator, datatype, datatypestyle, defaultvalue, description, displayname, dr, help, isactive, hided, nullable, readonly, attrlength, attrmaxvalue, attrminvalue, modifier, modifytime, name, precise, refmodelname, attrsequence, ts, visibility, versiontype, fixedlength, calculation, isauthen, resid, customattr, notserialize, dynamicattr, dynamictable, accesspower, accesspowergroup, industry ) values (  'd6daf9ab-a023-48ed-907b-242ccc84147a', null, '86f6cad5-5f32-480f-bd53-b7812bcf329c', null, null, '1001ZZ1000000001NEF9',305, null, null, '申报凭单格式',0, null, 'Y', 'N', 'Y', 'N',20, null, null, null, null, 'declaretype',0, '申蟾袷(自定义档案)',15, '2018-10-13 00:08:12',0,0, 'N', 'N', 'Y', '2incometax-000015', 'N', 'N', 'N', null, 'N', null, '0' ) 
;insert into md_property ( id, accessorclassname, classid, createtime, creator, datatype, datatypestyle, defaultvalue, description, displayname, dr, help, isactive, hided, nullable, readonly, attrlength, attrmaxvalue, attrminvalue, modifier, modifytime, name, precise, refmodelname, attrsequence, ts, visibility, versiontype, fixedlength, calculation, isauthen, resid, customattr, notserialize, dynamicattr, dynamictable, accesspower, accesspowergroup, industry ) values (  'a8c41dc5-8684-43cd-951f-1ff2ccde4478', null, '86f6cad5-5f32-480f-bd53-b7812bcf329c', null, null, 'BS000010000100001032',300, null, null, '是否外籍员工逐月申报',0, null, 'Y', 'N', 'Y', 'N',1, null, null, null, null, 'isforeignmonthdec',0, null,16, '2018-10-13 00:08:12',0,0, 'N', 'N', 'Y', '2incometax-000016', 'N', 'N', 'N', null, 'N', null, '0' ) 
;insert into md_property ( id, accessorclassname, classid, createtime, creator, datatype, datatypestyle, defaultvalue, description, displayname, dr, help, isactive, hided, nullable, readonly, attrlength, attrmaxvalue, attrminvalue, modifier, modifytime, name, precise, refmodelname, attrsequence, ts, visibility, versiontype, fixedlength, calculation, isauthen, resid, customattr, notserialize, dynamicattr, dynamictable, accesspower, accesspowergroup, industry ) values (  '67add90b-a36a-4eab-a11f-6f9d9baa5aa5', null, '86f6cad5-5f32-480f-bd53-b7812bcf329c', null, null, 'f6f9a473-56c0-432f-8bc7-fbf8fde54fee',305, null, null, '创建人',0, null, 'Y', 'N', 'Y', 'N',20, null, null, null, null, 'creator',0, '用户',17, '2018-10-13 00:08:12',0,0, 'N', 'N', 'Y', '2UC000-000155', 'N', 'N', 'N', null, 'N', null, '0' ) 
;insert into md_property ( id, accessorclassname, classid, createtime, creator, datatype, datatypestyle, defaultvalue, description, displayname, dr, help, isactive, hided, nullable, readonly, attrlength, attrmaxvalue, attrminvalue, modifier, modifytime, name, precise, refmodelname, attrsequence, ts, visibility, versiontype, fixedlength, calculation, isauthen, resid, customattr, notserialize, dynamicattr, dynamictable, accesspower, accesspowergroup, industry ) values (  '26f2cdf3-fccc-4474-993e-0061cf448a59', null, '86f6cad5-5f32-480f-bd53-b7812bcf329c', null, null, 'BS000010000100001034',300, null, null, '创建时间',0, null, 'Y', 'N', 'Y', 'N',19, null, null, null, null, 'creationtime',0, null,18, '2018-10-13 00:08:12',0,0, 'N', 'N', 'Y', '2UC000-000157', 'N', 'N', 'N', null, 'N', null, '0' ) 
;insert into md_property ( id, accessorclassname, classid, createtime, creator, datatype, datatypestyle, defaultvalue, description, displayname, dr, help, isactive, hided, nullable, readonly, attrlength, attrmaxvalue, attrminvalue, modifier, modifytime, name, precise, refmodelname, attrsequence, ts, visibility, versiontype, fixedlength, calculation, isauthen, resid, customattr, notserialize, dynamicattr, dynamictable, accesspower, accesspowergroup, industry ) values (  'a43313d1-8b35-4037-80f4-09dcca8b1696', null, '86f6cad5-5f32-480f-bd53-b7812bcf329c', null, null, 'f6f9a473-56c0-432f-8bc7-fbf8fde54fee',305, null, null, '修改人',0, null, 'Y', 'N', 'Y', 'N',20, null, null, null, null, 'modifier',0, '用户',19, '2018-10-13 00:08:12',0,0, 'N', 'N', 'Y', '2UC000-000490', 'N', 'N', 'N', null, 'N', null, '0' ) 
;insert into md_property ( id, accessorclassname, classid, createtime, creator, datatype, datatypestyle, defaultvalue, description, displayname, dr, help, isactive, hided, nullable, readonly, attrlength, attrmaxvalue, attrminvalue, modifier, modifytime, name, precise, refmodelname, attrsequence, ts, visibility, versiontype, fixedlength, calculation, isauthen, resid, customattr, notserialize, dynamicattr, dynamictable, accesspower, accesspowergroup, industry ) values (  '973fdc8b-745b-4368-8cbb-6100e7d5ccdf', null, '86f6cad5-5f32-480f-bd53-b7812bcf329c', null, null, 'BS000010000100001034',300, null, null, '修改时间',0, null, 'Y', 'N', 'Y', 'N',19, null, null, null, null, 'modifiedtime',0, null,20, '2018-10-13 00:08:12',0,0, 'N', 'N', 'Y', '2UC000-000491', 'N', 'N', 'N', null, 'N', null, '0' ) 
;insert into md_property ( id, accessorclassname, classid, createtime, creator, datatype, datatypestyle, defaultvalue, description, displayname, dr, help, isactive, hided, nullable, readonly, attrlength, attrmaxvalue, attrminvalue, modifier, modifytime, name, precise, refmodelname, attrsequence, ts, visibility, versiontype, fixedlength, calculation, isauthen, resid, customattr, notserialize, dynamicattr, dynamictable, accesspower, accesspowergroup, industry ) values (  'd4be24d7-d138-457b-b2ce-97d05c1ea865', null, '86f6cad5-5f32-480f-bd53-b7812bcf329c', null, null, '3b6dd171-2900-47f3-bfbe-41e4483a2a65',305, null, null, '集团',0, null, 'Y', 'N', 'N', 'N',20, null, null, null, null, 'pk_group',0, null,21, '2018-10-13 00:08:12',0,0, 'N', 'N', 'Y', '2UC000-000367', 'N', 'N', 'N', null, 'N', null, '0' ) 
;insert into md_property ( id, accessorclassname, classid, createtime, creator, datatype, datatypestyle, defaultvalue, description, displayname, dr, help, isactive, hided, nullable, readonly, attrlength, attrmaxvalue, attrminvalue, modifier, modifytime, name, precise, refmodelname, attrsequence, ts, visibility, versiontype, fixedlength, calculation, isauthen, resid, customattr, notserialize, dynamicattr, dynamictable, accesspower, accesspowergroup, industry ) values (  '6045400f-2c71-4fd2-a47b-6d4b1cef7fb7', null, '86f6cad5-5f32-480f-bd53-b7812bcf329c', null, null, '985be8a4-3a36-4778-8afe-2d8ed3902659',305, null, null, '组织',0, null, 'Y', 'N', 'Y', 'N',20, null, null, null, null, 'pk_org',0, null,22, '2018-10-13 00:08:12',0,0, 'N', 'N', 'Y', '2UC000-000360', 'N', 'N', 'N', null, 'N', null, '0' ) 
;insert into md_property ( id, accessorclassname, classid, createtime, creator, datatype, datatypestyle, defaultvalue, description, displayname, dr, help, isactive, hided, nullable, readonly, attrlength, attrmaxvalue, attrminvalue, modifier, modifytime, name, precise, refmodelname, attrsequence, ts, visibility, versiontype, fixedlength, calculation, isauthen, resid, customattr, notserialize, dynamicattr, dynamictable, accesspower, accesspowergroup, industry ) values (  '591baec4-1b84-4324-a4ea-dc7183ae9b54', null, '86f6cad5-5f32-480f-bd53-b7812bcf329c', null, null, 'BS000010000100001033',300, null, null, '单据日期',0, null, 'Y', 'N', 'Y', 'N',19, null, null, null, null, 'billdate',0, null,23, '2018-10-13 00:08:12',0,0, 'N', 'N', 'Y', '2UC000-000190', 'N', 'N', 'N', null, 'N', null, '0' ) 
;insert into md_property ( id, accessorclassname, classid, createtime, creator, datatype, datatypestyle, defaultvalue, description, displayname, dr, help, isactive, hided, nullable, readonly, attrlength, attrmaxvalue, attrminvalue, modifier, modifytime, name, precise, refmodelname, attrsequence, ts, visibility, versiontype, fixedlength, calculation, isauthen, resid, customattr, notserialize, dynamicattr, dynamictable, accesspower, accesspowergroup, industry ) values (  '4e829a8a-4ac6-4369-981b-e9f7781ab0de', null, '86f6cad5-5f32-480f-bd53-b7812bcf329c', null, null, 'f87c5b2c-d76e-46b8-bb6e-f543bb50a3f5',305, null, null, '薪资数据表主键',0, null, 'Y', 'N', 'Y', 'N',20, null, null, null, null, 'pk_wa_data',0, null,24, '2018-10-13 00:08:12',0,0, 'N', 'N', 'Y', '2incometax-000021', 'N', 'N', 'N', null, 'N', null, '0' ) 
;insert into md_property ( id, accessorclassname, classid, createtime, creator, datatype, datatypestyle, defaultvalue, description, displayname, dr, help, isactive, hided, nullable, readonly, attrlength, attrmaxvalue, attrminvalue, modifier, modifytime, name, precise, refmodelname, attrsequence, ts, visibility, versiontype, fixedlength, calculation, isauthen, resid, customattr, notserialize, dynamicattr, dynamictable, accesspower, accesspowergroup, industry ) values (  'ece4f53e-d13f-4c93-b7ed-3e70f2c7fe27', null, '86f6cad5-5f32-480f-bd53-b7812bcf329c', null, null, 'BS000010000100001033',300, null, null, '到账日期',0, null, 'Y', 'N', 'Y', 'N',19, null, null, null, null, 'cpaydate',0, null,25, '2018-10-13 00:08:12',0,0, 'N', 'N', 'Y', '2incometax-000022', 'N', 'N', 'N', null, 'N', null, '0' ) 
;insert into md_property ( id, accessorclassname, classid, createtime, creator, datatype, datatypestyle, defaultvalue, description, displayname, dr, help, isactive, hided, nullable, readonly, attrlength, attrmaxvalue, attrminvalue, modifier, modifytime, name, precise, refmodelname, attrsequence, ts, visibility, versiontype, fixedlength, calculation, isauthen, resid, customattr, notserialize, dynamicattr, dynamictable, accesspower, accesspowergroup, industry ) values (  'd0f84bfe-fb05-4f1d-b715-5ee9b81899e6', null, '86f6cad5-5f32-480f-bd53-b7812bcf329c', null, null, 'BS000010000100001032',300, null, null, '发放标志',0, null, 'Y', 'N', 'Y', 'N',1, null, null, null, null, 'payoffflag',0, null,26, '2018-10-13 00:08:12',0,0, 'N', 'N', 'Y', '2incometax-000023', 'N', 'N', 'N', null, 'N', null, '0' ) 
;insert into md_property ( id, accessorclassname, classid, createtime, creator, datatype, datatypestyle, defaultvalue, description, displayname, dr, help, isactive, hided, nullable, readonly, attrlength, attrmaxvalue, attrminvalue, modifier, modifytime, name, precise, refmodelname, attrsequence, ts, visibility, versiontype, fixedlength, calculation, isauthen, resid, customattr, notserialize, dynamicattr, dynamictable, accesspower, accesspowergroup, industry ) values (  '92fec7dd-816f-4092-8d2b-29617ff84e19', null, '86f6cad5-5f32-480f-bd53-b7812bcf329c', null, null, 'f3fed5ea-72f2-4a0a-ad43-d30b1c22c86c',305, null, null, '人力资源组织',0, null, 'Y', 'N', 'Y', 'N',20, null, null, null, null, 'pk_hrorg',0, '人力资源组织',27, '2018-10-13 00:08:12',0,0, 'N', 'N', 'Y', '2incometax-000024', 'N', 'N', 'N', null, 'N', null, '0' ) 
;insert into md_accessorPara ( id, dr, paravalue, assosequence, ts, versiontype, industry ) values (  '86f6cad5-5f32-480f-bd53-b7812bcf329c',0, 'nc.vo.hrwa.incometax.AggIncomeTaxVO',0, '2018-10-13 00:08:12',null, null ) 
;insert into md_bizItfMap ( bizinterfaceid, intattrid, classid, classattrid, bizitfimpclassname, classattrpath, dr, ts ) values (  '2b226ae1-aad9-4abe-a405-36bcacaa94a8', 'e5a2aef6-8d58-416a-b8b7-4dd10e13d788', '86f6cad5-5f32-480f-bd53-b7812bcf329c', '67add90b-a36a-4eab-a11f-6f9d9baa5aa5', null, null,0, '2018-10-13 00:08:12' ) 
;insert into md_bizItfMap ( bizinterfaceid, intattrid, classid, classattrid, bizitfimpclassname, classattrpath, dr, ts ) values (  '2b226ae1-aad9-4abe-a405-36bcacaa94a8', '49b6b1ae-cd5b-4b54-99cd-a6bb9fee7343', '86f6cad5-5f32-480f-bd53-b7812bcf329c', '26f2cdf3-fccc-4474-993e-0061cf448a59', null, null,0, '2018-10-13 00:08:12' ) 
;insert into md_bizItfMap ( bizinterfaceid, intattrid, classid, classattrid, bizitfimpclassname, classattrpath, dr, ts ) values (  '2b226ae1-aad9-4abe-a405-36bcacaa94a8', '54c42368-5a43-4295-a7d4-74d276eed522', '86f6cad5-5f32-480f-bd53-b7812bcf329c', 'a43313d1-8b35-4037-80f4-09dcca8b1696', null, null,0, '2018-10-13 00:08:12' ) 
;insert into md_bizItfMap ( bizinterfaceid, intattrid, classid, classattrid, bizitfimpclassname, classattrpath, dr, ts ) values (  '2b226ae1-aad9-4abe-a405-36bcacaa94a8', '0abfd569-b9cf-4c44-a8d9-45979c083b08', '86f6cad5-5f32-480f-bd53-b7812bcf329c', '973fdc8b-745b-4368-8cbb-6100e7d5ccdf', null, null,0, '2018-10-13 00:08:12' ) 
;insert into md_bizItfMap ( bizinterfaceid, intattrid, classid, classattrid, bizitfimpclassname, classattrpath, dr, ts ) values (  '7199a45a-6e53-4ac1-b4d1-8a549d0a1622', '198cbd30-90e3-4207-bfd4-9fa797802583', '86f6cad5-5f32-480f-bd53-b7812bcf329c', '591baec4-1b84-4324-a4ea-dc7183ae9b54', null, null,0, '2018-10-13 00:08:12' ) 
;insert into md_bizItfMap ( bizinterfaceid, intattrid, classid, classattrid, bizitfimpclassname, classattrpath, dr, ts ) values (  '6c8722b9-911a-489b-8d0d-18bd3734fcf6', '5dd3c721-22ad-42b1-9c10-4351c236bc77', '86f6cad5-5f32-480f-bd53-b7812bcf329c', '0fe8eef1-c88e-4061-ba22-a3ad4b3c2833', null, null,0, '2018-10-13 00:08:12' ) 
;insert into md_bizItfMap ( bizinterfaceid, intattrid, classid, classattrid, bizitfimpclassname, classattrpath, dr, ts ) values (  '6c8722b9-911a-489b-8d0d-18bd3734fcf6', 'c8334364-7ab9-4266-8d4b-e74537935e46', '86f6cad5-5f32-480f-bd53-b7812bcf329c', null, null, null,0, '2018-10-13 00:08:12' ) 
;insert into md_bizItfMap ( bizinterfaceid, intattrid, classid, classattrid, bizitfimpclassname, classattrpath, dr, ts ) values (  '6c8722b9-911a-489b-8d0d-18bd3734fcf6', 'ecf1b76a-6e44-42e2-a55e-87596504775b', '86f6cad5-5f32-480f-bd53-b7812bcf329c', '6045400f-2c71-4fd2-a47b-6d4b1cef7fb7', null, null,0, '2018-10-13 00:08:12' ) 
;insert into md_bizItfMap ( bizinterfaceid, intattrid, classid, classattrid, bizitfimpclassname, classattrpath, dr, ts ) values (  '6c8722b9-911a-489b-8d0d-18bd3734fcf6', 'd32cc17b-f415-415a-923f-0764443eb102', '86f6cad5-5f32-480f-bd53-b7812bcf329c', null, null, null,0, '2018-10-13 00:08:12' ) 
;insert into md_bizItfMap ( bizinterfaceid, intattrid, classid, classattrid, bizitfimpclassname, classattrpath, dr, ts ) values (  '6c8722b9-911a-489b-8d0d-18bd3734fcf6', '89578a97-42fe-439b-827c-8eabd9e3604c', '86f6cad5-5f32-480f-bd53-b7812bcf329c', null, null, null,0, '2018-10-13 00:08:12' ) 
;insert into md_bizItfMap ( bizinterfaceid, intattrid, classid, classattrid, bizitfimpclassname, classattrpath, dr, ts ) values (  '6c8722b9-911a-489b-8d0d-18bd3734fcf6', 'a47e6cda-09e4-480b-923f-ec6f41e3e06c', '86f6cad5-5f32-480f-bd53-b7812bcf329c', 'd4be24d7-d138-457b-b2ce-97d05c1ea865', null, null,0, '2018-10-13 00:08:12' ) 
;insert into md_bizItfMap ( bizinterfaceid, intattrid, classid, classattrid, bizitfimpclassname, classattrpath, dr, ts ) values (  '60bdf1fb-95e3-43dc-8feb-f874de9293eb', '25bd08e0-96da-40a6-bfc0-1298b2399f4a', '86f6cad5-5f32-480f-bd53-b7812bcf329c', null, null, null,0, '2018-10-13 00:08:12' ) 
;insert into md_association ( id, componentid, creator, createtime, dr, endcardinality, startbeanid, endelementid, isactive, modifier, modifytime, name, startcardinality, startelementid, ts, type, versiontype, industry ) values (  'd0790507-9cdc-44d3-ab15-a254c8613c35', '5bc32d14-fb86-40da-8be7-31cdbd6c5ed0', null, null,0, '1', '86f6cad5-5f32-480f-bd53-b7812bcf329c', '218971f0-e5dc-408b-9a32-56529dddd4db', 'Y', null, null, 'IncomeTaxVO_pk_psndoc', '1', '010ccf00-e05e-467a-8d5c-612885ce38a0', '2018-10-13 00:08:12',3,0, '0' ) 
;insert into md_association ( id, componentid, creator, createtime, dr, endcardinality, startbeanid, endelementid, isactive, modifier, modifytime, name, startcardinality, startelementid, ts, type, versiontype, industry ) values (  'c24b0f9f-a4f6-4826-995a-bf47ccba8de7', '5bc32d14-fb86-40da-8be7-31cdbd6c5ed0', null, null,0, '1', '86f6cad5-5f32-480f-bd53-b7812bcf329c', '3faa851b-c428-46fd-af37-c7d3b1531537', 'Y', null, null, 'IncomeTaxVO_pk_wa_class', '1', '52135c91-392d-4c64-9edd-954f7fde6ee1', '2018-10-13 00:08:12',3,0, '0' ) 
;insert into md_association ( id, componentid, creator, createtime, dr, endcardinality, startbeanid, endelementid, isactive, modifier, modifytime, name, startcardinality, startelementid, ts, type, versiontype, industry ) values (  '91c89fc6-8bff-4477-938a-0d750ec223fa', '5bc32d14-fb86-40da-8be7-31cdbd6c5ed0', null, null,0, '1', '86f6cad5-5f32-480f-bd53-b7812bcf329c', '1001ZZ1000000001NP09', 'Y', null, null, 'IncomeTaxVO_unifiednumber', '1', '5c6a8500-e3f3-40fd-9354-3788c2e1356a', '2018-10-13 00:08:12',3,0, '0' ) 
;insert into md_association ( id, componentid, creator, createtime, dr, endcardinality, startbeanid, endelementid, isactive, modifier, modifytime, name, startcardinality, startelementid, ts, type, versiontype, industry ) values (  '6bba6898-6106-4f48-ab4a-708c2adaa450', '5bc32d14-fb86-40da-8be7-31cdbd6c5ed0', null, null,0, '1', '86f6cad5-5f32-480f-bd53-b7812bcf329c', '1001ZZ1000000001NEF9', 'Y', null, null, 'IncomeTaxVO_declaretype', '1', 'd6daf9ab-a023-48ed-907b-242ccc84147a', '2018-10-13 00:08:12',3,0, '0' ) 
;insert into md_association ( id, componentid, creator, createtime, dr, endcardinality, startbeanid, endelementid, isactive, modifier, modifytime, name, startcardinality, startelementid, ts, type, versiontype, industry ) values (  'e584646b-e973-41a6-8664-4b6d47ccee87', '5bc32d14-fb86-40da-8be7-31cdbd6c5ed0', null, null,0, '1', '86f6cad5-5f32-480f-bd53-b7812bcf329c', 'f6f9a473-56c0-432f-8bc7-fbf8fde54fee', 'Y', null, null, 'IncomeTaxVO_creator', '1', '67add90b-a36a-4eab-a11f-6f9d9baa5aa5', '2018-10-13 00:08:12',3,0, '0' ) 
;insert into md_association ( id, componentid, creator, createtime, dr, endcardinality, startbeanid, endelementid, isactive, modifier, modifytime, name, startcardinality, startelementid, ts, type, versiontype, industry ) values (  '77abe607-04f3-47f0-9b47-0ccd4418bf5d', '5bc32d14-fb86-40da-8be7-31cdbd6c5ed0', null, null,0, '1', '86f6cad5-5f32-480f-bd53-b7812bcf329c', 'f6f9a473-56c0-432f-8bc7-fbf8fde54fee', 'Y', null, null, 'IncomeTaxVO_modifier', '1', 'a43313d1-8b35-4037-80f4-09dcca8b1696', '2018-10-13 00:08:12',3,0, '0' ) 
;insert into md_association ( id, componentid, creator, createtime, dr, endcardinality, startbeanid, endelementid, isactive, modifier, modifytime, name, startcardinality, startelementid, ts, type, versiontype, industry ) values (  '8a262f65-656b-47cc-8f6e-1794b5e02b21', '5bc32d14-fb86-40da-8be7-31cdbd6c5ed0', null, null,0, '1', '86f6cad5-5f32-480f-bd53-b7812bcf329c', '3b6dd171-2900-47f3-bfbe-41e4483a2a65', 'Y', null, null, 'IncomeTaxVO_pk_group', '1', 'd4be24d7-d138-457b-b2ce-97d05c1ea865', '2018-10-13 00:08:12',3,0, '0' ) 
;insert into md_association ( id, componentid, creator, createtime, dr, endcardinality, startbeanid, endelementid, isactive, modifier, modifytime, name, startcardinality, startelementid, ts, type, versiontype, industry ) values (  '61c4965d-0bcd-4ffc-a821-6a296feb5882', '5bc32d14-fb86-40da-8be7-31cdbd6c5ed0', null, null,0, '1', '86f6cad5-5f32-480f-bd53-b7812bcf329c', '985be8a4-3a36-4778-8afe-2d8ed3902659', 'Y', null, null, 'IncomeTaxVO_pk_org', '1', '6045400f-2c71-4fd2-a47b-6d4b1cef7fb7', '2018-10-13 00:08:12',3,0, '0' ) 
;insert into md_association ( id, componentid, creator, createtime, dr, endcardinality, startbeanid, endelementid, isactive, modifier, modifytime, name, startcardinality, startelementid, ts, type, versiontype, industry ) values (  'e213a2ff-1170-4ec4-9950-e43a4fd7528d', '5bc32d14-fb86-40da-8be7-31cdbd6c5ed0', null, null,0, '1', '86f6cad5-5f32-480f-bd53-b7812bcf329c', 'f87c5b2c-d76e-46b8-bb6e-f543bb50a3f5', 'Y', null, null, 'IncomeTaxVO_pk_wa_data', '1', '4e829a8a-4ac6-4369-981b-e9f7781ab0de', '2018-10-13 00:08:12',3,0, '0' ) 
;insert into md_association ( id, componentid, creator, createtime, dr, endcardinality, startbeanid, endelementid, isactive, modifier, modifytime, name, startcardinality, startelementid, ts, type, versiontype, industry ) values (  '9f04dfd8-7749-4eb6-93cc-d470ae59aab9', '5bc32d14-fb86-40da-8be7-31cdbd6c5ed0', null, null,0, '1', '86f6cad5-5f32-480f-bd53-b7812bcf329c', 'f3fed5ea-72f2-4a0a-ad43-d30b1c22c86c', 'Y', null, null, 'IncomeTaxVO_pk_hrorg', '1', '92fec7dd-816f-4092-8d2b-29617ff84e19', '2018-10-13 00:08:12',3,0, '0' ) 
;insert into md_table ( id, createtime, creator, databaseid, description, displayname, dr, help, isactive, fromsourcebmf, modifier, modifytime, name, ts, versiontype, resmodule, resid, parenttable, isextendtable, industry ) values (  'hrwa_incometax', '2018-01-19 11:09:42', 'yonyouBQ', null, null, '申报明细档',0, null, null, 'Y', 'YONYOU NC', '2018-01-28 10:54:07', 'hrwa_incometax', '2018-10-13 00:08:12',0, 'incometax', '2incometax-000018', null, null, '0' ) 
;insert into md_column ( id, sqldatetype, createtime, creator, defaultvalue, description, displayname, dr, help, incrementseed, incrementstep, isactive, identitied, pkey, nullable, columnlength, modifier, modifytime, name, precise, columnsequence, tableid, ts, versiontype, resid, groupid, columntype, forlocale ) values (  'hrwa_incometax@@PK@@', 'char', null, null, null, null, '申报明细档主键',0, null,null,null, 'Y', null, 'Y', 'N',20, null, null, 'pk_incometax',0,0, 'hrwa_incometax', '2018-10-13 00:08:12',0, '2incometax-000001', null,0, 'N' ) 
;insert into md_column ( id, sqldatetype, createtime, creator, defaultvalue, description, displayname, dr, help, incrementseed, incrementstep, isactive, identitied, pkey, nullable, columnlength, modifier, modifytime, name, precise, columnsequence, tableid, ts, versiontype, resid, groupid, columntype, forlocale ) values (  'hrwa_incometax@@@code', 'varchar', null, null, null, null, '员工编号',0, null,null,null, 'Y', null, 'N', 'Y',50, null, null, 'code',0,1, 'hrwa_incometax', '2018-10-13 00:08:12',0, '2incometax-000002', null,0, 'N' ) 
;insert into md_column ( id, sqldatetype, createtime, creator, defaultvalue, description, displayname, dr, help, incrementseed, incrementstep, isactive, identitied, pkey, nullable, columnlength, modifier, modifytime, name, precise, columnsequence, tableid, ts, versiontype, resid, groupid, columntype, forlocale ) values (  'hrwa_incometax@@@pk_psndoc', 'varchar', null, null, '*~', null, '员工姓名',0, null,null,null, 'Y', null, 'N', 'Y',20, null, null, 'pk_psndoc',0,2, 'hrwa_incometax', '2018-10-13 00:08:12',0, '2incometax-000003', null,0, 'N' ) 
;insert into md_column ( id, sqldatetype, createtime, creator, defaultvalue, description, displayname, dr, help, incrementseed, incrementstep, isactive, identitied, pkey, nullable, columnlength, modifier, modifytime, name, precise, columnsequence, tableid, ts, versiontype, resid, groupid, columntype, forlocale ) values (  'hrwa_incometax@@@id', 'varchar', null, null, null, null, '身份证号',0, null,null,null, 'Y', null, 'N', 'Y',50, null, null, 'id',0,3, 'hrwa_incometax', '2018-10-13 00:08:12',0, '2incometax-000004', null,0, 'N' ) 
;insert into md_column ( id, sqldatetype, createtime, creator, defaultvalue, description, displayname, dr, help, incrementseed, incrementstep, isactive, identitied, pkey, nullable, columnlength, modifier, modifytime, name, precise, columnsequence, tableid, ts, versiontype, resid, groupid, columntype, forlocale ) values (  'hrwa_incometax@@@cperiod', 'varchar', null, null, null, null, '期间',0, null,null,null, 'Y', null, 'N', 'Y',50, null, null, 'cperiod',0,4, 'hrwa_incometax', '2018-10-13 00:08:12',0, '2incometax-000005', null,0, 'N' ) 
;insert into md_column ( id, sqldatetype, createtime, creator, defaultvalue, description, displayname, dr, help, incrementseed, incrementstep, isactive, identitied, pkey, nullable, columnlength, modifier, modifytime, name, precise, columnsequence, tableid, ts, versiontype, resid, groupid, columntype, forlocale ) values (  'hrwa_incometax@@@cyear', 'varchar', null, null, null, null, '年度',0, null,null,null, 'Y', null, 'N', 'Y',50, null, null, 'cyear',0,5, 'hrwa_incometax', '2018-10-13 00:08:12',0, '2incometax-000006', null,0, 'N' ) 
;insert into md_column ( id, sqldatetype, createtime, creator, defaultvalue, description, displayname, dr, help, incrementseed, incrementstep, isactive, identitied, pkey, nullable, columnlength, modifier, modifytime, name, precise, columnsequence, tableid, ts, versiontype, resid, groupid, columntype, forlocale ) values (  'hrwa_incometax@@@cyearperiod', 'varchar', null, null, null, null, '薪资期间',0, null,null,null, 'Y', null, 'N', 'Y',50, null, null, 'cyearperiod',0,6, 'hrwa_incometax', '2018-10-13 00:08:12',0, '2incometax-000007', null,0, 'N' ) 
;insert into md_column ( id, sqldatetype, createtime, creator, defaultvalue, description, displayname, dr, help, incrementseed, incrementstep, isactive, identitied, pkey, nullable, columnlength, modifier, modifytime, name, precise, columnsequence, tableid, ts, versiontype, resid, groupid, columntype, forlocale ) values (  'hrwa_incometax@@@pk_wa_class', 'varchar', null, null, '*~', null, '薪资方案',0, null,null,null, 'Y', null, 'N', 'Y',20, null, null, 'pk_wa_class',0,7, 'hrwa_incometax', '2018-10-13 00:08:12',0, '2incometax-000008', null,0, 'N' ) 
;insert into md_column ( id, sqldatetype, createtime, creator, defaultvalue, description, displayname, dr, help, incrementseed, incrementstep, isactive, identitied, pkey, nullable, columnlength, modifier, modifytime, name, precise, columnsequence, tableid, ts, versiontype, resid, groupid, columntype, forlocale ) values (  'hrwa_incometax@@@taxbase', 'decimal', null, null, null, null, '给付总额',0, null,null,null, 'Y', null, 'N', 'Y',28, null, null, 'taxbase',8,8, 'hrwa_incometax', '2018-10-13 00:08:12',0, '2incometax-000009', null,0, 'N' ) 
;insert into md_column ( id, sqldatetype, createtime, creator, defaultvalue, description, displayname, dr, help, incrementseed, incrementstep, isactive, identitied, pkey, nullable, columnlength, modifier, modifytime, name, precise, columnsequence, tableid, ts, versiontype, resid, groupid, columntype, forlocale ) values (  'hrwa_incometax@@@cacu_value', 'decimal', null, null, null, null, '扣缴税额',0, null,null,null, 'Y', null, 'N', 'Y',28, null, null, 'cacu_value',8,9, 'hrwa_incometax', '2018-10-13 00:08:12',0, '2incometax-000010', null,0, 'N' ) 
;insert into md_column ( id, sqldatetype, createtime, creator, defaultvalue, description, displayname, dr, help, incrementseed, incrementstep, isactive, identitied, pkey, nullable, columnlength, modifier, modifytime, name, precise, columnsequence, tableid, ts, versiontype, resid, groupid, columntype, forlocale ) values (  'hrwa_incometax@@@netincome', 'decimal', null, null, null, null, '给付净额',0, null,null,null, 'Y', null, 'N', 'Y',28, null, null, 'netincome',8,10, 'hrwa_incometax', '2018-10-13 00:08:12',0, '2incometax-000011', null,0, 'N' ) 
;insert into md_column ( id, sqldatetype, createtime, creator, defaultvalue, description, displayname, dr, help, incrementseed, incrementstep, isactive, identitied, pkey, nullable, columnlength, modifier, modifytime, name, precise, columnsequence, tableid, ts, versiontype, resid, groupid, columntype, forlocale ) values (  'hrwa_incometax@@@pickedup', 'decimal', null, null, null, null, '员工自提金额',0, null,null,null, 'Y', null, 'N', 'Y',28, null, null, 'pickedup',8,11, 'hrwa_incometax', '2018-10-13 00:08:12',0, '2incometax-000012', null,0, 'N' ) 
;insert into md_column ( id, sqldatetype, createtime, creator, defaultvalue, description, displayname, dr, help, incrementseed, incrementstep, isactive, identitied, pkey, nullable, columnlength, modifier, modifytime, name, precise, columnsequence, tableid, ts, versiontype, resid, groupid, columntype, forlocale ) values (  'hrwa_incometax@@@isdeclare', 'char', null, null, null, null, '是否申报',0, null,null,null, 'Y', null, 'N', 'Y',1, null, null, 'isdeclare',0,12, 'hrwa_incometax', '2018-10-13 00:08:12',0, '2incometax-000013', null,0, 'N' ) 
;insert into md_column ( id, sqldatetype, createtime, creator, defaultvalue, description, displayname, dr, help, incrementseed, incrementstep, isactive, identitied, pkey, nullable, columnlength, modifier, modifytime, name, precise, columnsequence, tableid, ts, versiontype, resid, groupid, columntype, forlocale ) values (  'hrwa_incometax@@@isgather', 'char', null, null, null, null, '是否汇总',0, null,null,null, 'Y', null, 'N', 'Y',1, null, null, 'isgather',0,13, 'hrwa_incometax', '2018-10-13 00:08:12',0, '2incometax-000041', null,0, 'N' ) 
;insert into md_column ( id, sqldatetype, createtime, creator, defaultvalue, description, displayname, dr, help, incrementseed, incrementstep, isactive, identitied, pkey, nullable, columnlength, modifier, modifytime, name, precise, columnsequence, tableid, ts, versiontype, resid, groupid, columntype, forlocale ) values (  'hrwa_incometax@@@unifiednumber', 'varchar', null, null, '*~', null, '统一编号',0, null,null,null, 'Y', null, 'N', 'Y',20, null, null, 'unifiednumber',0,14, 'hrwa_incometax', '2018-10-13 00:08:12',0, '2incometax-000014', null,0, 'N' ) 
;insert into md_column ( id, sqldatetype, createtime, creator, defaultvalue, description, displayname, dr, help, incrementseed, incrementstep, isactive, identitied, pkey, nullable, columnlength, modifier, modifytime, name, precise, columnsequence, tableid, ts, versiontype, resid, groupid, columntype, forlocale ) values (  'hrwa_incometax@@@declaretype', 'varchar', null, null, '*~', null, '申报凭单格式',0, null,null,null, 'Y', null, 'N', 'Y',20, null, null, 'declaretype',0,15, 'hrwa_incometax', '2018-10-13 00:08:12',0, '2incometax-000015', null,0, 'N' ) 
;insert into md_column ( id, sqldatetype, createtime, creator, defaultvalue, description, displayname, dr, help, incrementseed, incrementstep, isactive, identitied, pkey, nullable, columnlength, modifier, modifytime, name, precise, columnsequence, tableid, ts, versiontype, resid, groupid, columntype, forlocale ) values (  'hrwa_incometax@@@isforeignmonthdec', 'char', null, null, null, null, '是否外籍员工逐月申报',0, null,null,null, 'Y', null, 'N', 'Y',1, null, null, 'isforeignmonthdec',0,16, 'hrwa_incometax', '2018-10-13 00:08:12',0, '2incometax-000016', null,0, 'N' ) 
;insert into md_column ( id, sqldatetype, createtime, creator, defaultvalue, description, displayname, dr, help, incrementseed, incrementstep, isactive, identitied, pkey, nullable, columnlength, modifier, modifytime, name, precise, columnsequence, tableid, ts, versiontype, resid, groupid, columntype, forlocale ) values (  'hrwa_incometax@@@creator', 'varchar', null, null, '*~', null, '创建人',0, null,null,null, 'Y', null, 'N', 'Y',20, null, null, 'creator',0,17, 'hrwa_incometax', '2018-10-13 00:08:12',0, '2UC000-000155', null,0, 'N' ) 
;insert into md_column ( id, sqldatetype, createtime, creator, defaultvalue, description, displayname, dr, help, incrementseed, incrementstep, isactive, identitied, pkey, nullable, columnlength, modifier, modifytime, name, precise, columnsequence, tableid, ts, versiontype, resid, groupid, columntype, forlocale ) values (  'hrwa_incometax@@@creationtime', 'char', null, null, null, null, '创建时间',0, null,null,null, 'Y', null, 'N', 'Y',19, null, null, 'creationtime',0,18, 'hrwa_incometax', '2018-10-13 00:08:12',0, '2UC000-000157', null,0, 'N' ) 
;insert into md_column ( id, sqldatetype, createtime, creator, defaultvalue, description, displayname, dr, help, incrementseed, incrementstep, isactive, identitied, pkey, nullable, columnlength, modifier, modifytime, name, precise, columnsequence, tableid, ts, versiontype, resid, groupid, columntype, forlocale ) values (  'hrwa_incometax@@@modifier', 'varchar', null, null, '*~', null, '修改人',0, null,null,null, 'Y', null, 'N', 'Y',20, null, null, 'modifier',0,19, 'hrwa_incometax', '2018-10-13 00:08:12',0, '2UC000-000490', null,0, 'N' ) 
;insert into md_column ( id, sqldatetype, createtime, creator, defaultvalue, description, displayname, dr, help, incrementseed, incrementstep, isactive, identitied, pkey, nullable, columnlength, modifier, modifytime, name, precise, columnsequence, tableid, ts, versiontype, resid, groupid, columntype, forlocale ) values (  'hrwa_incometax@@@modifiedtime', 'char', null, null, null, null, '修改时间',0, null,null,null, 'Y', null, 'N', 'Y',19, null, null, 'modifiedtime',0,20, 'hrwa_incometax', '2018-10-13 00:08:12',0, '2UC000-000491', null,0, 'N' ) 
;insert into md_column ( id, sqldatetype, createtime, creator, defaultvalue, description, displayname, dr, help, incrementseed, incrementstep, isactive, identitied, pkey, nullable, columnlength, modifier, modifytime, name, precise, columnsequence, tableid, ts, versiontype, resid, groupid, columntype, forlocale ) values (  'hrwa_incometax@@@pk_group', 'varchar', null, null, null, null, '集团',0, null,null,null, 'Y', null, 'N', 'N',20, null, null, 'pk_group',0,21, 'hrwa_incometax', '2018-10-13 00:08:12',0, '2UC000-000367', null,0, 'N' ) 
;insert into md_column ( id, sqldatetype, createtime, creator, defaultvalue, description, displayname, dr, help, incrementseed, incrementstep, isactive, identitied, pkey, nullable, columnlength, modifier, modifytime, name, precise, columnsequence, tableid, ts, versiontype, resid, groupid, columntype, forlocale ) values (  'hrwa_incometax@@@pk_org', 'varchar', null, null, '*~', null, '组织',0, null,null,null, 'Y', null, 'N', 'Y',20, null, null, 'pk_org',0,22, 'hrwa_incometax', '2018-10-13 00:08:12',0, '2UC000-000360', null,0, 'N' ) 
;insert into md_column ( id, sqldatetype, createtime, creator, defaultvalue, description, displayname, dr, help, incrementseed, incrementstep, isactive, identitied, pkey, nullable, columnlength, modifier, modifytime, name, precise, columnsequence, tableid, ts, versiontype, resid, groupid, columntype, forlocale ) values (  'hrwa_incometax@@@billdate', 'char', null, null, null, null, '单据日期',0, null,null,null, 'Y', null, 'N', 'Y',19, null, null, 'billdate',0,23, 'hrwa_incometax', '2018-10-13 00:08:12',0, '2UC000-000190', null,0, 'N' ) 
;insert into md_column ( id, sqldatetype, createtime, creator, defaultvalue, description, displayname, dr, help, incrementseed, incrementstep, isactive, identitied, pkey, nullable, columnlength, modifier, modifytime, name, precise, columnsequence, tableid, ts, versiontype, resid, groupid, columntype, forlocale ) values (  'hrwa_incometax@@@pk_wa_data', 'varchar', null, null, '*~', null, '薪资数据表主键',0, null,null,null, 'Y', null, 'N', 'Y',20, null, null, 'pk_wa_data',0,24, 'hrwa_incometax', '2018-10-13 00:08:12',0, '2incometax-000021', null,0, 'N' ) 
;insert into md_column ( id, sqldatetype, createtime, creator, defaultvalue, description, displayname, dr, help, incrementseed, incrementstep, isactive, identitied, pkey, nullable, columnlength, modifier, modifytime, name, precise, columnsequence, tableid, ts, versiontype, resid, groupid, columntype, forlocale ) values (  'hrwa_incometax@@@cpaydate', 'char', null, null, null, null, '到账日期',0, null,null,null, 'Y', null, 'N', 'Y',19, null, null, 'cpaydate',0,25, 'hrwa_incometax', '2018-10-13 00:08:12',0, '2incometax-000022', null,0, 'N' ) 
;insert into md_column ( id, sqldatetype, createtime, creator, defaultvalue, description, displayname, dr, help, incrementseed, incrementstep, isactive, identitied, pkey, nullable, columnlength, modifier, modifytime, name, precise, columnsequence, tableid, ts, versiontype, resid, groupid, columntype, forlocale ) values (  'hrwa_incometax@@@payoffflag', 'char', null, null, null, null, '发放标志',0, null,null,null, 'Y', null, 'N', 'Y',1, null, null, 'payoffflag',0,26, 'hrwa_incometax', '2018-10-13 00:08:12',0, '2incometax-000023', null,0, 'N' ) 
;insert into md_column ( id, sqldatetype, createtime, creator, defaultvalue, description, displayname, dr, help, incrementseed, incrementstep, isactive, identitied, pkey, nullable, columnlength, modifier, modifytime, name, precise, columnsequence, tableid, ts, versiontype, resid, groupid, columntype, forlocale ) values (  'hrwa_incometax@@@pk_hrorg', 'varchar', null, null, '*~', null, '人力资源组织',0, null,null,null, 'Y', null, 'N', 'Y',20, null, null, 'pk_hrorg',0,27, 'hrwa_incometax', '2018-10-13 00:08:12',0, '2incometax-000024', null,0, 'N' ) 
;insert into md_ORMap ( attributeid, classid, columnid, dr, tableid, ts ) values (  '0fe8eef1-c88e-4061-ba22-a3ad4b3c2833', '86f6cad5-5f32-480f-bd53-b7812bcf329c', 'hrwa_incometax@@PK@@',0, 'hrwa_incometax', '2018-10-13 00:08:12' ) 
;insert into md_ORMap ( attributeid, classid, columnid, dr, tableid, ts ) values (  '206d5a0b-1fee-4c8d-ae41-356f407798d4', '86f6cad5-5f32-480f-bd53-b7812bcf329c', 'hrwa_incometax@@@code',0, 'hrwa_incometax', '2018-10-13 00:08:12' ) 
;insert into md_ORMap ( attributeid, classid, columnid, dr, tableid, ts ) values (  '92fec7dd-816f-4092-8d2b-29617ff84e19', '86f6cad5-5f32-480f-bd53-b7812bcf329c', 'hrwa_incometax@@@pk_hrorg',0, 'hrwa_incometax', '2018-10-13 00:08:12' ) 
;insert into md_ORMap ( attributeid, classid, columnid, dr, tableid, ts ) values (  'ece4f53e-d13f-4c93-b7ed-3e70f2c7fe27', '86f6cad5-5f32-480f-bd53-b7812bcf329c', 'hrwa_incometax@@@cpaydate',0, 'hrwa_incometax', '2018-10-13 00:08:12' ) 
;insert into md_ORMap ( attributeid, classid, columnid, dr, tableid, ts ) values (  '67add90b-a36a-4eab-a11f-6f9d9baa5aa5', '86f6cad5-5f32-480f-bd53-b7812bcf329c', 'hrwa_incometax@@@creator',0, 'hrwa_incometax', '2018-10-13 00:08:12' ) 
;insert into md_ORMap ( attributeid, classid, columnid, dr, tableid, ts ) values (  '52135c91-392d-4c64-9edd-954f7fde6ee1', '86f6cad5-5f32-480f-bd53-b7812bcf329c', 'hrwa_incometax@@@pk_wa_class',0, 'hrwa_incometax', '2018-10-13 00:08:12' ) 
;insert into md_ORMap ( attributeid, classid, columnid, dr, tableid, ts ) values (  '2e4ce17d-e26a-4d09-a31d-62321325f054', '86f6cad5-5f32-480f-bd53-b7812bcf329c', 'hrwa_incometax@@@isdeclare',0, 'hrwa_incometax', '2018-10-13 00:08:12' ) 
;insert into md_ORMap ( attributeid, classid, columnid, dr, tableid, ts ) values (  '2f78a411-4648-4f47-bc30-9e4ead90de63', '86f6cad5-5f32-480f-bd53-b7812bcf329c', 'hrwa_incometax@@@pickedup',0, 'hrwa_incometax', '2018-10-13 00:08:12' ) 
;insert into md_ORMap ( attributeid, classid, columnid, dr, tableid, ts ) values (  '5c6a8500-e3f3-40fd-9354-3788c2e1356a', '86f6cad5-5f32-480f-bd53-b7812bcf329c', 'hrwa_incometax@@@unifiednumber',0, 'hrwa_incometax', '2018-10-13 00:08:12' ) 
;insert into md_ORMap ( attributeid, classid, columnid, dr, tableid, ts ) values (  '010ccf00-e05e-467a-8d5c-612885ce38a0', '86f6cad5-5f32-480f-bd53-b7812bcf329c', 'hrwa_incometax@@@pk_psndoc',0, 'hrwa_incometax', '2018-10-13 00:08:12' ) 
;insert into md_ORMap ( attributeid, classid, columnid, dr, tableid, ts ) values (  '7e9af28b-70d7-4186-be9f-feaff04b96db', '86f6cad5-5f32-480f-bd53-b7812bcf329c', 'hrwa_incometax@@@netincome',0, 'hrwa_incometax', '2018-10-13 00:08:12' ) 
;insert into md_ORMap ( attributeid, classid, columnid, dr, tableid, ts ) values (  '6045400f-2c71-4fd2-a47b-6d4b1cef7fb7', '86f6cad5-5f32-480f-bd53-b7812bcf329c', 'hrwa_incometax@@@pk_org',0, 'hrwa_incometax', '2018-10-13 00:08:12' ) 
;insert into md_ORMap ( attributeid, classid, columnid, dr, tableid, ts ) values (  '8e7a9b18-2acd-4182-a8d0-e88a22b12634', '86f6cad5-5f32-480f-bd53-b7812bcf329c', 'hrwa_incometax@@@cyearperiod',0, 'hrwa_incometax', '2018-10-13 00:08:12' ) 
;insert into md_ORMap ( attributeid, classid, columnid, dr, tableid, ts ) values (  '973fdc8b-745b-4368-8cbb-6100e7d5ccdf', '86f6cad5-5f32-480f-bd53-b7812bcf329c', 'hrwa_incometax@@@modifiedtime',0, 'hrwa_incometax', '2018-10-13 00:08:12' ) 
;insert into md_ORMap ( attributeid, classid, columnid, dr, tableid, ts ) values (  'eef4cdd1-2026-4034-88c5-0f7d26807aae', '86f6cad5-5f32-480f-bd53-b7812bcf329c', 'hrwa_incometax@@@cacu_value',0, 'hrwa_incometax', '2018-10-13 00:08:12' ) 
;insert into md_ORMap ( attributeid, classid, columnid, dr, tableid, ts ) values (  '26f2cdf3-fccc-4474-993e-0061cf448a59', '86f6cad5-5f32-480f-bd53-b7812bcf329c', 'hrwa_incometax@@@creationtime',0, 'hrwa_incometax', '2018-10-13 00:08:12' ) 
;insert into md_ORMap ( attributeid, classid, columnid, dr, tableid, ts ) values (  'd6daf9ab-a023-48ed-907b-242ccc84147a', '86f6cad5-5f32-480f-bd53-b7812bcf329c', 'hrwa_incometax@@@declaretype',0, 'hrwa_incometax', '2018-10-13 00:08:12' ) 
;insert into md_ORMap ( attributeid, classid, columnid, dr, tableid, ts ) values (  'e597c695-31ad-425d-8da6-3f96e03b8597', '86f6cad5-5f32-480f-bd53-b7812bcf329c', 'hrwa_incometax@@@taxbase',0, 'hrwa_incometax', '2018-10-13 00:08:12' ) 
;insert into md_ORMap ( attributeid, classid, columnid, dr, tableid, ts ) values (  'a43313d1-8b35-4037-80f4-09dcca8b1696', '86f6cad5-5f32-480f-bd53-b7812bcf329c', 'hrwa_incometax@@@modifier',0, 'hrwa_incometax', '2018-10-13 00:08:12' ) 
;insert into md_ORMap ( attributeid, classid, columnid, dr, tableid, ts ) values (  '175780b8-6875-4bba-94b4-dc11b4e5585e', '86f6cad5-5f32-480f-bd53-b7812bcf329c', 'hrwa_incometax@@@cyear',0, 'hrwa_incometax', '2018-10-13 00:08:12' ) 
;insert into md_ORMap ( attributeid, classid, columnid, dr, tableid, ts ) values (  '591baec4-1b84-4324-a4ea-dc7183ae9b54', '86f6cad5-5f32-480f-bd53-b7812bcf329c', 'hrwa_incometax@@@billdate',0, 'hrwa_incometax', '2018-10-13 00:08:12' ) 
;insert into md_ORMap ( attributeid, classid, columnid, dr, tableid, ts ) values (  'a8c41dc5-8684-43cd-951f-1ff2ccde4478', '86f6cad5-5f32-480f-bd53-b7812bcf329c', 'hrwa_incometax@@@isforeignmonthdec',0, 'hrwa_incometax', '2018-10-13 00:08:12' ) 
;insert into md_ORMap ( attributeid, classid, columnid, dr, tableid, ts ) values (  'db6d84ce-0bec-459b-86f9-37b3905671fb', '86f6cad5-5f32-480f-bd53-b7812bcf329c', 'hrwa_incometax@@@isgather',0, 'hrwa_incometax', '2018-10-13 00:08:12' ) 
;insert into md_ORMap ( attributeid, classid, columnid, dr, tableid, ts ) values (  '0ef32cf1-e76d-4d27-a6a1-7d8a5038cb0d', '86f6cad5-5f32-480f-bd53-b7812bcf329c', 'hrwa_incometax@@@id',0, 'hrwa_incometax', '2018-10-13 00:08:12' ) 
;insert into md_ORMap ( attributeid, classid, columnid, dr, tableid, ts ) values (  'd4be24d7-d138-457b-b2ce-97d05c1ea865', '86f6cad5-5f32-480f-bd53-b7812bcf329c', 'hrwa_incometax@@@pk_group',0, 'hrwa_incometax', '2018-10-13 00:08:12' ) 
;insert into md_ORMap ( attributeid, classid, columnid, dr, tableid, ts ) values (  '930f0692-c3f3-4c35-99c4-b9472e532c7f', '86f6cad5-5f32-480f-bd53-b7812bcf329c', 'hrwa_incometax@@@cperiod',0, 'hrwa_incometax', '2018-10-13 00:08:12' ) 
;insert into md_ORMap ( attributeid, classid, columnid, dr, tableid, ts ) values (  'd0f84bfe-fb05-4f1d-b715-5ee9b81899e6', '86f6cad5-5f32-480f-bd53-b7812bcf329c', 'hrwa_incometax@@@payoffflag',0, 'hrwa_incometax', '2018-10-13 00:08:12' ) 
;insert into md_ORMap ( attributeid, classid, columnid, dr, tableid, ts ) values (  '4e829a8a-4ac6-4369-981b-e9f7781ab0de', '86f6cad5-5f32-480f-bd53-b7812bcf329c', 'hrwa_incometax@@@pk_wa_data',0, 'hrwa_incometax', '2018-10-13 00:08:12' ) 
