--此脚本作为元数据发布时参考使用,以便开发者了解元数据信息在数据库中的记录.
--严禁将此脚本直接或修改后在数据库中执行,如由上述行为引发问题,概不支持.


delete from md_db_relation where startattrid in (select id from md_property where classid in ('2799c327-d5d5-4e0a-ba1b-d349660de852','4cc9c9ef-0a93-45ec-ad8a-a3360b0306a3','@@@@' ) )  and starttableid in ('hrwa_incometaxdetail','hrwa_sumincometax','@@@@')
;delete from md_ORMap where ATTRIBUTEID in(select id from md_property where classid in ('2799c327-d5d5-4e0a-ba1b-d349660de852','4cc9c9ef-0a93-45ec-ad8a-a3360b0306a3','@@@@' ) )  and tableid in ('hrwa_incometaxdetail','hrwa_sumincometax','@@@@') 
;delete from md_table where id not in (select distinct tableid from md_ormap )
;delete from md_column where  tableid in('hrwa_incometaxdetail','hrwa_sumincometax','@@@@') and id not in(select distinct columnid from md_ormap) and (isnull(groupid ,'~')='~' or groupid = id )  and name <> 'extend_bean_tag' 
;delete from md_column where tableid in ('hrwa_incometaxdetail','hrwa_sumincometax','@@@@')and groupid is not null and groupid not in( select distinct id from md_column where tableid in ('hrwa_incometaxdetail','hrwa_sumincometax','@@@@') ) 
;delete from md_db_relation where starttableid not in (select id from md_table)
;delete from md_property where classID in (select distinct id from md_class where componentID='c3a58290-fce3-4cd9-9b03-fe3872d25293'  )  
;delete from md_association where componentID = 'c3a58290-fce3-4cd9-9b03-fe3872d25293'  
;delete from md_bizItfMap where classID in (select distinct id from md_class where componentID='c3a58290-fce3-4cd9-9b03-fe3872d25293'  )
;delete from md_bizItfMap where classID in ( select id from md_opInterface where componentID = 'c3a58290-fce3-4cd9-9b03-fe3872d25293'  )
;delete from md_accessorPara where id in (select distinct id from md_class where componentID='c3a58290-fce3-4cd9-9b03-fe3872d25293'  )
;delete from md_enumValue where id in (select distinct id from md_class where componentID='c3a58290-fce3-4cd9-9b03-fe3872d25293'  ) 
;delete from md_class where componentID = 'c3a58290-fce3-4cd9-9b03-fe3872d25293'  
;delete from md_component where id = 'c3a58290-fce3-4cd9-9b03-fe3872d25293' 
;delete from md_table where (id='hrwa_incometaxdetail')
;delete from md_table where (id='hrwa_sumincometax')
;delete from md_column where (id='hrwa_incometaxdetail@@PK@@')
;delete from md_column where (id='hrwa_incometaxdetail@@@pk_incometax')
;delete from md_column where (id='hrwa_incometaxdetail@@@code')
;delete from md_column where (id='hrwa_incometaxdetail@@@pk_psndoc')
;delete from md_column where (id='hrwa_incometaxdetail@@@id')
;delete from md_column where (id='hrwa_incometaxdetail@@@cperiod')
;delete from md_column where (id='hrwa_incometaxdetail@@@cyear')
;delete from md_column where (id='hrwa_incometaxdetail@@@cyearperiod')
;delete from md_column where (id='hrwa_incometaxdetail@@@pk_wa_class')
;delete from md_column where (id='hrwa_incometaxdetail@@@taxbase')
;delete from md_column where (id='hrwa_incometaxdetail@@@cacu_value')
;delete from md_column where (id='hrwa_incometaxdetail@@@netincome')
;delete from md_column where (id='hrwa_incometaxdetail@@@pickedup')
;delete from md_column where (id='hrwa_incometaxdetail@@@isdeclare')
;delete from md_column where (id='hrwa_incometaxdetail@@@unifiednumber')
;delete from md_column where (id='hrwa_incometaxdetail@@@declaretype')
;delete from md_column where (id='hrwa_incometaxdetail@@@isforeignmonthdec')
;delete from md_column where (id='hrwa_incometaxdetail@@@creator')
;delete from md_column where (id='hrwa_incometaxdetail@@@creationtime')
;delete from md_column where (id='hrwa_incometaxdetail@@@modifier')
;delete from md_column where (id='hrwa_incometaxdetail@@@modifiedtime')
;delete from md_column where (id='hrwa_incometaxdetail@@@pk_group')
;delete from md_column where (id='hrwa_incometaxdetail@@@pk_org')
;delete from md_column where (id='hrwa_incometaxdetail@@@billdate')
;delete from md_column where (id='hrwa_incometaxdetail@@@pk_wa_data')
;delete from md_column where (id='hrwa_incometaxdetail@@@cpaydate')
;delete from md_column where (id='hrwa_incometaxdetail@@@payoffflag')
;delete from md_column where (id='hrwa_incometaxdetail@@@pk_hrorg')
;delete from md_column where (id='hrwa_sumincometax@@PK@@')
;delete from md_column where (id='hrwa_sumincometax@@@code')
;delete from md_column where (id='hrwa_sumincometax@@@pk_psndoc')
;delete from md_column where (id='hrwa_sumincometax@@@id')
;delete from md_column where (id='hrwa_sumincometax@@@declaretype')
;delete from md_column where (id='hrwa_sumincometax@@@granttype')
;delete from md_column where (id='hrwa_sumincometax@@@declarenum')
;delete from md_column where (id='hrwa_sumincometax@@@reason')
;delete from md_column where (id='hrwa_sumincometax@@@contactname')
;delete from md_column where (id='hrwa_sumincometax@@@contacttel')
;delete from md_column where (id='hrwa_sumincometax@@@contactemail')
;delete from md_column where (id='hrwa_sumincometax@@@businessno')
;delete from md_column where (id='hrwa_sumincometax@@@costno')
;delete from md_column where (id='hrwa_sumincometax@@@projectno')
;delete from md_column where (id='hrwa_sumincometax@@@idtypeno')
;delete from md_column where (id='hrwa_sumincometax@@@beginperiod')
;delete from md_column where (id='hrwa_sumincometax@@@endperiod')
;delete from md_column where (id='hrwa_sumincometax@@@isdeclare')
;delete from md_column where (id='hrwa_sumincometax@@@taxbase')
;delete from md_column where (id='hrwa_sumincometax@@@taxbaseadjust')
;delete from md_column where (id='hrwa_sumincometax@@@cacu_value')
;delete from md_column where (id='hrwa_sumincometax@@@cacu_valueadjust')
;delete from md_column where (id='hrwa_sumincometax@@@netincome')
;delete from md_column where (id='hrwa_sumincometax@@@pickedup')
;delete from md_column where (id='hrwa_sumincometax@@@pickedupadjust')
;delete from md_column where (id='hrwa_sumincometax@@@pk_hrorg')
;delete from md_column where (id='hrwa_sumincometax@@@billdate')
;delete from md_column where (id='hrwa_sumincometax@@@creator')
;delete from md_column where (id='hrwa_sumincometax@@@creationtime')
;delete from md_column where (id='hrwa_sumincometax@@@modifier')
;delete from md_column where (id='hrwa_sumincometax@@@modifiedtime')
;delete from md_column where (id='hrwa_sumincometax@@@pk_group')
;delete from md_column where (id='hrwa_sumincometax@@@pk_org')
;delete from md_column where (id='hrwa_sumincometax@@@unifiednumber')
;delete from md_column where (id='hrwa_incometaxdetail@@@pk_sumincometax')



;insert into md_component ( createtime, creator, description, displayname, dr, fromsourcebmf, help, id, industry, isbizmodel, modifier, modifytime, name, namespace, ownmodule, preload, resid, resmodule, ts, version, versiontype ) values (  '2018-01-24 16:34:26', null, null, 'sumincometax',0, 'Y', null, 'c3a58290-fce3-4cd9-9b03-fe3872d25293', '0', 'N', 'YONYOU NC', '2018-02-26 18:34:17', 'sumincometax', 'hrwa', 'hrwa', null, '2incometax-000034', 'incometax', '2018-10-13 00:11:37', '21',0 ) 
;insert into md_class ( id, accessorclassname, classtype, componentid, createtime, creator, description, displayname, dr, fullclassname, help, isactive, keyattribute, modifier, modifytime, name, parentclassid, precise, refmodelname, returntype, ts, versiontype, isprimary, defaulttablename, stereotype, isauthen, resid, bizitfimpclassname, modinfoclassname, iscreatesql, isextendbean, userdefclassname, industry, fixedlength ) values (  '4cc9c9ef-0a93-45ec-ad8a-a3360b0306a3', 'nc.md.model.access.javamap.NCBeanStyle',201, 'c3a58290-fce3-4cd9-9b03-fe3872d25293', '2018-01-24 16:40:05', 'yonyouBQ', null, '申报明细档',0, 'nc.vo.hrwa.sumincometax.CIncomeTaxVO', null, null, '7a28d05b-e640-4993-87d0-4f7e9caf8bb4', 'YONYOU NC', '2018-02-26 18:35:16', 'CIncomeTaxVO', null,null, null, null, '2018-10-13 00:11:37',0, 'N', 'hrwa_incometaxdetail', null, 'Y', '2incometax-000018', null, null, 'Y', null, null, '0', null ) 
;insert into md_class ( id, accessorclassname, classtype, componentid, createtime, creator, description, displayname, dr, fullclassname, help, isactive, keyattribute, modifier, modifytime, name, parentclassid, precise, refmodelname, returntype, ts, versiontype, isprimary, defaulttablename, stereotype, isauthen, resid, bizitfimpclassname, modinfoclassname, iscreatesql, isextendbean, userdefclassname, industry, fixedlength ) values (  '2799c327-d5d5-4e0a-ba1b-d349660de852', 'nc.md.model.access.javamap.AggVOStyle',201, 'c3a58290-fce3-4cd9-9b03-fe3872d25293', '2018-01-24 16:40:29', 'YONYOU NC', null, '申报明细档汇总',0, 'nc.vo.hrwa.sumincometax.SumIncomeTaxVO', null, null, '322eb18d-e08a-4a2d-a084-fbebc7a61b43', 'YONYOU NC', '2018-02-26 18:35:16', 'SumIncomeTaxVO', null,null, null, null, '2018-10-13 00:11:37',0, 'Y', 'hrwa_sumincometax', null, 'Y', '2incometax-000033', null, null, 'Y', null, null, '0', null ) 
;insert into md_property ( id, accessorclassname, classid, createtime, creator, datatype, datatypestyle, defaultvalue, description, displayname, dr, help, isactive, hided, nullable, readonly, attrlength, attrmaxvalue, attrminvalue, modifier, modifytime, name, precise, refmodelname, attrsequence, ts, visibility, versiontype, fixedlength, calculation, isauthen, resid, customattr, notserialize, dynamicattr, dynamictable, accesspower, accesspowergroup, industry ) values (  '7a28d05b-e640-4993-87d0-4f7e9caf8bb4', null, '4cc9c9ef-0a93-45ec-ad8a-a3360b0306a3', null, null, 'BS000010000100001051',300, null, null, '申报明细档主键',0, null, 'Y', 'N', 'N', 'N',20, null, null, null, null, 'pk_incometaxdetail',0, null,0, '2018-10-13 00:11:37',0,0, 'N', 'N', 'Y', null, 'N', 'N', 'N', null, 'N', null, '0' ) 
;insert into md_property ( id, accessorclassname, classid, createtime, creator, datatype, datatypestyle, defaultvalue, description, displayname, dr, help, isactive, hided, nullable, readonly, attrlength, attrmaxvalue, attrminvalue, modifier, modifytime, name, precise, refmodelname, attrsequence, ts, visibility, versiontype, fixedlength, calculation, isauthen, resid, customattr, notserialize, dynamicattr, dynamictable, accesspower, accesspowergroup, industry ) values (  '75c6589b-cf01-48f7-b4d8-41aac451ac94', null, '4cc9c9ef-0a93-45ec-ad8a-a3360b0306a3', null, null, 'BS000010000100001001',300, null, null, '员工个人所得税申报主键',0, null, 'Y', 'N', 'Y', 'N',50, null, null, null, null, 'pk_incometax',0, null,1, '2018-10-13 00:11:37',0,0, 'N', 'N', 'Y', '2incometax-000001', 'N', 'N', 'N', null, 'N', null, '0' ) 
;insert into md_property ( id, accessorclassname, classid, createtime, creator, datatype, datatypestyle, defaultvalue, description, displayname, dr, help, isactive, hided, nullable, readonly, attrlength, attrmaxvalue, attrminvalue, modifier, modifytime, name, precise, refmodelname, attrsequence, ts, visibility, versiontype, fixedlength, calculation, isauthen, resid, customattr, notserialize, dynamicattr, dynamictable, accesspower, accesspowergroup, industry ) values (  '98e2b568-250d-4e4b-a497-147c6754947b', null, '4cc9c9ef-0a93-45ec-ad8a-a3360b0306a3', null, null, 'BS000010000100001001',300, null, null, '员工编号',0, null, 'Y', 'N', 'Y', 'N',50, null, null, null, null, 'code',0, null,2, '2018-10-13 00:11:37',0,0, 'N', 'N', 'Y', '2incometax-000002', 'N', 'N', 'N', null, 'N', null, '0' ) 
;insert into md_property ( id, accessorclassname, classid, createtime, creator, datatype, datatypestyle, defaultvalue, description, displayname, dr, help, isactive, hided, nullable, readonly, attrlength, attrmaxvalue, attrminvalue, modifier, modifytime, name, precise, refmodelname, attrsequence, ts, visibility, versiontype, fixedlength, calculation, isauthen, resid, customattr, notserialize, dynamicattr, dynamictable, accesspower, accesspowergroup, industry ) values (  '259b3a9f-a6ae-4aec-9681-d8cd21d88ea7', null, '4cc9c9ef-0a93-45ec-ad8a-a3360b0306a3', null, null, '218971f0-e5dc-408b-9a32-56529dddd4db',305, null, null, '员工姓名',0, null, 'Y', 'N', 'Y', 'N',20, null, null, null, null, 'pk_psndoc',0, 'HR人员',3, '2018-10-13 00:11:37',0,0, 'N', 'N', 'Y', '2incometax-000003', 'N', 'N', 'N', null, 'N', null, '0' ) 
;insert into md_property ( id, accessorclassname, classid, createtime, creator, datatype, datatypestyle, defaultvalue, description, displayname, dr, help, isactive, hided, nullable, readonly, attrlength, attrmaxvalue, attrminvalue, modifier, modifytime, name, precise, refmodelname, attrsequence, ts, visibility, versiontype, fixedlength, calculation, isauthen, resid, customattr, notserialize, dynamicattr, dynamictable, accesspower, accesspowergroup, industry ) values (  '1ebcbe4c-069c-4f7e-81c6-e803276cd796', null, '4cc9c9ef-0a93-45ec-ad8a-a3360b0306a3', null, null, 'BS000010000100001001',300, null, null, '身份证号',0, null, 'Y', 'N', 'Y', 'N',50, null, null, null, null, 'id',0, null,4, '2018-10-13 00:11:37',0,0, 'N', 'N', 'Y', '2incometax-000004', 'N', 'N', 'N', null, 'N', null, '0' ) 
;insert into md_property ( id, accessorclassname, classid, createtime, creator, datatype, datatypestyle, defaultvalue, description, displayname, dr, help, isactive, hided, nullable, readonly, attrlength, attrmaxvalue, attrminvalue, modifier, modifytime, name, precise, refmodelname, attrsequence, ts, visibility, versiontype, fixedlength, calculation, isauthen, resid, customattr, notserialize, dynamicattr, dynamictable, accesspower, accesspowergroup, industry ) values (  'ee73990b-1102-4bbb-a3ec-315fc73cdf7c', null, '4cc9c9ef-0a93-45ec-ad8a-a3360b0306a3', null, null, 'BS000010000100001001',300, null, null, '期间',0, null, 'Y', 'N', 'Y', 'N',50, null, null, null, null, 'cperiod',0, null,5, '2018-10-13 00:11:37',0,0, 'N', 'N', 'Y', '2incometax-000005', 'N', 'N', 'N', null, 'N', null, '0' ) 
;insert into md_property ( id, accessorclassname, classid, createtime, creator, datatype, datatypestyle, defaultvalue, description, displayname, dr, help, isactive, hided, nullable, readonly, attrlength, attrmaxvalue, attrminvalue, modifier, modifytime, name, precise, refmodelname, attrsequence, ts, visibility, versiontype, fixedlength, calculation, isauthen, resid, customattr, notserialize, dynamicattr, dynamictable, accesspower, accesspowergroup, industry ) values (  '35f4daee-6644-4d5f-93c0-8c1f790d0581', null, '4cc9c9ef-0a93-45ec-ad8a-a3360b0306a3', null, null, 'BS000010000100001001',300, null, null, '年度',0, null, 'Y', 'N', 'Y', 'N',50, null, null, null, null, 'cyear',0, null,6, '2018-10-13 00:11:37',0,0, 'N', 'N', 'Y', '2incometax-000006', 'N', 'N', 'N', null, 'N', null, '0' ) 
;insert into md_property ( id, accessorclassname, classid, createtime, creator, datatype, datatypestyle, defaultvalue, description, displayname, dr, help, isactive, hided, nullable, readonly, attrlength, attrmaxvalue, attrminvalue, modifier, modifytime, name, precise, refmodelname, attrsequence, ts, visibility, versiontype, fixedlength, calculation, isauthen, resid, customattr, notserialize, dynamicattr, dynamictable, accesspower, accesspowergroup, industry ) values (  'dfeda12e-41d5-4b6a-84be-056a56622a33', null, '4cc9c9ef-0a93-45ec-ad8a-a3360b0306a3', null, null, 'BS000010000100001001',300, null, null, '薪资期间',0, null, 'Y', 'N', 'Y', 'N',50, null, null, null, null, 'cyearperiod',0, null,7, '2018-10-13 00:11:37',0,0, 'N', 'N', 'Y', '2incometax-000007', 'N', 'N', 'N', null, 'N', null, '0' ) 
;insert into md_property ( id, accessorclassname, classid, createtime, creator, datatype, datatypestyle, defaultvalue, description, displayname, dr, help, isactive, hided, nullable, readonly, attrlength, attrmaxvalue, attrminvalue, modifier, modifytime, name, precise, refmodelname, attrsequence, ts, visibility, versiontype, fixedlength, calculation, isauthen, resid, customattr, notserialize, dynamicattr, dynamictable, accesspower, accesspowergroup, industry ) values (  '566dace6-e525-4900-95f0-92d76a155982', null, '4cc9c9ef-0a93-45ec-ad8a-a3360b0306a3', null, null, '3faa851b-c428-46fd-af37-c7d3b1531537',305, null, null, '薪资方案',0, null, 'Y', 'N', 'Y', 'N',20, null, null, null, null, 'pk_wa_class',0, '薪资类别',8, '2018-10-13 00:11:37',0,0, 'N', 'N', 'Y', '2incometax-000008', 'N', 'N', 'N', null, 'N', null, '0' ) 
;insert into md_property ( id, accessorclassname, classid, createtime, creator, datatype, datatypestyle, defaultvalue, description, displayname, dr, help, isactive, hided, nullable, readonly, attrlength, attrmaxvalue, attrminvalue, modifier, modifytime, name, precise, refmodelname, attrsequence, ts, visibility, versiontype, fixedlength, calculation, isauthen, resid, customattr, notserialize, dynamicattr, dynamictable, accesspower, accesspowergroup, industry ) values (  '5e94214e-845c-45ba-97f7-323912b8f343', null, '4cc9c9ef-0a93-45ec-ad8a-a3360b0306a3', null, null, 'BS000010000100001031',300, null, null, '给付总额',0, null, 'Y', 'N', 'Y', 'N',28, null, null, null, null, 'taxbase',8, null,9, '2018-10-13 00:11:37',0,0, 'N', 'N', 'Y', '2incometax-000009', 'N', 'N', 'N', null, 'N', null, '0' ) 
;insert into md_property ( id, accessorclassname, classid, createtime, creator, datatype, datatypestyle, defaultvalue, description, displayname, dr, help, isactive, hided, nullable, readonly, attrlength, attrmaxvalue, attrminvalue, modifier, modifytime, name, precise, refmodelname, attrsequence, ts, visibility, versiontype, fixedlength, calculation, isauthen, resid, customattr, notserialize, dynamicattr, dynamictable, accesspower, accesspowergroup, industry ) values (  '5efc4e8a-b1c6-4ffe-8363-dd0d743c6d04', null, '4cc9c9ef-0a93-45ec-ad8a-a3360b0306a3', null, null, 'BS000010000100001031',300, null, null, '扣缴税额',0, null, 'Y', 'N', 'Y', 'N',28, null, null, null, null, 'cacu_value',8, null,10, '2018-10-13 00:11:37',0,0, 'N', 'N', 'Y', '2incometax-000010', 'N', 'N', 'N', null, 'N', null, '0' ) 
;insert into md_property ( id, accessorclassname, classid, createtime, creator, datatype, datatypestyle, defaultvalue, description, displayname, dr, help, isactive, hided, nullable, readonly, attrlength, attrmaxvalue, attrminvalue, modifier, modifytime, name, precise, refmodelname, attrsequence, ts, visibility, versiontype, fixedlength, calculation, isauthen, resid, customattr, notserialize, dynamicattr, dynamictable, accesspower, accesspowergroup, industry ) values (  '2af2b21f-53bc-4ec2-8cc1-f4d565373edf', null, '4cc9c9ef-0a93-45ec-ad8a-a3360b0306a3', null, null, 'BS000010000100001031',300, null, null, '给付净额',0, null, 'Y', 'N', 'Y', 'N',28, null, null, null, null, 'netincome',8, null,11, '2018-10-13 00:11:37',0,0, 'N', 'N', 'Y', '2incometax-000011', 'N', 'N', 'N', null, 'N', null, '0' ) 
;insert into md_property ( id, accessorclassname, classid, createtime, creator, datatype, datatypestyle, defaultvalue, description, displayname, dr, help, isactive, hided, nullable, readonly, attrlength, attrmaxvalue, attrminvalue, modifier, modifytime, name, precise, refmodelname, attrsequence, ts, visibility, versiontype, fixedlength, calculation, isauthen, resid, customattr, notserialize, dynamicattr, dynamictable, accesspower, accesspowergroup, industry ) values (  '1a83194a-4315-4b19-a86b-f0999a8c66c0', null, '4cc9c9ef-0a93-45ec-ad8a-a3360b0306a3', null, null, 'BS000010000100001031',300, null, null, '员工自提金额',0, null, 'Y', 'N', 'Y', 'N',28, null, null, null, null, 'pickedup',8, null,12, '2018-10-13 00:11:37',0,0, 'N', 'N', 'Y', '2incometax-000012', 'N', 'N', 'N', null, 'N', null, '0' ) 
;insert into md_property ( id, accessorclassname, classid, createtime, creator, datatype, datatypestyle, defaultvalue, description, displayname, dr, help, isactive, hided, nullable, readonly, attrlength, attrmaxvalue, attrminvalue, modifier, modifytime, name, precise, refmodelname, attrsequence, ts, visibility, versiontype, fixedlength, calculation, isauthen, resid, customattr, notserialize, dynamicattr, dynamictable, accesspower, accesspowergroup, industry ) values (  'c09c904b-f609-42a6-9c86-7643f237df28', null, '4cc9c9ef-0a93-45ec-ad8a-a3360b0306a3', null, null, 'BS000010000100001032',300, null, null, '是否申报',0, null, 'Y', 'N', 'Y', 'N',1, null, null, null, null, 'isdeclare',0, null,13, '2018-10-13 00:11:37',0,0, 'N', 'N', 'Y', '2incometax-000013', 'N', 'N', 'N', null, 'N', null, '0' ) 
;insert into md_property ( id, accessorclassname, classid, createtime, creator, datatype, datatypestyle, defaultvalue, description, displayname, dr, help, isactive, hided, nullable, readonly, attrlength, attrmaxvalue, attrminvalue, modifier, modifytime, name, precise, refmodelname, attrsequence, ts, visibility, versiontype, fixedlength, calculation, isauthen, resid, customattr, notserialize, dynamicattr, dynamictable, accesspower, accesspowergroup, industry ) values (  '3687ac93-8a52-49a2-97cf-44749fc524d7', null, '4cc9c9ef-0a93-45ec-ad8a-a3360b0306a3', null, null, '1001ZZ1000000001NP09',305, null, null, '统一编号',0, null, 'Y', 'N', 'Y', 'N',20, null, null, null, null, 'unifiednumber',0, 'y一(自定义档案)',14, '2018-10-13 00:11:37',0,0, 'N', 'N', 'Y', '2incometax-000014', 'N', 'N', 'N', null, 'N', null, '0' ) 
;insert into md_property ( id, accessorclassname, classid, createtime, creator, datatype, datatypestyle, defaultvalue, description, displayname, dr, help, isactive, hided, nullable, readonly, attrlength, attrmaxvalue, attrminvalue, modifier, modifytime, name, precise, refmodelname, attrsequence, ts, visibility, versiontype, fixedlength, calculation, isauthen, resid, customattr, notserialize, dynamicattr, dynamictable, accesspower, accesspowergroup, industry ) values (  '29a7ddbb-9fbe-4d52-9270-ecc5f480da29', null, '4cc9c9ef-0a93-45ec-ad8a-a3360b0306a3', null, null, '1001ZZ1000000001NEF9',305, null, null, '申报凭单格式',0, null, 'Y', 'N', 'Y', 'N',20, null, null, null, null, 'declaretype',0, '申蟾袷(自定义档案)',15, '2018-10-13 00:11:37',0,0, 'N', 'N', 'Y', '2incometax-000015', 'N', 'N', 'N', null, 'N', null, '0' ) 
;insert into md_property ( id, accessorclassname, classid, createtime, creator, datatype, datatypestyle, defaultvalue, description, displayname, dr, help, isactive, hided, nullable, readonly, attrlength, attrmaxvalue, attrminvalue, modifier, modifytime, name, precise, refmodelname, attrsequence, ts, visibility, versiontype, fixedlength, calculation, isauthen, resid, customattr, notserialize, dynamicattr, dynamictable, accesspower, accesspowergroup, industry ) values (  '83c111df-78d3-4ee8-a1f8-9116328297e3', null, '4cc9c9ef-0a93-45ec-ad8a-a3360b0306a3', null, null, 'BS000010000100001032',300, null, null, '是否外籍员工逐月申报',0, null, 'Y', 'N', 'Y', 'N',1, null, null, null, null, 'isforeignmonthdec',0, null,16, '2018-10-13 00:11:37',0,0, 'N', 'N', 'Y', '2incometax-000016', 'N', 'N', 'N', null, 'N', null, '0' ) 
;insert into md_property ( id, accessorclassname, classid, createtime, creator, datatype, datatypestyle, defaultvalue, description, displayname, dr, help, isactive, hided, nullable, readonly, attrlength, attrmaxvalue, attrminvalue, modifier, modifytime, name, precise, refmodelname, attrsequence, ts, visibility, versiontype, fixedlength, calculation, isauthen, resid, customattr, notserialize, dynamicattr, dynamictable, accesspower, accesspowergroup, industry ) values (  '5f7d732d-aaab-401e-a8a9-e8ec7b801d80', null, '4cc9c9ef-0a93-45ec-ad8a-a3360b0306a3', null, null, 'f6f9a473-56c0-432f-8bc7-fbf8fde54fee',305, null, null, '创建人',0, null, 'Y', 'N', 'Y', 'N',20, null, null, null, null, 'creator',0, '用户',17, '2018-10-13 00:11:37',0,0, 'N', 'N', 'Y', '2UC000-000155', 'N', 'N', 'N', null, 'N', null, '0' ) 
;insert into md_property ( id, accessorclassname, classid, createtime, creator, datatype, datatypestyle, defaultvalue, description, displayname, dr, help, isactive, hided, nullable, readonly, attrlength, attrmaxvalue, attrminvalue, modifier, modifytime, name, precise, refmodelname, attrsequence, ts, visibility, versiontype, fixedlength, calculation, isauthen, resid, customattr, notserialize, dynamicattr, dynamictable, accesspower, accesspowergroup, industry ) values (  '79c903a4-5a4c-4e6a-90aa-b21a3ce7f60d', null, '4cc9c9ef-0a93-45ec-ad8a-a3360b0306a3', null, null, 'BS000010000100001034',300, null, null, '创建时间',0, null, 'Y', 'N', 'Y', 'N',19, null, null, null, null, 'creationtime',0, null,18, '2018-10-13 00:11:37',0,0, 'N', 'N', 'Y', '2UC000-000157', 'N', 'N', 'N', null, 'N', null, '0' ) 
;insert into md_property ( id, accessorclassname, classid, createtime, creator, datatype, datatypestyle, defaultvalue, description, displayname, dr, help, isactive, hided, nullable, readonly, attrlength, attrmaxvalue, attrminvalue, modifier, modifytime, name, precise, refmodelname, attrsequence, ts, visibility, versiontype, fixedlength, calculation, isauthen, resid, customattr, notserialize, dynamicattr, dynamictable, accesspower, accesspowergroup, industry ) values (  '4164010b-aca7-4ffa-860f-b216f16d64f7', null, '4cc9c9ef-0a93-45ec-ad8a-a3360b0306a3', null, null, 'f6f9a473-56c0-432f-8bc7-fbf8fde54fee',305, null, null, '修改人',0, null, 'Y', 'N', 'Y', 'N',20, null, null, null, null, 'modifier',0, '用户',19, '2018-10-13 00:11:37',0,0, 'N', 'N', 'Y', '2UC000-000490', 'N', 'N', 'N', null, 'N', null, '0' ) 
;insert into md_property ( id, accessorclassname, classid, createtime, creator, datatype, datatypestyle, defaultvalue, description, displayname, dr, help, isactive, hided, nullable, readonly, attrlength, attrmaxvalue, attrminvalue, modifier, modifytime, name, precise, refmodelname, attrsequence, ts, visibility, versiontype, fixedlength, calculation, isauthen, resid, customattr, notserialize, dynamicattr, dynamictable, accesspower, accesspowergroup, industry ) values (  '123ce8f5-f53c-468f-9c7a-9280f5884ae8', null, '4cc9c9ef-0a93-45ec-ad8a-a3360b0306a3', null, null, 'BS000010000100001034',300, null, null, '修改时间',0, null, 'Y', 'N', 'Y', 'N',19, null, null, null, null, 'modifiedtime',0, null,20, '2018-10-13 00:11:37',0,0, 'N', 'N', 'Y', '2UC000-000491', 'N', 'N', 'N', null, 'N', null, '0' ) 
;insert into md_property ( id, accessorclassname, classid, createtime, creator, datatype, datatypestyle, defaultvalue, description, displayname, dr, help, isactive, hided, nullable, readonly, attrlength, attrmaxvalue, attrminvalue, modifier, modifytime, name, precise, refmodelname, attrsequence, ts, visibility, versiontype, fixedlength, calculation, isauthen, resid, customattr, notserialize, dynamicattr, dynamictable, accesspower, accesspowergroup, industry ) values (  'cbb9510d-bbe1-465a-a677-52e48b373329', null, '4cc9c9ef-0a93-45ec-ad8a-a3360b0306a3', null, null, '3b6dd171-2900-47f3-bfbe-41e4483a2a65',305, null, null, '集团',0, null, 'Y', 'N', 'Y', 'N',20, null, null, null, null, 'pk_group',0, null,21, '2018-10-13 00:11:37',0,0, 'N', 'N', 'Y', '2UC000-000367', 'N', 'N', 'N', null, 'N', null, '0' ) 
;insert into md_property ( id, accessorclassname, classid, createtime, creator, datatype, datatypestyle, defaultvalue, description, displayname, dr, help, isactive, hided, nullable, readonly, attrlength, attrmaxvalue, attrminvalue, modifier, modifytime, name, precise, refmodelname, attrsequence, ts, visibility, versiontype, fixedlength, calculation, isauthen, resid, customattr, notserialize, dynamicattr, dynamictable, accesspower, accesspowergroup, industry ) values (  '1e2e1bf7-5119-42ec-8d19-bde8c912445c', null, '4cc9c9ef-0a93-45ec-ad8a-a3360b0306a3', null, null, '985be8a4-3a36-4778-8afe-2d8ed3902659',305, null, null, '组织',0, null, 'Y', 'N', 'Y', 'N',20, null, null, null, null, 'pk_org',0, null,22, '2018-10-13 00:11:37',0,0, 'N', 'N', 'Y', '2UC000-000360', 'N', 'N', 'N', null, 'N', null, '0' ) 
;insert into md_property ( id, accessorclassname, classid, createtime, creator, datatype, datatypestyle, defaultvalue, description, displayname, dr, help, isactive, hided, nullable, readonly, attrlength, attrmaxvalue, attrminvalue, modifier, modifytime, name, precise, refmodelname, attrsequence, ts, visibility, versiontype, fixedlength, calculation, isauthen, resid, customattr, notserialize, dynamicattr, dynamictable, accesspower, accesspowergroup, industry ) values (  '8e66a883-6353-4e96-865d-235d1aee9694', null, '4cc9c9ef-0a93-45ec-ad8a-a3360b0306a3', null, null, 'BS000010000100001033',300, null, null, '单据日期',0, null, 'Y', 'N', 'Y', 'N',19, null, null, null, null, 'billdate',0, null,23, '2018-10-13 00:11:37',0,0, 'N', 'N', 'Y', '2UC000-000190', 'N', 'N', 'N', null, 'N', null, '0' ) 
;insert into md_property ( id, accessorclassname, classid, createtime, creator, datatype, datatypestyle, defaultvalue, description, displayname, dr, help, isactive, hided, nullable, readonly, attrlength, attrmaxvalue, attrminvalue, modifier, modifytime, name, precise, refmodelname, attrsequence, ts, visibility, versiontype, fixedlength, calculation, isauthen, resid, customattr, notserialize, dynamicattr, dynamictable, accesspower, accesspowergroup, industry ) values (  '3d1127cb-ca2e-4d22-acfd-529e50a165fe', null, '4cc9c9ef-0a93-45ec-ad8a-a3360b0306a3', null, null, 'f87c5b2c-d76e-46b8-bb6e-f543bb50a3f5',305, null, null, '薪资数据表主键',0, null, 'Y', 'N', 'Y', 'N',20, null, null, null, null, 'pk_wa_data',0, null,24, '2018-10-13 00:11:37',0,0, 'N', 'N', 'Y', '2incometax-000021', 'N', 'N', 'N', null, 'N', null, '0' ) 
;insert into md_property ( id, accessorclassname, classid, createtime, creator, datatype, datatypestyle, defaultvalue, description, displayname, dr, help, isactive, hided, nullable, readonly, attrlength, attrmaxvalue, attrminvalue, modifier, modifytime, name, precise, refmodelname, attrsequence, ts, visibility, versiontype, fixedlength, calculation, isauthen, resid, customattr, notserialize, dynamicattr, dynamictable, accesspower, accesspowergroup, industry ) values (  'f5bea908-8b74-4228-8cd1-e6cd70396885', null, '4cc9c9ef-0a93-45ec-ad8a-a3360b0306a3', null, null, 'BS000010000100001033',300, null, null, '到账日期',0, null, 'Y', 'N', 'Y', 'N',19, null, null, null, null, 'cpaydate',0, null,25, '2018-10-13 00:11:37',0,0, 'N', 'N', 'Y', '2incometax-000022', 'N', 'N', 'N', null, 'N', null, '0' ) 
;insert into md_property ( id, accessorclassname, classid, createtime, creator, datatype, datatypestyle, defaultvalue, description, displayname, dr, help, isactive, hided, nullable, readonly, attrlength, attrmaxvalue, attrminvalue, modifier, modifytime, name, precise, refmodelname, attrsequence, ts, visibility, versiontype, fixedlength, calculation, isauthen, resid, customattr, notserialize, dynamicattr, dynamictable, accesspower, accesspowergroup, industry ) values (  '9a019bd8-423a-4ea5-8b87-441619ad9335', null, '4cc9c9ef-0a93-45ec-ad8a-a3360b0306a3', null, null, 'BS000010000100001032',300, null, null, '发放标志',0, null, 'Y', 'N', 'Y', 'N',1, null, null, null, null, 'payoffflag',0, null,26, '2018-10-13 00:11:37',0,0, 'N', 'N', 'Y', '2incometax-000023', 'N', 'N', 'N', null, 'N', null, '0' ) 
;insert into md_property ( id, accessorclassname, classid, createtime, creator, datatype, datatypestyle, defaultvalue, description, displayname, dr, help, isactive, hided, nullable, readonly, attrlength, attrmaxvalue, attrminvalue, modifier, modifytime, name, precise, refmodelname, attrsequence, ts, visibility, versiontype, fixedlength, calculation, isauthen, resid, customattr, notserialize, dynamicattr, dynamictable, accesspower, accesspowergroup, industry ) values (  'fbd500a6-f48f-4f8e-8011-9244849a7679', null, '4cc9c9ef-0a93-45ec-ad8a-a3360b0306a3', null, null, 'f3fed5ea-72f2-4a0a-ad43-d30b1c22c86c',305, null, null, '人力资源组织',0, null, 'Y', 'N', 'Y', 'N',20, null, null, null, null, 'pk_hrorg',0, '人力资源组织',27, '2018-10-13 00:11:37',0,0, 'N', 'N', 'Y', '2incometax-000024', 'N', 'N', 'N', null, 'N', null, '0' ) 
;insert into md_property ( id, accessorclassname, classid, createtime, creator, datatype, datatypestyle, defaultvalue, description, displayname, dr, help, isactive, hided, nullable, readonly, attrlength, attrmaxvalue, attrminvalue, modifier, modifytime, name, precise, refmodelname, attrsequence, ts, visibility, versiontype, fixedlength, calculation, isauthen, resid, customattr, notserialize, dynamicattr, dynamictable, accesspower, accesspowergroup, industry ) values (  '322eb18d-e08a-4a2d-a084-fbebc7a61b43', null, '2799c327-d5d5-4e0a-ba1b-d349660de852', null, null, 'BS000010000100001051',300, null, null, '申报明细档汇总主键',0, null, 'Y', 'N', 'N', 'N',20, null, null, null, null, 'pk_sumincometax',0, null,0, '2018-10-13 00:11:37',0,0, 'N', 'N', 'Y', '2incometax-000025', 'N', 'N', 'N', null, 'N', null, '0' ) 
;insert into md_property ( id, accessorclassname, classid, createtime, creator, datatype, datatypestyle, defaultvalue, description, displayname, dr, help, isactive, hided, nullable, readonly, attrlength, attrmaxvalue, attrminvalue, modifier, modifytime, name, precise, refmodelname, attrsequence, ts, visibility, versiontype, fixedlength, calculation, isauthen, resid, customattr, notserialize, dynamicattr, dynamictable, accesspower, accesspowergroup, industry ) values (  '2ef6facc-f6e0-4ab7-971f-4a61a14c9306', null, '2799c327-d5d5-4e0a-ba1b-d349660de852', null, null, 'BS000010000100001001',300, null, null, '员工编号',0, null, 'Y', 'N', 'Y', 'N',50, null, null, null, null, 'code',0, null,1, '2018-10-13 00:11:37',0,0, 'N', 'N', 'Y', '2incometax-000002', 'N', 'N', 'N', null, 'N', null, '0' ) 
;insert into md_property ( id, accessorclassname, classid, createtime, creator, datatype, datatypestyle, defaultvalue, description, displayname, dr, help, isactive, hided, nullable, readonly, attrlength, attrmaxvalue, attrminvalue, modifier, modifytime, name, precise, refmodelname, attrsequence, ts, visibility, versiontype, fixedlength, calculation, isauthen, resid, customattr, notserialize, dynamicattr, dynamictable, accesspower, accesspowergroup, industry ) values (  '3d2a7c08-5f3e-465a-bdd7-330dd95fc44f', null, '2799c327-d5d5-4e0a-ba1b-d349660de852', null, null, '218971f0-e5dc-408b-9a32-56529dddd4db',305, null, null, '员工姓名',0, null, 'Y', 'N', 'Y', 'N',20, null, null, null, null, 'pk_psndoc',0, 'HR人员',2, '2018-10-13 00:11:37',0,0, 'N', 'N', 'Y', '2incometax-000003', 'N', 'N', 'N', null, 'N', null, '0' ) 
;insert into md_property ( id, accessorclassname, classid, createtime, creator, datatype, datatypestyle, defaultvalue, description, displayname, dr, help, isactive, hided, nullable, readonly, attrlength, attrmaxvalue, attrminvalue, modifier, modifytime, name, precise, refmodelname, attrsequence, ts, visibility, versiontype, fixedlength, calculation, isauthen, resid, customattr, notserialize, dynamicattr, dynamictable, accesspower, accesspowergroup, industry ) values (  '31604354-c9ba-4e59-8e09-69d7b30bf6ee', null, '2799c327-d5d5-4e0a-ba1b-d349660de852', null, null, 'BS000010000100001001',300, null, null, '身份证号',0, null, 'Y', 'N', 'Y', 'N',50, null, null, null, null, 'id',0, null,3, '2018-10-13 00:11:37',0,0, 'N', 'N', 'Y', '2incometax-000004', 'N', 'N', 'N', null, 'N', null, '0' ) 
;insert into md_property ( id, accessorclassname, classid, createtime, creator, datatype, datatypestyle, defaultvalue, description, displayname, dr, help, isactive, hided, nullable, readonly, attrlength, attrmaxvalue, attrminvalue, modifier, modifytime, name, precise, refmodelname, attrsequence, ts, visibility, versiontype, fixedlength, calculation, isauthen, resid, customattr, notserialize, dynamicattr, dynamictable, accesspower, accesspowergroup, industry ) values (  '9d880697-37f9-47d6-ad64-115a5d37eba8', null, '2799c327-d5d5-4e0a-ba1b-d349660de852', null, null, '1001ZZ1000000001NEF9',305, null, null, '申报凭单格式',0, null, 'Y', 'N', 'Y', 'N',20, null, null, null, null, 'declaretype',0, '申蟾袷(自定义档案)',4, '2018-10-13 00:11:37',0,0, 'N', 'N', 'Y', '2incometax-000015', 'N', 'N', 'N', null, 'N', null, '0' ) 
;insert into md_property ( id, accessorclassname, classid, createtime, creator, datatype, datatypestyle, defaultvalue, description, displayname, dr, help, isactive, hided, nullable, readonly, attrlength, attrmaxvalue, attrminvalue, modifier, modifytime, name, precise, refmodelname, attrsequence, ts, visibility, versiontype, fixedlength, calculation, isauthen, resid, customattr, notserialize, dynamicattr, dynamictable, accesspower, accesspowergroup, industry ) values (  '05f258be-a667-41a7-ba4e-07d01ae494fc', null, '2799c327-d5d5-4e0a-ba1b-d349660de852', null, null, '1001ZZ1000000001NP1R',305, null, null, '凭单填发格式',0, null, 'Y', 'N', 'Y', 'N',20, null, null, null, null, 'granttype',0, '{翁畎l格式(自定义档案)',5, '2018-10-13 00:11:37',0,0, 'N', 'N', 'Y', '2incometax-000035', 'N', 'N', 'N', null, 'N', null, '0' ) 
;insert into md_property ( id, accessorclassname, classid, createtime, creator, datatype, datatypestyle, defaultvalue, description, displayname, dr, help, isactive, hided, nullable, readonly, attrlength, attrmaxvalue, attrminvalue, modifier, modifytime, name, precise, refmodelname, attrsequence, ts, visibility, versiontype, fixedlength, calculation, isauthen, resid, customattr, notserialize, dynamicattr, dynamictable, accesspower, accesspowergroup, industry ) values (  '7309a584-91d4-40ba-832a-91a72848df94', null, '2799c327-d5d5-4e0a-ba1b-d349660de852', null, null, 'BS000010000100001001',300, null, null, '申报次数',0, null, 'Y', 'N', 'Y', 'N',50, null, null, null, null, 'declarenum',0, null,6, '2018-10-13 00:11:37',0,0, 'N', 'N', 'Y', '2incometax-000036', 'N', 'N', 'N', null, 'N', null, '0' ) 
;insert into md_property ( id, accessorclassname, classid, createtime, creator, datatype, datatypestyle, defaultvalue, description, displayname, dr, help, isactive, hided, nullable, readonly, attrlength, attrmaxvalue, attrminvalue, modifier, modifytime, name, precise, refmodelname, attrsequence, ts, visibility, versiontype, fixedlength, calculation, isauthen, resid, customattr, notserialize, dynamicattr, dynamictable, accesspower, accesspowergroup, industry ) values (  'd570cbaf-e925-4b66-b792-0baad93a0abd', null, '2799c327-d5d5-4e0a-ba1b-d349660de852', null, null, '1001ZZ1000000001NP3A',305, null, null, '重复申报原因',0, null, 'Y', 'N', 'Y', 'N',20, null, null, null, null, 'reason',0, '重}申笤因(自定义档案)',7, '2018-10-13 00:11:37',0,0, 'N', 'N', 'Y', '2incometax-000037', 'N', 'N', 'N', null, 'N', null, '0' ) 
;insert into md_property ( id, accessorclassname, classid, createtime, creator, datatype, datatypestyle, defaultvalue, description, displayname, dr, help, isactive, hided, nullable, readonly, attrlength, attrmaxvalue, attrminvalue, modifier, modifytime, name, precise, refmodelname, attrsequence, ts, visibility, versiontype, fixedlength, calculation, isauthen, resid, customattr, notserialize, dynamicattr, dynamictable, accesspower, accesspowergroup, industry ) values (  '2202a2f5-f09c-43d3-840f-071a84053879', null, '2799c327-d5d5-4e0a-ba1b-d349660de852', null, null, 'BS000010000100001001',300, null, null, '联络人姓名',0, null, 'Y', 'N', 'Y', 'N',50, null, null, null, null, 'contactname',0, null,8, '2018-10-13 00:11:37',0,0, 'N', 'N', 'Y', '2incometax-000038', 'N', 'N', 'N', null, 'N', null, '0' ) 
;insert into md_property ( id, accessorclassname, classid, createtime, creator, datatype, datatypestyle, defaultvalue, description, displayname, dr, help, isactive, hided, nullable, readonly, attrlength, attrmaxvalue, attrminvalue, modifier, modifytime, name, precise, refmodelname, attrsequence, ts, visibility, versiontype, fixedlength, calculation, isauthen, resid, customattr, notserialize, dynamicattr, dynamictable, accesspower, accesspowergroup, industry ) values (  '0719fa9f-d1c8-49e3-93f3-00ef2dae92a6', null, '2799c327-d5d5-4e0a-ba1b-d349660de852', null, null, 'BS000010000100001001',300, null, null, '联络人电话',0, null, 'Y', 'N', 'Y', 'N',50, null, null, null, null, 'contacttel',0, null,9, '2018-10-13 00:11:37',0,0, 'N', 'N', 'Y', '2incometax-000039', 'N', 'N', 'N', null, 'N', null, '0' ) 
;insert into md_property ( id, accessorclassname, classid, createtime, creator, datatype, datatypestyle, defaultvalue, description, displayname, dr, help, isactive, hided, nullable, readonly, attrlength, attrmaxvalue, attrminvalue, modifier, modifytime, name, precise, refmodelname, attrsequence, ts, visibility, versiontype, fixedlength, calculation, isauthen, resid, customattr, notserialize, dynamicattr, dynamictable, accesspower, accesspowergroup, industry ) values (  '7802e32e-fca7-4d17-b138-14ba5e35a469', null, '2799c327-d5d5-4e0a-ba1b-d349660de852', null, null, 'BS000010000100001001',300, null, null, '申报单位电子邮件',0, null, 'Y', 'N', 'Y', 'N',50, null, null, null, null, 'contactemail',0, null,10, '2018-10-13 00:11:37',0,0, 'N', 'N', 'Y', '2incometax-000040', 'N', 'N', 'N', null, 'N', null, '0' ) 
;insert into md_property ( id, accessorclassname, classid, createtime, creator, datatype, datatypestyle, defaultvalue, description, displayname, dr, help, isactive, hided, nullable, readonly, attrlength, attrmaxvalue, attrminvalue, modifier, modifytime, name, precise, refmodelname, attrsequence, ts, visibility, versiontype, fixedlength, calculation, isauthen, resid, customattr, notserialize, dynamicattr, dynamictable, accesspower, accesspowergroup, industry ) values (  '75e68629-a5bb-4a4a-a341-4f696cb7af00', null, '2799c327-d5d5-4e0a-ba1b-d349660de852', null, null, '1001ZZ1000000001NP4S',305, null, null, '业别代号',0, null, 'Y', 'N', 'Y', 'N',20, null, null, null, null, 'businessno',0, '绦I照Ie(自定义档案)',11, '2018-10-13 00:11:37',0,0, 'N', 'N', 'Y', '2incometax-000026', 'N', 'N', 'N', null, 'N', null, '0' ) 
;insert into md_property ( id, accessorclassname, classid, createtime, creator, datatype, datatypestyle, defaultvalue, description, displayname, dr, help, isactive, hided, nullable, readonly, attrlength, attrmaxvalue, attrminvalue, modifier, modifytime, name, precise, refmodelname, attrsequence, ts, visibility, versiontype, fixedlength, calculation, isauthen, resid, customattr, notserialize, dynamicattr, dynamictable, accesspower, accesspowergroup, industry ) values (  '00c000ff-3957-458a-b1f2-4ca7e80d16fa', null, '2799c327-d5d5-4e0a-ba1b-d349660de852', null, null, '1001ZZ1000000001NP6H',305, null, null, '费用别代号',0, null, 'Y', 'N', 'Y', 'N',20, null, null, null, null, 'costno',0, 'M用e代(自定义档案)',12, '2018-10-13 00:11:37',0,0, 'N', 'N', 'Y', '2incometax-000027', 'N', 'N', 'N', null, 'N', null, '0' ) 
;insert into md_property ( id, accessorclassname, classid, createtime, creator, datatype, datatypestyle, defaultvalue, description, displayname, dr, help, isactive, hided, nullable, readonly, attrlength, attrmaxvalue, attrminvalue, modifier, modifytime, name, precise, refmodelname, attrsequence, ts, visibility, versiontype, fixedlength, calculation, isauthen, resid, customattr, notserialize, dynamicattr, dynamictable, accesspower, accesspowergroup, industry ) values (  '6f8b05ab-b772-41f2-9546-1fb99795e991', null, '2799c327-d5d5-4e0a-ba1b-d349660de852', null, null, '1001ZZ1000000001NP7U',305, null, null, '项目别代号',0, null, 'Y', 'N', 'Y', 'N',20, null, null, null, null, 'projectno',0, '目代(自定义档案)',13, '2018-10-13 00:11:37',0,0, 'N', 'N', 'Y', '2incometax-000028', 'N', 'N', 'N', null, 'N', null, '0' ) 
;insert into md_property ( id, accessorclassname, classid, createtime, creator, datatype, datatypestyle, defaultvalue, description, displayname, dr, help, isactive, hided, nullable, readonly, attrlength, attrmaxvalue, attrminvalue, modifier, modifytime, name, precise, refmodelname, attrsequence, ts, visibility, versiontype, fixedlength, calculation, isauthen, resid, customattr, notserialize, dynamicattr, dynamictable, accesspower, accesspowergroup, industry ) values (  '04b8dff1-3058-4ff7-b286-38f1933eb4b1', null, '2799c327-d5d5-4e0a-ba1b-d349660de852', null, null, 'BS000010000100001001',300, null, null, '证别号',0, null, 'Y', 'N', 'Y', 'N',50, null, null, null, null, 'idtypeno',0, null,14, '2018-10-13 00:11:37',0,0, 'N', 'N', 'Y', '2incometax-000029', 'N', 'N', 'N', null, 'N', null, '0' ) 
;insert into md_property ( id, accessorclassname, classid, createtime, creator, datatype, datatypestyle, defaultvalue, description, displayname, dr, help, isactive, hided, nullable, readonly, attrlength, attrmaxvalue, attrminvalue, modifier, modifytime, name, precise, refmodelname, attrsequence, ts, visibility, versiontype, fixedlength, calculation, isauthen, resid, customattr, notserialize, dynamicattr, dynamictable, accesspower, accesspowergroup, industry ) values (  'ffadd654-5799-4124-9271-92fc3c6ad5e7', null, '2799c327-d5d5-4e0a-ba1b-d349660de852', null, null, 'BS000010000100001001',300, null, null, '起始期间',0, null, 'Y', 'N', 'Y', 'N',50, null, null, null, null, 'beginperiod',0, null,15, '2018-10-13 00:11:37',0,0, 'N', 'N', 'Y', '2incometax-000030', 'N', 'N', 'N', null, 'N', null, '0' ) 
;insert into md_property ( id, accessorclassname, classid, createtime, creator, datatype, datatypestyle, defaultvalue, description, displayname, dr, help, isactive, hided, nullable, readonly, attrlength, attrmaxvalue, attrminvalue, modifier, modifytime, name, precise, refmodelname, attrsequence, ts, visibility, versiontype, fixedlength, calculation, isauthen, resid, customattr, notserialize, dynamicattr, dynamictable, accesspower, accesspowergroup, industry ) values (  'dd75e8ee-3ec5-4f19-b882-c8b0f8c6626e', null, '2799c327-d5d5-4e0a-ba1b-d349660de852', null, null, 'BS000010000100001001',300, null, null, '结束期间',0, null, 'Y', 'N', 'Y', 'N',50, null, null, null, null, 'endperiod',0, null,16, '2018-10-13 00:11:37',0,0, 'N', 'N', 'Y', '2incometax-000031', 'N', 'N', 'N', null, 'N', null, '0' ) 
;insert into md_property ( id, accessorclassname, classid, createtime, creator, datatype, datatypestyle, defaultvalue, description, displayname, dr, help, isactive, hided, nullable, readonly, attrlength, attrmaxvalue, attrminvalue, modifier, modifytime, name, precise, refmodelname, attrsequence, ts, visibility, versiontype, fixedlength, calculation, isauthen, resid, customattr, notserialize, dynamicattr, dynamictable, accesspower, accesspowergroup, industry ) values (  '1279864d-afae-4f8e-bca7-709d52a1fc34', null, '2799c327-d5d5-4e0a-ba1b-d349660de852', null, null, 'BS000010000100001032',300, null, null, '是否申报',0, null, 'Y', 'N', 'Y', 'N',1, null, null, null, null, 'isdeclare',0, null,17, '2018-10-13 00:11:37',0,0, 'N', 'N', 'Y', '2incometax-000013', 'N', 'N', 'N', null, 'N', null, '0' ) 
;insert into md_property ( id, accessorclassname, classid, createtime, creator, datatype, datatypestyle, defaultvalue, description, displayname, dr, help, isactive, hided, nullable, readonly, attrlength, attrmaxvalue, attrminvalue, modifier, modifytime, name, precise, refmodelname, attrsequence, ts, visibility, versiontype, fixedlength, calculation, isauthen, resid, customattr, notserialize, dynamicattr, dynamictable, accesspower, accesspowergroup, industry ) values (  'b34f056e-32fc-41ab-aec9-be9371730c5f', null, '2799c327-d5d5-4e0a-ba1b-d349660de852', null, null, 'BS000010000100001031',300, null, null, '给付总额',0, null, 'Y', 'N', 'Y', 'N',28, null, null, null, null, 'taxbase',8, null,18, '2018-10-13 00:11:37',0,0, 'N', 'N', 'Y', '2incometax-000009', 'N', 'N', 'N', null, 'N', null, '0' ) 
;insert into md_property ( id, accessorclassname, classid, createtime, creator, datatype, datatypestyle, defaultvalue, description, displayname, dr, help, isactive, hided, nullable, readonly, attrlength, attrmaxvalue, attrminvalue, modifier, modifytime, name, precise, refmodelname, attrsequence, ts, visibility, versiontype, fixedlength, calculation, isauthen, resid, customattr, notserialize, dynamicattr, dynamictable, accesspower, accesspowergroup, industry ) values (  '962b537a-cf29-44b4-874d-be4abbbbd9b4', null, '2799c327-d5d5-4e0a-ba1b-d349660de852', null, null, 'BS000010000100001031',300, null, null, '给付总额调整',0, null, 'Y', 'N', 'Y', 'N',28, null, null, null, null, 'taxbaseadjust',8, null,19, '2018-10-13 00:11:37',0,0, 'N', 'N', 'Y', '2incometax-000042', 'N', 'N', 'N', null, 'N', null, '0' ) 
;insert into md_property ( id, accessorclassname, classid, createtime, creator, datatype, datatypestyle, defaultvalue, description, displayname, dr, help, isactive, hided, nullable, readonly, attrlength, attrmaxvalue, attrminvalue, modifier, modifytime, name, precise, refmodelname, attrsequence, ts, visibility, versiontype, fixedlength, calculation, isauthen, resid, customattr, notserialize, dynamicattr, dynamictable, accesspower, accesspowergroup, industry ) values (  '242d8ba8-9ec2-46a5-a20a-ba8c867cb240', null, '2799c327-d5d5-4e0a-ba1b-d349660de852', null, null, 'BS000010000100001031',300, null, null, '扣缴税额',0, null, 'Y', 'N', 'Y', 'N',28, null, null, null, null, 'cacu_value',8, null,20, '2018-10-13 00:11:37',0,0, 'N', 'N', 'Y', '2incometax-000010', 'N', 'N', 'N', null, 'N', null, '0' ) 
;insert into md_property ( id, accessorclassname, classid, createtime, creator, datatype, datatypestyle, defaultvalue, description, displayname, dr, help, isactive, hided, nullable, readonly, attrlength, attrmaxvalue, attrminvalue, modifier, modifytime, name, precise, refmodelname, attrsequence, ts, visibility, versiontype, fixedlength, calculation, isauthen, resid, customattr, notserialize, dynamicattr, dynamictable, accesspower, accesspowergroup, industry ) values (  '53b62c6e-b1a8-433f-b1bc-b4df5be48f53', null, '2799c327-d5d5-4e0a-ba1b-d349660de852', null, null, 'BS000010000100001031',300, null, null, '扣缴税额调整',0, null, 'Y', 'N', 'Y', 'N',28, null, null, null, null, 'cacu_valueadjust',8, null,21, '2018-10-13 00:11:37',0,0, 'N', 'N', 'Y', '2incometax-000043', 'N', 'N', 'N', null, 'N', null, '0' ) 
;insert into md_property ( id, accessorclassname, classid, createtime, creator, datatype, datatypestyle, defaultvalue, description, displayname, dr, help, isactive, hided, nullable, readonly, attrlength, attrmaxvalue, attrminvalue, modifier, modifytime, name, precise, refmodelname, attrsequence, ts, visibility, versiontype, fixedlength, calculation, isauthen, resid, customattr, notserialize, dynamicattr, dynamictable, accesspower, accesspowergroup, industry ) values (  '9e750793-07f3-428e-9e6a-1de4cec35932', null, '2799c327-d5d5-4e0a-ba1b-d349660de852', null, null, 'BS000010000100001031',300, null, null, '给付净额',0, null, 'Y', 'N', 'Y', 'N',28, null, null, null, null, 'netincome',8, null,22, '2018-10-13 00:11:37',0,0, 'N', 'N', 'Y', '2incometax-000011', 'N', 'N', 'N', null, 'N', null, '0' ) 
;insert into md_property ( id, accessorclassname, classid, createtime, creator, datatype, datatypestyle, defaultvalue, description, displayname, dr, help, isactive, hided, nullable, readonly, attrlength, attrmaxvalue, attrminvalue, modifier, modifytime, name, precise, refmodelname, attrsequence, ts, visibility, versiontype, fixedlength, calculation, isauthen, resid, customattr, notserialize, dynamicattr, dynamictable, accesspower, accesspowergroup, industry ) values (  'b8bf318e-cbe6-4a08-af90-821a806040bc', null, '2799c327-d5d5-4e0a-ba1b-d349660de852', null, null, 'BS000010000100001031',300, null, null, '员工自提金额',0, null, 'Y', 'N', 'Y', 'N',28, null, null, null, null, 'pickedup',8, null,23, '2018-10-13 00:11:37',0,0, 'N', 'N', 'Y', '2incometax-000012', 'N', 'N', 'N', null, 'N', null, '0' ) 
;insert into md_property ( id, accessorclassname, classid, createtime, creator, datatype, datatypestyle, defaultvalue, description, displayname, dr, help, isactive, hided, nullable, readonly, attrlength, attrmaxvalue, attrminvalue, modifier, modifytime, name, precise, refmodelname, attrsequence, ts, visibility, versiontype, fixedlength, calculation, isauthen, resid, customattr, notserialize, dynamicattr, dynamictable, accesspower, accesspowergroup, industry ) values (  'a92662be-3a36-414f-ab1b-95a73bc1fced', null, '2799c327-d5d5-4e0a-ba1b-d349660de852', null, null, 'BS000010000100001031',300, null, null, '员工自提金额调整',0, null, 'Y', 'N', 'Y', 'N',28, null, null, null, null, 'pickedupadjust',8, null,24, '2018-10-13 00:11:37',0,0, 'N', 'N', 'Y', '2incometax-000044', 'N', 'N', 'N', null, 'N', null, '0' ) 
;insert into md_property ( id, accessorclassname, classid, createtime, creator, datatype, datatypestyle, defaultvalue, description, displayname, dr, help, isactive, hided, nullable, readonly, attrlength, attrmaxvalue, attrminvalue, modifier, modifytime, name, precise, refmodelname, attrsequence, ts, visibility, versiontype, fixedlength, calculation, isauthen, resid, customattr, notserialize, dynamicattr, dynamictable, accesspower, accesspowergroup, industry ) values (  '42d102f6-ee9c-4edc-9159-a35d9d6eb9e8', null, '2799c327-d5d5-4e0a-ba1b-d349660de852', null, null, 'f3fed5ea-72f2-4a0a-ad43-d30b1c22c86c',305, null, null, '人力资源组织',0, null, 'Y', 'N', 'Y', 'N',20, null, null, null, null, 'pk_hrorg',0, '人力资源组织',25, '2018-10-13 00:11:37',0,0, 'N', 'N', 'Y', '2incometax-000024', 'N', 'N', 'N', null, 'N', null, '0' ) 
;insert into md_property ( id, accessorclassname, classid, createtime, creator, datatype, datatypestyle, defaultvalue, description, displayname, dr, help, isactive, hided, nullable, readonly, attrlength, attrmaxvalue, attrminvalue, modifier, modifytime, name, precise, refmodelname, attrsequence, ts, visibility, versiontype, fixedlength, calculation, isauthen, resid, customattr, notserialize, dynamicattr, dynamictable, accesspower, accesspowergroup, industry ) values (  '0872236e-cb8a-4c46-9115-b1c99ea0b2d7', null, '2799c327-d5d5-4e0a-ba1b-d349660de852', null, null, 'BS000010000100001033',300, null, null, '单据日期',0, null, 'Y', 'N', 'Y', 'N',19, null, null, null, null, 'billdate',0, null,26, '2018-10-13 00:11:37',0,0, 'N', 'N', 'Y', '2UC000-000190', 'N', 'N', 'N', null, 'N', null, '0' ) 
;insert into md_property ( id, accessorclassname, classid, createtime, creator, datatype, datatypestyle, defaultvalue, description, displayname, dr, help, isactive, hided, nullable, readonly, attrlength, attrmaxvalue, attrminvalue, modifier, modifytime, name, precise, refmodelname, attrsequence, ts, visibility, versiontype, fixedlength, calculation, isauthen, resid, customattr, notserialize, dynamicattr, dynamictable, accesspower, accesspowergroup, industry ) values (  '5cd7c13d-c4fb-4619-a105-03a78663e8ce', null, '2799c327-d5d5-4e0a-ba1b-d349660de852', null, null, 'f6f9a473-56c0-432f-8bc7-fbf8fde54fee',305, null, null, '创建人',0, null, 'Y', 'N', 'Y', 'N',20, null, null, null, null, 'creator',0, '用户',27, '2018-10-13 00:11:37',0,0, 'N', 'N', 'Y', '2UC000-000155', 'N', 'N', 'N', null, 'N', null, '0' ) 
;insert into md_property ( id, accessorclassname, classid, createtime, creator, datatype, datatypestyle, defaultvalue, description, displayname, dr, help, isactive, hided, nullable, readonly, attrlength, attrmaxvalue, attrminvalue, modifier, modifytime, name, precise, refmodelname, attrsequence, ts, visibility, versiontype, fixedlength, calculation, isauthen, resid, customattr, notserialize, dynamicattr, dynamictable, accesspower, accesspowergroup, industry ) values (  'c69e4b8c-2122-4623-8fc4-9a75d88bf308', null, '2799c327-d5d5-4e0a-ba1b-d349660de852', null, null, 'BS000010000100001034',300, null, null, '创建时间',0, null, 'Y', 'N', 'Y', 'N',19, null, null, null, null, 'creationtime',0, null,28, '2018-10-13 00:11:37',0,0, 'N', 'N', 'Y', '2UC000-000157', 'N', 'N', 'N', null, 'N', null, '0' ) 
;insert into md_property ( id, accessorclassname, classid, createtime, creator, datatype, datatypestyle, defaultvalue, description, displayname, dr, help, isactive, hided, nullable, readonly, attrlength, attrmaxvalue, attrminvalue, modifier, modifytime, name, precise, refmodelname, attrsequence, ts, visibility, versiontype, fixedlength, calculation, isauthen, resid, customattr, notserialize, dynamicattr, dynamictable, accesspower, accesspowergroup, industry ) values (  '5fefc805-19e1-4e16-98bf-9fdabe0dc5b8', null, '2799c327-d5d5-4e0a-ba1b-d349660de852', null, null, 'f6f9a473-56c0-432f-8bc7-fbf8fde54fee',305, null, null, '修改人',0, null, 'Y', 'N', 'Y', 'N',20, null, null, null, null, 'modifier',0, '用户',29, '2018-10-13 00:11:37',0,0, 'N', 'N', 'Y', '2UC000-000490', 'N', 'N', 'N', null, 'N', null, '0' ) 
;insert into md_property ( id, accessorclassname, classid, createtime, creator, datatype, datatypestyle, defaultvalue, description, displayname, dr, help, isactive, hided, nullable, readonly, attrlength, attrmaxvalue, attrminvalue, modifier, modifytime, name, precise, refmodelname, attrsequence, ts, visibility, versiontype, fixedlength, calculation, isauthen, resid, customattr, notserialize, dynamicattr, dynamictable, accesspower, accesspowergroup, industry ) values (  '66cf4867-b2d1-422c-95e1-7e613307b5cf', null, '2799c327-d5d5-4e0a-ba1b-d349660de852', null, null, 'BS000010000100001034',300, null, null, '修改时间',0, null, 'Y', 'N', 'Y', 'N',19, null, null, null, null, 'modifiedtime',0, null,30, '2018-10-13 00:11:37',0,0, 'N', 'N', 'Y', '2UC000-000491', 'N', 'N', 'N', null, 'N', null, '0' ) 
;insert into md_property ( id, accessorclassname, classid, createtime, creator, datatype, datatypestyle, defaultvalue, description, displayname, dr, help, isactive, hided, nullable, readonly, attrlength, attrmaxvalue, attrminvalue, modifier, modifytime, name, precise, refmodelname, attrsequence, ts, visibility, versiontype, fixedlength, calculation, isauthen, resid, customattr, notserialize, dynamicattr, dynamictable, accesspower, accesspowergroup, industry ) values (  '976f64af-ed54-4989-a6b3-b5860723e9cd', null, '2799c327-d5d5-4e0a-ba1b-d349660de852', null, null, '3b6dd171-2900-47f3-bfbe-41e4483a2a65',305, null, null, '集团',0, null, 'Y', 'N', 'Y', 'N',20, null, null, null, null, 'pk_group',0, null,31, '2018-10-13 00:11:37',0,0, 'N', 'N', 'Y', '2UC000-000367', 'N', 'N', 'N', null, 'N', null, '0' ) 
;insert into md_property ( id, accessorclassname, classid, createtime, creator, datatype, datatypestyle, defaultvalue, description, displayname, dr, help, isactive, hided, nullable, readonly, attrlength, attrmaxvalue, attrminvalue, modifier, modifytime, name, precise, refmodelname, attrsequence, ts, visibility, versiontype, fixedlength, calculation, isauthen, resid, customattr, notserialize, dynamicattr, dynamictable, accesspower, accesspowergroup, industry ) values (  '59980a12-6340-4b2a-8642-79546669f9b3', null, '2799c327-d5d5-4e0a-ba1b-d349660de852', null, null, '985be8a4-3a36-4778-8afe-2d8ed3902659',305, null, null, '组织',0, null, 'Y', 'N', 'Y', 'N',20, null, null, null, null, 'pk_org',0, null,32, '2018-10-13 00:11:37',0,0, 'N', 'N', 'Y', '2UC000-000360', 'N', 'N', 'N', null, 'N', null, '0' ) 
;insert into md_property ( id, accessorclassname, classid, createtime, creator, datatype, datatypestyle, defaultvalue, description, displayname, dr, help, isactive, hided, nullable, readonly, attrlength, attrmaxvalue, attrminvalue, modifier, modifytime, name, precise, refmodelname, attrsequence, ts, visibility, versiontype, fixedlength, calculation, isauthen, resid, customattr, notserialize, dynamicattr, dynamictable, accesspower, accesspowergroup, industry ) values (  '093f32bd-40c1-4116-98c5-4a2b78588dc5', null, '2799c327-d5d5-4e0a-ba1b-d349660de852', null, null, '1001ZZ1000000001NP09',305, null, null, '统一编号',0, null, 'Y', 'N', 'Y', 'N',20, null, null, null, null, 'unifiednumber',0, 'y一(自定义档案)',33, '2018-10-13 00:11:37',0,0, 'N', 'N', 'Y', '2incometax-000014', 'N', 'N', 'N', null, 'N', null, '0' ) 
;insert into md_property ( id, accessorclassname, classid, createtime, creator, datatype, datatypestyle, defaultvalue, description, displayname, dr, help, isactive, hided, nullable, readonly, attrlength, attrmaxvalue, attrminvalue, modifier, modifytime, name, precise, refmodelname, attrsequence, ts, visibility, versiontype, fixedlength, calculation, isauthen, resid, customattr, notserialize, dynamicattr, dynamictable, accesspower, accesspowergroup, industry ) values (  'defb622f-889d-467d-b93c-2e4fa8177b8f', 'nc.md.model.access.BodyOfAggVOAccessor', '2799c327-d5d5-4e0a-ba1b-d349660de852', null, null, '4cc9c9ef-0a93-45ec-ad8a-a3360b0306a3',301, null, null, 'id_IncomeTaxVO',0, null, 'Y', 'N', 'Y', 'N',0, null, null, null, null, 'id_incometaxvo',0, null,34, '2018-10-13 00:11:37',0,0, 'N', 'N', 'Y', '2incometax-000032', 'N', 'N', 'N', null, 'N', null, '0' ) 
;insert into md_accessorPara ( id, dr, paravalue, assosequence, ts, versiontype, industry ) values (  '2799c327-d5d5-4e0a-ba1b-d349660de852',0, 'nc.vo.hrwa.sumincometax.AggSumIncomeTaxVO',0, '2018-10-13 00:11:37',null, null ) 
;insert into md_bizItfMap ( bizinterfaceid, intattrid, classid, classattrid, bizitfimpclassname, classattrpath, dr, ts ) values (  '2b226ae1-aad9-4abe-a405-36bcacaa94a8', 'e5a2aef6-8d58-416a-b8b7-4dd10e13d788', '2799c327-d5d5-4e0a-ba1b-d349660de852', '5cd7c13d-c4fb-4619-a105-03a78663e8ce', null, null,0, '2018-10-13 00:11:37' ) 
;insert into md_bizItfMap ( bizinterfaceid, intattrid, classid, classattrid, bizitfimpclassname, classattrpath, dr, ts ) values (  '2b226ae1-aad9-4abe-a405-36bcacaa94a8', '49b6b1ae-cd5b-4b54-99cd-a6bb9fee7343', '2799c327-d5d5-4e0a-ba1b-d349660de852', 'c69e4b8c-2122-4623-8fc4-9a75d88bf308', null, null,0, '2018-10-13 00:11:37' ) 
;insert into md_bizItfMap ( bizinterfaceid, intattrid, classid, classattrid, bizitfimpclassname, classattrpath, dr, ts ) values (  '2b226ae1-aad9-4abe-a405-36bcacaa94a8', '54c42368-5a43-4295-a7d4-74d276eed522', '2799c327-d5d5-4e0a-ba1b-d349660de852', '5fefc805-19e1-4e16-98bf-9fdabe0dc5b8', null, null,0, '2018-10-13 00:11:37' ) 
;insert into md_bizItfMap ( bizinterfaceid, intattrid, classid, classattrid, bizitfimpclassname, classattrpath, dr, ts ) values (  '2b226ae1-aad9-4abe-a405-36bcacaa94a8', '0abfd569-b9cf-4c44-a8d9-45979c083b08', '2799c327-d5d5-4e0a-ba1b-d349660de852', '66cf4867-b2d1-422c-95e1-7e613307b5cf', null, null,0, '2018-10-13 00:11:37' ) 
;insert into md_bizItfMap ( bizinterfaceid, intattrid, classid, classattrid, bizitfimpclassname, classattrpath, dr, ts ) values (  'ede1e93f-a86e-4588-b441-9db78f30219f', '72145ab5-b7fa-448e-ad62-8e13cd547191', '2799c327-d5d5-4e0a-ba1b-d349660de852', '59980a12-6340-4b2a-8642-79546669f9b3', null, null,0, '2018-10-13 00:11:37' ) 
;insert into md_bizItfMap ( bizinterfaceid, intattrid, classid, classattrid, bizitfimpclassname, classattrpath, dr, ts ) values (  'ede1e93f-a86e-4588-b441-9db78f30219f', '0c37faa9-6e38-4e27-b596-dabc8d5ad732', '2799c327-d5d5-4e0a-ba1b-d349660de852', null, null, null,0, '2018-10-13 00:11:37' ) 
;insert into md_bizItfMap ( bizinterfaceid, intattrid, classid, classattrid, bizitfimpclassname, classattrpath, dr, ts ) values (  '6c8722b9-911a-489b-8d0d-18bd3734fcf6', '5dd3c721-22ad-42b1-9c10-4351c236bc77', '2799c327-d5d5-4e0a-ba1b-d349660de852', '322eb18d-e08a-4a2d-a084-fbebc7a61b43', null, null,0, '2018-10-13 00:11:37' ) 
;insert into md_bizItfMap ( bizinterfaceid, intattrid, classid, classattrid, bizitfimpclassname, classattrpath, dr, ts ) values (  '6c8722b9-911a-489b-8d0d-18bd3734fcf6', 'c8334364-7ab9-4266-8d4b-e74537935e46', '2799c327-d5d5-4e0a-ba1b-d349660de852', null, null, null,0, '2018-10-13 00:11:37' ) 
;insert into md_bizItfMap ( bizinterfaceid, intattrid, classid, classattrid, bizitfimpclassname, classattrpath, dr, ts ) values (  '6c8722b9-911a-489b-8d0d-18bd3734fcf6', 'ecf1b76a-6e44-42e2-a55e-87596504775b', '2799c327-d5d5-4e0a-ba1b-d349660de852', '59980a12-6340-4b2a-8642-79546669f9b3', null, null,0, '2018-10-13 00:11:37' ) 
;insert into md_bizItfMap ( bizinterfaceid, intattrid, classid, classattrid, bizitfimpclassname, classattrpath, dr, ts ) values (  '6c8722b9-911a-489b-8d0d-18bd3734fcf6', 'd32cc17b-f415-415a-923f-0764443eb102', '2799c327-d5d5-4e0a-ba1b-d349660de852', null, null, null,0, '2018-10-13 00:11:37' ) 
;insert into md_bizItfMap ( bizinterfaceid, intattrid, classid, classattrid, bizitfimpclassname, classattrpath, dr, ts ) values (  '6c8722b9-911a-489b-8d0d-18bd3734fcf6', '89578a97-42fe-439b-827c-8eabd9e3604c', '2799c327-d5d5-4e0a-ba1b-d349660de852', null, null, null,0, '2018-10-13 00:11:37' ) 
;insert into md_bizItfMap ( bizinterfaceid, intattrid, classid, classattrid, bizitfimpclassname, classattrpath, dr, ts ) values (  '6c8722b9-911a-489b-8d0d-18bd3734fcf6', 'a47e6cda-09e4-480b-923f-ec6f41e3e06c', '2799c327-d5d5-4e0a-ba1b-d349660de852', '976f64af-ed54-4989-a6b3-b5860723e9cd', null, null,0, '2018-10-13 00:11:37' ) 
;insert into md_bizItfMap ( bizinterfaceid, intattrid, classid, classattrid, bizitfimpclassname, classattrpath, dr, ts ) values (  '7199a45a-6e53-4ac1-b4d1-8a549d0a1622', '198cbd30-90e3-4207-bfd4-9fa797802583', '2799c327-d5d5-4e0a-ba1b-d349660de852', '0872236e-cb8a-4c46-9115-b1c99ea0b2d7', null, null,0, '2018-10-13 00:11:37' ) 
;insert into md_bizItfMap ( bizinterfaceid, intattrid, classid, classattrid, bizitfimpclassname, classattrpath, dr, ts ) values (  '60bdf1fb-95e3-43dc-8feb-f874de9293eb', '25bd08e0-96da-40a6-bfc0-1298b2399f4a', '2799c327-d5d5-4e0a-ba1b-d349660de852', null, null, null,0, '2018-10-13 00:11:37' ) 
;insert into md_association ( id, componentid, creator, createtime, dr, endcardinality, startbeanid, endelementid, isactive, modifier, modifytime, name, startcardinality, startelementid, ts, type, versiontype, industry ) values (  '2ce47915-dc80-4168-99c7-b3398f5bb441', 'c3a58290-fce3-4cd9-9b03-fe3872d25293', null, '2018-01-24 17:38:58',0, '1..n', '2799c327-d5d5-4e0a-ba1b-d349660de852', '4cc9c9ef-0a93-45ec-ad8a-a3360b0306a3', null, 'YONYOU NC', '2018-01-24 17:38:58', 'Aggregation Relation', '1', 'defb622f-889d-467d-b93c-2e4fa8177b8f', '2018-10-13 00:11:37',1,0, '0' ) 
;insert into md_association ( id, componentid, creator, createtime, dr, endcardinality, startbeanid, endelementid, isactive, modifier, modifytime, name, startcardinality, startelementid, ts, type, versiontype, industry ) values (  'c133a57e-ee56-44f9-ae6b-912c9b41847f', 'c3a58290-fce3-4cd9-9b03-fe3872d25293', null, null,0, '1', '4cc9c9ef-0a93-45ec-ad8a-a3360b0306a3', '218971f0-e5dc-408b-9a32-56529dddd4db', 'Y', null, null, 'CIncomeTaxVO_pk_psndoc', '1', '259b3a9f-a6ae-4aec-9681-d8cd21d88ea7', '2018-10-13 00:11:37',3,0, '0' ) 
;insert into md_association ( id, componentid, creator, createtime, dr, endcardinality, startbeanid, endelementid, isactive, modifier, modifytime, name, startcardinality, startelementid, ts, type, versiontype, industry ) values (  '836a1251-4177-4d02-b982-6773af2a6fb7', 'c3a58290-fce3-4cd9-9b03-fe3872d25293', null, null,0, '1', '4cc9c9ef-0a93-45ec-ad8a-a3360b0306a3', '3faa851b-c428-46fd-af37-c7d3b1531537', 'Y', null, null, 'CIncomeTaxVO_pk_wa_class', '1', '566dace6-e525-4900-95f0-92d76a155982', '2018-10-13 00:11:37',3,0, '0' ) 
;insert into md_association ( id, componentid, creator, createtime, dr, endcardinality, startbeanid, endelementid, isactive, modifier, modifytime, name, startcardinality, startelementid, ts, type, versiontype, industry ) values (  'dfc9c933-83ea-4db6-a29e-4d26c9fbef80', 'c3a58290-fce3-4cd9-9b03-fe3872d25293', null, null,0, '1', '4cc9c9ef-0a93-45ec-ad8a-a3360b0306a3', '1001ZZ1000000001NP09', 'Y', null, null, 'CIncomeTaxVO_unifiednumber', '1', '3687ac93-8a52-49a2-97cf-44749fc524d7', '2018-10-13 00:11:37',3,0, '0' ) 
;insert into md_association ( id, componentid, creator, createtime, dr, endcardinality, startbeanid, endelementid, isactive, modifier, modifytime, name, startcardinality, startelementid, ts, type, versiontype, industry ) values (  '1fbbd33f-efaa-4a94-8bca-09ac75379d0e', 'c3a58290-fce3-4cd9-9b03-fe3872d25293', null, null,0, '1', '4cc9c9ef-0a93-45ec-ad8a-a3360b0306a3', '1001ZZ1000000001NEF9', 'Y', null, null, 'CIncomeTaxVO_declaretype', '1', '29a7ddbb-9fbe-4d52-9270-ecc5f480da29', '2018-10-13 00:11:37',3,0, '0' ) 
;insert into md_association ( id, componentid, creator, createtime, dr, endcardinality, startbeanid, endelementid, isactive, modifier, modifytime, name, startcardinality, startelementid, ts, type, versiontype, industry ) values (  'cb13e927-9573-4da7-8a03-bce93aa95eea', 'c3a58290-fce3-4cd9-9b03-fe3872d25293', null, null,0, '1', '4cc9c9ef-0a93-45ec-ad8a-a3360b0306a3', 'f6f9a473-56c0-432f-8bc7-fbf8fde54fee', 'Y', null, null, 'CIncomeTaxVO_creator', '1', '5f7d732d-aaab-401e-a8a9-e8ec7b801d80', '2018-10-13 00:11:37',3,0, '0' ) 
;insert into md_association ( id, componentid, creator, createtime, dr, endcardinality, startbeanid, endelementid, isactive, modifier, modifytime, name, startcardinality, startelementid, ts, type, versiontype, industry ) values (  'a7fcfb3c-a450-46ac-bede-0aeb41a5d98c', 'c3a58290-fce3-4cd9-9b03-fe3872d25293', null, null,0, '1', '4cc9c9ef-0a93-45ec-ad8a-a3360b0306a3', 'f6f9a473-56c0-432f-8bc7-fbf8fde54fee', 'Y', null, null, 'CIncomeTaxVO_modifier', '1', '4164010b-aca7-4ffa-860f-b216f16d64f7', '2018-10-13 00:11:37',3,0, '0' ) 
;insert into md_association ( id, componentid, creator, createtime, dr, endcardinality, startbeanid, endelementid, isactive, modifier, modifytime, name, startcardinality, startelementid, ts, type, versiontype, industry ) values (  '491814af-7815-4782-a6fa-57d04c2f71a5', 'c3a58290-fce3-4cd9-9b03-fe3872d25293', null, null,0, '1', '4cc9c9ef-0a93-45ec-ad8a-a3360b0306a3', '3b6dd171-2900-47f3-bfbe-41e4483a2a65', 'Y', null, null, 'CIncomeTaxVO_pk_group', '1', 'cbb9510d-bbe1-465a-a677-52e48b373329', '2018-10-13 00:11:37',3,0, '0' ) 
;insert into md_association ( id, componentid, creator, createtime, dr, endcardinality, startbeanid, endelementid, isactive, modifier, modifytime, name, startcardinality, startelementid, ts, type, versiontype, industry ) values (  '8f06e293-f537-44a5-8a17-b48dbef3448b', 'c3a58290-fce3-4cd9-9b03-fe3872d25293', null, null,0, '1', '4cc9c9ef-0a93-45ec-ad8a-a3360b0306a3', '985be8a4-3a36-4778-8afe-2d8ed3902659', 'Y', null, null, 'CIncomeTaxVO_pk_org', '1', '1e2e1bf7-5119-42ec-8d19-bde8c912445c', '2018-10-13 00:11:37',3,0, '0' ) 
;insert into md_association ( id, componentid, creator, createtime, dr, endcardinality, startbeanid, endelementid, isactive, modifier, modifytime, name, startcardinality, startelementid, ts, type, versiontype, industry ) values (  'b01e40f4-0a09-496b-94ef-b17cb4ad1430', 'c3a58290-fce3-4cd9-9b03-fe3872d25293', null, null,0, '1', '4cc9c9ef-0a93-45ec-ad8a-a3360b0306a3', 'f87c5b2c-d76e-46b8-bb6e-f543bb50a3f5', 'Y', null, null, 'CIncomeTaxVO_pk_wa_data', '1', '3d1127cb-ca2e-4d22-acfd-529e50a165fe', '2018-10-13 00:11:37',3,0, '0' ) 
;insert into md_association ( id, componentid, creator, createtime, dr, endcardinality, startbeanid, endelementid, isactive, modifier, modifytime, name, startcardinality, startelementid, ts, type, versiontype, industry ) values (  '7e4334a7-d5ab-497f-8ddf-a5dcfe1b1230', 'c3a58290-fce3-4cd9-9b03-fe3872d25293', null, null,0, '1', '4cc9c9ef-0a93-45ec-ad8a-a3360b0306a3', 'f3fed5ea-72f2-4a0a-ad43-d30b1c22c86c', 'Y', null, null, 'CIncomeTaxVO_pk_hrorg', '1', 'fbd500a6-f48f-4f8e-8011-9244849a7679', '2018-10-13 00:11:37',3,0, '0' ) 
;insert into md_association ( id, componentid, creator, createtime, dr, endcardinality, startbeanid, endelementid, isactive, modifier, modifytime, name, startcardinality, startelementid, ts, type, versiontype, industry ) values (  '8c897d6c-3a01-466d-a80f-5e7790614ac0', 'c3a58290-fce3-4cd9-9b03-fe3872d25293', null, null,0, '1', '2799c327-d5d5-4e0a-ba1b-d349660de852', '218971f0-e5dc-408b-9a32-56529dddd4db', 'Y', null, null, 'SumIncomeTaxVO_pk_psndoc', '1', '3d2a7c08-5f3e-465a-bdd7-330dd95fc44f', '2018-10-13 00:11:37',3,0, '0' ) 
;insert into md_association ( id, componentid, creator, createtime, dr, endcardinality, startbeanid, endelementid, isactive, modifier, modifytime, name, startcardinality, startelementid, ts, type, versiontype, industry ) values (  'ea03dfb2-8994-4345-a27b-8f4e27521bd7', 'c3a58290-fce3-4cd9-9b03-fe3872d25293', null, null,0, '1', '2799c327-d5d5-4e0a-ba1b-d349660de852', '1001ZZ1000000001NEF9', 'Y', null, null, 'SumIncomeTaxVO_declaretype', '1', '9d880697-37f9-47d6-ad64-115a5d37eba8', '2018-10-13 00:11:37',3,0, '0' ) 
;insert into md_association ( id, componentid, creator, createtime, dr, endcardinality, startbeanid, endelementid, isactive, modifier, modifytime, name, startcardinality, startelementid, ts, type, versiontype, industry ) values (  '8b49175c-7bc1-44b3-9339-e0694c36c793', 'c3a58290-fce3-4cd9-9b03-fe3872d25293', null, null,0, '1', '2799c327-d5d5-4e0a-ba1b-d349660de852', '1001ZZ1000000001NP1R', 'Y', null, null, 'SumIncomeTaxVO_granttype', '1', '05f258be-a667-41a7-ba4e-07d01ae494fc', '2018-10-13 00:11:37',3,0, '0' ) 
;insert into md_association ( id, componentid, creator, createtime, dr, endcardinality, startbeanid, endelementid, isactive, modifier, modifytime, name, startcardinality, startelementid, ts, type, versiontype, industry ) values (  'bae36c06-3e93-4094-b1d3-fa5fd95b3d3b', 'c3a58290-fce3-4cd9-9b03-fe3872d25293', null, null,0, '1', '2799c327-d5d5-4e0a-ba1b-d349660de852', '1001ZZ1000000001NP3A', 'Y', null, null, 'SumIncomeTaxVO_reason', '1', 'd570cbaf-e925-4b66-b792-0baad93a0abd', '2018-10-13 00:11:37',3,0, '0' ) 
;insert into md_association ( id, componentid, creator, createtime, dr, endcardinality, startbeanid, endelementid, isactive, modifier, modifytime, name, startcardinality, startelementid, ts, type, versiontype, industry ) values (  '8d5ddbef-e4f8-409a-9a33-68b1ef4cdce0', 'c3a58290-fce3-4cd9-9b03-fe3872d25293', null, null,0, '1', '2799c327-d5d5-4e0a-ba1b-d349660de852', '1001ZZ1000000001NP4S', 'Y', null, null, 'SumIncomeTaxVO_businessno', '1', '75e68629-a5bb-4a4a-a341-4f696cb7af00', '2018-10-13 00:11:37',3,0, '0' ) 
;insert into md_association ( id, componentid, creator, createtime, dr, endcardinality, startbeanid, endelementid, isactive, modifier, modifytime, name, startcardinality, startelementid, ts, type, versiontype, industry ) values (  '2aa9c9c8-7027-4ae4-9208-2aa8dfb65e93', 'c3a58290-fce3-4cd9-9b03-fe3872d25293', null, null,0, '1', '2799c327-d5d5-4e0a-ba1b-d349660de852', '1001ZZ1000000001NP6H', 'Y', null, null, 'SumIncomeTaxVO_costno', '1', '00c000ff-3957-458a-b1f2-4ca7e80d16fa', '2018-10-13 00:11:37',3,0, '0' ) 
;insert into md_association ( id, componentid, creator, createtime, dr, endcardinality, startbeanid, endelementid, isactive, modifier, modifytime, name, startcardinality, startelementid, ts, type, versiontype, industry ) values (  '82edcf9c-bb27-4be5-9667-136bad601a2f', 'c3a58290-fce3-4cd9-9b03-fe3872d25293', null, null,0, '1', '2799c327-d5d5-4e0a-ba1b-d349660de852', '1001ZZ1000000001NP7U', 'Y', null, null, 'SumIncomeTaxVO_projectno', '1', '6f8b05ab-b772-41f2-9546-1fb99795e991', '2018-10-13 00:11:37',3,0, '0' ) 
;insert into md_association ( id, componentid, creator, createtime, dr, endcardinality, startbeanid, endelementid, isactive, modifier, modifytime, name, startcardinality, startelementid, ts, type, versiontype, industry ) values (  '22cf4330-e307-4b12-806c-6019b00e6cd4', 'c3a58290-fce3-4cd9-9b03-fe3872d25293', null, null,0, '1', '2799c327-d5d5-4e0a-ba1b-d349660de852', 'f3fed5ea-72f2-4a0a-ad43-d30b1c22c86c', 'Y', null, null, 'SumIncomeTaxVO_pk_hrorg', '1', '42d102f6-ee9c-4edc-9159-a35d9d6eb9e8', '2018-10-13 00:11:37',3,0, '0' ) 
;insert into md_association ( id, componentid, creator, createtime, dr, endcardinality, startbeanid, endelementid, isactive, modifier, modifytime, name, startcardinality, startelementid, ts, type, versiontype, industry ) values (  '5cb57e80-a50a-43af-ad32-3dc128c7306b', 'c3a58290-fce3-4cd9-9b03-fe3872d25293', null, null,0, '1', '2799c327-d5d5-4e0a-ba1b-d349660de852', 'f6f9a473-56c0-432f-8bc7-fbf8fde54fee', 'Y', null, null, 'SumIncomeTaxVO_creator', '1', '5cd7c13d-c4fb-4619-a105-03a78663e8ce', '2018-10-13 00:11:37',3,0, '0' ) 
;insert into md_association ( id, componentid, creator, createtime, dr, endcardinality, startbeanid, endelementid, isactive, modifier, modifytime, name, startcardinality, startelementid, ts, type, versiontype, industry ) values (  'c4e18df5-2e92-46f6-9833-2fbf50703fe3', 'c3a58290-fce3-4cd9-9b03-fe3872d25293', null, null,0, '1', '2799c327-d5d5-4e0a-ba1b-d349660de852', 'f6f9a473-56c0-432f-8bc7-fbf8fde54fee', 'Y', null, null, 'SumIncomeTaxVO_modifier', '1', '5fefc805-19e1-4e16-98bf-9fdabe0dc5b8', '2018-10-13 00:11:37',3,0, '0' ) 
;insert into md_association ( id, componentid, creator, createtime, dr, endcardinality, startbeanid, endelementid, isactive, modifier, modifytime, name, startcardinality, startelementid, ts, type, versiontype, industry ) values (  '89745118-698b-438b-841e-6ff7ffc5a268', 'c3a58290-fce3-4cd9-9b03-fe3872d25293', null, null,0, '1', '2799c327-d5d5-4e0a-ba1b-d349660de852', '3b6dd171-2900-47f3-bfbe-41e4483a2a65', 'Y', null, null, 'SumIncomeTaxVO_pk_group', '1', '976f64af-ed54-4989-a6b3-b5860723e9cd', '2018-10-13 00:11:37',3,0, '0' ) 
;insert into md_association ( id, componentid, creator, createtime, dr, endcardinality, startbeanid, endelementid, isactive, modifier, modifytime, name, startcardinality, startelementid, ts, type, versiontype, industry ) values (  '3006c01e-8c81-4f0d-9718-9c4d7245e6e0', 'c3a58290-fce3-4cd9-9b03-fe3872d25293', null, null,0, '1', '2799c327-d5d5-4e0a-ba1b-d349660de852', '985be8a4-3a36-4778-8afe-2d8ed3902659', 'Y', null, null, 'SumIncomeTaxVO_pk_org', '1', '59980a12-6340-4b2a-8642-79546669f9b3', '2018-10-13 00:11:37',3,0, '0' ) 
;insert into md_association ( id, componentid, creator, createtime, dr, endcardinality, startbeanid, endelementid, isactive, modifier, modifytime, name, startcardinality, startelementid, ts, type, versiontype, industry ) values (  '3595a8ff-da4d-4ad7-b949-5da9bbd9a8a5', 'c3a58290-fce3-4cd9-9b03-fe3872d25293', null, null,0, '1', '2799c327-d5d5-4e0a-ba1b-d349660de852', '1001ZZ1000000001NP09', 'Y', null, null, 'SumIncomeTaxVO_unifiednumber', '1', '093f32bd-40c1-4116-98c5-4a2b78588dc5', '2018-10-13 00:11:37',3,0, '0' ) 
;insert into md_table ( id, createtime, creator, databaseid, description, displayname, dr, help, isactive, fromsourcebmf, modifier, modifytime, name, ts, versiontype, resmodule, resid, parenttable, isextendtable, industry ) values (  'hrwa_incometaxdetail', '2018-01-24 16:40:05', 'yonyouBQ', null, null, '申报明细档',0, null, null, 'Y', 'YONYOU NC', '2018-02-26 18:35:16', 'hrwa_incometaxdetail', '2018-10-13 00:11:37',0, 'incometax', '2incometax-000018', null, null, '0' ) 
;insert into md_table ( id, createtime, creator, databaseid, description, displayname, dr, help, isactive, fromsourcebmf, modifier, modifytime, name, ts, versiontype, resmodule, resid, parenttable, isextendtable, industry ) values (  'hrwa_sumincometax', '2018-01-24 16:40:29', 'YONYOU NC', null, null, '申报明细档汇总',0, null, null, 'Y', 'YONYOU NC', '2018-02-26 18:35:16', 'hrwa_sumincometax', '2018-10-13 00:11:37',0, 'incometax', '2incometax-000033', null, null, '0' ) 
;insert into md_column ( id, sqldatetype, createtime, creator, defaultvalue, description, displayname, dr, help, incrementseed, incrementstep, isactive, identitied, pkey, nullable, columnlength, modifier, modifytime, name, precise, columnsequence, tableid, ts, versiontype, resid, groupid, columntype, forlocale ) values (  'hrwa_incometaxdetail@@PK@@', 'char', null, null, null, null, '申报明细档主键',0, null,null,null, 'Y', null, 'Y', 'N',20, null, null, 'pk_incometaxdetail',0,0, 'hrwa_incometaxdetail', '2018-10-13 00:11:37',0, null, null,0, 'N' ) 
;insert into md_column ( id, sqldatetype, createtime, creator, defaultvalue, description, displayname, dr, help, incrementseed, incrementstep, isactive, identitied, pkey, nullable, columnlength, modifier, modifytime, name, precise, columnsequence, tableid, ts, versiontype, resid, groupid, columntype, forlocale ) values (  'hrwa_incometaxdetail@@@pk_incometax', 'varchar', null, null, null, null, '员工个人所得税申报主键',0, null,null,null, 'Y', null, 'N', 'Y',50, null, null, 'pk_incometax',0,1, 'hrwa_incometaxdetail', '2018-10-13 00:11:37',0, '2incometax-000001', null,0, 'N' ) 
;insert into md_column ( id, sqldatetype, createtime, creator, defaultvalue, description, displayname, dr, help, incrementseed, incrementstep, isactive, identitied, pkey, nullable, columnlength, modifier, modifytime, name, precise, columnsequence, tableid, ts, versiontype, resid, groupid, columntype, forlocale ) values (  'hrwa_incometaxdetail@@@code', 'varchar', null, null, null, null, '员工编号',0, null,null,null, 'Y', null, 'N', 'Y',50, null, null, 'code',0,2, 'hrwa_incometaxdetail', '2018-10-13 00:11:37',0, '2incometax-000002', null,0, 'N' ) 
;insert into md_column ( id, sqldatetype, createtime, creator, defaultvalue, description, displayname, dr, help, incrementseed, incrementstep, isactive, identitied, pkey, nullable, columnlength, modifier, modifytime, name, precise, columnsequence, tableid, ts, versiontype, resid, groupid, columntype, forlocale ) values (  'hrwa_incometaxdetail@@@pk_psndoc', 'varchar', null, null, '*~', null, '员工姓名',0, null,null,null, 'Y', null, 'N', 'Y',20, null, null, 'pk_psndoc',0,3, 'hrwa_incometaxdetail', '2018-10-13 00:11:37',0, '2incometax-000003', null,0, 'N' ) 
;insert into md_column ( id, sqldatetype, createtime, creator, defaultvalue, description, displayname, dr, help, incrementseed, incrementstep, isactive, identitied, pkey, nullable, columnlength, modifier, modifytime, name, precise, columnsequence, tableid, ts, versiontype, resid, groupid, columntype, forlocale ) values (  'hrwa_incometaxdetail@@@id', 'varchar', null, null, null, null, '身份证号',0, null,null,null, 'Y', null, 'N', 'Y',50, null, null, 'id',0,4, 'hrwa_incometaxdetail', '2018-10-13 00:11:37',0, '2incometax-000004', null,0, 'N' ) 
;insert into md_column ( id, sqldatetype, createtime, creator, defaultvalue, description, displayname, dr, help, incrementseed, incrementstep, isactive, identitied, pkey, nullable, columnlength, modifier, modifytime, name, precise, columnsequence, tableid, ts, versiontype, resid, groupid, columntype, forlocale ) values (  'hrwa_incometaxdetail@@@cperiod', 'varchar', null, null, null, null, '期间',0, null,null,null, 'Y', null, 'N', 'Y',50, null, null, 'cperiod',0,5, 'hrwa_incometaxdetail', '2018-10-13 00:11:37',0, '2incometax-000005', null,0, 'N' ) 
;insert into md_column ( id, sqldatetype, createtime, creator, defaultvalue, description, displayname, dr, help, incrementseed, incrementstep, isactive, identitied, pkey, nullable, columnlength, modifier, modifytime, name, precise, columnsequence, tableid, ts, versiontype, resid, groupid, columntype, forlocale ) values (  'hrwa_incometaxdetail@@@cyear', 'varchar', null, null, null, null, '年度',0, null,null,null, 'Y', null, 'N', 'Y',50, null, null, 'cyear',0,6, 'hrwa_incometaxdetail', '2018-10-13 00:11:37',0, '2incometax-000006', null,0, 'N' ) 
;insert into md_column ( id, sqldatetype, createtime, creator, defaultvalue, description, displayname, dr, help, incrementseed, incrementstep, isactive, identitied, pkey, nullable, columnlength, modifier, modifytime, name, precise, columnsequence, tableid, ts, versiontype, resid, groupid, columntype, forlocale ) values (  'hrwa_incometaxdetail@@@cyearperiod', 'varchar', null, null, null, null, '薪资期间',0, null,null,null, 'Y', null, 'N', 'Y',50, null, null, 'cyearperiod',0,7, 'hrwa_incometaxdetail', '2018-10-13 00:11:37',0, '2incometax-000007', null,0, 'N' ) 
;insert into md_column ( id, sqldatetype, createtime, creator, defaultvalue, description, displayname, dr, help, incrementseed, incrementstep, isactive, identitied, pkey, nullable, columnlength, modifier, modifytime, name, precise, columnsequence, tableid, ts, versiontype, resid, groupid, columntype, forlocale ) values (  'hrwa_incometaxdetail@@@pk_wa_class', 'varchar', null, null, '*~', null, '薪资方案',0, null,null,null, 'Y', null, 'N', 'Y',20, null, null, 'pk_wa_class',0,8, 'hrwa_incometaxdetail', '2018-10-13 00:11:37',0, '2incometax-000008', null,0, 'N' ) 
;insert into md_column ( id, sqldatetype, createtime, creator, defaultvalue, description, displayname, dr, help, incrementseed, incrementstep, isactive, identitied, pkey, nullable, columnlength, modifier, modifytime, name, precise, columnsequence, tableid, ts, versiontype, resid, groupid, columntype, forlocale ) values (  'hrwa_incometaxdetail@@@taxbase', 'decimal', null, null, null, null, '给付总额',0, null,null,null, 'Y', null, 'N', 'Y',28, null, null, 'taxbase',8,9, 'hrwa_incometaxdetail', '2018-10-13 00:11:37',0, '2incometax-000009', null,0, 'N' ) 
;insert into md_column ( id, sqldatetype, createtime, creator, defaultvalue, description, displayname, dr, help, incrementseed, incrementstep, isactive, identitied, pkey, nullable, columnlength, modifier, modifytime, name, precise, columnsequence, tableid, ts, versiontype, resid, groupid, columntype, forlocale ) values (  'hrwa_incometaxdetail@@@cacu_value', 'decimal', null, null, null, null, '扣缴税额',0, null,null,null, 'Y', null, 'N', 'Y',28, null, null, 'cacu_value',8,10, 'hrwa_incometaxdetail', '2018-10-13 00:11:37',0, '2incometax-000010', null,0, 'N' ) 
;insert into md_column ( id, sqldatetype, createtime, creator, defaultvalue, description, displayname, dr, help, incrementseed, incrementstep, isactive, identitied, pkey, nullable, columnlength, modifier, modifytime, name, precise, columnsequence, tableid, ts, versiontype, resid, groupid, columntype, forlocale ) values (  'hrwa_incometaxdetail@@@netincome', 'decimal', null, null, null, null, '给付净额',0, null,null,null, 'Y', null, 'N', 'Y',28, null, null, 'netincome',8,11, 'hrwa_incometaxdetail', '2018-10-13 00:11:37',0, '2incometax-000011', null,0, 'N' ) 
;insert into md_column ( id, sqldatetype, createtime, creator, defaultvalue, description, displayname, dr, help, incrementseed, incrementstep, isactive, identitied, pkey, nullable, columnlength, modifier, modifytime, name, precise, columnsequence, tableid, ts, versiontype, resid, groupid, columntype, forlocale ) values (  'hrwa_incometaxdetail@@@pickedup', 'decimal', null, null, null, null, '员工自提金额',0, null,null,null, 'Y', null, 'N', 'Y',28, null, null, 'pickedup',8,12, 'hrwa_incometaxdetail', '2018-10-13 00:11:37',0, '2incometax-000012', null,0, 'N' ) 
;insert into md_column ( id, sqldatetype, createtime, creator, defaultvalue, description, displayname, dr, help, incrementseed, incrementstep, isactive, identitied, pkey, nullable, columnlength, modifier, modifytime, name, precise, columnsequence, tableid, ts, versiontype, resid, groupid, columntype, forlocale ) values (  'hrwa_incometaxdetail@@@isdeclare', 'char', null, null, null, null, '是否申报',0, null,null,null, 'Y', null, 'N', 'Y',1, null, null, 'isdeclare',0,13, 'hrwa_incometaxdetail', '2018-10-13 00:11:37',0, '2incometax-000013', null,0, 'N' ) 
;insert into md_column ( id, sqldatetype, createtime, creator, defaultvalue, description, displayname, dr, help, incrementseed, incrementstep, isactive, identitied, pkey, nullable, columnlength, modifier, modifytime, name, precise, columnsequence, tableid, ts, versiontype, resid, groupid, columntype, forlocale ) values (  'hrwa_incometaxdetail@@@unifiednumber', 'varchar', null, null, '*~', null, '统一编号',0, null,null,null, 'Y', null, 'N', 'Y',20, null, null, 'unifiednumber',0,14, 'hrwa_incometaxdetail', '2018-10-13 00:11:37',0, '2incometax-000014', null,0, 'N' ) 
;insert into md_column ( id, sqldatetype, createtime, creator, defaultvalue, description, displayname, dr, help, incrementseed, incrementstep, isactive, identitied, pkey, nullable, columnlength, modifier, modifytime, name, precise, columnsequence, tableid, ts, versiontype, resid, groupid, columntype, forlocale ) values (  'hrwa_incometaxdetail@@@declaretype', 'varchar', null, null, '*~', null, '申报凭单格式',0, null,null,null, 'Y', null, 'N', 'Y',20, null, null, 'declaretype',0,15, 'hrwa_incometaxdetail', '2018-10-13 00:11:37',0, '2incometax-000015', null,0, 'N' ) 
;insert into md_column ( id, sqldatetype, createtime, creator, defaultvalue, description, displayname, dr, help, incrementseed, incrementstep, isactive, identitied, pkey, nullable, columnlength, modifier, modifytime, name, precise, columnsequence, tableid, ts, versiontype, resid, groupid, columntype, forlocale ) values (  'hrwa_incometaxdetail@@@isforeignmonthdec', 'char', null, null, null, null, '是否外籍员工逐月申报',0, null,null,null, 'Y', null, 'N', 'Y',1, null, null, 'isforeignmonthdec',0,16, 'hrwa_incometaxdetail', '2018-10-13 00:11:37',0, '2incometax-000016', null,0, 'N' ) 
;insert into md_column ( id, sqldatetype, createtime, creator, defaultvalue, description, displayname, dr, help, incrementseed, incrementstep, isactive, identitied, pkey, nullable, columnlength, modifier, modifytime, name, precise, columnsequence, tableid, ts, versiontype, resid, groupid, columntype, forlocale ) values (  'hrwa_incometaxdetail@@@creator', 'varchar', null, null, '*~', null, '创建人',0, null,null,null, 'Y', null, 'N', 'Y',20, null, null, 'creator',0,17, 'hrwa_incometaxdetail', '2018-10-13 00:11:37',0, '2UC000-000155', null,0, 'N' ) 
;insert into md_column ( id, sqldatetype, createtime, creator, defaultvalue, description, displayname, dr, help, incrementseed, incrementstep, isactive, identitied, pkey, nullable, columnlength, modifier, modifytime, name, precise, columnsequence, tableid, ts, versiontype, resid, groupid, columntype, forlocale ) values (  'hrwa_incometaxdetail@@@creationtime', 'char', null, null, null, null, '创建时间',0, null,null,null, 'Y', null, 'N', 'Y',19, null, null, 'creationtime',0,18, 'hrwa_incometaxdetail', '2018-10-13 00:11:37',0, '2UC000-000157', null,0, 'N' ) 
;insert into md_column ( id, sqldatetype, createtime, creator, defaultvalue, description, displayname, dr, help, incrementseed, incrementstep, isactive, identitied, pkey, nullable, columnlength, modifier, modifytime, name, precise, columnsequence, tableid, ts, versiontype, resid, groupid, columntype, forlocale ) values (  'hrwa_incometaxdetail@@@modifier', 'varchar', null, null, '*~', null, '修改人',0, null,null,null, 'Y', null, 'N', 'Y',20, null, null, 'modifier',0,19, 'hrwa_incometaxdetail', '2018-10-13 00:11:37',0, '2UC000-000490', null,0, 'N' ) 
;insert into md_column ( id, sqldatetype, createtime, creator, defaultvalue, description, displayname, dr, help, incrementseed, incrementstep, isactive, identitied, pkey, nullable, columnlength, modifier, modifytime, name, precise, columnsequence, tableid, ts, versiontype, resid, groupid, columntype, forlocale ) values (  'hrwa_incometaxdetail@@@modifiedtime', 'char', null, null, null, null, '修改时间',0, null,null,null, 'Y', null, 'N', 'Y',19, null, null, 'modifiedtime',0,20, 'hrwa_incometaxdetail', '2018-10-13 00:11:37',0, '2UC000-000491', null,0, 'N' ) 
;insert into md_column ( id, sqldatetype, createtime, creator, defaultvalue, description, displayname, dr, help, incrementseed, incrementstep, isactive, identitied, pkey, nullable, columnlength, modifier, modifytime, name, precise, columnsequence, tableid, ts, versiontype, resid, groupid, columntype, forlocale ) values (  'hrwa_incometaxdetail@@@pk_group', 'varchar', null, null, '*~', null, '集团',0, null,null,null, 'Y', null, 'N', 'Y',20, null, null, 'pk_group',0,21, 'hrwa_incometaxdetail', '2018-10-13 00:11:37',0, '2UC000-000367', null,0, 'N' ) 
;insert into md_column ( id, sqldatetype, createtime, creator, defaultvalue, description, displayname, dr, help, incrementseed, incrementstep, isactive, identitied, pkey, nullable, columnlength, modifier, modifytime, name, precise, columnsequence, tableid, ts, versiontype, resid, groupid, columntype, forlocale ) values (  'hrwa_incometaxdetail@@@pk_org', 'varchar', null, null, '*~', null, '组织',0, null,null,null, 'Y', null, 'N', 'Y',20, null, null, 'pk_org',0,22, 'hrwa_incometaxdetail', '2018-10-13 00:11:37',0, '2UC000-000360', null,0, 'N' ) 
;insert into md_column ( id, sqldatetype, createtime, creator, defaultvalue, description, displayname, dr, help, incrementseed, incrementstep, isactive, identitied, pkey, nullable, columnlength, modifier, modifytime, name, precise, columnsequence, tableid, ts, versiontype, resid, groupid, columntype, forlocale ) values (  'hrwa_incometaxdetail@@@billdate', 'char', null, null, null, null, '单据日期',0, null,null,null, 'Y', null, 'N', 'Y',19, null, null, 'billdate',0,23, 'hrwa_incometaxdetail', '2018-10-13 00:11:37',0, '2UC000-000190', null,0, 'N' ) 
;insert into md_column ( id, sqldatetype, createtime, creator, defaultvalue, description, displayname, dr, help, incrementseed, incrementstep, isactive, identitied, pkey, nullable, columnlength, modifier, modifytime, name, precise, columnsequence, tableid, ts, versiontype, resid, groupid, columntype, forlocale ) values (  'hrwa_incometaxdetail@@@pk_wa_data', 'varchar', null, null, '*~', null, '薪资数据表主键',0, null,null,null, 'Y', null, 'N', 'Y',20, null, null, 'pk_wa_data',0,24, 'hrwa_incometaxdetail', '2018-10-13 00:11:37',0, '2incometax-000021', null,0, 'N' ) 
;insert into md_column ( id, sqldatetype, createtime, creator, defaultvalue, description, displayname, dr, help, incrementseed, incrementstep, isactive, identitied, pkey, nullable, columnlength, modifier, modifytime, name, precise, columnsequence, tableid, ts, versiontype, resid, groupid, columntype, forlocale ) values (  'hrwa_incometaxdetail@@@cpaydate', 'char', null, null, null, null, '到账日期',0, null,null,null, 'Y', null, 'N', 'Y',19, null, null, 'cpaydate',0,25, 'hrwa_incometaxdetail', '2018-10-13 00:11:37',0, '2incometax-000022', null,0, 'N' ) 
;insert into md_column ( id, sqldatetype, createtime, creator, defaultvalue, description, displayname, dr, help, incrementseed, incrementstep, isactive, identitied, pkey, nullable, columnlength, modifier, modifytime, name, precise, columnsequence, tableid, ts, versiontype, resid, groupid, columntype, forlocale ) values (  'hrwa_incometaxdetail@@@payoffflag', 'char', null, null, null, null, '发放标志',0, null,null,null, 'Y', null, 'N', 'Y',1, null, null, 'payoffflag',0,26, 'hrwa_incometaxdetail', '2018-10-13 00:11:37',0, '2incometax-000023', null,0, 'N' ) 
;insert into md_column ( id, sqldatetype, createtime, creator, defaultvalue, description, displayname, dr, help, incrementseed, incrementstep, isactive, identitied, pkey, nullable, columnlength, modifier, modifytime, name, precise, columnsequence, tableid, ts, versiontype, resid, groupid, columntype, forlocale ) values (  'hrwa_incometaxdetail@@@pk_hrorg', 'varchar', null, null, '*~', null, '人力资源组织',0, null,null,null, 'Y', null, 'N', 'Y',20, null, null, 'pk_hrorg',0,27, 'hrwa_incometaxdetail', '2018-10-13 00:11:37',0, '2incometax-000024', null,0, 'N' ) 
;insert into md_column ( id, sqldatetype, createtime, creator, defaultvalue, description, displayname, dr, help, incrementseed, incrementstep, isactive, identitied, pkey, nullable, columnlength, modifier, modifytime, name, precise, columnsequence, tableid, ts, versiontype, resid, groupid, columntype, forlocale ) values (  'hrwa_sumincometax@@PK@@', 'char', null, null, null, null, '申报明细档汇总主键',0, null,null,null, 'Y', null, 'Y', 'N',20, null, null, 'pk_sumincometax',0,0, 'hrwa_sumincometax', '2018-10-13 00:11:37',0, '2incometax-000025', null,0, 'N' ) 
;insert into md_column ( id, sqldatetype, createtime, creator, defaultvalue, description, displayname, dr, help, incrementseed, incrementstep, isactive, identitied, pkey, nullable, columnlength, modifier, modifytime, name, precise, columnsequence, tableid, ts, versiontype, resid, groupid, columntype, forlocale ) values (  'hrwa_sumincometax@@@code', 'varchar', null, null, null, null, '员工编号',0, null,null,null, 'Y', null, 'N', 'Y',50, null, null, 'code',0,1, 'hrwa_sumincometax', '2018-10-13 00:11:37',0, '2incometax-000002', null,0, 'N' ) 
;insert into md_column ( id, sqldatetype, createtime, creator, defaultvalue, description, displayname, dr, help, incrementseed, incrementstep, isactive, identitied, pkey, nullable, columnlength, modifier, modifytime, name, precise, columnsequence, tableid, ts, versiontype, resid, groupid, columntype, forlocale ) values (  'hrwa_sumincometax@@@pk_psndoc', 'varchar', null, null, '*~', null, '员工姓名',0, null,null,null, 'Y', null, 'N', 'Y',20, null, null, 'pk_psndoc',0,2, 'hrwa_sumincometax', '2018-10-13 00:11:37',0, '2incometax-000003', null,0, 'N' ) 
;insert into md_column ( id, sqldatetype, createtime, creator, defaultvalue, description, displayname, dr, help, incrementseed, incrementstep, isactive, identitied, pkey, nullable, columnlength, modifier, modifytime, name, precise, columnsequence, tableid, ts, versiontype, resid, groupid, columntype, forlocale ) values (  'hrwa_sumincometax@@@id', 'varchar', null, null, null, null, '身份证号',0, null,null,null, 'Y', null, 'N', 'Y',50, null, null, 'id',0,3, 'hrwa_sumincometax', '2018-10-13 00:11:37',0, '2incometax-000004', null,0, 'N' ) 
;insert into md_column ( id, sqldatetype, createtime, creator, defaultvalue, description, displayname, dr, help, incrementseed, incrementstep, isactive, identitied, pkey, nullable, columnlength, modifier, modifytime, name, precise, columnsequence, tableid, ts, versiontype, resid, groupid, columntype, forlocale ) values (  'hrwa_sumincometax@@@declaretype', 'varchar', null, null, '*~', null, '申报凭单格式',0, null,null,null, 'Y', null, 'N', 'Y',20, null, null, 'declaretype',0,4, 'hrwa_sumincometax', '2018-10-13 00:11:37',0, '2incometax-000015', null,0, 'N' ) 
;insert into md_column ( id, sqldatetype, createtime, creator, defaultvalue, description, displayname, dr, help, incrementseed, incrementstep, isactive, identitied, pkey, nullable, columnlength, modifier, modifytime, name, precise, columnsequence, tableid, ts, versiontype, resid, groupid, columntype, forlocale ) values (  'hrwa_sumincometax@@@granttype', 'varchar', null, null, '*~', null, '凭单填发格式',0, null,null,null, 'Y', null, 'N', 'Y',20, null, null, 'granttype',0,5, 'hrwa_sumincometax', '2018-10-13 00:11:37',0, '2incometax-000035', null,0, 'N' ) 
;insert into md_column ( id, sqldatetype, createtime, creator, defaultvalue, description, displayname, dr, help, incrementseed, incrementstep, isactive, identitied, pkey, nullable, columnlength, modifier, modifytime, name, precise, columnsequence, tableid, ts, versiontype, resid, groupid, columntype, forlocale ) values (  'hrwa_sumincometax@@@declarenum', 'varchar', null, null, null, null, '申报次数',0, null,null,null, 'Y', null, 'N', 'Y',50, null, null, 'declarenum',0,6, 'hrwa_sumincometax', '2018-10-13 00:11:37',0, '2incometax-000036', null,0, 'N' ) 
;insert into md_column ( id, sqldatetype, createtime, creator, defaultvalue, description, displayname, dr, help, incrementseed, incrementstep, isactive, identitied, pkey, nullable, columnlength, modifier, modifytime, name, precise, columnsequence, tableid, ts, versiontype, resid, groupid, columntype, forlocale ) values (  'hrwa_sumincometax@@@reason', 'varchar', null, null, '*~', null, '重复申报原因',0, null,null,null, 'Y', null, 'N', 'Y',20, null, null, 'reason',0,7, 'hrwa_sumincometax', '2018-10-13 00:11:37',0, '2incometax-000037', null,0, 'N' ) 
;insert into md_column ( id, sqldatetype, createtime, creator, defaultvalue, description, displayname, dr, help, incrementseed, incrementstep, isactive, identitied, pkey, nullable, columnlength, modifier, modifytime, name, precise, columnsequence, tableid, ts, versiontype, resid, groupid, columntype, forlocale ) values (  'hrwa_sumincometax@@@contactname', 'varchar', null, null, null, null, '联络人姓名',0, null,null,null, 'Y', null, 'N', 'Y',50, null, null, 'contactname',0,8, 'hrwa_sumincometax', '2018-10-13 00:11:37',0, '2incometax-000038', null,0, 'N' ) 
;insert into md_column ( id, sqldatetype, createtime, creator, defaultvalue, description, displayname, dr, help, incrementseed, incrementstep, isactive, identitied, pkey, nullable, columnlength, modifier, modifytime, name, precise, columnsequence, tableid, ts, versiontype, resid, groupid, columntype, forlocale ) values (  'hrwa_sumincometax@@@contacttel', 'varchar', null, null, null, null, '联络人电话',0, null,null,null, 'Y', null, 'N', 'Y',50, null, null, 'contacttel',0,9, 'hrwa_sumincometax', '2018-10-13 00:11:37',0, '2incometax-000039', null,0, 'N' ) 
;insert into md_column ( id, sqldatetype, createtime, creator, defaultvalue, description, displayname, dr, help, incrementseed, incrementstep, isactive, identitied, pkey, nullable, columnlength, modifier, modifytime, name, precise, columnsequence, tableid, ts, versiontype, resid, groupid, columntype, forlocale ) values (  'hrwa_sumincometax@@@contactemail', 'varchar', null, null, null, null, '申报单位电子邮件',0, null,null,null, 'Y', null, 'N', 'Y',50, null, null, 'contactemail',0,10, 'hrwa_sumincometax', '2018-10-13 00:11:37',0, '2incometax-000040', null,0, 'N' ) 
;insert into md_column ( id, sqldatetype, createtime, creator, defaultvalue, description, displayname, dr, help, incrementseed, incrementstep, isactive, identitied, pkey, nullable, columnlength, modifier, modifytime, name, precise, columnsequence, tableid, ts, versiontype, resid, groupid, columntype, forlocale ) values (  'hrwa_sumincometax@@@businessno', 'varchar', null, null, '*~', null, '业别代号',0, null,null,null, 'Y', null, 'N', 'Y',20, null, null, 'businessno',0,11, 'hrwa_sumincometax', '2018-10-13 00:11:37',0, '2incometax-000026', null,0, 'N' ) 
;insert into md_column ( id, sqldatetype, createtime, creator, defaultvalue, description, displayname, dr, help, incrementseed, incrementstep, isactive, identitied, pkey, nullable, columnlength, modifier, modifytime, name, precise, columnsequence, tableid, ts, versiontype, resid, groupid, columntype, forlocale ) values (  'hrwa_sumincometax@@@costno', 'varchar', null, null, '*~', null, '费用别代号',0, null,null,null, 'Y', null, 'N', 'Y',20, null, null, 'costno',0,12, 'hrwa_sumincometax', '2018-10-13 00:11:37',0, '2incometax-000027', null,0, 'N' ) 
;insert into md_column ( id, sqldatetype, createtime, creator, defaultvalue, description, displayname, dr, help, incrementseed, incrementstep, isactive, identitied, pkey, nullable, columnlength, modifier, modifytime, name, precise, columnsequence, tableid, ts, versiontype, resid, groupid, columntype, forlocale ) values (  'hrwa_sumincometax@@@projectno', 'varchar', null, null, '*~', null, '项目别代号',0, null,null,null, 'Y', null, 'N', 'Y',20, null, null, 'projectno',0,13, 'hrwa_sumincometax', '2018-10-13 00:11:37',0, '2incometax-000028', null,0, 'N' ) 
;insert into md_column ( id, sqldatetype, createtime, creator, defaultvalue, description, displayname, dr, help, incrementseed, incrementstep, isactive, identitied, pkey, nullable, columnlength, modifier, modifytime, name, precise, columnsequence, tableid, ts, versiontype, resid, groupid, columntype, forlocale ) values (  'hrwa_sumincometax@@@idtypeno', 'varchar', null, null, null, null, '证别号',0, null,null,null, 'Y', null, 'N', 'Y',50, null, null, 'idtypeno',0,14, 'hrwa_sumincometax', '2018-10-13 00:11:37',0, '2incometax-000029', null,0, 'N' ) 
;insert into md_column ( id, sqldatetype, createtime, creator, defaultvalue, description, displayname, dr, help, incrementseed, incrementstep, isactive, identitied, pkey, nullable, columnlength, modifier, modifytime, name, precise, columnsequence, tableid, ts, versiontype, resid, groupid, columntype, forlocale ) values (  'hrwa_sumincometax@@@beginperiod', 'varchar', null, null, null, null, '起始期间',0, null,null,null, 'Y', null, 'N', 'Y',50, null, null, 'beginperiod',0,15, 'hrwa_sumincometax', '2018-10-13 00:11:37',0, '2incometax-000030', null,0, 'N' ) 
;insert into md_column ( id, sqldatetype, createtime, creator, defaultvalue, description, displayname, dr, help, incrementseed, incrementstep, isactive, identitied, pkey, nullable, columnlength, modifier, modifytime, name, precise, columnsequence, tableid, ts, versiontype, resid, groupid, columntype, forlocale ) values (  'hrwa_sumincometax@@@endperiod', 'varchar', null, null, null, null, '结束期间',0, null,null,null, 'Y', null, 'N', 'Y',50, null, null, 'endperiod',0,16, 'hrwa_sumincometax', '2018-10-13 00:11:37',0, '2incometax-000031', null,0, 'N' ) 
;insert into md_column ( id, sqldatetype, createtime, creator, defaultvalue, description, displayname, dr, help, incrementseed, incrementstep, isactive, identitied, pkey, nullable, columnlength, modifier, modifytime, name, precise, columnsequence, tableid, ts, versiontype, resid, groupid, columntype, forlocale ) values (  'hrwa_sumincometax@@@isdeclare', 'char', null, null, null, null, '是否申报',0, null,null,null, 'Y', null, 'N', 'Y',1, null, null, 'isdeclare',0,17, 'hrwa_sumincometax', '2018-10-13 00:11:37',0, '2incometax-000013', null,0, 'N' ) 
;insert into md_column ( id, sqldatetype, createtime, creator, defaultvalue, description, displayname, dr, help, incrementseed, incrementstep, isactive, identitied, pkey, nullable, columnlength, modifier, modifytime, name, precise, columnsequence, tableid, ts, versiontype, resid, groupid, columntype, forlocale ) values (  'hrwa_sumincometax@@@taxbase', 'decimal', null, null, null, null, '给付总额',0, null,null,null, 'Y', null, 'N', 'Y',28, null, null, 'taxbase',8,18, 'hrwa_sumincometax', '2018-10-13 00:11:37',0, '2incometax-000009', null,0, 'N' ) 
;insert into md_column ( id, sqldatetype, createtime, creator, defaultvalue, description, displayname, dr, help, incrementseed, incrementstep, isactive, identitied, pkey, nullable, columnlength, modifier, modifytime, name, precise, columnsequence, tableid, ts, versiontype, resid, groupid, columntype, forlocale ) values (  'hrwa_sumincometax@@@taxbaseadjust', 'decimal', null, null, null, null, '给付总额调整',0, null,null,null, 'Y', null, 'N', 'Y',28, null, null, 'taxbaseadjust',8,19, 'hrwa_sumincometax', '2018-10-13 00:11:37',0, '2incometax-000042', null,0, 'N' ) 
;insert into md_column ( id, sqldatetype, createtime, creator, defaultvalue, description, displayname, dr, help, incrementseed, incrementstep, isactive, identitied, pkey, nullable, columnlength, modifier, modifytime, name, precise, columnsequence, tableid, ts, versiontype, resid, groupid, columntype, forlocale ) values (  'hrwa_sumincometax@@@cacu_value', 'decimal', null, null, null, null, '扣缴税额',0, null,null,null, 'Y', null, 'N', 'Y',28, null, null, 'cacu_value',8,20, 'hrwa_sumincometax', '2018-10-13 00:11:37',0, '2incometax-000010', null,0, 'N' ) 
;insert into md_column ( id, sqldatetype, createtime, creator, defaultvalue, description, displayname, dr, help, incrementseed, incrementstep, isactive, identitied, pkey, nullable, columnlength, modifier, modifytime, name, precise, columnsequence, tableid, ts, versiontype, resid, groupid, columntype, forlocale ) values (  'hrwa_sumincometax@@@cacu_valueadjust', 'decimal', null, null, null, null, '扣缴税额调整',0, null,null,null, 'Y', null, 'N', 'Y',28, null, null, 'cacu_valueadjust',8,21, 'hrwa_sumincometax', '2018-10-13 00:11:37',0, '2incometax-000043', null,0, 'N' ) 
;insert into md_column ( id, sqldatetype, createtime, creator, defaultvalue, description, displayname, dr, help, incrementseed, incrementstep, isactive, identitied, pkey, nullable, columnlength, modifier, modifytime, name, precise, columnsequence, tableid, ts, versiontype, resid, groupid, columntype, forlocale ) values (  'hrwa_sumincometax@@@netincome', 'decimal', null, null, null, null, '给付净额',0, null,null,null, 'Y', null, 'N', 'Y',28, null, null, 'netincome',8,22, 'hrwa_sumincometax', '2018-10-13 00:11:37',0, '2incometax-000011', null,0, 'N' ) 
;insert into md_column ( id, sqldatetype, createtime, creator, defaultvalue, description, displayname, dr, help, incrementseed, incrementstep, isactive, identitied, pkey, nullable, columnlength, modifier, modifytime, name, precise, columnsequence, tableid, ts, versiontype, resid, groupid, columntype, forlocale ) values (  'hrwa_sumincometax@@@pickedup', 'decimal', null, null, null, null, '员工自提金额',0, null,null,null, 'Y', null, 'N', 'Y',28, null, null, 'pickedup',8,23, 'hrwa_sumincometax', '2018-10-13 00:11:37',0, '2incometax-000012', null,0, 'N' ) 
;insert into md_column ( id, sqldatetype, createtime, creator, defaultvalue, description, displayname, dr, help, incrementseed, incrementstep, isactive, identitied, pkey, nullable, columnlength, modifier, modifytime, name, precise, columnsequence, tableid, ts, versiontype, resid, groupid, columntype, forlocale ) values (  'hrwa_sumincometax@@@pickedupadjust', 'decimal', null, null, null, null, '员工自提金额调整',0, null,null,null, 'Y', null, 'N', 'Y',28, null, null, 'pickedupadjust',8,24, 'hrwa_sumincometax', '2018-10-13 00:11:37',0, '2incometax-000044', null,0, 'N' ) 
;insert into md_column ( id, sqldatetype, createtime, creator, defaultvalue, description, displayname, dr, help, incrementseed, incrementstep, isactive, identitied, pkey, nullable, columnlength, modifier, modifytime, name, precise, columnsequence, tableid, ts, versiontype, resid, groupid, columntype, forlocale ) values (  'hrwa_sumincometax@@@pk_hrorg', 'varchar', null, null, '*~', null, '人力资源组织',0, null,null,null, 'Y', null, 'N', 'Y',20, null, null, 'pk_hrorg',0,25, 'hrwa_sumincometax', '2018-10-13 00:11:37',0, '2incometax-000024', null,0, 'N' ) 
;insert into md_column ( id, sqldatetype, createtime, creator, defaultvalue, description, displayname, dr, help, incrementseed, incrementstep, isactive, identitied, pkey, nullable, columnlength, modifier, modifytime, name, precise, columnsequence, tableid, ts, versiontype, resid, groupid, columntype, forlocale ) values (  'hrwa_sumincometax@@@billdate', 'char', null, null, null, null, '单据日期',0, null,null,null, 'Y', null, 'N', 'Y',19, null, null, 'billdate',0,26, 'hrwa_sumincometax', '2018-10-13 00:11:37',0, '2UC000-000190', null,0, 'N' ) 
;insert into md_column ( id, sqldatetype, createtime, creator, defaultvalue, description, displayname, dr, help, incrementseed, incrementstep, isactive, identitied, pkey, nullable, columnlength, modifier, modifytime, name, precise, columnsequence, tableid, ts, versiontype, resid, groupid, columntype, forlocale ) values (  'hrwa_sumincometax@@@creator', 'varchar', null, null, '*~', null, '创建人',0, null,null,null, 'Y', null, 'N', 'Y',20, null, null, 'creator',0,27, 'hrwa_sumincometax', '2018-10-13 00:11:37',0, '2UC000-000155', null,0, 'N' ) 
;insert into md_column ( id, sqldatetype, createtime, creator, defaultvalue, description, displayname, dr, help, incrementseed, incrementstep, isactive, identitied, pkey, nullable, columnlength, modifier, modifytime, name, precise, columnsequence, tableid, ts, versiontype, resid, groupid, columntype, forlocale ) values (  'hrwa_sumincometax@@@creationtime', 'char', null, null, null, null, '创建时间',0, null,null,null, 'Y', null, 'N', 'Y',19, null, null, 'creationtime',0,28, 'hrwa_sumincometax', '2018-10-13 00:11:37',0, '2UC000-000157', null,0, 'N' ) 
;insert into md_column ( id, sqldatetype, createtime, creator, defaultvalue, description, displayname, dr, help, incrementseed, incrementstep, isactive, identitied, pkey, nullable, columnlength, modifier, modifytime, name, precise, columnsequence, tableid, ts, versiontype, resid, groupid, columntype, forlocale ) values (  'hrwa_sumincometax@@@modifier', 'varchar', null, null, '*~', null, '修改人',0, null,null,null, 'Y', null, 'N', 'Y',20, null, null, 'modifier',0,29, 'hrwa_sumincometax', '2018-10-13 00:11:37',0, '2UC000-000490', null,0, 'N' ) 
;insert into md_column ( id, sqldatetype, createtime, creator, defaultvalue, description, displayname, dr, help, incrementseed, incrementstep, isactive, identitied, pkey, nullable, columnlength, modifier, modifytime, name, precise, columnsequence, tableid, ts, versiontype, resid, groupid, columntype, forlocale ) values (  'hrwa_sumincometax@@@modifiedtime', 'char', null, null, null, null, '修改时间',0, null,null,null, 'Y', null, 'N', 'Y',19, null, null, 'modifiedtime',0,30, 'hrwa_sumincometax', '2018-10-13 00:11:37',0, '2UC000-000491', null,0, 'N' ) 
;insert into md_column ( id, sqldatetype, createtime, creator, defaultvalue, description, displayname, dr, help, incrementseed, incrementstep, isactive, identitied, pkey, nullable, columnlength, modifier, modifytime, name, precise, columnsequence, tableid, ts, versiontype, resid, groupid, columntype, forlocale ) values (  'hrwa_sumincometax@@@pk_group', 'varchar', null, null, '*~', null, '集团',0, null,null,null, 'Y', null, 'N', 'Y',20, null, null, 'pk_group',0,31, 'hrwa_sumincometax', '2018-10-13 00:11:37',0, '2UC000-000367', null,0, 'N' ) 
;insert into md_column ( id, sqldatetype, createtime, creator, defaultvalue, description, displayname, dr, help, incrementseed, incrementstep, isactive, identitied, pkey, nullable, columnlength, modifier, modifytime, name, precise, columnsequence, tableid, ts, versiontype, resid, groupid, columntype, forlocale ) values (  'hrwa_sumincometax@@@pk_org', 'varchar', null, null, '*~', null, '组织',0, null,null,null, 'Y', null, 'N', 'Y',20, null, null, 'pk_org',0,32, 'hrwa_sumincometax', '2018-10-13 00:11:37',0, '2UC000-000360', null,0, 'N' ) 
;insert into md_column ( id, sqldatetype, createtime, creator, defaultvalue, description, displayname, dr, help, incrementseed, incrementstep, isactive, identitied, pkey, nullable, columnlength, modifier, modifytime, name, precise, columnsequence, tableid, ts, versiontype, resid, groupid, columntype, forlocale ) values (  'hrwa_sumincometax@@@unifiednumber', 'varchar', null, null, '*~', null, '统一编号',0, null,null,null, 'Y', null, 'N', 'Y',20, null, null, 'unifiednumber',0,33, 'hrwa_sumincometax', '2018-10-13 00:11:37',0, '2incometax-000014', null,0, 'N' ) 
;insert into md_column ( id, sqldatetype, createtime, creator, defaultvalue, description, displayname, dr, help, incrementseed, incrementstep, isactive, identitied, pkey, nullable, columnlength, modifier, modifytime, name, precise, columnsequence, tableid, ts, versiontype, resid, groupid, columntype, forlocale ) values (  'hrwa_incometaxdetail@@@pk_sumincometax', 'char', null, null, null, null, '申报明细档汇总_主键',0, null,null,null, 'Y', null, 'N', 'N',20, null, null, 'pk_sumincometax',null,null, 'hrwa_incometaxdetail', '2018-10-13 00:11:37',0, '2UC000-000003', null,0, null ) 
;insert into md_ORMap ( attributeid, classid, columnid, dr, tableid, ts ) values (  '35f4daee-6644-4d5f-93c0-8c1f790d0581', '4cc9c9ef-0a93-45ec-ad8a-a3360b0306a3', 'hrwa_incometaxdetail@@@cyear',0, 'hrwa_incometaxdetail', '2018-10-13 00:11:37' ) 
;insert into md_ORMap ( attributeid, classid, columnid, dr, tableid, ts ) values (  'dfeda12e-41d5-4b6a-84be-056a56622a33', '4cc9c9ef-0a93-45ec-ad8a-a3360b0306a3', 'hrwa_incometaxdetail@@@cyearperiod',0, 'hrwa_incometaxdetail', '2018-10-13 00:11:37' ) 
;insert into md_ORMap ( attributeid, classid, columnid, dr, tableid, ts ) values (  'dd75e8ee-3ec5-4f19-b882-c8b0f8c6626e', '2799c327-d5d5-4e0a-ba1b-d349660de852', 'hrwa_sumincometax@@@endperiod',0, 'hrwa_sumincometax', '2018-10-13 00:11:37' ) 
;insert into md_ORMap ( attributeid, classid, columnid, dr, tableid, ts ) values (  '2ef6facc-f6e0-4ab7-971f-4a61a14c9306', '2799c327-d5d5-4e0a-ba1b-d349660de852', 'hrwa_sumincometax@@@code',0, 'hrwa_sumincometax', '2018-10-13 00:11:37' ) 
;insert into md_ORMap ( attributeid, classid, columnid, dr, tableid, ts ) values (  '75e68629-a5bb-4a4a-a341-4f696cb7af00', '2799c327-d5d5-4e0a-ba1b-d349660de852', 'hrwa_sumincometax@@@businessno',0, 'hrwa_sumincometax', '2018-10-13 00:11:37' ) 
;insert into md_ORMap ( attributeid, classid, columnid, dr, tableid, ts ) values (  '98e2b568-250d-4e4b-a497-147c6754947b', '4cc9c9ef-0a93-45ec-ad8a-a3360b0306a3', 'hrwa_incometaxdetail@@@code',0, 'hrwa_incometaxdetail', '2018-10-13 00:11:37' ) 
;insert into md_ORMap ( attributeid, classid, columnid, dr, tableid, ts ) values (  '5f7d732d-aaab-401e-a8a9-e8ec7b801d80', '4cc9c9ef-0a93-45ec-ad8a-a3360b0306a3', 'hrwa_incometaxdetail@@@creator',0, 'hrwa_incometaxdetail', '2018-10-13 00:11:37' ) 
;insert into md_ORMap ( attributeid, classid, columnid, dr, tableid, ts ) values (  '1e2e1bf7-5119-42ec-8d19-bde8c912445c', '4cc9c9ef-0a93-45ec-ad8a-a3360b0306a3', 'hrwa_incometaxdetail@@@pk_org',0, 'hrwa_incometaxdetail', '2018-10-13 00:11:37' ) 
;insert into md_ORMap ( attributeid, classid, columnid, dr, tableid, ts ) values (  '123ce8f5-f53c-468f-9c7a-9280f5884ae8', '4cc9c9ef-0a93-45ec-ad8a-a3360b0306a3', 'hrwa_incometaxdetail@@@modifiedtime',0, 'hrwa_incometaxdetail', '2018-10-13 00:11:37' ) 
;insert into md_ORMap ( attributeid, classid, columnid, dr, tableid, ts ) values (  '79c903a4-5a4c-4e6a-90aa-b21a3ce7f60d', '4cc9c9ef-0a93-45ec-ad8a-a3360b0306a3', 'hrwa_incometaxdetail@@@creationtime',0, 'hrwa_incometaxdetail', '2018-10-13 00:11:37' ) 
;insert into md_ORMap ( attributeid, classid, columnid, dr, tableid, ts ) values (  '3687ac93-8a52-49a2-97cf-44749fc524d7', '4cc9c9ef-0a93-45ec-ad8a-a3360b0306a3', 'hrwa_incometaxdetail@@@unifiednumber',0, 'hrwa_incometaxdetail', '2018-10-13 00:11:37' ) 
;insert into md_ORMap ( attributeid, classid, columnid, dr, tableid, ts ) values (  '42d102f6-ee9c-4edc-9159-a35d9d6eb9e8', '2799c327-d5d5-4e0a-ba1b-d349660de852', 'hrwa_sumincometax@@@pk_hrorg',0, 'hrwa_sumincometax', '2018-10-13 00:11:37' ) 
;insert into md_ORMap ( attributeid, classid, columnid, dr, tableid, ts ) values (  '5efc4e8a-b1c6-4ffe-8363-dd0d743c6d04', '4cc9c9ef-0a93-45ec-ad8a-a3360b0306a3', 'hrwa_incometaxdetail@@@cacu_value',0, 'hrwa_incometaxdetail', '2018-10-13 00:11:37' ) 
;insert into md_ORMap ( attributeid, classid, columnid, dr, tableid, ts ) values (  '322eb18d-e08a-4a2d-a084-fbebc7a61b43', '2799c327-d5d5-4e0a-ba1b-d349660de852', 'hrwa_sumincometax@@PK@@',0, 'hrwa_sumincometax', '2018-10-13 00:11:37' ) 
;insert into md_ORMap ( attributeid, classid, columnid, dr, tableid, ts ) values (  '7a28d05b-e640-4993-87d0-4f7e9caf8bb4', '4cc9c9ef-0a93-45ec-ad8a-a3360b0306a3', 'hrwa_incometaxdetail@@PK@@',0, 'hrwa_incometaxdetail', '2018-10-13 00:11:37' ) 
;insert into md_ORMap ( attributeid, classid, columnid, dr, tableid, ts ) values (  '9a019bd8-423a-4ea5-8b87-441619ad9335', '4cc9c9ef-0a93-45ec-ad8a-a3360b0306a3', 'hrwa_incometaxdetail@@@payoffflag',0, 'hrwa_incometaxdetail', '2018-10-13 00:11:37' ) 
;insert into md_ORMap ( attributeid, classid, columnid, dr, tableid, ts ) values (  '53b62c6e-b1a8-433f-b1bc-b4df5be48f53', '2799c327-d5d5-4e0a-ba1b-d349660de852', 'hrwa_sumincometax@@@cacu_valueadjust',0, 'hrwa_sumincometax', '2018-10-13 00:11:37' ) 
;insert into md_ORMap ( attributeid, classid, columnid, dr, tableid, ts ) values (  'cbb9510d-bbe1-465a-a677-52e48b373329', '4cc9c9ef-0a93-45ec-ad8a-a3360b0306a3', 'hrwa_incometaxdetail@@@pk_group',0, 'hrwa_incometaxdetail', '2018-10-13 00:11:37' ) 
;insert into md_ORMap ( attributeid, classid, columnid, dr, tableid, ts ) values (  'ffadd654-5799-4124-9271-92fc3c6ad5e7', '2799c327-d5d5-4e0a-ba1b-d349660de852', 'hrwa_sumincometax@@@beginperiod',0, 'hrwa_sumincometax', '2018-10-13 00:11:37' ) 
;insert into md_ORMap ( attributeid, classid, columnid, dr, tableid, ts ) values (  'c09c904b-f609-42a6-9c86-7643f237df28', '4cc9c9ef-0a93-45ec-ad8a-a3360b0306a3', 'hrwa_incometaxdetail@@@isdeclare',0, 'hrwa_incometaxdetail', '2018-10-13 00:11:37' ) 
;insert into md_ORMap ( attributeid, classid, columnid, dr, tableid, ts ) values (  'fbd500a6-f48f-4f8e-8011-9244849a7679', '4cc9c9ef-0a93-45ec-ad8a-a3360b0306a3', 'hrwa_incometaxdetail@@@pk_hrorg',0, 'hrwa_incometaxdetail', '2018-10-13 00:11:37' ) 
;insert into md_ORMap ( attributeid, classid, columnid, dr, tableid, ts ) values (  '242d8ba8-9ec2-46a5-a20a-ba8c867cb240', '2799c327-d5d5-4e0a-ba1b-d349660de852', 'hrwa_sumincometax@@@cacu_value',0, 'hrwa_sumincometax', '2018-10-13 00:11:37' ) 
;insert into md_ORMap ( attributeid, classid, columnid, dr, tableid, ts ) values (  '2af2b21f-53bc-4ec2-8cc1-f4d565373edf', '4cc9c9ef-0a93-45ec-ad8a-a3360b0306a3', 'hrwa_incometaxdetail@@@netincome',0, 'hrwa_incometaxdetail', '2018-10-13 00:11:37' ) 
;insert into md_ORMap ( attributeid, classid, columnid, dr, tableid, ts ) values (  '0719fa9f-d1c8-49e3-93f3-00ef2dae92a6', '2799c327-d5d5-4e0a-ba1b-d349660de852', 'hrwa_sumincometax@@@contacttel',0, 'hrwa_sumincometax', '2018-10-13 00:11:37' ) 
;insert into md_ORMap ( attributeid, classid, columnid, dr, tableid, ts ) values (  '5e94214e-845c-45ba-97f7-323912b8f343', '4cc9c9ef-0a93-45ec-ad8a-a3360b0306a3', 'hrwa_incometaxdetail@@@taxbase',0, 'hrwa_incometaxdetail', '2018-10-13 00:11:37' ) 
;insert into md_ORMap ( attributeid, classid, columnid, dr, tableid, ts ) values (  '3d2a7c08-5f3e-465a-bdd7-330dd95fc44f', '2799c327-d5d5-4e0a-ba1b-d349660de852', 'hrwa_sumincometax@@@pk_psndoc',0, 'hrwa_sumincometax', '2018-10-13 00:11:37' ) 
;insert into md_ORMap ( attributeid, classid, columnid, dr, tableid, ts ) values (  '2202a2f5-f09c-43d3-840f-071a84053879', '2799c327-d5d5-4e0a-ba1b-d349660de852', 'hrwa_sumincometax@@@contactname',0, 'hrwa_sumincometax', '2018-10-13 00:11:37' ) 
;insert into md_ORMap ( attributeid, classid, columnid, dr, tableid, ts ) values (  'b8bf318e-cbe6-4a08-af90-821a806040bc', '2799c327-d5d5-4e0a-ba1b-d349660de852', 'hrwa_sumincometax@@@pickedup',0, 'hrwa_sumincometax', '2018-10-13 00:11:37' ) 
;insert into md_ORMap ( attributeid, classid, columnid, dr, tableid, ts ) values (  'b34f056e-32fc-41ab-aec9-be9371730c5f', '2799c327-d5d5-4e0a-ba1b-d349660de852', 'hrwa_sumincometax@@@taxbase',0, 'hrwa_sumincometax', '2018-10-13 00:11:37' ) 
;insert into md_ORMap ( attributeid, classid, columnid, dr, tableid, ts ) values (  '4164010b-aca7-4ffa-860f-b216f16d64f7', '4cc9c9ef-0a93-45ec-ad8a-a3360b0306a3', 'hrwa_incometaxdetail@@@modifier',0, 'hrwa_incometaxdetail', '2018-10-13 00:11:37' ) 
;insert into md_ORMap ( attributeid, classid, columnid, dr, tableid, ts ) values (  '66cf4867-b2d1-422c-95e1-7e613307b5cf', '2799c327-d5d5-4e0a-ba1b-d349660de852', 'hrwa_sumincometax@@@modifiedtime',0, 'hrwa_sumincometax', '2018-10-13 00:11:37' ) 
;insert into md_ORMap ( attributeid, classid, columnid, dr, tableid, ts ) values (  'ee73990b-1102-4bbb-a3ec-315fc73cdf7c', '4cc9c9ef-0a93-45ec-ad8a-a3360b0306a3', 'hrwa_incometaxdetail@@@cperiod',0, 'hrwa_incometaxdetail', '2018-10-13 00:11:37' ) 
;insert into md_ORMap ( attributeid, classid, columnid, dr, tableid, ts ) values (  '5fefc805-19e1-4e16-98bf-9fdabe0dc5b8', '2799c327-d5d5-4e0a-ba1b-d349660de852', 'hrwa_sumincometax@@@modifier',0, 'hrwa_sumincometax', '2018-10-13 00:11:37' ) 
;insert into md_ORMap ( attributeid, classid, columnid, dr, tableid, ts ) values (  '3d1127cb-ca2e-4d22-acfd-529e50a165fe', '4cc9c9ef-0a93-45ec-ad8a-a3360b0306a3', 'hrwa_incometaxdetail@@@pk_wa_data',0, 'hrwa_incometaxdetail', '2018-10-13 00:11:37' ) 
;insert into md_ORMap ( attributeid, classid, columnid, dr, tableid, ts ) values (  'f5bea908-8b74-4228-8cd1-e6cd70396885', '4cc9c9ef-0a93-45ec-ad8a-a3360b0306a3', 'hrwa_incometaxdetail@@@cpaydate',0, 'hrwa_incometaxdetail', '2018-10-13 00:11:37' ) 
;insert into md_ORMap ( attributeid, classid, columnid, dr, tableid, ts ) values (  '9e750793-07f3-428e-9e6a-1de4cec35932', '2799c327-d5d5-4e0a-ba1b-d349660de852', 'hrwa_sumincometax@@@netincome',0, 'hrwa_sumincometax', '2018-10-13 00:11:37' ) 
;insert into md_ORMap ( attributeid, classid, columnid, dr, tableid, ts ) values (  '00c000ff-3957-458a-b1f2-4ca7e80d16fa', '2799c327-d5d5-4e0a-ba1b-d349660de852', 'hrwa_sumincometax@@@costno',0, 'hrwa_sumincometax', '2018-10-13 00:11:37' ) 
;insert into md_ORMap ( attributeid, classid, columnid, dr, tableid, ts ) values (  '0872236e-cb8a-4c46-9115-b1c99ea0b2d7', '2799c327-d5d5-4e0a-ba1b-d349660de852', 'hrwa_sumincometax@@@billdate',0, 'hrwa_sumincometax', '2018-10-13 00:11:37' ) 
;insert into md_ORMap ( attributeid, classid, columnid, dr, tableid, ts ) values (  '05f258be-a667-41a7-ba4e-07d01ae494fc', '2799c327-d5d5-4e0a-ba1b-d349660de852', 'hrwa_sumincometax@@@granttype',0, 'hrwa_sumincometax', '2018-10-13 00:11:37' ) 
;insert into md_ORMap ( attributeid, classid, columnid, dr, tableid, ts ) values (  '7802e32e-fca7-4d17-b138-14ba5e35a469', '2799c327-d5d5-4e0a-ba1b-d349660de852', 'hrwa_sumincometax@@@contactemail',0, 'hrwa_sumincometax', '2018-10-13 00:11:37' ) 
;insert into md_ORMap ( attributeid, classid, columnid, dr, tableid, ts ) values (  '04b8dff1-3058-4ff7-b286-38f1933eb4b1', '2799c327-d5d5-4e0a-ba1b-d349660de852', 'hrwa_sumincometax@@@idtypeno',0, 'hrwa_sumincometax', '2018-10-13 00:11:37' ) 
;insert into md_ORMap ( attributeid, classid, columnid, dr, tableid, ts ) values (  '976f64af-ed54-4989-a6b3-b5860723e9cd', '2799c327-d5d5-4e0a-ba1b-d349660de852', 'hrwa_sumincometax@@@pk_group',0, 'hrwa_sumincometax', '2018-10-13 00:11:37' ) 
;insert into md_ORMap ( attributeid, classid, columnid, dr, tableid, ts ) values (  '7309a584-91d4-40ba-832a-91a72848df94', '2799c327-d5d5-4e0a-ba1b-d349660de852', 'hrwa_sumincometax@@@declarenum',0, 'hrwa_sumincometax', '2018-10-13 00:11:37' ) 
;insert into md_ORMap ( attributeid, classid, columnid, dr, tableid, ts ) values (  '962b537a-cf29-44b4-874d-be4abbbbd9b4', '2799c327-d5d5-4e0a-ba1b-d349660de852', 'hrwa_sumincometax@@@taxbaseadjust',0, 'hrwa_sumincometax', '2018-10-13 00:11:37' ) 
;insert into md_ORMap ( attributeid, classid, columnid, dr, tableid, ts ) values (  '093f32bd-40c1-4116-98c5-4a2b78588dc5', '2799c327-d5d5-4e0a-ba1b-d349660de852', 'hrwa_sumincometax@@@unifiednumber',0, 'hrwa_sumincometax', '2018-10-13 00:11:37' ) 
;insert into md_ORMap ( attributeid, classid, columnid, dr, tableid, ts ) values (  '75c6589b-cf01-48f7-b4d8-41aac451ac94', '4cc9c9ef-0a93-45ec-ad8a-a3360b0306a3', 'hrwa_incometaxdetail@@@pk_incometax',0, 'hrwa_incometaxdetail', '2018-10-13 00:11:37' ) 
;insert into md_ORMap ( attributeid, classid, columnid, dr, tableid, ts ) values (  '31604354-c9ba-4e59-8e09-69d7b30bf6ee', '2799c327-d5d5-4e0a-ba1b-d349660de852', 'hrwa_sumincometax@@@id',0, 'hrwa_sumincometax', '2018-10-13 00:11:37' ) 
;insert into md_ORMap ( attributeid, classid, columnid, dr, tableid, ts ) values (  '1a83194a-4315-4b19-a86b-f0999a8c66c0', '4cc9c9ef-0a93-45ec-ad8a-a3360b0306a3', 'hrwa_incometaxdetail@@@pickedup',0, 'hrwa_incometaxdetail', '2018-10-13 00:11:37' ) 
;insert into md_ORMap ( attributeid, classid, columnid, dr, tableid, ts ) values (  '8e66a883-6353-4e96-865d-235d1aee9694', '4cc9c9ef-0a93-45ec-ad8a-a3360b0306a3', 'hrwa_incometaxdetail@@@billdate',0, 'hrwa_incometaxdetail', '2018-10-13 00:11:37' ) 
;insert into md_ORMap ( attributeid, classid, columnid, dr, tableid, ts ) values (  '6f8b05ab-b772-41f2-9546-1fb99795e991', '2799c327-d5d5-4e0a-ba1b-d349660de852', 'hrwa_sumincometax@@@projectno',0, 'hrwa_sumincometax', '2018-10-13 00:11:37' ) 
;insert into md_ORMap ( attributeid, classid, columnid, dr, tableid, ts ) values (  '59980a12-6340-4b2a-8642-79546669f9b3', '2799c327-d5d5-4e0a-ba1b-d349660de852', 'hrwa_sumincometax@@@pk_org',0, 'hrwa_sumincometax', '2018-10-13 00:11:37' ) 
;insert into md_ORMap ( attributeid, classid, columnid, dr, tableid, ts ) values (  '259b3a9f-a6ae-4aec-9681-d8cd21d88ea7', '4cc9c9ef-0a93-45ec-ad8a-a3360b0306a3', 'hrwa_incometaxdetail@@@pk_psndoc',0, 'hrwa_incometaxdetail', '2018-10-13 00:11:37' ) 
;insert into md_ORMap ( attributeid, classid, columnid, dr, tableid, ts ) values (  'd570cbaf-e925-4b66-b792-0baad93a0abd', '2799c327-d5d5-4e0a-ba1b-d349660de852', 'hrwa_sumincometax@@@reason',0, 'hrwa_sumincometax', '2018-10-13 00:11:37' ) 
;insert into md_ORMap ( attributeid, classid, columnid, dr, tableid, ts ) values (  'defb622f-889d-467d-b93c-2e4fa8177b8f', '2799c327-d5d5-4e0a-ba1b-d349660de852', 'hrwa_incometaxdetail@@@pk_sumincometax',0, 'hrwa_incometaxdetail', '2018-10-13 00:11:37' ) 
;insert into md_ORMap ( attributeid, classid, columnid, dr, tableid, ts ) values (  'a92662be-3a36-414f-ab1b-95a73bc1fced', '2799c327-d5d5-4e0a-ba1b-d349660de852', 'hrwa_sumincometax@@@pickedupadjust',0, 'hrwa_sumincometax', '2018-10-13 00:11:37' ) 
;insert into md_ORMap ( attributeid, classid, columnid, dr, tableid, ts ) values (  '5cd7c13d-c4fb-4619-a105-03a78663e8ce', '2799c327-d5d5-4e0a-ba1b-d349660de852', 'hrwa_sumincometax@@@creator',0, 'hrwa_sumincometax', '2018-10-13 00:11:37' ) 
;insert into md_ORMap ( attributeid, classid, columnid, dr, tableid, ts ) values (  '83c111df-78d3-4ee8-a1f8-9116328297e3', '4cc9c9ef-0a93-45ec-ad8a-a3360b0306a3', 'hrwa_incometaxdetail@@@isforeignmonthdec',0, 'hrwa_incometaxdetail', '2018-10-13 00:11:37' ) 
;insert into md_ORMap ( attributeid, classid, columnid, dr, tableid, ts ) values (  '1279864d-afae-4f8e-bca7-709d52a1fc34', '2799c327-d5d5-4e0a-ba1b-d349660de852', 'hrwa_sumincometax@@@isdeclare',0, 'hrwa_sumincometax', '2018-10-13 00:11:37' ) 
;insert into md_ORMap ( attributeid, classid, columnid, dr, tableid, ts ) values (  '9d880697-37f9-47d6-ad64-115a5d37eba8', '2799c327-d5d5-4e0a-ba1b-d349660de852', 'hrwa_sumincometax@@@declaretype',0, 'hrwa_sumincometax', '2018-10-13 00:11:37' ) 
;insert into md_ORMap ( attributeid, classid, columnid, dr, tableid, ts ) values (  '1ebcbe4c-069c-4f7e-81c6-e803276cd796', '4cc9c9ef-0a93-45ec-ad8a-a3360b0306a3', 'hrwa_incometaxdetail@@@id',0, 'hrwa_incometaxdetail', '2018-10-13 00:11:37' ) 
;insert into md_ORMap ( attributeid, classid, columnid, dr, tableid, ts ) values (  '29a7ddbb-9fbe-4d52-9270-ecc5f480da29', '4cc9c9ef-0a93-45ec-ad8a-a3360b0306a3', 'hrwa_incometaxdetail@@@declaretype',0, 'hrwa_incometaxdetail', '2018-10-13 00:11:37' ) 
;insert into md_ORMap ( attributeid, classid, columnid, dr, tableid, ts ) values (  '566dace6-e525-4900-95f0-92d76a155982', '4cc9c9ef-0a93-45ec-ad8a-a3360b0306a3', 'hrwa_incometaxdetail@@@pk_wa_class',0, 'hrwa_incometaxdetail', '2018-10-13 00:11:37' ) 
;insert into md_ORMap ( attributeid, classid, columnid, dr, tableid, ts ) values (  'c69e4b8c-2122-4623-8fc4-9a75d88bf308', '2799c327-d5d5-4e0a-ba1b-d349660de852', 'hrwa_sumincometax@@@creationtime',0, 'hrwa_sumincometax', '2018-10-13 00:11:37' ) 
;insert into md_db_relation ( id, createtime, creator, description, displayname, dr, endcardinality, endfieldid, endtableid, help, modifier, modifytime, name, startcardinality, startfieldid, starttableid, ts, versiontype, resid, asstype, startattrid, isforeignkey ) values (  '3d13e403-2a47-4c59-841d-04e5648cf7e5', null, null, null, 'hrwa_incometaxdetail->hrwa_sumincometax',0, null, 'hrwa_sumincometax@@PK@@', 'hrwa_sumincometax', null, null, null, 'hrwa_incometaxdetail->hrwa_sumincometax', null, 'hrwa_incometaxdetail@@@pk_sumincometax', 'hrwa_incometaxdetail', '2018-10-13 00:11:37',0, null,1, 'defb622f-889d-467d-b93c-2e4fa8177b8f', 'Y' ) 
