delete from bd_defdoclist where pk_defdoclist = '1001X4100000000CFOGJ';
delete from bd_defdoc where  pk_defdoclist = '1001X4100000000CFOGJ';
delete from bd_refinfo where PK_REFINFO = '1001X4100000000CFOGJ';
delete from MD_COLUMN where TABLEID in (select tableid from md_ormap where classid IN (select id from md_class where COMPONENTID in ('859d7477-be8f-11e9-8f2c-19b3539592d6','866ecd63-be8f-11e9-8f2c-19b3539592d6')));
delete  from md_db_relation where startattrid in (select id from md_property where classid in (select id from md_class where componentID in ('859d7477-be8f-11e9-8f2c-19b3539592d6','866ecd63-be8f-11e9-8f2c-19b3539592d6')));
delete from md_ORMap where ATTRIBUTEID in(select id from md_property where classid in (select id from md_class where componentID in ('859d7477-be8f-11e9-8f2c-19b3539592d6','866ecd63-be8f-11e9-8f2c-19b3539592d6')));
delete from md_property where classID in (select distinct id from md_class where componentID in ('859d7477-be8f-11e9-8f2c-19b3539592d6','866ecd63-be8f-11e9-8f2c-19b3539592d6'))    ;
delete  from md_association where componentID in ('859d7477-be8f-11e9-8f2c-19b3539592d6','866ecd63-be8f-11e9-8f2c-19b3539592d6')  ;
delete  from md_accessorPara where id in (select distinct id from md_class where componentID in ('859d7477-be8f-11e9-8f2c-19b3539592d6','866ecd63-be8f-11e9-8f2c-19b3539592d6'))  ;
delete  from md_enumValue where id in (select distinct id from md_class where componentID in ('859d7477-be8f-11e9-8f2c-19b3539592d6','866ecd63-be8f-11e9-8f2c-19b3539592d6'))   ;
delete  from md_bizItfMap where classID in (select distinct id from md_class where componentID in ('859d7477-be8f-11e9-8f2c-19b3539592d6','866ecd63-be8f-11e9-8f2c-19b3539592d6'))  ;
delete  from md_bizItfMap where classID in ( select id from md_opInterface where componentID in ('859d7477-be8f-11e9-8f2c-19b3539592d6','866ecd63-be8f-11e9-8f2c-19b3539592d6'))  ;
delete FROM bd_mode_selected WHERE mdclassid = N'1001X4100000000CFOGJ';

delete  from md_class where componentID in ('859d7477-be8f-11e9-8f2c-19b3539592d6','866ecd63-be8f-11e9-8f2c-19b3539592d6');
delete from md_component where id in ('859d7477-be8f-11e9-8f2c-19b3539592d6','866ecd63-be8f-11e9-8f2c-19b3539592d6');
delete from md_table where displayname  in ('最低扣款县市金额(自定义档案)');






INSERT INTO BD_MODE_SELECTED (COMP, DATAORIGINFLAG, DR, MANAGEMODE, MDCLASSID, PK_BDMODE, TS, UNIQUESCOPE, VISIBLESCOPE) VALUES (null, 0, 0, 1, '1001X4100000000CFOGJ', '1001X4100000000CFOH5', '2019-08-14 20:32:06', 1, 1);
INSERT INTO BD_REFINFO (CODE, DR, ISNEEDPARA, ISSPECIALREF, LAYER, METADATANAMESPACE, METADATATYPENAME, MODULENAME, NAME, PARA1, PARA2, PARA3, PK_COUNTRY, PK_INDUSTRY, PK_REFINFO, REFCLASS, REFSYSTEM, REFTYPE, RESERV1, RESERV2, RESERV3, RESID, RESIDPATH, TS, WHEREPART) VALUES ('D10106', 0, 'Y', null, -1, null, 'Defdoc-HRHI007_mincountry', 'uap', '最低扣款县市金额(自定义档案)', '1001X4100000000CFOGJ', 'bd_defdoc', null, null, null, '1001X4100000000CFOGJ', 'nc.ui.bd.ref.model.DefdocGridRefModel', null, 0, null, null, 'HRHI007_mincountry', '最低扣款县市金额', '10140uddb', '2019-08-14 20:32:04', null);
INSERT INTO BD_DEFDOCLIST (ASSOCIATENAME, BPFCOMPONENTID, CODE, CODECTLGRADE, CODERULE, COMP, COMPONENTID, CREATIONTIME, CREATOR, DATAORIGINFLAG, DOCCLASS, DOCLEVEL, DOCTYPE, DR, FUNCODE, ISGRADE, ISRELEASE, MNGCTLMODE, MODIFIEDTIME, MODIFIER, NAME, NAME2, NAME3, NAME4, NAME5, NAME6, PK_DEFDOCLIST, PK_GROUP, PK_ORG, TS) VALUES ('bd_defdoc', '866ecd63-be8f-11e9-8f2c-19b3539592d6', 'HRHI007_mincountry', null, null, null, '859d7477-be8f-11e9-8f2c-19b3539592d6', '2019-08-14 20:32:04', '1001A110000000000UX0', 0, null, 0, null, 0, null, 'N', 'N', 0, null, '~', '最低扣款县市金额', '最低扣款h市金~', '最低扣款县市金额', null, null, null, '1001X4100000000CFOGJ', '~', 'GLOBLE00000000000000', '2019-08-14 20:32:05');
INSERT INTO BD_DEFDOC (CODE, CREATIONTIME, CREATOR, DATAORIGINFLAG, DATATYPE, DEF1, DEF10, DEF11, DEF12, DEF13, DEF14, DEF15, DEF16, DEF17, DEF18, DEF19, DEF2, DEF20, DEF3, DEF4, DEF5, DEF6, DEF7, DEF8, DEF9, DR, ENABLESTATE, INNERCODE, MEMO, MNECODE, MODIFIEDTIME, MODIFIER, NAME, NAME2, NAME3, NAME4, NAME5, NAME6, PID, PK_DEFDOC, PK_DEFDOCLIST, PK_GROUP, PK_ORG, SHORTNAME, SHORTNAME2, SHORTNAME3, SHORTNAME4, SHORTNAME5, SHORTNAME6, TS) VALUES ('001', '2018-10-29 14:47:33', '1001A1100000000001PF', 0, 1, '~', '~', '~', '~', '~', '~', '~', '~', '~', '~', '~', '~', '~', '~', '~', '~', '~', '~', '~', '~', 0, 2, null, '16157', null, null, '~', '_北市', '_北市', '_北市', null, null, null, '~', '1001ZZ10000000047YPW', '1001X4100000000CFOGJ', '~', 'GLOBLE00000000000000', null, null, null, null, null, null, '2018-10-29 14:47:33');
INSERT INTO BD_DEFDOC (CODE, CREATIONTIME, CREATOR, DATAORIGINFLAG, DATATYPE, DEF1, DEF10, DEF11, DEF12, DEF13, DEF14, DEF15, DEF16, DEF17, DEF18, DEF19, DEF2, DEF20, DEF3, DEF4, DEF5, DEF6, DEF7, DEF8, DEF9, DR, ENABLESTATE, INNERCODE, MEMO, MNECODE, MODIFIEDTIME, MODIFIER, NAME, NAME2, NAME3, NAME4, NAME5, NAME6, PID, PK_DEFDOC, PK_DEFDOCLIST, PK_GROUP, PK_ORG, SHORTNAME, SHORTNAME2, SHORTNAME3, SHORTNAME4, SHORTNAME5, SHORTNAME6, TS) VALUES ('002', '2018-10-29 14:47:33', '1001A1100000000001PF', 0, 1, '~', '~', '~', '~', '~', '~', '~', '~', '~', '~', '~', '~', '~', '~', '~', '~', '~', '~', '~', '~', 0, 2, null, '14385', null, null, '~', '新北市', '新北市', '新北市', null, null, null, '~', '1001ZZ10000000047YPX', '1001X4100000000CFOGJ', '~', 'GLOBLE00000000000000', null, null, null, null, null, null, '2018-10-29 14:47:33');
INSERT INTO BD_DEFDOC (CODE, CREATIONTIME, CREATOR, DATAORIGINFLAG, DATATYPE, DEF1, DEF10, DEF11, DEF12, DEF13, DEF14, DEF15, DEF16, DEF17, DEF18, DEF19, DEF2, DEF20, DEF3, DEF4, DEF5, DEF6, DEF7, DEF8, DEF9, DR, ENABLESTATE, INNERCODE, MEMO, MNECODE, MODIFIEDTIME, MODIFIER, NAME, NAME2, NAME3, NAME4, NAME5, NAME6, PID, PK_DEFDOC, PK_DEFDOCLIST, PK_GROUP, PK_ORG, SHORTNAME, SHORTNAME2, SHORTNAME3, SHORTNAME4, SHORTNAME5, SHORTNAME6, TS) VALUES ('003', '2018-10-29 14:51:26', '1001A1100000000001PF', 0, 1, '~', '~', '~', '~', '~', '~', '~', '~', '~', '~', '~', '~', '~', '~', '~', '~', '~', '~', '~', '~', 0, 2, null, '13692', null, null, '~', '桃@市', '桃@市', '桃@市', null, null, null, '~', '1001ZZ10000000047YPZ', '1001X4100000000CFOGJ', '~', 'GLOBLE00000000000000', null, null, null, null, null, null, '2018-10-29 14:51:26');
INSERT INTO BD_DEFDOC (CODE, CREATIONTIME, CREATOR, DATAORIGINFLAG, DATATYPE, DEF1, DEF10, DEF11, DEF12, DEF13, DEF14, DEF15, DEF16, DEF17, DEF18, DEF19, DEF2, DEF20, DEF3, DEF4, DEF5, DEF6, DEF7, DEF8, DEF9, DR, ENABLESTATE, INNERCODE, MEMO, MNECODE, MODIFIEDTIME, MODIFIER, NAME, NAME2, NAME3, NAME4, NAME5, NAME6, PID, PK_DEFDOC, PK_DEFDOCLIST, PK_GROUP, PK_ORG, SHORTNAME, SHORTNAME2, SHORTNAME3, SHORTNAME4, SHORTNAME5, SHORTNAME6, TS) VALUES ('004', '2018-10-29 14:51:26', '1001A1100000000001PF', 0, 1, '~', '~', '~', '~', '~', '~', '~', '~', '~', '~', '~', '~', '~', '~', '~', '~', '~', '~', '~', '~', 0, 2, null, '13813', null, null, '~', '_中市', '_中市', '_中市', null, null, null, '~', '1001ZZ10000000047YQ0', '1001X4100000000CFOGJ', '~', 'GLOBLE00000000000000', null, null, null, null, null, null, '2018-10-29 14:51:26');
INSERT INTO BD_DEFDOC (CODE, CREATIONTIME, CREATOR, DATAORIGINFLAG, DATATYPE, DEF1, DEF10, DEF11, DEF12, DEF13, DEF14, DEF15, DEF16, DEF17, DEF18, DEF19, DEF2, DEF20, DEF3, DEF4, DEF5, DEF6, DEF7, DEF8, DEF9, DR, ENABLESTATE, INNERCODE, MEMO, MNECODE, MODIFIEDTIME, MODIFIER, NAME, NAME2, NAME3, NAME4, NAME5, NAME6, PID, PK_DEFDOC, PK_DEFDOCLIST, PK_GROUP, PK_ORG, SHORTNAME, SHORTNAME2, SHORTNAME3, SHORTNAME4, SHORTNAME5, SHORTNAME6, TS) VALUES ('005', '2018-10-29 14:51:26', '1001A1100000000001PF', 0, 1, '~', '~', '~', '~', '~', '~', '~', '~', '~', '~', '~', '~', '~', '~', '~', '~', '~', '~', '~', '~', 0, 2, null, '12388', null, null, '~', '_南市', '_南市', '_南市', null, null, null, '~', '1001ZZ10000000047YQ1', '1001X4100000000CFOGJ', '~', 'GLOBLE00000000000000', null, null, null, null, null, null, '2018-10-29 14:51:26');
INSERT INTO BD_DEFDOC (CODE, CREATIONTIME, CREATOR, DATAORIGINFLAG, DATATYPE, DEF1, DEF10, DEF11, DEF12, DEF13, DEF14, DEF15, DEF16, DEF17, DEF18, DEF19, DEF2, DEF20, DEF3, DEF4, DEF5, DEF6, DEF7, DEF8, DEF9, DR, ENABLESTATE, INNERCODE, MEMO, MNECODE, MODIFIEDTIME, MODIFIER, NAME, NAME2, NAME3, NAME4, NAME5, NAME6, PID, PK_DEFDOC, PK_DEFDOCLIST, PK_GROUP, PK_ORG, SHORTNAME, SHORTNAME2, SHORTNAME3, SHORTNAME4, SHORTNAME5, SHORTNAME6, TS) VALUES ('006', '2018-10-29 14:51:26', '1001A1100000000001PF', 0, 1, '~', '~', '~', '~', '~', '~', '~', '~', '~', '~', '~', '~', '~', '~', '~', '~', '~', '~', '~', '~', 0, 2, null, '12941', null, null, '~', '高雄市', '高雄市', '高雄市', null, null, null, '~', '1001ZZ10000000047YQ2', '1001X4100000000CFOGJ', '~', 'GLOBLE00000000000000', null, null, null, null, null, null, '2018-10-29 14:51:26');
INSERT INTO BD_DEFDOC (CODE, CREATIONTIME, CREATOR, DATAORIGINFLAG, DATATYPE, DEF1, DEF10, DEF11, DEF12, DEF13, DEF14, DEF15, DEF16, DEF17, DEF18, DEF19, DEF2, DEF20, DEF3, DEF4, DEF5, DEF6, DEF7, DEF8, DEF9, DR, ENABLESTATE, INNERCODE, MEMO, MNECODE, MODIFIEDTIME, MODIFIER, NAME, NAME2, NAME3, NAME4, NAME5, NAME6, PID, PK_DEFDOC, PK_DEFDOCLIST, PK_GROUP, PK_ORG, SHORTNAME, SHORTNAME2, SHORTNAME3, SHORTNAME4, SHORTNAME5, SHORTNAME6, TS) VALUES ('007', '2018-10-29 14:51:26', '1001A1100000000001PF', 0, 1, '~', '~', '~', '~', '~', '~', '~', '~', '~', '~', '~', '~', '~', '~', '~', '~', '~', '~', '~', '~', 0, 2, null, '12388', null, null, '~', '_呈', '_呈', '_呈', null, null, null, '~', '1001ZZ10000000047YQ3', '1001X4100000000CFOGJ', '~', 'GLOBLE00000000000000', null, null, null, null, null, null, '2018-10-29 14:51:26');
INSERT INTO BD_DEFDOC (CODE, CREATIONTIME, CREATOR, DATAORIGINFLAG, DATATYPE, DEF1, DEF10, DEF11, DEF12, DEF13, DEF14, DEF15, DEF16, DEF17, DEF18, DEF19, DEF2, DEF20, DEF3, DEF4, DEF5, DEF6, DEF7, DEF8, DEF9, DR, ENABLESTATE, INNERCODE, MEMO, MNECODE, MODIFIEDTIME, MODIFIER, NAME, NAME2, NAME3, NAME4, NAME5, NAME6, PID, PK_DEFDOC, PK_DEFDOCLIST, PK_GROUP, PK_ORG, SHORTNAME, SHORTNAME2, SHORTNAME3, SHORTNAME4, SHORTNAME5, SHORTNAME6, TS) VALUES ('008', '2018-10-29 14:51:26', '1001A1100000000001PF', 0, 1, '~', '~', '~', '~', '~', '~', '~', '~', '~', '~', '~', '~', '~', '~', '~', '~', '~', '~', '~', '~', 0, 2, null, '11135', null, null, '~', '金ThB江h', '金ThB江h', '金ThB江h', null, null, null, '~', '1001ZZ10000000047YQ4', '1001X4100000000CFOGJ', '~', 'GLOBLE00000000000000', null, null, null, null, null, null, '2018-10-29 14:51:26');
INSERT INTO MD_COLUMN (COLUMNLENGTH, COLUMNSEQUENCE, COLUMNTYPE, CREATETIME, CREATOR, DEFAULTVALUE, DESCRIPTION, DISPLAYNAME, DR, FORLOCALE, GROUPID, HELP, ID, IDENTITIED, INCREMENTSEED, INCREMENTSTEP, ISACTIVE, MODIFIER, MODIFYTIME, NAME, NULLABLE, PKEY, PRECISE, RESID, SQLDATETYPE, TABLEID, TS, VERSIONTYPE) VALUES (101, 30, 0, null, null, null, null, '自定义项13', null, 'N', null, null, 'bd_defdoc@@@def13', null, null, null, 'Y', null, null, 'def13', 'Y', 'N', 0, null, 'varchar', 'bd_defdoc', '2019-08-14 20:32:05', -1);
INSERT INTO MD_COLUMN (COLUMNLENGTH, COLUMNSEQUENCE, COLUMNTYPE, CREATETIME, CREATOR, DEFAULTVALUE, DESCRIPTION, DISPLAYNAME, DR, FORLOCALE, GROUPID, HELP, ID, IDENTITIED, INCREMENTSEED, INCREMENTSTEP, ISACTIVE, MODIFIER, MODIFYTIME, NAME, NULLABLE, PKEY, PRECISE, RESID, SQLDATETYPE, TABLEID, TS, VERSIONTYPE) VALUES (101, 31, 0, null, null, null, null, '自定义项14', null, 'N', null, null, 'bd_defdoc@@@def14', null, null, null, 'Y', null, null, 'def14', 'Y', 'N', 0, null, 'varchar', 'bd_defdoc', '2019-08-14 20:32:05', -1);
INSERT INTO MD_COLUMN (COLUMNLENGTH, COLUMNSEQUENCE, COLUMNTYPE, CREATETIME, CREATOR, DEFAULTVALUE, DESCRIPTION, DISPLAYNAME, DR, FORLOCALE, GROUPID, HELP, ID, IDENTITIED, INCREMENTSEED, INCREMENTSTEP, ISACTIVE, MODIFIER, MODIFYTIME, NAME, NULLABLE, PKEY, PRECISE, RESID, SQLDATETYPE, TABLEID, TS, VERSIONTYPE) VALUES (101, 32, 0, null, null, null, null, '自定义项15', null, 'N', null, null, 'bd_defdoc@@@def15', null, null, null, 'Y', null, null, 'def15', 'Y', 'N', 0, null, 'varchar', 'bd_defdoc', '2019-08-14 20:32:05', -1);
INSERT INTO MD_COLUMN (COLUMNLENGTH, COLUMNSEQUENCE, COLUMNTYPE, CREATETIME, CREATOR, DEFAULTVALUE, DESCRIPTION, DISPLAYNAME, DR, FORLOCALE, GROUPID, HELP, ID, IDENTITIED, INCREMENTSEED, INCREMENTSTEP, ISACTIVE, MODIFIER, MODIFYTIME, NAME, NULLABLE, PKEY, PRECISE, RESID, SQLDATETYPE, TABLEID, TS, VERSIONTYPE) VALUES (101, 33, 0, null, null, null, null, '自定义项16', null, 'N', null, null, 'bd_defdoc@@@def16', null, null, null, 'Y', null, null, 'def16', 'Y', 'N', 0, null, 'varchar', 'bd_defdoc', '2019-08-14 20:32:05', -1);
INSERT INTO MD_COLUMN (COLUMNLENGTH, COLUMNSEQUENCE, COLUMNTYPE, CREATETIME, CREATOR, DEFAULTVALUE, DESCRIPTION, DISPLAYNAME, DR, FORLOCALE, GROUPID, HELP, ID, IDENTITIED, INCREMENTSEED, INCREMENTSTEP, ISACTIVE, MODIFIER, MODIFYTIME, NAME, NULLABLE, PKEY, PRECISE, RESID, SQLDATETYPE, TABLEID, TS, VERSIONTYPE) VALUES (101, 34, 0, null, null, null, null, '自定义项17', null, 'N', null, null, 'bd_defdoc@@@def17', null, null, null, 'Y', null, null, 'def17', 'Y', 'N', 0, null, 'varchar', 'bd_defdoc', '2019-08-14 20:32:05', -1);
INSERT INTO MD_COLUMN (COLUMNLENGTH, COLUMNSEQUENCE, COLUMNTYPE, CREATETIME, CREATOR, DEFAULTVALUE, DESCRIPTION, DISPLAYNAME, DR, FORLOCALE, GROUPID, HELP, ID, IDENTITIED, INCREMENTSEED, INCREMENTSTEP, ISACTIVE, MODIFIER, MODIFYTIME, NAME, NULLABLE, PKEY, PRECISE, RESID, SQLDATETYPE, TABLEID, TS, VERSIONTYPE) VALUES (101, 35, 0, null, null, null, null, '自定义项18', null, 'N', null, null, 'bd_defdoc@@@def18', null, null, null, 'Y', null, null, 'def18', 'Y', 'N', 0, null, 'varchar', 'bd_defdoc', '2019-08-14 20:32:05', -1);
INSERT INTO MD_COLUMN (COLUMNLENGTH, COLUMNSEQUENCE, COLUMNTYPE, CREATETIME, CREATOR, DEFAULTVALUE, DESCRIPTION, DISPLAYNAME, DR, FORLOCALE, GROUPID, HELP, ID, IDENTITIED, INCREMENTSEED, INCREMENTSTEP, ISACTIVE, MODIFIER, MODIFYTIME, NAME, NULLABLE, PKEY, PRECISE, RESID, SQLDATETYPE, TABLEID, TS, VERSIONTYPE) VALUES (101, 36, 0, null, null, null, null, '自定义项19', null, 'N', null, null, 'bd_defdoc@@@def19', null, null, null, 'Y', null, null, 'def19', 'Y', 'N', 0, null, 'varchar', 'bd_defdoc', '2019-08-14 20:32:05', -1);
INSERT INTO MD_COLUMN (COLUMNLENGTH, COLUMNSEQUENCE, COLUMNTYPE, CREATETIME, CREATOR, DEFAULTVALUE, DESCRIPTION, DISPLAYNAME, DR, FORLOCALE, GROUPID, HELP, ID, IDENTITIED, INCREMENTSEED, INCREMENTSTEP, ISACTIVE, MODIFIER, MODIFYTIME, NAME, NULLABLE, PKEY, PRECISE, RESID, SQLDATETYPE, TABLEID, TS, VERSIONTYPE) VALUES (101, 37, 0, null, null, null, null, '自定义项20', null, 'N', null, null, 'bd_defdoc@@@def20', null, null, null, 'Y', null, null, 'def20', 'Y', 'N', 0, null, 'varchar', 'bd_defdoc', '2019-08-14 20:32:05', -1);
INSERT INTO MD_COLUMN (COLUMNLENGTH, COLUMNSEQUENCE, COLUMNTYPE, CREATETIME, CREATOR, DEFAULTVALUE, DESCRIPTION, DISPLAYNAME, DR, FORLOCALE, GROUPID, HELP, ID, IDENTITIED, INCREMENTSEED, INCREMENTSTEP, ISACTIVE, MODIFIER, MODIFYTIME, NAME, NULLABLE, PKEY, PRECISE, RESID, SQLDATETYPE, TABLEID, TS, VERSIONTYPE) VALUES (200, 0, 0, null, null, null, null, '档案名称2', null, 'N', 'bd_defdoc@@@name', 'URC', 'bd_defdoc@@@name2', null, null, null, 'Y', null, null, 'name2', 'Y', 'N', 0, '2UC000-000556', 'varchar', 'bd_defdoc', '2019-08-14 20:32:05', 0);
INSERT INTO MD_COLUMN (COLUMNLENGTH, COLUMNSEQUENCE, COLUMNTYPE, CREATETIME, CREATOR, DEFAULTVALUE, DESCRIPTION, DISPLAYNAME, DR, FORLOCALE, GROUPID, HELP, ID, IDENTITIED, INCREMENTSEED, INCREMENTSTEP, ISACTIVE, MODIFIER, MODIFYTIME, NAME, NULLABLE, PKEY, PRECISE, RESID, SQLDATETYPE, TABLEID, TS, VERSIONTYPE) VALUES (200, 0, 0, null, null, null, null, '档案名称6', null, 'N', 'bd_defdoc@@@name', 'URC', 'bd_defdoc@@@name6', null, null, null, 'Y', null, null, 'name6', 'Y', 'N', 0, '2UC000-000556', 'varchar', 'bd_defdoc', '2019-08-14 20:32:05', 0);
INSERT INTO MD_COLUMN (COLUMNLENGTH, COLUMNSEQUENCE, COLUMNTYPE, CREATETIME, CREATOR, DEFAULTVALUE, DESCRIPTION, DISPLAYNAME, DR, FORLOCALE, GROUPID, HELP, ID, IDENTITIED, INCREMENTSEED, INCREMENTSTEP, ISACTIVE, MODIFIER, MODIFYTIME, NAME, NULLABLE, PKEY, PRECISE, RESID, SQLDATETYPE, TABLEID, TS, VERSIONTYPE) VALUES (200, 0, 0, null, null, null, null, '简称2', null, 'N', 'bd_defdoc@@@shortname', null, 'bd_defdoc@@@shortname2', null, null, null, 'Y', null, null, 'shortname2', 'Y', 'N', 0, '2UC000-000675', 'varchar', 'bd_defdoc', '2019-08-14 20:32:05', 0);
INSERT INTO MD_COLUMN (COLUMNLENGTH, COLUMNSEQUENCE, COLUMNTYPE, CREATETIME, CREATOR, DEFAULTVALUE, DESCRIPTION, DISPLAYNAME, DR, FORLOCALE, GROUPID, HELP, ID, IDENTITIED, INCREMENTSEED, INCREMENTSTEP, ISACTIVE, MODIFIER, MODIFYTIME, NAME, NULLABLE, PKEY, PRECISE, RESID, SQLDATETYPE, TABLEID, TS, VERSIONTYPE) VALUES (200, 0, 0, null, null, null, null, '简称3', null, 'N', 'bd_defdoc@@@shortname', null, 'bd_defdoc@@@shortname3', null, null, null, 'Y', null, null, 'shortname3', 'Y', 'N', 0, '2UC000-000675', 'varchar', 'bd_defdoc', '2019-08-14 20:32:05', 0);
INSERT INTO MD_COLUMN (COLUMNLENGTH, COLUMNSEQUENCE, COLUMNTYPE, CREATETIME, CREATOR, DEFAULTVALUE, DESCRIPTION, DISPLAYNAME, DR, FORLOCALE, GROUPID, HELP, ID, IDENTITIED, INCREMENTSEED, INCREMENTSTEP, ISACTIVE, MODIFIER, MODIFYTIME, NAME, NULLABLE, PKEY, PRECISE, RESID, SQLDATETYPE, TABLEID, TS, VERSIONTYPE) VALUES (200, 0, 0, null, null, null, null, '简称4', null, 'N', 'bd_defdoc@@@shortname', null, 'bd_defdoc@@@shortname4', null, null, null, 'Y', null, null, 'shortname4', 'Y', 'N', 0, '2UC000-000675', 'varchar', 'bd_defdoc', '2019-08-14 20:32:05', 0);
INSERT INTO MD_COLUMN (COLUMNLENGTH, COLUMNSEQUENCE, COLUMNTYPE, CREATETIME, CREATOR, DEFAULTVALUE, DESCRIPTION, DISPLAYNAME, DR, FORLOCALE, GROUPID, HELP, ID, IDENTITIED, INCREMENTSEED, INCREMENTSTEP, ISACTIVE, MODIFIER, MODIFYTIME, NAME, NULLABLE, PKEY, PRECISE, RESID, SQLDATETYPE, TABLEID, TS, VERSIONTYPE) VALUES (200, 0, 0, null, null, null, null, '简称5', null, 'N', 'bd_defdoc@@@shortname', null, 'bd_defdoc@@@shortname5', null, null, null, 'Y', null, null, 'shortname5', 'Y', 'N', 0, '2UC000-000675', 'varchar', 'bd_defdoc', '2019-08-14 20:32:05', 0);
INSERT INTO MD_COLUMN (COLUMNLENGTH, COLUMNSEQUENCE, COLUMNTYPE, CREATETIME, CREATOR, DEFAULTVALUE, DESCRIPTION, DISPLAYNAME, DR, FORLOCALE, GROUPID, HELP, ID, IDENTITIED, INCREMENTSEED, INCREMENTSTEP, ISACTIVE, MODIFIER, MODIFYTIME, NAME, NULLABLE, PKEY, PRECISE, RESID, SQLDATETYPE, TABLEID, TS, VERSIONTYPE) VALUES (200, 0, 0, null, null, null, null, '简称6', null, 'N', 'bd_defdoc@@@shortname', null, 'bd_defdoc@@@shortname6', null, null, null, 'Y', null, null, 'shortname6', 'Y', 'N', 0, '2UC000-000675', 'varchar', 'bd_defdoc', '2019-08-14 20:32:05', 0);
INSERT INTO MD_COLUMN (COLUMNLENGTH, COLUMNSEQUENCE, COLUMNTYPE, CREATETIME, CREATOR, DEFAULTVALUE, DESCRIPTION, DISPLAYNAME, DR, FORLOCALE, GROUPID, HELP, ID, IDENTITIED, INCREMENTSEED, INCREMENTSTEP, ISACTIVE, MODIFIER, MODIFYTIME, NAME, NULLABLE, PKEY, PRECISE, RESID, SQLDATETYPE, TABLEID, TS, VERSIONTYPE) VALUES (200, 0, 0, null, null, null, null, '档案名称3', null, 'N', 'bd_defdoc@@@name', 'URC', 'bd_defdoc@@@name3', null, null, null, 'Y', null, null, 'name3', 'Y', 'N', 0, '2UC000-000556', 'varchar', 'bd_defdoc', '2019-08-14 20:32:05', 0);
INSERT INTO MD_COLUMN (COLUMNLENGTH, COLUMNSEQUENCE, COLUMNTYPE, CREATETIME, CREATOR, DEFAULTVALUE, DESCRIPTION, DISPLAYNAME, DR, FORLOCALE, GROUPID, HELP, ID, IDENTITIED, INCREMENTSEED, INCREMENTSTEP, ISACTIVE, MODIFIER, MODIFYTIME, NAME, NULLABLE, PKEY, PRECISE, RESID, SQLDATETYPE, TABLEID, TS, VERSIONTYPE) VALUES (200, 0, 0, null, null, null, null, '档案名称4', null, 'N', 'bd_defdoc@@@name', 'URC', 'bd_defdoc@@@name4', null, null, null, 'Y', null, null, 'name4', 'Y', 'N', 0, '2UC000-000556', 'varchar', 'bd_defdoc', '2019-08-14 20:32:05', 0);
INSERT INTO MD_COLUMN (COLUMNLENGTH, COLUMNSEQUENCE, COLUMNTYPE, CREATETIME, CREATOR, DEFAULTVALUE, DESCRIPTION, DISPLAYNAME, DR, FORLOCALE, GROUPID, HELP, ID, IDENTITIED, INCREMENTSEED, INCREMENTSTEP, ISACTIVE, MODIFIER, MODIFYTIME, NAME, NULLABLE, PKEY, PRECISE, RESID, SQLDATETYPE, TABLEID, TS, VERSIONTYPE) VALUES (200, 0, 0, null, null, null, null, '档案名称5', null, 'N', 'bd_defdoc@@@name', 'URC', 'bd_defdoc@@@name5', null, null, null, 'Y', null, null, 'name5', 'Y', 'N', 0, '2UC000-000556', 'varchar', 'bd_defdoc', '2019-08-14 20:32:05', 0);
INSERT INTO MD_COLUMN (COLUMNLENGTH, COLUMNSEQUENCE, COLUMNTYPE, CREATETIME, CREATOR, DEFAULTVALUE, DESCRIPTION, DISPLAYNAME, DR, FORLOCALE, GROUPID, HELP, ID, IDENTITIED, INCREMENTSEED, INCREMENTSTEP, ISACTIVE, MODIFIER, MODIFYTIME, NAME, NULLABLE, PKEY, PRECISE, RESID, SQLDATETYPE, TABLEID, TS, VERSIONTYPE) VALUES (101, 28, 0, null, null, null, null, '自定义项11', null, 'N', null, null, 'bd_defdoc@@@def11', null, null, null, 'Y', null, null, 'def11', 'Y', 'N', 0, null, 'varchar', 'bd_defdoc', '2019-08-14 20:32:05', -1);
INSERT INTO MD_COLUMN (COLUMNLENGTH, COLUMNSEQUENCE, COLUMNTYPE, CREATETIME, CREATOR, DEFAULTVALUE, DESCRIPTION, DISPLAYNAME, DR, FORLOCALE, GROUPID, HELP, ID, IDENTITIED, INCREMENTSEED, INCREMENTSTEP, ISACTIVE, MODIFIER, MODIFYTIME, NAME, NULLABLE, PKEY, PRECISE, RESID, SQLDATETYPE, TABLEID, TS, VERSIONTYPE) VALUES (20, 0, 0, null, null, null, null, '自定义档案主键', null, 'N', null, null, 'bd_defdoc@@PK@@', null, null, null, 'Y', null, null, 'pk_defdoc', 'N', 'Y', 0, '2UC000-000747', 'char', 'bd_defdoc', '2019-08-14 20:32:05', 0);
INSERT INTO MD_COLUMN (COLUMNLENGTH, COLUMNSEQUENCE, COLUMNTYPE, CREATETIME, CREATOR, DEFAULTVALUE, DESCRIPTION, DISPLAYNAME, DR, FORLOCALE, GROUPID, HELP, ID, IDENTITIED, INCREMENTSEED, INCREMENTSTEP, ISACTIVE, MODIFIER, MODIFYTIME, NAME, NULLABLE, PKEY, PRECISE, RESID, SQLDATETYPE, TABLEID, TS, VERSIONTYPE) VALUES (20, 1, 0, null, null, null, null, '自定义档案列表主键', null, 'N', null, null, 'bd_defdoc@@@pk_defdoclist', null, null, null, 'Y', null, null, 'pk_defdoclist', 'N', 'N', 0, '2UC000-000748', 'char', 'bd_defdoc', '2019-08-14 20:32:05', 0);
INSERT INTO MD_COLUMN (COLUMNLENGTH, COLUMNSEQUENCE, COLUMNTYPE, CREATETIME, CREATOR, DEFAULTVALUE, DESCRIPTION, DISPLAYNAME, DR, FORLOCALE, GROUPID, HELP, ID, IDENTITIED, INCREMENTSEED, INCREMENTSTEP, ISACTIVE, MODIFIER, MODIFYTIME, NAME, NULLABLE, PKEY, PRECISE, RESID, SQLDATETYPE, TABLEID, TS, VERSIONTYPE) VALUES (20, 2, 0, null, null, null, null, '所属组织', null, 'N', null, null, 'bd_defdoc@@@pk_org', null, null, null, 'Y', null, null, 'pk_org', 'N', 'N', 0, '2UC000-000360', 'char', 'bd_defdoc', '2019-08-14 20:32:05', 0);
INSERT INTO MD_COLUMN (COLUMNLENGTH, COLUMNSEQUENCE, COLUMNTYPE, CREATETIME, CREATOR, DEFAULTVALUE, DESCRIPTION, DISPLAYNAME, DR, FORLOCALE, GROUPID, HELP, ID, IDENTITIED, INCREMENTSEED, INCREMENTSTEP, ISACTIVE, MODIFIER, MODIFYTIME, NAME, NULLABLE, PKEY, PRECISE, RESID, SQLDATETYPE, TABLEID, TS, VERSIONTYPE) VALUES (20, 3, 0, null, null, '*~', null, '所属集团', null, 'N', null, null, 'bd_defdoc@@@pk_group', null, null, null, 'Y', null, null, 'pk_group', 'Y', 'N', 0, '2UC000-000367', 'varchar', 'bd_defdoc', '2019-08-14 20:32:05', 0);
INSERT INTO MD_COLUMN (COLUMNLENGTH, COLUMNSEQUENCE, COLUMNTYPE, CREATETIME, CREATOR, DEFAULTVALUE, DESCRIPTION, DISPLAYNAME, DR, FORLOCALE, GROUPID, HELP, ID, IDENTITIED, INCREMENTSEED, INCREMENTSTEP, ISACTIVE, MODIFIER, MODIFYTIME, NAME, NULLABLE, PKEY, PRECISE, RESID, SQLDATETYPE, TABLEID, TS, VERSIONTYPE) VALUES (40, 4, 0, null, null, null, null, '档案编码', null, 'N', null, 'URC', 'bd_defdoc@@@code', null, null, null, 'Y', null, null, 'code', 'N', 'N', 0, '2UC000-000557', 'varchar', 'bd_defdoc', '2019-08-14 20:32:05', 0);
INSERT INTO MD_COLUMN (COLUMNLENGTH, COLUMNSEQUENCE, COLUMNTYPE, CREATETIME, CREATOR, DEFAULTVALUE, DESCRIPTION, DISPLAYNAME, DR, FORLOCALE, GROUPID, HELP, ID, IDENTITIED, INCREMENTSEED, INCREMENTSTEP, ISACTIVE, MODIFIER, MODIFYTIME, NAME, NULLABLE, PKEY, PRECISE, RESID, SQLDATETYPE, TABLEID, TS, VERSIONTYPE) VALUES (200, 0, 0, null, null, null, null, '档案名称', null, 'N', 'bd_defdoc@@@name', 'URC', 'bd_defdoc@@@name', null, null, null, 'Y', null, null, 'name', 'Y', 'N', 0, '2UC000-000556', 'varchar', 'bd_defdoc', '2019-08-14 20:32:05', 0);
INSERT INTO MD_COLUMN (COLUMNLENGTH, COLUMNSEQUENCE, COLUMNTYPE, CREATETIME, CREATOR, DEFAULTVALUE, DESCRIPTION, DISPLAYNAME, DR, FORLOCALE, GROUPID, HELP, ID, IDENTITIED, INCREMENTSEED, INCREMENTSTEP, ISACTIVE, MODIFIER, MODIFYTIME, NAME, NULLABLE, PKEY, PRECISE, RESID, SQLDATETYPE, TABLEID, TS, VERSIONTYPE) VALUES (200, 0, 0, null, null, null, null, '简称', null, 'N', 'bd_defdoc@@@shortname', null, 'bd_defdoc@@@shortname', null, null, null, 'Y', null, null, 'shortname', 'Y', 'N', 0, '2UC000-000675', 'varchar', 'bd_defdoc', '2019-08-14 20:32:05', 0);
INSERT INTO MD_COLUMN (COLUMNLENGTH, COLUMNSEQUENCE, COLUMNTYPE, CREATETIME, CREATOR, DEFAULTVALUE, DESCRIPTION, DISPLAYNAME, DR, FORLOCALE, GROUPID, HELP, ID, IDENTITIED, INCREMENTSEED, INCREMENTSTEP, ISACTIVE, MODIFIER, MODIFYTIME, NAME, NULLABLE, PKEY, PRECISE, RESID, SQLDATETYPE, TABLEID, TS, VERSIONTYPE) VALUES (50, 7, 0, null, null, null, null, '助记码', null, 'N', null, null, 'bd_defdoc@@@mnecode', null, null, null, 'Y', null, null, 'mnecode', 'Y', 'N', 0, '2UC000-000172', 'varchar', 'bd_defdoc', '2019-08-14 20:32:05', 0);
INSERT INTO MD_COLUMN (COLUMNLENGTH, COLUMNSEQUENCE, COLUMNTYPE, CREATETIME, CREATOR, DEFAULTVALUE, DESCRIPTION, DISPLAYNAME, DR, FORLOCALE, GROUPID, HELP, ID, IDENTITIED, INCREMENTSEED, INCREMENTSTEP, ISACTIVE, MODIFIER, MODIFYTIME, NAME, NULLABLE, PKEY, PRECISE, RESID, SQLDATETYPE, TABLEID, TS, VERSIONTYPE) VALUES (20, 8, 0, null, null, '*~', null, '上级档案', null, 'N', null, null, 'bd_defdoc@@@pid', null, null, null, 'Y', null, null, 'pid', 'Y', 'N', 0, '2UC000-000007', 'varchar', 'bd_defdoc', '2019-08-14 20:32:05', 0);
INSERT INTO MD_COLUMN (COLUMNLENGTH, COLUMNSEQUENCE, COLUMNTYPE, CREATETIME, CREATOR, DEFAULTVALUE, DESCRIPTION, DISPLAYNAME, DR, FORLOCALE, GROUPID, HELP, ID, IDENTITIED, INCREMENTSEED, INCREMENTSTEP, ISACTIVE, MODIFIER, MODIFYTIME, NAME, NULLABLE, PKEY, PRECISE, RESID, SQLDATETYPE, TABLEID, TS, VERSIONTYPE) VALUES (200, 9, 0, null, null, null, null, '备注', null, 'N', null, null, 'bd_defdoc@@@memo', null, null, null, 'Y', null, null, 'memo', 'Y', 'N', 0, '2UC000-000258', 'varchar', 'bd_defdoc', '2019-08-14 20:32:05', 0);
INSERT INTO MD_COLUMN (COLUMNLENGTH, COLUMNSEQUENCE, COLUMNTYPE, CREATETIME, CREATOR, DEFAULTVALUE, DESCRIPTION, DISPLAYNAME, DR, FORLOCALE, GROUPID, HELP, ID, IDENTITIED, INCREMENTSEED, INCREMENTSTEP, ISACTIVE, MODIFIER, MODIFYTIME, NAME, NULLABLE, PKEY, PRECISE, RESID, SQLDATETYPE, TABLEID, TS, VERSIONTYPE) VALUES (20, 10, 0, null, null, '*~', null, '创建人', null, 'N', null, null, 'bd_defdoc@@@creator', null, null, null, 'Y', null, null, 'creator', 'Y', 'N', 0, '2UC000-000155', 'varchar', 'bd_defdoc', '2019-08-14 20:32:05', 0);
INSERT INTO MD_COLUMN (COLUMNLENGTH, COLUMNSEQUENCE, COLUMNTYPE, CREATETIME, CREATOR, DEFAULTVALUE, DESCRIPTION, DISPLAYNAME, DR, FORLOCALE, GROUPID, HELP, ID, IDENTITIED, INCREMENTSEED, INCREMENTSTEP, ISACTIVE, MODIFIER, MODIFYTIME, NAME, NULLABLE, PKEY, PRECISE, RESID, SQLDATETYPE, TABLEID, TS, VERSIONTYPE) VALUES (19, 11, 0, null, null, null, null, '创建时间', null, 'N', null, null, 'bd_defdoc@@@creationtime', null, null, null, 'Y', null, null, 'creationtime', 'Y', 'N', 0, '2UC000-000157', 'char', 'bd_defdoc', '2019-08-14 20:32:05', 0);
INSERT INTO MD_COLUMN (COLUMNLENGTH, COLUMNSEQUENCE, COLUMNTYPE, CREATETIME, CREATOR, DEFAULTVALUE, DESCRIPTION, DISPLAYNAME, DR, FORLOCALE, GROUPID, HELP, ID, IDENTITIED, INCREMENTSEED, INCREMENTSTEP, ISACTIVE, MODIFIER, MODIFYTIME, NAME, NULLABLE, PKEY, PRECISE, RESID, SQLDATETYPE, TABLEID, TS, VERSIONTYPE) VALUES (20, 12, 0, null, null, '*~', null, '最后修改人', null, 'N', null, null, 'bd_defdoc@@@modifier', null, null, null, 'Y', null, null, 'modifier', 'Y', 'N', 0, '2UC000-000490', 'varchar', 'bd_defdoc', '2019-08-14 20:32:05', 0);
INSERT INTO MD_COLUMN (COLUMNLENGTH, COLUMNSEQUENCE, COLUMNTYPE, CREATETIME, CREATOR, DEFAULTVALUE, DESCRIPTION, DISPLAYNAME, DR, FORLOCALE, GROUPID, HELP, ID, IDENTITIED, INCREMENTSEED, INCREMENTSTEP, ISACTIVE, MODIFIER, MODIFYTIME, NAME, NULLABLE, PKEY, PRECISE, RESID, SQLDATETYPE, TABLEID, TS, VERSIONTYPE) VALUES (19, 13, 0, null, null, null, null, '最后修改时间', null, 'N', null, null, 'bd_defdoc@@@modifiedtime', null, null, null, 'Y', null, null, 'modifiedtime', 'Y', 'N', 0, '2UC000-000491', 'char', 'bd_defdoc', '2019-08-14 20:32:05', 0);
INSERT INTO MD_COLUMN (COLUMNLENGTH, COLUMNSEQUENCE, COLUMNTYPE, CREATETIME, CREATOR, DEFAULTVALUE, DESCRIPTION, DISPLAYNAME, DR, FORLOCALE, GROUPID, HELP, ID, IDENTITIED, INCREMENTSEED, INCREMENTSTEP, ISACTIVE, MODIFIER, MODIFYTIME, NAME, NULLABLE, PKEY, PRECISE, RESID, SQLDATETYPE, TABLEID, TS, VERSIONTYPE) VALUES (200, 14, 0, null, null, null, null, '内部编码', null, 'N', null, null, 'bd_defdoc@@@innercode', null, null, null, 'Y', null, null, 'innercode', 'Y', 'N', 0, '2UC000-000136', 'varchar', 'bd_defdoc', '2019-08-14 20:32:05', 0);
INSERT INTO MD_COLUMN (COLUMNLENGTH, COLUMNSEQUENCE, COLUMNTYPE, CREATETIME, CREATOR, DEFAULTVALUE, DESCRIPTION, DISPLAYNAME, DR, FORLOCALE, GROUPID, HELP, ID, IDENTITIED, INCREMENTSEED, INCREMENTSTEP, ISACTIVE, MODIFIER, MODIFYTIME, NAME, NULLABLE, PKEY, PRECISE, RESID, SQLDATETYPE, TABLEID, TS, VERSIONTYPE) VALUES (0, 15, 0, null, null, null, null, '启用状态', null, 'N', null, null, 'bd_defdoc@@@enablestate', null, null, null, 'Y', null, null, 'enablestate', 'Y', 'N', 0, '2UC000-000249', 'int', 'bd_defdoc', '2019-08-14 20:32:05', 0);
INSERT INTO MD_COLUMN (COLUMNLENGTH, COLUMNSEQUENCE, COLUMNTYPE, CREATETIME, CREATOR, DEFAULTVALUE, DESCRIPTION, DISPLAYNAME, DR, FORLOCALE, GROUPID, HELP, ID, IDENTITIED, INCREMENTSEED, INCREMENTSTEP, ISACTIVE, MODIFIER, MODIFYTIME, NAME, NULLABLE, PKEY, PRECISE, RESID, SQLDATETYPE, TABLEID, TS, VERSIONTYPE) VALUES (0, 16, 0, null, null, null, null, '分布式', null, 'N', null, null, 'bd_defdoc@@@dataoriginflag', null, null, null, 'Y', null, null, 'dataoriginflag', 'Y', 'N', 0, '2UC000-000151', 'int', 'bd_defdoc', '2019-08-14 20:32:05', 0);
INSERT INTO MD_COLUMN (COLUMNLENGTH, COLUMNSEQUENCE, COLUMNTYPE, CREATETIME, CREATOR, DEFAULTVALUE, DESCRIPTION, DISPLAYNAME, DR, FORLOCALE, GROUPID, HELP, ID, IDENTITIED, INCREMENTSEED, INCREMENTSTEP, ISACTIVE, MODIFIER, MODIFYTIME, NAME, NULLABLE, PKEY, PRECISE, RESID, SQLDATETYPE, TABLEID, TS, VERSIONTYPE) VALUES (0, 17, 0, null, null, '1', null, '数据类型', null, 'N', null, null, 'bd_defdoc@@@datatype', null, null, null, 'Y', null, null, 'datatype', 'Y', 'N', 0, '2UC000-000458', 'int', 'bd_defdoc', '2019-08-14 20:32:05', 0);
INSERT INTO MD_COLUMN (COLUMNLENGTH, COLUMNSEQUENCE, COLUMNTYPE, CREATETIME, CREATOR, DEFAULTVALUE, DESCRIPTION, DISPLAYNAME, DR, FORLOCALE, GROUPID, HELP, ID, IDENTITIED, INCREMENTSEED, INCREMENTSTEP, ISACTIVE, MODIFIER, MODIFYTIME, NAME, NULLABLE, PKEY, PRECISE, RESID, SQLDATETYPE, TABLEID, TS, VERSIONTYPE) VALUES (101, 18, 0, null, null, null, null, '自定义项1', null, 'N', null, null, 'bd_defdoc@@@def1', null, null, null, 'Y', null, null, 'def1', 'Y', 'N', 0, null, 'varchar', 'bd_defdoc', '2019-08-14 20:32:05', -1);
INSERT INTO MD_COLUMN (COLUMNLENGTH, COLUMNSEQUENCE, COLUMNTYPE, CREATETIME, CREATOR, DEFAULTVALUE, DESCRIPTION, DISPLAYNAME, DR, FORLOCALE, GROUPID, HELP, ID, IDENTITIED, INCREMENTSEED, INCREMENTSTEP, ISACTIVE, MODIFIER, MODIFYTIME, NAME, NULLABLE, PKEY, PRECISE, RESID, SQLDATETYPE, TABLEID, TS, VERSIONTYPE) VALUES (101, 19, 0, null, null, null, null, '自定义项2', null, 'N', null, null, 'bd_defdoc@@@def2', null, null, null, 'Y', null, null, 'def2', 'Y', 'N', 0, null, 'varchar', 'bd_defdoc', '2019-08-14 20:32:05', -1);
INSERT INTO MD_COLUMN (COLUMNLENGTH, COLUMNSEQUENCE, COLUMNTYPE, CREATETIME, CREATOR, DEFAULTVALUE, DESCRIPTION, DISPLAYNAME, DR, FORLOCALE, GROUPID, HELP, ID, IDENTITIED, INCREMENTSEED, INCREMENTSTEP, ISACTIVE, MODIFIER, MODIFYTIME, NAME, NULLABLE, PKEY, PRECISE, RESID, SQLDATETYPE, TABLEID, TS, VERSIONTYPE) VALUES (101, 20, 0, null, null, null, null, '自定义项3', null, 'N', null, null, 'bd_defdoc@@@def3', null, null, null, 'Y', null, null, 'def3', 'Y', 'N', 0, null, 'varchar', 'bd_defdoc', '2019-08-14 20:32:05', -1);
INSERT INTO MD_COLUMN (COLUMNLENGTH, COLUMNSEQUENCE, COLUMNTYPE, CREATETIME, CREATOR, DEFAULTVALUE, DESCRIPTION, DISPLAYNAME, DR, FORLOCALE, GROUPID, HELP, ID, IDENTITIED, INCREMENTSEED, INCREMENTSTEP, ISACTIVE, MODIFIER, MODIFYTIME, NAME, NULLABLE, PKEY, PRECISE, RESID, SQLDATETYPE, TABLEID, TS, VERSIONTYPE) VALUES (101, 21, 0, null, null, null, null, '自定义项4', null, 'N', null, null, 'bd_defdoc@@@def4', null, null, null, 'Y', null, null, 'def4', 'Y', 'N', 0, null, 'varchar', 'bd_defdoc', '2019-08-14 20:32:05', -1);
INSERT INTO MD_COLUMN (COLUMNLENGTH, COLUMNSEQUENCE, COLUMNTYPE, CREATETIME, CREATOR, DEFAULTVALUE, DESCRIPTION, DISPLAYNAME, DR, FORLOCALE, GROUPID, HELP, ID, IDENTITIED, INCREMENTSEED, INCREMENTSTEP, ISACTIVE, MODIFIER, MODIFYTIME, NAME, NULLABLE, PKEY, PRECISE, RESID, SQLDATETYPE, TABLEID, TS, VERSIONTYPE) VALUES (101, 22, 0, null, null, null, null, '自定义项5', null, 'N', null, null, 'bd_defdoc@@@def5', null, null, null, 'Y', null, null, 'def5', 'Y', 'N', 0, null, 'varchar', 'bd_defdoc', '2019-08-14 20:32:05', -1);
INSERT INTO MD_COLUMN (COLUMNLENGTH, COLUMNSEQUENCE, COLUMNTYPE, CREATETIME, CREATOR, DEFAULTVALUE, DESCRIPTION, DISPLAYNAME, DR, FORLOCALE, GROUPID, HELP, ID, IDENTITIED, INCREMENTSEED, INCREMENTSTEP, ISACTIVE, MODIFIER, MODIFYTIME, NAME, NULLABLE, PKEY, PRECISE, RESID, SQLDATETYPE, TABLEID, TS, VERSIONTYPE) VALUES (101, 23, 0, null, null, null, null, '自定义项6', null, 'N', null, null, 'bd_defdoc@@@def6', null, null, null, 'Y', null, null, 'def6', 'Y', 'N', 0, null, 'varchar', 'bd_defdoc', '2019-08-14 20:32:05', -1);
INSERT INTO MD_COLUMN (COLUMNLENGTH, COLUMNSEQUENCE, COLUMNTYPE, CREATETIME, CREATOR, DEFAULTVALUE, DESCRIPTION, DISPLAYNAME, DR, FORLOCALE, GROUPID, HELP, ID, IDENTITIED, INCREMENTSEED, INCREMENTSTEP, ISACTIVE, MODIFIER, MODIFYTIME, NAME, NULLABLE, PKEY, PRECISE, RESID, SQLDATETYPE, TABLEID, TS, VERSIONTYPE) VALUES (101, 24, 0, null, null, null, null, '自定义项7', null, 'N', null, null, 'bd_defdoc@@@def7', null, null, null, 'Y', null, null, 'def7', 'Y', 'N', 0, null, 'varchar', 'bd_defdoc', '2019-08-14 20:32:05', -1);
INSERT INTO MD_COLUMN (COLUMNLENGTH, COLUMNSEQUENCE, COLUMNTYPE, CREATETIME, CREATOR, DEFAULTVALUE, DESCRIPTION, DISPLAYNAME, DR, FORLOCALE, GROUPID, HELP, ID, IDENTITIED, INCREMENTSEED, INCREMENTSTEP, ISACTIVE, MODIFIER, MODIFYTIME, NAME, NULLABLE, PKEY, PRECISE, RESID, SQLDATETYPE, TABLEID, TS, VERSIONTYPE) VALUES (101, 25, 0, null, null, null, null, '自定义项8', null, 'N', null, null, 'bd_defdoc@@@def8', null, null, null, 'Y', null, null, 'def8', 'Y', 'N', 0, null, 'varchar', 'bd_defdoc', '2019-08-14 20:32:05', -1);
INSERT INTO MD_COLUMN (COLUMNLENGTH, COLUMNSEQUENCE, COLUMNTYPE, CREATETIME, CREATOR, DEFAULTVALUE, DESCRIPTION, DISPLAYNAME, DR, FORLOCALE, GROUPID, HELP, ID, IDENTITIED, INCREMENTSEED, INCREMENTSTEP, ISACTIVE, MODIFIER, MODIFYTIME, NAME, NULLABLE, PKEY, PRECISE, RESID, SQLDATETYPE, TABLEID, TS, VERSIONTYPE) VALUES (101, 26, 0, null, null, null, null, '自定义项9', null, 'N', null, null, 'bd_defdoc@@@def9', null, null, null, 'Y', null, null, 'def9', 'Y', 'N', 0, null, 'varchar', 'bd_defdoc', '2019-08-14 20:32:05', -1);
INSERT INTO MD_COLUMN (COLUMNLENGTH, COLUMNSEQUENCE, COLUMNTYPE, CREATETIME, CREATOR, DEFAULTVALUE, DESCRIPTION, DISPLAYNAME, DR, FORLOCALE, GROUPID, HELP, ID, IDENTITIED, INCREMENTSEED, INCREMENTSTEP, ISACTIVE, MODIFIER, MODIFYTIME, NAME, NULLABLE, PKEY, PRECISE, RESID, SQLDATETYPE, TABLEID, TS, VERSIONTYPE) VALUES (101, 27, 0, null, null, null, null, '自定义项10', null, 'N', null, null, 'bd_defdoc@@@def10', null, null, null, 'Y', null, null, 'def10', 'Y', 'N', 0, null, 'varchar', 'bd_defdoc', '2019-08-14 20:32:05', -1);
INSERT INTO MD_COLUMN (COLUMNLENGTH, COLUMNSEQUENCE, COLUMNTYPE, CREATETIME, CREATOR, DEFAULTVALUE, DESCRIPTION, DISPLAYNAME, DR, FORLOCALE, GROUPID, HELP, ID, IDENTITIED, INCREMENTSEED, INCREMENTSTEP, ISACTIVE, MODIFIER, MODIFYTIME, NAME, NULLABLE, PKEY, PRECISE, RESID, SQLDATETYPE, TABLEID, TS, VERSIONTYPE) VALUES (101, 29, 0, null, null, null, null, '自定义项12', null, 'N', null, null, 'bd_defdoc@@@def12', null, null, null, 'Y', null, null, 'def12', 'Y', 'N', 0, null, 'varchar', 'bd_defdoc', '2019-08-14 20:32:05', -1);
INSERT INTO MD_COLUMN (COLUMNLENGTH, COLUMNSEQUENCE, COLUMNTYPE, CREATETIME, CREATOR, DEFAULTVALUE, DESCRIPTION, DISPLAYNAME, DR, FORLOCALE, GROUPID, HELP, ID, IDENTITIED, INCREMENTSEED, INCREMENTSTEP, ISACTIVE, MODIFIER, MODIFYTIME, NAME, NULLABLE, PKEY, PRECISE, RESID, SQLDATETYPE, TABLEID, TS, VERSIONTYPE) VALUES (0, 15, 0, null, null, null, null, '数据类型', null, 'N', null, null, 'bd_defdoc@@@seq', null, null, null, 'Y', null, null, 'seq', 'Y', 'N', 0, '2UC000-000458', 'int', 'bd_defdoc', '2018-09-20 15:21:25', 0);
INSERT INTO MD_DB_RELATION (ASSTYPE, CREATETIME, CREATOR, DESCRIPTION, DISPLAYNAME, DR, ENDCARDINALITY, ENDFIELDID, ENDTABLEID, HELP, ID, ISFOREIGNKEY, MODIFIER, MODIFYTIME, NAME, RESID, STARTATTRID, STARTCARDINALITY, STARTFIELDID, STARTTABLEID, TS, VERSIONTYPE) VALUES (3, null, null, null, 'Defdoc-HRHI007_mincountry_defdoclist', null, null, 'bd_defdoclist@@PK@@', 'bd_defdoclist', null, '3796f4d2-a545-4f43-b153-102708d062df', 'N', null, null, 'Defdoc-HRHI007_mincountry_defdoclist', null, '859d9a98-be8f-11e9-8f2c-19b3539592d6', null, 'bd_defdoc@@@pk_defdoclist', 'bd_defdoc', '2019-08-14 20:32:05', 0);
INSERT INTO MD_DB_RELATION (ASSTYPE, CREATETIME, CREATOR, DESCRIPTION, DISPLAYNAME, DR, ENDCARDINALITY, ENDFIELDID, ENDTABLEID, HELP, ID, ISFOREIGNKEY, MODIFIER, MODIFYTIME, NAME, RESID, STARTATTRID, STARTCARDINALITY, STARTFIELDID, STARTTABLEID, TS, VERSIONTYPE) VALUES (3, null, null, null, 'Defdoc-HRHI007_mincountry_org', null, null, 'org_orgs@@PK@@', 'org_orgs', null, 'bb719492-1458-4a0c-8582-5f74c059622b', 'N', null, null, 'Defdoc-HRHI007_mincountry_org', null, '859d9a9a-be8f-11e9-8f2c-19b3539592d6', null, 'bd_defdoc@@@pk_org', 'bd_defdoc', '2019-08-14 20:32:05', 0);
INSERT INTO MD_DB_RELATION (ASSTYPE, CREATETIME, CREATOR, DESCRIPTION, DISPLAYNAME, DR, ENDCARDINALITY, ENDFIELDID, ENDTABLEID, HELP, ID, ISFOREIGNKEY, MODIFIER, MODIFYTIME, NAME, RESID, STARTATTRID, STARTCARDINALITY, STARTFIELDID, STARTTABLEID, TS, VERSIONTYPE) VALUES (3, null, null, null, 'Defdoc-HRHI007_mincountry_group', null, null, 'org_group@@PK@@', 'org_group', null, '1d38f410-94b9-478e-971b-a582dbdb0162', 'N', null, null, 'Defdoc-HRHI007_mincountry_group', null, '859d9a99-be8f-11e9-8f2c-19b3539592d6', null, 'bd_defdoc@@@pk_group', 'bd_defdoc', '2019-08-14 20:32:05', 0);
INSERT INTO MD_DB_RELATION (ASSTYPE, CREATETIME, CREATOR, DESCRIPTION, DISPLAYNAME, DR, ENDCARDINALITY, ENDFIELDID, ENDTABLEID, HELP, ID, ISFOREIGNKEY, MODIFIER, MODIFYTIME, NAME, RESID, STARTATTRID, STARTCARDINALITY, STARTFIELDID, STARTTABLEID, TS, VERSIONTYPE) VALUES (3, null, null, null, 'Defdoc-HRHI007_mincountry_user', null, null, 'sm_user@@PK@@', 'sm_user', null, 'c2b56986-acf4-4740-a139-df4e55c56300', 'N', null, null, 'Defdoc-HRHI007_mincountry_user', null, '859d747a-be8f-11e9-8f2c-19b3539592d6', null, 'bd_defdoc@@@creator', 'bd_defdoc', '2019-08-14 20:32:05', 0);
INSERT INTO MD_DB_RELATION (ASSTYPE, CREATETIME, CREATOR, DESCRIPTION, DISPLAYNAME, DR, ENDCARDINALITY, ENDFIELDID, ENDTABLEID, HELP, ID, ISFOREIGNKEY, MODIFIER, MODIFYTIME, NAME, RESID, STARTATTRID, STARTCARDINALITY, STARTFIELDID, STARTTABLEID, TS, VERSIONTYPE) VALUES (3, null, null, null, 'Defdoc-HRHI007_mincountry_user', null, null, 'sm_user@@PK@@', 'sm_user', null, '314baaa9-cdf2-49f0-be4c-e914b8b214a3', 'N', null, null, 'Defdoc-HRHI007_mincountry_user', null, '859d7480-be8f-11e9-8f2c-19b3539592d6', null, 'bd_defdoc@@@modifier', 'bd_defdoc', '2019-08-14 20:32:05', 0);
INSERT INTO MD_ORMAP (ATTRIBUTEID, CLASSID, COLUMNID, DR, TABLEID, TS) VALUES ('859d747d-be8f-11e9-8f2c-19b3539592d6', '1001X4100000000CFOGJ', 'bd_defdoc@@PK@@', null, 'bd_defdoc', '2019-08-14 20:32:05');
INSERT INTO MD_ORMAP (ATTRIBUTEID, CLASSID, COLUMNID, DR, TABLEID, TS) VALUES ('859d747f-be8f-11e9-8f2c-19b3539592d6', '1001X4100000000CFOGJ', 'bd_defdoc@@@mnecode', null, 'bd_defdoc', '2019-08-14 20:32:05');
INSERT INTO MD_ORMAP (ATTRIBUTEID, CLASSID, COLUMNID, DR, TABLEID, TS) VALUES ('859d747c-be8f-11e9-8f2c-19b3539592d6', '1001X4100000000CFOGJ', 'bd_defdoc@@@innercode', null, 'bd_defdoc', '2019-08-14 20:32:05');
INSERT INTO MD_ORMAP (ATTRIBUTEID, CLASSID, COLUMNID, DR, TABLEID, TS) VALUES ('859d9a9e-be8f-11e9-8f2c-19b3539592d6', '1001X4100000000CFOGJ', 'bd_defdoc@@@datatype', null, 'bd_defdoc', '2019-08-14 20:32:05');
INSERT INTO MD_ORMAP (ATTRIBUTEID, CLASSID, COLUMNID, DR, TABLEID, TS) VALUES ('859d9aad-be8f-11e9-8f2c-19b3539592d6', '1001X4100000000CFOGJ', 'bd_defdoc@@@def15', null, 'bd_defdoc', '2019-08-14 20:32:05');
INSERT INTO MD_ORMAP (ATTRIBUTEID, CLASSID, COLUMNID, DR, TABLEID, TS) VALUES ('859d9a9a-be8f-11e9-8f2c-19b3539592d6', '1001X4100000000CFOGJ', 'bd_defdoc@@@pk_org', null, 'bd_defdoc', '2019-08-14 20:32:05');
INSERT INTO MD_ORMAP (ATTRIBUTEID, CLASSID, COLUMNID, DR, TABLEID, TS) VALUES ('859d747e-be8f-11e9-8f2c-19b3539592d6', '1001X4100000000CFOGJ', 'bd_defdoc@@@memo', null, 'bd_defdoc', '2019-08-14 20:32:05');
INSERT INTO MD_ORMAP (ATTRIBUTEID, CLASSID, COLUMNID, DR, TABLEID, TS) VALUES ('859d747a-be8f-11e9-8f2c-19b3539592d6', '1001X4100000000CFOGJ', 'bd_defdoc@@@creator', null, 'bd_defdoc', '2019-08-14 20:32:05');
INSERT INTO MD_ORMAP (ATTRIBUTEID, CLASSID, COLUMNID, DR, TABLEID, TS) VALUES ('859d7482-be8f-11e9-8f2c-19b3539592d6', '1001X4100000000CFOGJ', 'bd_defdoc@@@modifiedtime', null, 'bd_defdoc', '2019-08-14 20:32:05');
INSERT INTO MD_ORMAP (ATTRIBUTEID, CLASSID, COLUMNID, DR, TABLEID, TS) VALUES ('859d9aa5-be8f-11e9-8f2c-19b3539592d6', '1001X4100000000CFOGJ', 'bd_defdoc@@@def7', null, 'bd_defdoc', '2019-08-14 20:32:05');
INSERT INTO MD_ORMAP (ATTRIBUTEID, CLASSID, COLUMNID, DR, TABLEID, TS) VALUES ('859d9aa9-be8f-11e9-8f2c-19b3539592d6', '1001X4100000000CFOGJ', 'bd_defdoc@@@def11', null, 'bd_defdoc', '2019-08-14 20:32:05');
INSERT INTO MD_ORMAP (ATTRIBUTEID, CLASSID, COLUMNID, DR, TABLEID, TS) VALUES ('859d9aaa-be8f-11e9-8f2c-19b3539592d6', '1001X4100000000CFOGJ', 'bd_defdoc@@@def12', null, 'bd_defdoc', '2019-08-14 20:32:05');
INSERT INTO MD_ORMAP (ATTRIBUTEID, CLASSID, COLUMNID, DR, TABLEID, TS) VALUES ('859d9aae-be8f-11e9-8f2c-19b3539592d6', '1001X4100000000CFOGJ', 'bd_defdoc@@@def16', null, 'bd_defdoc', '2019-08-14 20:32:05');
INSERT INTO MD_ORMAP (ATTRIBUTEID, CLASSID, COLUMNID, DR, TABLEID, TS) VALUES ('859d9aaf-be8f-11e9-8f2c-19b3539592d6', '1001X4100000000CFOGJ', 'bd_defdoc@@@def17', null, 'bd_defdoc', '2019-08-14 20:32:05');
INSERT INTO MD_ORMAP (ATTRIBUTEID, CLASSID, COLUMNID, DR, TABLEID, TS) VALUES ('859d7479-be8f-11e9-8f2c-19b3539592d6', '1001X4100000000CFOGJ', 'bd_defdoc@@@creationtime', null, 'bd_defdoc', '2019-08-14 20:32:05');
INSERT INTO MD_ORMAP (ATTRIBUTEID, CLASSID, COLUMNID, DR, TABLEID, TS) VALUES ('859d7480-be8f-11e9-8f2c-19b3539592d6', '1001X4100000000CFOGJ', 'bd_defdoc@@@modifier', null, 'bd_defdoc', '2019-08-14 20:32:05');
INSERT INTO MD_ORMAP (ATTRIBUTEID, CLASSID, COLUMNID, DR, TABLEID, TS) VALUES ('859d9aa3-be8f-11e9-8f2c-19b3539592d6', '1001X4100000000CFOGJ', 'bd_defdoc@@@def5', null, 'bd_defdoc', '2019-08-14 20:32:05');
INSERT INTO MD_ORMAP (ATTRIBUTEID, CLASSID, COLUMNID, DR, TABLEID, TS) VALUES ('859d9ab2-be8f-11e9-8f2c-19b3539592d6', '1001X4100000000CFOGJ', 'bd_defdoc@@@def20', null, 'bd_defdoc', '2019-08-14 20:32:05');
INSERT INTO MD_ORMAP (ATTRIBUTEID, CLASSID, COLUMNID, DR, TABLEID, TS) VALUES ('859d9a9d-be8f-11e9-8f2c-19b3539592d6', '1001X4100000000CFOGJ', 'bd_defdoc@@@dataoriginflag', null, 'bd_defdoc', '2019-08-14 20:32:05');
INSERT INTO MD_ORMAP (ATTRIBUTEID, CLASSID, COLUMNID, DR, TABLEID, TS) VALUES ('859d9aa4-be8f-11e9-8f2c-19b3539592d6', '1001X4100000000CFOGJ', 'bd_defdoc@@@def6', null, 'bd_defdoc', '2019-08-14 20:32:05');
INSERT INTO MD_ORMAP (ATTRIBUTEID, CLASSID, COLUMNID, DR, TABLEID, TS) VALUES ('859d9aa7-be8f-11e9-8f2c-19b3539592d6', '1001X4100000000CFOGJ', 'bd_defdoc@@@def9', null, 'bd_defdoc', '2019-08-14 20:32:05');
INSERT INTO MD_ORMAP (ATTRIBUTEID, CLASSID, COLUMNID, DR, TABLEID, TS) VALUES ('859d9aab-be8f-11e9-8f2c-19b3539592d6', '1001X4100000000CFOGJ', 'bd_defdoc@@@def13', null, 'bd_defdoc', '2019-08-14 20:32:05');
INSERT INTO MD_ORMAP (ATTRIBUTEID, CLASSID, COLUMNID, DR, TABLEID, TS) VALUES ('859d9a99-be8f-11e9-8f2c-19b3539592d6', '1001X4100000000CFOGJ', 'bd_defdoc@@@pk_group', null, 'bd_defdoc', '2019-08-14 20:32:05');
INSERT INTO MD_ORMAP (ATTRIBUTEID, CLASSID, COLUMNID, DR, TABLEID, TS) VALUES ('859d7476-be8f-11e9-8f2c-19b3539592d6', '1001X4100000000CFOGJ', 'bd_defdoc@@@code', null, 'bd_defdoc', '2019-08-14 20:32:05');
INSERT INTO MD_ORMAP (ATTRIBUTEID, CLASSID, COLUMNID, DR, TABLEID, TS) VALUES ('859d7484-be8f-11e9-8f2c-19b3539592d6', '1001X4100000000CFOGJ', 'bd_defdoc@@@shortname', null, 'bd_defdoc', '2019-08-14 20:32:05');
INSERT INTO MD_ORMAP (ATTRIBUTEID, CLASSID, COLUMNID, DR, TABLEID, TS) VALUES ('859d9a96-be8f-11e9-8f2c-19b3539592d6', '1001X4100000000CFOGJ', 'bd_defdoc@@@pid', null, 'bd_defdoc', '2019-08-14 20:32:05');
INSERT INTO MD_ORMAP (ATTRIBUTEID, CLASSID, COLUMNID, DR, TABLEID, TS) VALUES ('859d9ab0-be8f-11e9-8f2c-19b3539592d6', '1001X4100000000CFOGJ', 'bd_defdoc@@@def18', null, 'bd_defdoc', '2019-08-14 20:32:05');
INSERT INTO MD_ORMAP (ATTRIBUTEID, CLASSID, COLUMNID, DR, TABLEID, TS) VALUES ('859d9a98-be8f-11e9-8f2c-19b3539592d6', '1001X4100000000CFOGJ', 'bd_defdoc@@@pk_defdoclist', null, 'bd_defdoc', '2019-08-14 20:32:05');
INSERT INTO MD_ORMAP (ATTRIBUTEID, CLASSID, COLUMNID, DR, TABLEID, TS) VALUES ('859d9aa0-be8f-11e9-8f2c-19b3539592d6', '1001X4100000000CFOGJ', 'bd_defdoc@@@def2', null, 'bd_defdoc', '2019-08-14 20:32:05');
INSERT INTO MD_ORMAP (ATTRIBUTEID, CLASSID, COLUMNID, DR, TABLEID, TS) VALUES ('859d9aa2-be8f-11e9-8f2c-19b3539592d6', '1001X4100000000CFOGJ', 'bd_defdoc@@@def4', null, 'bd_defdoc', '2019-08-14 20:32:05');
INSERT INTO MD_ORMAP (ATTRIBUTEID, CLASSID, COLUMNID, DR, TABLEID, TS) VALUES ('859d9aa8-be8f-11e9-8f2c-19b3539592d6', '1001X4100000000CFOGJ', 'bd_defdoc@@@def10', null, 'bd_defdoc', '2019-08-14 20:32:05');
INSERT INTO MD_ORMAP (ATTRIBUTEID, CLASSID, COLUMNID, DR, TABLEID, TS) VALUES ('859d9aa1-be8f-11e9-8f2c-19b3539592d6', '1001X4100000000CFOGJ', 'bd_defdoc@@@def3', null, 'bd_defdoc', '2019-08-14 20:32:05');
INSERT INTO MD_ORMAP (ATTRIBUTEID, CLASSID, COLUMNID, DR, TABLEID, TS) VALUES ('859d9aa6-be8f-11e9-8f2c-19b3539592d6', '1001X4100000000CFOGJ', 'bd_defdoc@@@def8', null, 'bd_defdoc', '2019-08-14 20:32:05');
INSERT INTO MD_ORMAP (ATTRIBUTEID, CLASSID, COLUMNID, DR, TABLEID, TS) VALUES ('859d9aac-be8f-11e9-8f2c-19b3539592d6', '1001X4100000000CFOGJ', 'bd_defdoc@@@def14', null, 'bd_defdoc', '2019-08-14 20:32:05');
INSERT INTO MD_ORMAP (ATTRIBUTEID, CLASSID, COLUMNID, DR, TABLEID, TS) VALUES ('859d7483-be8f-11e9-8f2c-19b3539592d6', '1001X4100000000CFOGJ', 'bd_defdoc@@@name', null, 'bd_defdoc', '2019-08-14 20:32:05');
INSERT INTO MD_ORMAP (ATTRIBUTEID, CLASSID, COLUMNID, DR, TABLEID, TS) VALUES ('859d9a9b-be8f-11e9-8f2c-19b3539592d6', '1001X4100000000CFOGJ', 'bd_defdoc@@@enablestate', null, 'bd_defdoc', '2019-08-14 20:32:05');
INSERT INTO MD_ORMAP (ATTRIBUTEID, CLASSID, COLUMNID, DR, TABLEID, TS) VALUES ('859d9a9f-be8f-11e9-8f2c-19b3539592d6', '1001X4100000000CFOGJ', 'bd_defdoc@@@def1', null, 'bd_defdoc', '2019-08-14 20:32:05');
INSERT INTO MD_ORMAP (ATTRIBUTEID, CLASSID, COLUMNID, DR, TABLEID, TS) VALUES ('859d9ab1-be8f-11e9-8f2c-19b3539592d6', '1001X4100000000CFOGJ', 'bd_defdoc@@@def19', null, 'bd_defdoc', '2019-08-14 20:32:05');
INSERT INTO MD_PROPERTY (ACCESSORCLASSNAME, ACCESSPOWER, ACCESSPOWERGROUP, ATTRLENGTH, ATTRMAXVALUE, ATTRMINVALUE, ATTRSEQUENCE, CALCULATION, CLASSID, CREATEINDUSTRY, CREATETIME, CREATOR, CUSTOMATTR, DATATYPE, DATATYPESTYLE, DEFAULTVALUE, DESCRIPTION, DISPLAYNAME, DR, DYNAMICATTR, DYNAMICTABLE, FIXEDLENGTH, HELP, HIDED, ID, INDUSTRY, ISACTIVE, ISAUTHEN, MODIFIER, MODIFYTIME, NAME, NOTSERIALIZE, NULLABLE, PRECISE, READONLY, REFMODELNAME, RESID, TS, VERSIONTYPE, VISIBILITY) VALUES (null, 'N', null, 20, null, null, 0, 'N', '1001X4100000000CFOGJ', '0', null, null, 'N', 'BS000010000100001051', 300, null, null, '自定义档案主键', null, 'N', null, 'N', null, 'N', '859d747d-be8f-11e9-8f2c-19b3539592d6', '0', 'Y', null, null, null, 'pk_defdoc', 'N', 'N', 0, 'N', null, '2UC000-000747', '2019-08-14 20:32:04', 0, 0);
INSERT INTO MD_PROPERTY (ACCESSORCLASSNAME, ACCESSPOWER, ACCESSPOWERGROUP, ATTRLENGTH, ATTRMAXVALUE, ATTRMINVALUE, ATTRSEQUENCE, CALCULATION, CLASSID, CREATEINDUSTRY, CREATETIME, CREATOR, CUSTOMATTR, DATATYPE, DATATYPESTYLE, DEFAULTVALUE, DESCRIPTION, DISPLAYNAME, DR, DYNAMICATTR, DYNAMICTABLE, FIXEDLENGTH, HELP, HIDED, ID, INDUSTRY, ISACTIVE, ISAUTHEN, MODIFIER, MODIFYTIME, NAME, NOTSERIALIZE, NULLABLE, PRECISE, READONLY, REFMODELNAME, RESID, TS, VERSIONTYPE, VISIBILITY) VALUES (null, 'N', null, 20, null, null, 1, 'N', '1001X4100000000CFOGJ', '0', null, null, 'N', '16c1dca0-e3ed-4dcc-8ed7-75fd59e2bef1', 305, null, null, '自定义档案列表主键', null, 'N', null, 'N', null, 'N', '859d9a98-be8f-11e9-8f2c-19b3539592d6', '0', 'Y', null, null, null, 'pk_defdoclist', 'N', 'N', 0, 'N', '自定义档案列表', '2UC000-000748', '2019-08-14 20:32:04', 0, 0);
INSERT INTO MD_PROPERTY (ACCESSORCLASSNAME, ACCESSPOWER, ACCESSPOWERGROUP, ATTRLENGTH, ATTRMAXVALUE, ATTRMINVALUE, ATTRSEQUENCE, CALCULATION, CLASSID, CREATEINDUSTRY, CREATETIME, CREATOR, CUSTOMATTR, DATATYPE, DATATYPESTYLE, DEFAULTVALUE, DESCRIPTION, DISPLAYNAME, DR, DYNAMICATTR, DYNAMICTABLE, FIXEDLENGTH, HELP, HIDED, ID, INDUSTRY, ISACTIVE, ISAUTHEN, MODIFIER, MODIFYTIME, NAME, NOTSERIALIZE, NULLABLE, PRECISE, READONLY, REFMODELNAME, RESID, TS, VERSIONTYPE, VISIBILITY) VALUES (null, 'N', null, 20, null, null, 2, 'N', '1001X4100000000CFOGJ', '0', null, null, 'N', '985be8a4-3a36-4778-8afe-2d8ed3902659', 305, null, null, '所属组织', null, 'N', null, 'N', null, 'N', '859d9a9a-be8f-11e9-8f2c-19b3539592d6', '0', 'Y', null, null, null, 'pk_org', 'N', 'N', 0, 'N', '业务单元', '2UC000-000360', '2019-08-14 20:32:04', 0, 0);
INSERT INTO MD_PROPERTY (ACCESSORCLASSNAME, ACCESSPOWER, ACCESSPOWERGROUP, ATTRLENGTH, ATTRMAXVALUE, ATTRMINVALUE, ATTRSEQUENCE, CALCULATION, CLASSID, CREATEINDUSTRY, CREATETIME, CREATOR, CUSTOMATTR, DATATYPE, DATATYPESTYLE, DEFAULTVALUE, DESCRIPTION, DISPLAYNAME, DR, DYNAMICATTR, DYNAMICTABLE, FIXEDLENGTH, HELP, HIDED, ID, INDUSTRY, ISACTIVE, ISAUTHEN, MODIFIER, MODIFYTIME, NAME, NOTSERIALIZE, NULLABLE, PRECISE, READONLY, REFMODELNAME, RESID, TS, VERSIONTYPE, VISIBILITY) VALUES (null, 'N', null, 20, null, null, 3, 'N', '1001X4100000000CFOGJ', '0', null, null, 'N', '3b6dd171-2900-47f3-bfbe-41e4483a2a65', 305, null, null, '所属集团', null, 'N', null, 'N', null, 'N', '859d9a99-be8f-11e9-8f2c-19b3539592d6', '0', 'Y', null, null, null, 'pk_group', 'N', 'Y', 0, 'N', '集团', '2UC000-000367', '2019-08-14 20:32:04', 0, 0);
INSERT INTO MD_PROPERTY (ACCESSORCLASSNAME, ACCESSPOWER, ACCESSPOWERGROUP, ATTRLENGTH, ATTRMAXVALUE, ATTRMINVALUE, ATTRSEQUENCE, CALCULATION, CLASSID, CREATEINDUSTRY, CREATETIME, CREATOR, CUSTOMATTR, DATATYPE, DATATYPESTYLE, DEFAULTVALUE, DESCRIPTION, DISPLAYNAME, DR, DYNAMICATTR, DYNAMICTABLE, FIXEDLENGTH, HELP, HIDED, ID, INDUSTRY, ISACTIVE, ISAUTHEN, MODIFIER, MODIFYTIME, NAME, NOTSERIALIZE, NULLABLE, PRECISE, READONLY, REFMODELNAME, RESID, TS, VERSIONTYPE, VISIBILITY) VALUES (null, 'N', null, 40, null, null, 4, 'N', '1001X4100000000CFOGJ', '0', null, null, 'N', 'BS000010000100001001', 300, null, null, '档案编码', null, 'N', null, 'N', 'URC', 'N', '859d7476-be8f-11e9-8f2c-19b3539592d6', '0', 'Y', null, null, null, 'code', 'N', 'N', 0, 'N', null, '2UC000-000557', '2019-08-14 20:32:04', 0, 0);
INSERT INTO MD_PROPERTY (ACCESSORCLASSNAME, ACCESSPOWER, ACCESSPOWERGROUP, ATTRLENGTH, ATTRMAXVALUE, ATTRMINVALUE, ATTRSEQUENCE, CALCULATION, CLASSID, CREATEINDUSTRY, CREATETIME, CREATOR, CUSTOMATTR, DATATYPE, DATATYPESTYLE, DEFAULTVALUE, DESCRIPTION, DISPLAYNAME, DR, DYNAMICATTR, DYNAMICTABLE, FIXEDLENGTH, HELP, HIDED, ID, INDUSTRY, ISACTIVE, ISAUTHEN, MODIFIER, MODIFYTIME, NAME, NOTSERIALIZE, NULLABLE, PRECISE, READONLY, REFMODELNAME, RESID, TS, VERSIONTYPE, VISIBILITY) VALUES (null, 'N', null, 200, null, null, 5, 'N', '1001X4100000000CFOGJ', '0', null, null, 'N', 'BS000010000100001058', 300, null, null, '档案名称', null, 'N', null, 'N', 'URC', 'N', '859d7483-be8f-11e9-8f2c-19b3539592d6', '0', 'Y', null, null, null, 'name', 'N', 'Y', 0, 'N', null, '2UC000-000556', '2019-08-14 20:32:04', 0, 0);
INSERT INTO MD_PROPERTY (ACCESSORCLASSNAME, ACCESSPOWER, ACCESSPOWERGROUP, ATTRLENGTH, ATTRMAXVALUE, ATTRMINVALUE, ATTRSEQUENCE, CALCULATION, CLASSID, CREATEINDUSTRY, CREATETIME, CREATOR, CUSTOMATTR, DATATYPE, DATATYPESTYLE, DEFAULTVALUE, DESCRIPTION, DISPLAYNAME, DR, DYNAMICATTR, DYNAMICTABLE, FIXEDLENGTH, HELP, HIDED, ID, INDUSTRY, ISACTIVE, ISAUTHEN, MODIFIER, MODIFYTIME, NAME, NOTSERIALIZE, NULLABLE, PRECISE, READONLY, REFMODELNAME, RESID, TS, VERSIONTYPE, VISIBILITY) VALUES (null, 'N', null, 200, null, null, 6, 'N', '1001X4100000000CFOGJ', '0', null, null, 'N', 'BS000010000100001058', 300, null, null, '简称', null, 'N', null, 'N', null, 'N', '859d7484-be8f-11e9-8f2c-19b3539592d6', '0', 'Y', null, null, null, 'shortname', 'N', 'Y', 0, 'N', null, '2UC000-000675', '2019-08-14 20:32:04', 0, 0);
INSERT INTO MD_PROPERTY (ACCESSORCLASSNAME, ACCESSPOWER, ACCESSPOWERGROUP, ATTRLENGTH, ATTRMAXVALUE, ATTRMINVALUE, ATTRSEQUENCE, CALCULATION, CLASSID, CREATEINDUSTRY, CREATETIME, CREATOR, CUSTOMATTR, DATATYPE, DATATYPESTYLE, DEFAULTVALUE, DESCRIPTION, DISPLAYNAME, DR, DYNAMICATTR, DYNAMICTABLE, FIXEDLENGTH, HELP, HIDED, ID, INDUSTRY, ISACTIVE, ISAUTHEN, MODIFIER, MODIFYTIME, NAME, NOTSERIALIZE, NULLABLE, PRECISE, READONLY, REFMODELNAME, RESID, TS, VERSIONTYPE, VISIBILITY) VALUES (null, 'N', null, 50, null, null, 7, 'N', '1001X4100000000CFOGJ', '0', null, null, 'N', 'BS000010000100001001', 300, null, null, '助记码', null, 'N', null, 'N', null, 'N', '859d747f-be8f-11e9-8f2c-19b3539592d6', '0', 'Y', null, null, null, 'mnecode', 'N', 'Y', 0, 'N', null, '2UC000-000172', '2019-08-14 20:32:04', 0, 0);
INSERT INTO MD_PROPERTY (ACCESSORCLASSNAME, ACCESSPOWER, ACCESSPOWERGROUP, ATTRLENGTH, ATTRMAXVALUE, ATTRMINVALUE, ATTRSEQUENCE, CALCULATION, CLASSID, CREATEINDUSTRY, CREATETIME, CREATOR, CUSTOMATTR, DATATYPE, DATATYPESTYLE, DEFAULTVALUE, DESCRIPTION, DISPLAYNAME, DR, DYNAMICATTR, DYNAMICTABLE, FIXEDLENGTH, HELP, HIDED, ID, INDUSTRY, ISACTIVE, ISAUTHEN, MODIFIER, MODIFYTIME, NAME, NOTSERIALIZE, NULLABLE, PRECISE, READONLY, REFMODELNAME, RESID, TS, VERSIONTYPE, VISIBILITY) VALUES (null, 'N', null, 20, null, null, 8, 'N', '1001X4100000000CFOGJ', '0', null, null, 'N', 'BS000010000100001001', 300, null, null, '上级档案', null, 'N', null, 'N', null, 'N', '859d9a96-be8f-11e9-8f2c-19b3539592d6', '0', 'Y', null, null, null, 'pid', 'N', 'Y', 0, 'N', null, '2UC000-000007', '2019-08-14 20:32:04', 0, 0);
INSERT INTO MD_PROPERTY (ACCESSORCLASSNAME, ACCESSPOWER, ACCESSPOWERGROUP, ATTRLENGTH, ATTRMAXVALUE, ATTRMINVALUE, ATTRSEQUENCE, CALCULATION, CLASSID, CREATEINDUSTRY, CREATETIME, CREATOR, CUSTOMATTR, DATATYPE, DATATYPESTYLE, DEFAULTVALUE, DESCRIPTION, DISPLAYNAME, DR, DYNAMICATTR, DYNAMICTABLE, FIXEDLENGTH, HELP, HIDED, ID, INDUSTRY, ISACTIVE, ISAUTHEN, MODIFIER, MODIFYTIME, NAME, NOTSERIALIZE, NULLABLE, PRECISE, READONLY, REFMODELNAME, RESID, TS, VERSIONTYPE, VISIBILITY) VALUES (null, 'N', null, 200, null, null, 9, 'N', '1001X4100000000CFOGJ', '0', null, null, 'N', 'BS000010000100001001', 300, null, null, '备注', null, 'N', null, 'N', null, 'N', '859d747e-be8f-11e9-8f2c-19b3539592d6', '0', 'Y', null, null, null, 'memo', 'N', 'Y', 0, 'N', null, '2UC000-000258', '2019-08-14 20:32:04', 0, 0);
INSERT INTO MD_PROPERTY (ACCESSORCLASSNAME, ACCESSPOWER, ACCESSPOWERGROUP, ATTRLENGTH, ATTRMAXVALUE, ATTRMINVALUE, ATTRSEQUENCE, CALCULATION, CLASSID, CREATEINDUSTRY, CREATETIME, CREATOR, CUSTOMATTR, DATATYPE, DATATYPESTYLE, DEFAULTVALUE, DESCRIPTION, DISPLAYNAME, DR, DYNAMICATTR, DYNAMICTABLE, FIXEDLENGTH, HELP, HIDED, ID, INDUSTRY, ISACTIVE, ISAUTHEN, MODIFIER, MODIFYTIME, NAME, NOTSERIALIZE, NULLABLE, PRECISE, READONLY, REFMODELNAME, RESID, TS, VERSIONTYPE, VISIBILITY) VALUES (null, 'N', null, 20, null, null, 10, 'N', '1001X4100000000CFOGJ', '0', null, null, 'N', 'f6f9a473-56c0-432f-8bc7-fbf8fde54fee', 305, null, null, '创建人', null, 'N', null, 'N', null, 'N', '859d747a-be8f-11e9-8f2c-19b3539592d6', '0', 'Y', null, null, null, 'creator', 'N', 'Y', 0, 'N', '用户', '2UC000-000155', '2019-08-14 20:32:04', 0, 0);
INSERT INTO MD_PROPERTY (ACCESSORCLASSNAME, ACCESSPOWER, ACCESSPOWERGROUP, ATTRLENGTH, ATTRMAXVALUE, ATTRMINVALUE, ATTRSEQUENCE, CALCULATION, CLASSID, CREATEINDUSTRY, CREATETIME, CREATOR, CUSTOMATTR, DATATYPE, DATATYPESTYLE, DEFAULTVALUE, DESCRIPTION, DISPLAYNAME, DR, DYNAMICATTR, DYNAMICTABLE, FIXEDLENGTH, HELP, HIDED, ID, INDUSTRY, ISACTIVE, ISAUTHEN, MODIFIER, MODIFYTIME, NAME, NOTSERIALIZE, NULLABLE, PRECISE, READONLY, REFMODELNAME, RESID, TS, VERSIONTYPE, VISIBILITY) VALUES (null, 'N', null, 19, null, null, 11, 'N', '1001X4100000000CFOGJ', '0', null, null, 'N', 'BS000010000100001034', 300, null, null, '创建时间', null, 'N', null, 'N', null, 'N', '859d7479-be8f-11e9-8f2c-19b3539592d6', '0', 'Y', null, null, null, 'creationtime', 'N', 'Y', 0, 'N', null, '2UC000-000157', '2019-08-14 20:32:04', 0, 0);
INSERT INTO MD_PROPERTY (ACCESSORCLASSNAME, ACCESSPOWER, ACCESSPOWERGROUP, ATTRLENGTH, ATTRMAXVALUE, ATTRMINVALUE, ATTRSEQUENCE, CALCULATION, CLASSID, CREATEINDUSTRY, CREATETIME, CREATOR, CUSTOMATTR, DATATYPE, DATATYPESTYLE, DEFAULTVALUE, DESCRIPTION, DISPLAYNAME, DR, DYNAMICATTR, DYNAMICTABLE, FIXEDLENGTH, HELP, HIDED, ID, INDUSTRY, ISACTIVE, ISAUTHEN, MODIFIER, MODIFYTIME, NAME, NOTSERIALIZE, NULLABLE, PRECISE, READONLY, REFMODELNAME, RESID, TS, VERSIONTYPE, VISIBILITY) VALUES (null, 'N', null, 20, null, null, 12, 'N', '1001X4100000000CFOGJ', '0', null, null, 'N', 'f6f9a473-56c0-432f-8bc7-fbf8fde54fee', 305, null, null, '最后修改人', null, 'N', null, 'N', null, 'N', '859d7480-be8f-11e9-8f2c-19b3539592d6', '0', 'Y', null, null, null, 'modifier', 'N', 'Y', 0, 'N', '用户', '2UC000-000490', '2019-08-14 20:32:04', 0, 0);
INSERT INTO MD_PROPERTY (ACCESSORCLASSNAME, ACCESSPOWER, ACCESSPOWERGROUP, ATTRLENGTH, ATTRMAXVALUE, ATTRMINVALUE, ATTRSEQUENCE, CALCULATION, CLASSID, CREATEINDUSTRY, CREATETIME, CREATOR, CUSTOMATTR, DATATYPE, DATATYPESTYLE, DEFAULTVALUE, DESCRIPTION, DISPLAYNAME, DR, DYNAMICATTR, DYNAMICTABLE, FIXEDLENGTH, HELP, HIDED, ID, INDUSTRY, ISACTIVE, ISAUTHEN, MODIFIER, MODIFYTIME, NAME, NOTSERIALIZE, NULLABLE, PRECISE, READONLY, REFMODELNAME, RESID, TS, VERSIONTYPE, VISIBILITY) VALUES (null, 'N', null, 19, null, null, 13, 'N', '1001X4100000000CFOGJ', '0', null, null, 'N', 'BS000010000100001034', 300, null, null, '最后修改时间', null, 'N', null, 'N', null, 'N', '859d7482-be8f-11e9-8f2c-19b3539592d6', '0', 'Y', null, null, null, 'modifiedtime', 'N', 'Y', 0, 'N', null, '2UC000-000491', '2019-08-14 20:32:04', 0, 0);
INSERT INTO MD_PROPERTY (ACCESSORCLASSNAME, ACCESSPOWER, ACCESSPOWERGROUP, ATTRLENGTH, ATTRMAXVALUE, ATTRMINVALUE, ATTRSEQUENCE, CALCULATION, CLASSID, CREATEINDUSTRY, CREATETIME, CREATOR, CUSTOMATTR, DATATYPE, DATATYPESTYLE, DEFAULTVALUE, DESCRIPTION, DISPLAYNAME, DR, DYNAMICATTR, DYNAMICTABLE, FIXEDLENGTH, HELP, HIDED, ID, INDUSTRY, ISACTIVE, ISAUTHEN, MODIFIER, MODIFYTIME, NAME, NOTSERIALIZE, NULLABLE, PRECISE, READONLY, REFMODELNAME, RESID, TS, VERSIONTYPE, VISIBILITY) VALUES (null, 'N', null, 200, null, null, 14, 'N', '1001X4100000000CFOGJ', '0', null, null, 'N', 'BS000010000100001001', 300, null, null, '内部编码', null, 'N', null, 'N', null, 'N', '859d747c-be8f-11e9-8f2c-19b3539592d6', '0', 'Y', null, null, null, 'innercode', 'N', 'Y', 0, 'N', null, '2UC000-000136', '2019-08-14 20:32:04', 0, 0);
INSERT INTO MD_PROPERTY (ACCESSORCLASSNAME, ACCESSPOWER, ACCESSPOWERGROUP, ATTRLENGTH, ATTRMAXVALUE, ATTRMINVALUE, ATTRSEQUENCE, CALCULATION, CLASSID, CREATEINDUSTRY, CREATETIME, CREATOR, CUSTOMATTR, DATATYPE, DATATYPESTYLE, DEFAULTVALUE, DESCRIPTION, DISPLAYNAME, DR, DYNAMICATTR, DYNAMICTABLE, FIXEDLENGTH, HELP, HIDED, ID, INDUSTRY, ISACTIVE, ISAUTHEN, MODIFIER, MODIFYTIME, NAME, NOTSERIALIZE, NULLABLE, PRECISE, READONLY, REFMODELNAME, RESID, TS, VERSIONTYPE, VISIBILITY) VALUES (null, 'N', null, 0, null, null, 15, 'N', '1001X4100000000CFOGJ', '0', null, null, 'N', '6b533ffa-3e43-4147-8670-ba0f5471fd40', 300, null, null, '启用状态', null, 'N', null, 'N', null, 'N', '859d9a9b-be8f-11e9-8f2c-19b3539592d6', '0', 'Y', null, null, null, 'enablestate', 'N', 'Y', 0, 'N', null, '2UC000-000249', '2019-08-14 20:32:04', 0, 0);
INSERT INTO MD_PROPERTY (ACCESSORCLASSNAME, ACCESSPOWER, ACCESSPOWERGROUP, ATTRLENGTH, ATTRMAXVALUE, ATTRMINVALUE, ATTRSEQUENCE, CALCULATION, CLASSID, CREATEINDUSTRY, CREATETIME, CREATOR, CUSTOMATTR, DATATYPE, DATATYPESTYLE, DEFAULTVALUE, DESCRIPTION, DISPLAYNAME, DR, DYNAMICATTR, DYNAMICTABLE, FIXEDLENGTH, HELP, HIDED, ID, INDUSTRY, ISACTIVE, ISAUTHEN, MODIFIER, MODIFYTIME, NAME, NOTSERIALIZE, NULLABLE, PRECISE, READONLY, REFMODELNAME, RESID, TS, VERSIONTYPE, VISIBILITY) VALUES (null, 'N', null, 0, null, null, 16, 'N', '1001X4100000000CFOGJ', '0', null, null, 'N', 'BS000010000100001004', 300, null, null, '分布式', null, 'N', null, 'N', null, 'N', '859d9a9d-be8f-11e9-8f2c-19b3539592d6', '0', 'Y', null, null, null, 'dataoriginflag', 'N', 'Y', 0, 'N', null, '2UC000-000151', '2019-08-14 20:32:04', 0, 0);
INSERT INTO MD_PROPERTY (ACCESSORCLASSNAME, ACCESSPOWER, ACCESSPOWERGROUP, ATTRLENGTH, ATTRMAXVALUE, ATTRMINVALUE, ATTRSEQUENCE, CALCULATION, CLASSID, CREATEINDUSTRY, CREATETIME, CREATOR, CUSTOMATTR, DATATYPE, DATATYPESTYLE, DEFAULTVALUE, DESCRIPTION, DISPLAYNAME, DR, DYNAMICATTR, DYNAMICTABLE, FIXEDLENGTH, HELP, HIDED, ID, INDUSTRY, ISACTIVE, ISAUTHEN, MODIFIER, MODIFYTIME, NAME, NOTSERIALIZE, NULLABLE, PRECISE, READONLY, REFMODELNAME, RESID, TS, VERSIONTYPE, VISIBILITY) VALUES (null, 'N', null, 0, null, null, 17, 'N', '1001X4100000000CFOGJ', '0', null, null, 'N', 'ba3f1197-8584-445d-88a0-102e505f94e5', 300, '1', null, '数据类型', null, 'N', null, 'N', null, 'N', '859d9a9e-be8f-11e9-8f2c-19b3539592d6', '0', 'Y', null, null, null, 'datatype', 'N', 'Y', 0, 'N', null, '2UC000-000458', '2019-08-14 20:32:04', 0, 0);
INSERT INTO MD_PROPERTY (ACCESSORCLASSNAME, ACCESSPOWER, ACCESSPOWERGROUP, ATTRLENGTH, ATTRMAXVALUE, ATTRMINVALUE, ATTRSEQUENCE, CALCULATION, CLASSID, CREATEINDUSTRY, CREATETIME, CREATOR, CUSTOMATTR, DATATYPE, DATATYPESTYLE, DEFAULTVALUE, DESCRIPTION, DISPLAYNAME, DR, DYNAMICATTR, DYNAMICTABLE, FIXEDLENGTH, HELP, HIDED, ID, INDUSTRY, ISACTIVE, ISAUTHEN, MODIFIER, MODIFYTIME, NAME, NOTSERIALIZE, NULLABLE, PRECISE, READONLY, REFMODELNAME, RESID, TS, VERSIONTYPE, VISIBILITY) VALUES (null, 'N', null, 101, null, null, 18, 'N', '1001X4100000000CFOGJ', '0', null, null, 'Y', 'BS000010000100001056', 300, null, null, '自定义项1', null, 'N', null, 'N', null, 'N', '859d9a9f-be8f-11e9-8f2c-19b3539592d6', '0', 'Y', null, null, null, 'def1', 'N', 'Y', 0, 'N', null, null, '2019-08-14 20:32:04', -1, 0);
INSERT INTO MD_PROPERTY (ACCESSORCLASSNAME, ACCESSPOWER, ACCESSPOWERGROUP, ATTRLENGTH, ATTRMAXVALUE, ATTRMINVALUE, ATTRSEQUENCE, CALCULATION, CLASSID, CREATEINDUSTRY, CREATETIME, CREATOR, CUSTOMATTR, DATATYPE, DATATYPESTYLE, DEFAULTVALUE, DESCRIPTION, DISPLAYNAME, DR, DYNAMICATTR, DYNAMICTABLE, FIXEDLENGTH, HELP, HIDED, ID, INDUSTRY, ISACTIVE, ISAUTHEN, MODIFIER, MODIFYTIME, NAME, NOTSERIALIZE, NULLABLE, PRECISE, READONLY, REFMODELNAME, RESID, TS, VERSIONTYPE, VISIBILITY) VALUES (null, 'N', null, 101, null, null, 19, 'N', '1001X4100000000CFOGJ', '0', null, null, 'Y', 'BS000010000100001056', 300, null, null, '自定义项2', null, 'N', null, 'N', null, 'N', '859d9aa0-be8f-11e9-8f2c-19b3539592d6', '0', 'Y', null, null, null, 'def2', 'N', 'Y', 0, 'N', null, null, '2019-08-14 20:32:04', -1, 0);
INSERT INTO MD_PROPERTY (ACCESSORCLASSNAME, ACCESSPOWER, ACCESSPOWERGROUP, ATTRLENGTH, ATTRMAXVALUE, ATTRMINVALUE, ATTRSEQUENCE, CALCULATION, CLASSID, CREATEINDUSTRY, CREATETIME, CREATOR, CUSTOMATTR, DATATYPE, DATATYPESTYLE, DEFAULTVALUE, DESCRIPTION, DISPLAYNAME, DR, DYNAMICATTR, DYNAMICTABLE, FIXEDLENGTH, HELP, HIDED, ID, INDUSTRY, ISACTIVE, ISAUTHEN, MODIFIER, MODIFYTIME, NAME, NOTSERIALIZE, NULLABLE, PRECISE, READONLY, REFMODELNAME, RESID, TS, VERSIONTYPE, VISIBILITY) VALUES (null, 'N', null, 101, null, null, 20, 'N', '1001X4100000000CFOGJ', '0', null, null, 'Y', 'BS000010000100001056', 300, null, null, '自定义项3', null, 'N', null, 'N', null, 'N', '859d9aa1-be8f-11e9-8f2c-19b3539592d6', '0', 'Y', null, null, null, 'def3', 'N', 'Y', 0, 'N', null, null, '2019-08-14 20:32:04', -1, 0);
INSERT INTO MD_PROPERTY (ACCESSORCLASSNAME, ACCESSPOWER, ACCESSPOWERGROUP, ATTRLENGTH, ATTRMAXVALUE, ATTRMINVALUE, ATTRSEQUENCE, CALCULATION, CLASSID, CREATEINDUSTRY, CREATETIME, CREATOR, CUSTOMATTR, DATATYPE, DATATYPESTYLE, DEFAULTVALUE, DESCRIPTION, DISPLAYNAME, DR, DYNAMICATTR, DYNAMICTABLE, FIXEDLENGTH, HELP, HIDED, ID, INDUSTRY, ISACTIVE, ISAUTHEN, MODIFIER, MODIFYTIME, NAME, NOTSERIALIZE, NULLABLE, PRECISE, READONLY, REFMODELNAME, RESID, TS, VERSIONTYPE, VISIBILITY) VALUES (null, 'N', null, 101, null, null, 21, 'N', '1001X4100000000CFOGJ', '0', null, null, 'Y', 'BS000010000100001056', 300, null, null, '自定义项4', null, 'N', null, 'N', null, 'N', '859d9aa2-be8f-11e9-8f2c-19b3539592d6', '0', 'Y', null, null, null, 'def4', 'N', 'Y', 0, 'N', null, null, '2019-08-14 20:32:04', -1, 0);
INSERT INTO MD_PROPERTY (ACCESSORCLASSNAME, ACCESSPOWER, ACCESSPOWERGROUP, ATTRLENGTH, ATTRMAXVALUE, ATTRMINVALUE, ATTRSEQUENCE, CALCULATION, CLASSID, CREATEINDUSTRY, CREATETIME, CREATOR, CUSTOMATTR, DATATYPE, DATATYPESTYLE, DEFAULTVALUE, DESCRIPTION, DISPLAYNAME, DR, DYNAMICATTR, DYNAMICTABLE, FIXEDLENGTH, HELP, HIDED, ID, INDUSTRY, ISACTIVE, ISAUTHEN, MODIFIER, MODIFYTIME, NAME, NOTSERIALIZE, NULLABLE, PRECISE, READONLY, REFMODELNAME, RESID, TS, VERSIONTYPE, VISIBILITY) VALUES (null, 'N', null, 101, null, null, 22, 'N', '1001X4100000000CFOGJ', '0', null, null, 'Y', 'BS000010000100001056', 300, null, null, '自定义项5', null, 'N', null, 'N', null, 'N', '859d9aa3-be8f-11e9-8f2c-19b3539592d6', '0', 'Y', null, null, null, 'def5', 'N', 'Y', 0, 'N', null, null, '2019-08-14 20:32:04', -1, 0);
INSERT INTO MD_PROPERTY (ACCESSORCLASSNAME, ACCESSPOWER, ACCESSPOWERGROUP, ATTRLENGTH, ATTRMAXVALUE, ATTRMINVALUE, ATTRSEQUENCE, CALCULATION, CLASSID, CREATEINDUSTRY, CREATETIME, CREATOR, CUSTOMATTR, DATATYPE, DATATYPESTYLE, DEFAULTVALUE, DESCRIPTION, DISPLAYNAME, DR, DYNAMICATTR, DYNAMICTABLE, FIXEDLENGTH, HELP, HIDED, ID, INDUSTRY, ISACTIVE, ISAUTHEN, MODIFIER, MODIFYTIME, NAME, NOTSERIALIZE, NULLABLE, PRECISE, READONLY, REFMODELNAME, RESID, TS, VERSIONTYPE, VISIBILITY) VALUES (null, 'N', null, 101, null, null, 23, 'N', '1001X4100000000CFOGJ', '0', null, null, 'Y', 'BS000010000100001056', 300, null, null, '自定义项6', null, 'N', null, 'N', null, 'N', '859d9aa4-be8f-11e9-8f2c-19b3539592d6', '0', 'Y', null, null, null, 'def6', 'N', 'Y', 0, 'N', null, null, '2019-08-14 20:32:04', -1, 0);
INSERT INTO MD_PROPERTY (ACCESSORCLASSNAME, ACCESSPOWER, ACCESSPOWERGROUP, ATTRLENGTH, ATTRMAXVALUE, ATTRMINVALUE, ATTRSEQUENCE, CALCULATION, CLASSID, CREATEINDUSTRY, CREATETIME, CREATOR, CUSTOMATTR, DATATYPE, DATATYPESTYLE, DEFAULTVALUE, DESCRIPTION, DISPLAYNAME, DR, DYNAMICATTR, DYNAMICTABLE, FIXEDLENGTH, HELP, HIDED, ID, INDUSTRY, ISACTIVE, ISAUTHEN, MODIFIER, MODIFYTIME, NAME, NOTSERIALIZE, NULLABLE, PRECISE, READONLY, REFMODELNAME, RESID, TS, VERSIONTYPE, VISIBILITY) VALUES (null, 'N', null, 101, null, null, 24, 'N', '1001X4100000000CFOGJ', '0', null, null, 'Y', 'BS000010000100001056', 300, null, null, '自定义项7', null, 'N', null, 'N', null, 'N', '859d9aa5-be8f-11e9-8f2c-19b3539592d6', '0', 'Y', null, null, null, 'def7', 'N', 'Y', 0, 'N', null, null, '2019-08-14 20:32:04', -1, 0);
INSERT INTO MD_PROPERTY (ACCESSORCLASSNAME, ACCESSPOWER, ACCESSPOWERGROUP, ATTRLENGTH, ATTRMAXVALUE, ATTRMINVALUE, ATTRSEQUENCE, CALCULATION, CLASSID, CREATEINDUSTRY, CREATETIME, CREATOR, CUSTOMATTR, DATATYPE, DATATYPESTYLE, DEFAULTVALUE, DESCRIPTION, DISPLAYNAME, DR, DYNAMICATTR, DYNAMICTABLE, FIXEDLENGTH, HELP, HIDED, ID, INDUSTRY, ISACTIVE, ISAUTHEN, MODIFIER, MODIFYTIME, NAME, NOTSERIALIZE, NULLABLE, PRECISE, READONLY, REFMODELNAME, RESID, TS, VERSIONTYPE, VISIBILITY) VALUES (null, 'N', null, 101, null, null, 25, 'N', '1001X4100000000CFOGJ', '0', null, null, 'Y', 'BS000010000100001056', 300, null, null, '自定义项8', null, 'N', null, 'N', null, 'N', '859d9aa6-be8f-11e9-8f2c-19b3539592d6', '0', 'Y', null, null, null, 'def8', 'N', 'Y', 0, 'N', null, null, '2019-08-14 20:32:04', -1, 0);
INSERT INTO MD_PROPERTY (ACCESSORCLASSNAME, ACCESSPOWER, ACCESSPOWERGROUP, ATTRLENGTH, ATTRMAXVALUE, ATTRMINVALUE, ATTRSEQUENCE, CALCULATION, CLASSID, CREATEINDUSTRY, CREATETIME, CREATOR, CUSTOMATTR, DATATYPE, DATATYPESTYLE, DEFAULTVALUE, DESCRIPTION, DISPLAYNAME, DR, DYNAMICATTR, DYNAMICTABLE, FIXEDLENGTH, HELP, HIDED, ID, INDUSTRY, ISACTIVE, ISAUTHEN, MODIFIER, MODIFYTIME, NAME, NOTSERIALIZE, NULLABLE, PRECISE, READONLY, REFMODELNAME, RESID, TS, VERSIONTYPE, VISIBILITY) VALUES (null, 'N', null, 101, null, null, 26, 'N', '1001X4100000000CFOGJ', '0', null, null, 'Y', 'BS000010000100001056', 300, null, null, '自定义项9', null, 'N', null, 'N', null, 'N', '859d9aa7-be8f-11e9-8f2c-19b3539592d6', '0', 'Y', null, null, null, 'def9', 'N', 'Y', 0, 'N', null, null, '2019-08-14 20:32:04', -1, 0);
INSERT INTO MD_PROPERTY (ACCESSORCLASSNAME, ACCESSPOWER, ACCESSPOWERGROUP, ATTRLENGTH, ATTRMAXVALUE, ATTRMINVALUE, ATTRSEQUENCE, CALCULATION, CLASSID, CREATEINDUSTRY, CREATETIME, CREATOR, CUSTOMATTR, DATATYPE, DATATYPESTYLE, DEFAULTVALUE, DESCRIPTION, DISPLAYNAME, DR, DYNAMICATTR, DYNAMICTABLE, FIXEDLENGTH, HELP, HIDED, ID, INDUSTRY, ISACTIVE, ISAUTHEN, MODIFIER, MODIFYTIME, NAME, NOTSERIALIZE, NULLABLE, PRECISE, READONLY, REFMODELNAME, RESID, TS, VERSIONTYPE, VISIBILITY) VALUES (null, 'N', null, 101, null, null, 27, 'N', '1001X4100000000CFOGJ', '0', null, null, 'Y', 'BS000010000100001056', 300, null, null, '自定义项10', null, 'N', null, 'N', null, 'N', '859d9aa8-be8f-11e9-8f2c-19b3539592d6', '0', 'Y', null, null, null, 'def10', 'N', 'Y', 0, 'N', null, null, '2019-08-14 20:32:04', -1, 0);
INSERT INTO MD_PROPERTY (ACCESSORCLASSNAME, ACCESSPOWER, ACCESSPOWERGROUP, ATTRLENGTH, ATTRMAXVALUE, ATTRMINVALUE, ATTRSEQUENCE, CALCULATION, CLASSID, CREATEINDUSTRY, CREATETIME, CREATOR, CUSTOMATTR, DATATYPE, DATATYPESTYLE, DEFAULTVALUE, DESCRIPTION, DISPLAYNAME, DR, DYNAMICATTR, DYNAMICTABLE, FIXEDLENGTH, HELP, HIDED, ID, INDUSTRY, ISACTIVE, ISAUTHEN, MODIFIER, MODIFYTIME, NAME, NOTSERIALIZE, NULLABLE, PRECISE, READONLY, REFMODELNAME, RESID, TS, VERSIONTYPE, VISIBILITY) VALUES (null, 'N', null, 101, null, null, 28, 'N', '1001X4100000000CFOGJ', '0', null, null, 'Y', 'BS000010000100001056', 300, null, null, '自定义项11', null, 'N', null, 'N', null, 'N', '859d9aa9-be8f-11e9-8f2c-19b3539592d6', '0', 'Y', null, null, null, 'def11', 'N', 'Y', 0, 'N', null, null, '2019-08-14 20:32:04', -1, 0);
INSERT INTO MD_PROPERTY (ACCESSORCLASSNAME, ACCESSPOWER, ACCESSPOWERGROUP, ATTRLENGTH, ATTRMAXVALUE, ATTRMINVALUE, ATTRSEQUENCE, CALCULATION, CLASSID, CREATEINDUSTRY, CREATETIME, CREATOR, CUSTOMATTR, DATATYPE, DATATYPESTYLE, DEFAULTVALUE, DESCRIPTION, DISPLAYNAME, DR, DYNAMICATTR, DYNAMICTABLE, FIXEDLENGTH, HELP, HIDED, ID, INDUSTRY, ISACTIVE, ISAUTHEN, MODIFIER, MODIFYTIME, NAME, NOTSERIALIZE, NULLABLE, PRECISE, READONLY, REFMODELNAME, RESID, TS, VERSIONTYPE, VISIBILITY) VALUES (null, 'N', null, 101, null, null, 29, 'N', '1001X4100000000CFOGJ', '0', null, null, 'Y', 'BS000010000100001056', 300, null, null, '自定义项12', null, 'N', null, 'N', null, 'N', '859d9aaa-be8f-11e9-8f2c-19b3539592d6', '0', 'Y', null, null, null, 'def12', 'N', 'Y', 0, 'N', null, null, '2019-08-14 20:32:04', -1, 0);
INSERT INTO MD_PROPERTY (ACCESSORCLASSNAME, ACCESSPOWER, ACCESSPOWERGROUP, ATTRLENGTH, ATTRMAXVALUE, ATTRMINVALUE, ATTRSEQUENCE, CALCULATION, CLASSID, CREATEINDUSTRY, CREATETIME, CREATOR, CUSTOMATTR, DATATYPE, DATATYPESTYLE, DEFAULTVALUE, DESCRIPTION, DISPLAYNAME, DR, DYNAMICATTR, DYNAMICTABLE, FIXEDLENGTH, HELP, HIDED, ID, INDUSTRY, ISACTIVE, ISAUTHEN, MODIFIER, MODIFYTIME, NAME, NOTSERIALIZE, NULLABLE, PRECISE, READONLY, REFMODELNAME, RESID, TS, VERSIONTYPE, VISIBILITY) VALUES (null, 'N', null, 101, null, null, 30, 'N', '1001X4100000000CFOGJ', '0', null, null, 'Y', 'BS000010000100001056', 300, null, null, '自定义项13', null, 'N', null, 'N', null, 'N', '859d9aab-be8f-11e9-8f2c-19b3539592d6', '0', 'Y', null, null, null, 'def13', 'N', 'Y', 0, 'N', null, null, '2019-08-14 20:32:04', -1, 0);
INSERT INTO MD_PROPERTY (ACCESSORCLASSNAME, ACCESSPOWER, ACCESSPOWERGROUP, ATTRLENGTH, ATTRMAXVALUE, ATTRMINVALUE, ATTRSEQUENCE, CALCULATION, CLASSID, CREATEINDUSTRY, CREATETIME, CREATOR, CUSTOMATTR, DATATYPE, DATATYPESTYLE, DEFAULTVALUE, DESCRIPTION, DISPLAYNAME, DR, DYNAMICATTR, DYNAMICTABLE, FIXEDLENGTH, HELP, HIDED, ID, INDUSTRY, ISACTIVE, ISAUTHEN, MODIFIER, MODIFYTIME, NAME, NOTSERIALIZE, NULLABLE, PRECISE, READONLY, REFMODELNAME, RESID, TS, VERSIONTYPE, VISIBILITY) VALUES (null, 'N', null, 101, null, null, 31, 'N', '1001X4100000000CFOGJ', '0', null, null, 'Y', 'BS000010000100001056', 300, null, null, '自定义项14', null, 'N', null, 'N', null, 'N', '859d9aac-be8f-11e9-8f2c-19b3539592d6', '0', 'Y', null, null, null, 'def14', 'N', 'Y', 0, 'N', null, null, '2019-08-14 20:32:04', -1, 0);
INSERT INTO MD_PROPERTY (ACCESSORCLASSNAME, ACCESSPOWER, ACCESSPOWERGROUP, ATTRLENGTH, ATTRMAXVALUE, ATTRMINVALUE, ATTRSEQUENCE, CALCULATION, CLASSID, CREATEINDUSTRY, CREATETIME, CREATOR, CUSTOMATTR, DATATYPE, DATATYPESTYLE, DEFAULTVALUE, DESCRIPTION, DISPLAYNAME, DR, DYNAMICATTR, DYNAMICTABLE, FIXEDLENGTH, HELP, HIDED, ID, INDUSTRY, ISACTIVE, ISAUTHEN, MODIFIER, MODIFYTIME, NAME, NOTSERIALIZE, NULLABLE, PRECISE, READONLY, REFMODELNAME, RESID, TS, VERSIONTYPE, VISIBILITY) VALUES (null, 'N', null, 101, null, null, 32, 'N', '1001X4100000000CFOGJ', '0', null, null, 'Y', 'BS000010000100001056', 300, null, null, '自定义项15', null, 'N', null, 'N', null, 'N', '859d9aad-be8f-11e9-8f2c-19b3539592d6', '0', 'Y', null, null, null, 'def15', 'N', 'Y', 0, 'N', null, null, '2019-08-14 20:32:04', -1, 0);
INSERT INTO MD_PROPERTY (ACCESSORCLASSNAME, ACCESSPOWER, ACCESSPOWERGROUP, ATTRLENGTH, ATTRMAXVALUE, ATTRMINVALUE, ATTRSEQUENCE, CALCULATION, CLASSID, CREATEINDUSTRY, CREATETIME, CREATOR, CUSTOMATTR, DATATYPE, DATATYPESTYLE, DEFAULTVALUE, DESCRIPTION, DISPLAYNAME, DR, DYNAMICATTR, DYNAMICTABLE, FIXEDLENGTH, HELP, HIDED, ID, INDUSTRY, ISACTIVE, ISAUTHEN, MODIFIER, MODIFYTIME, NAME, NOTSERIALIZE, NULLABLE, PRECISE, READONLY, REFMODELNAME, RESID, TS, VERSIONTYPE, VISIBILITY) VALUES (null, 'N', null, 101, null, null, 33, 'N', '1001X4100000000CFOGJ', '0', null, null, 'Y', 'BS000010000100001056', 300, null, null, '自定义项16', null, 'N', null, 'N', null, 'N', '859d9aae-be8f-11e9-8f2c-19b3539592d6', '0', 'Y', null, null, null, 'def16', 'N', 'Y', 0, 'N', null, null, '2019-08-14 20:32:04', -1, 0);
INSERT INTO MD_PROPERTY (ACCESSORCLASSNAME, ACCESSPOWER, ACCESSPOWERGROUP, ATTRLENGTH, ATTRMAXVALUE, ATTRMINVALUE, ATTRSEQUENCE, CALCULATION, CLASSID, CREATEINDUSTRY, CREATETIME, CREATOR, CUSTOMATTR, DATATYPE, DATATYPESTYLE, DEFAULTVALUE, DESCRIPTION, DISPLAYNAME, DR, DYNAMICATTR, DYNAMICTABLE, FIXEDLENGTH, HELP, HIDED, ID, INDUSTRY, ISACTIVE, ISAUTHEN, MODIFIER, MODIFYTIME, NAME, NOTSERIALIZE, NULLABLE, PRECISE, READONLY, REFMODELNAME, RESID, TS, VERSIONTYPE, VISIBILITY) VALUES (null, 'N', null, 101, null, null, 34, 'N', '1001X4100000000CFOGJ', '0', null, null, 'Y', 'BS000010000100001056', 300, null, null, '自定义项17', null, 'N', null, 'N', null, 'N', '859d9aaf-be8f-11e9-8f2c-19b3539592d6', '0', 'Y', null, null, null, 'def17', 'N', 'Y', 0, 'N', null, null, '2019-08-14 20:32:04', -1, 0);
INSERT INTO MD_PROPERTY (ACCESSORCLASSNAME, ACCESSPOWER, ACCESSPOWERGROUP, ATTRLENGTH, ATTRMAXVALUE, ATTRMINVALUE, ATTRSEQUENCE, CALCULATION, CLASSID, CREATEINDUSTRY, CREATETIME, CREATOR, CUSTOMATTR, DATATYPE, DATATYPESTYLE, DEFAULTVALUE, DESCRIPTION, DISPLAYNAME, DR, DYNAMICATTR, DYNAMICTABLE, FIXEDLENGTH, HELP, HIDED, ID, INDUSTRY, ISACTIVE, ISAUTHEN, MODIFIER, MODIFYTIME, NAME, NOTSERIALIZE, NULLABLE, PRECISE, READONLY, REFMODELNAME, RESID, TS, VERSIONTYPE, VISIBILITY) VALUES (null, 'N', null, 101, null, null, 35, 'N', '1001X4100000000CFOGJ', '0', null, null, 'Y', 'BS000010000100001056', 300, null, null, '自定义项18', null, 'N', null, 'N', null, 'N', '859d9ab0-be8f-11e9-8f2c-19b3539592d6', '0', 'Y', null, null, null, 'def18', 'N', 'Y', 0, 'N', null, null, '2019-08-14 20:32:04', -1, 0);
INSERT INTO MD_PROPERTY (ACCESSORCLASSNAME, ACCESSPOWER, ACCESSPOWERGROUP, ATTRLENGTH, ATTRMAXVALUE, ATTRMINVALUE, ATTRSEQUENCE, CALCULATION, CLASSID, CREATEINDUSTRY, CREATETIME, CREATOR, CUSTOMATTR, DATATYPE, DATATYPESTYLE, DEFAULTVALUE, DESCRIPTION, DISPLAYNAME, DR, DYNAMICATTR, DYNAMICTABLE, FIXEDLENGTH, HELP, HIDED, ID, INDUSTRY, ISACTIVE, ISAUTHEN, MODIFIER, MODIFYTIME, NAME, NOTSERIALIZE, NULLABLE, PRECISE, READONLY, REFMODELNAME, RESID, TS, VERSIONTYPE, VISIBILITY) VALUES (null, 'N', null, 101, null, null, 36, 'N', '1001X4100000000CFOGJ', '0', null, null, 'Y', 'BS000010000100001056', 300, null, null, '自定义项19', null, 'N', null, 'N', null, 'N', '859d9ab1-be8f-11e9-8f2c-19b3539592d6', '0', 'Y', null, null, null, 'def19', 'N', 'Y', 0, 'N', null, null, '2019-08-14 20:32:04', -1, 0);
INSERT INTO MD_PROPERTY (ACCESSORCLASSNAME, ACCESSPOWER, ACCESSPOWERGROUP, ATTRLENGTH, ATTRMAXVALUE, ATTRMINVALUE, ATTRSEQUENCE, CALCULATION, CLASSID, CREATEINDUSTRY, CREATETIME, CREATOR, CUSTOMATTR, DATATYPE, DATATYPESTYLE, DEFAULTVALUE, DESCRIPTION, DISPLAYNAME, DR, DYNAMICATTR, DYNAMICTABLE, FIXEDLENGTH, HELP, HIDED, ID, INDUSTRY, ISACTIVE, ISAUTHEN, MODIFIER, MODIFYTIME, NAME, NOTSERIALIZE, NULLABLE, PRECISE, READONLY, REFMODELNAME, RESID, TS, VERSIONTYPE, VISIBILITY) VALUES (null, 'N', null, 101, null, null, 37, 'N', '1001X4100000000CFOGJ', '0', null, null, 'Y', 'BS000010000100001056', 300, null, null, '自定义项20', null, 'N', null, 'N', null, 'N', '859d9ab2-be8f-11e9-8f2c-19b3539592d6', '0', 'Y', null, null, null, 'def20', 'N', 'Y', 0, 'N', null, null, '2019-08-14 20:32:04', -1, 0);
INSERT INTO MD_ASSOCIATION (CASCADEDELETE, CASCADEUPDATE, COMPONENTID, CREATETIME, CREATOR, DR, ENDCARDINALITY, ENDELEMENTID, ID, INDUSTRY, ISACTIVE, MODIFIER, MODIFYTIME, NAME, STARTBEANID, STARTCARDINALITY, STARTELEMENTID, TS, TYPE, VERSIONTYPE) VALUES (null, null, '859d7477-be8f-11e9-8f2c-19b3539592d6', null, null, null, '1', '16c1dca0-e3ed-4dcc-8ed7-75fd59e2bef1', 'dd2073d2-c6ad-4553-8632-333607a553b2', '0', 'Y', null, null, 'Defdoc-HRHI007_mincountry_pk_defdoclist', '1001X4100000000CFOGJ', '1', '859d9a98-be8f-11e9-8f2c-19b3539592d6', '2019-08-14 20:32:05', 3, 0);
INSERT INTO MD_ASSOCIATION (CASCADEDELETE, CASCADEUPDATE, COMPONENTID, CREATETIME, CREATOR, DR, ENDCARDINALITY, ENDELEMENTID, ID, INDUSTRY, ISACTIVE, MODIFIER, MODIFYTIME, NAME, STARTBEANID, STARTCARDINALITY, STARTELEMENTID, TS, TYPE, VERSIONTYPE) VALUES (null, null, '859d7477-be8f-11e9-8f2c-19b3539592d6', null, null, null, '1', '985be8a4-3a36-4778-8afe-2d8ed3902659', '6e04b72b-3d17-43b9-b694-b7394e1801be', '0', 'Y', null, null, 'Defdoc-HRHI007_mincountry_pk_org', '1001X4100000000CFOGJ', '1', '859d9a9a-be8f-11e9-8f2c-19b3539592d6', '2019-08-14 20:32:05', 3, 0);
INSERT INTO MD_ASSOCIATION (CASCADEDELETE, CASCADEUPDATE, COMPONENTID, CREATETIME, CREATOR, DR, ENDCARDINALITY, ENDELEMENTID, ID, INDUSTRY, ISACTIVE, MODIFIER, MODIFYTIME, NAME, STARTBEANID, STARTCARDINALITY, STARTELEMENTID, TS, TYPE, VERSIONTYPE) VALUES (null, null, '859d7477-be8f-11e9-8f2c-19b3539592d6', null, null, null, '1', '3b6dd171-2900-47f3-bfbe-41e4483a2a65', 'e0a84928-49b5-4cb2-b6f3-3cfb436c68c3', '0', 'Y', null, null, 'Defdoc-HRHI007_mincountry_pk_group', '1001X4100000000CFOGJ', '1', '859d9a99-be8f-11e9-8f2c-19b3539592d6', '2019-08-14 20:32:05', 3, 0);
INSERT INTO MD_ASSOCIATION (CASCADEDELETE, CASCADEUPDATE, COMPONENTID, CREATETIME, CREATOR, DR, ENDCARDINALITY, ENDELEMENTID, ID, INDUSTRY, ISACTIVE, MODIFIER, MODIFYTIME, NAME, STARTBEANID, STARTCARDINALITY, STARTELEMENTID, TS, TYPE, VERSIONTYPE) VALUES (null, null, '859d7477-be8f-11e9-8f2c-19b3539592d6', null, null, null, '1', 'f6f9a473-56c0-432f-8bc7-fbf8fde54fee', '0785810d-dcef-4b96-8403-8592fea81718', '0', 'Y', null, null, 'Defdoc-HRHI007_mincountry_creator', '1001X4100000000CFOGJ', '1', '859d747a-be8f-11e9-8f2c-19b3539592d6', '2019-08-14 20:32:05', 3, 0);
INSERT INTO MD_ASSOCIATION (CASCADEDELETE, CASCADEUPDATE, COMPONENTID, CREATETIME, CREATOR, DR, ENDCARDINALITY, ENDELEMENTID, ID, INDUSTRY, ISACTIVE, MODIFIER, MODIFYTIME, NAME, STARTBEANID, STARTCARDINALITY, STARTELEMENTID, TS, TYPE, VERSIONTYPE) VALUES (null, null, '859d7477-be8f-11e9-8f2c-19b3539592d6', null, null, null, '1', 'f6f9a473-56c0-432f-8bc7-fbf8fde54fee', 'da8114c8-a0e1-4cac-91f5-0d3f55984cdd', '0', 'Y', null, null, 'Defdoc-HRHI007_mincountry_modifier', '1001X4100000000CFOGJ', '1', '859d7480-be8f-11e9-8f2c-19b3539592d6', '2019-08-14 20:32:05', 3, 0);
INSERT INTO MD_BIZITFMAP (BIZINTERFACEID, BIZITFIMPCLASSNAME, CLASSATTRID, CLASSATTRPATH, CLASSID, DR, INDUSTRY, INTATTRID, TS, VERSIONTYPE) VALUES ('6c8722b9-911a-489b-8d0d-18bd3734fcf6', null, '859d747d-be8f-11e9-8f2c-19b3539592d6', null, '1001X4100000000CFOGJ', null, null, '5dd3c721-22ad-42b1-9c10-4351c236bc77', '2019-08-14 20:32:05', null);
INSERT INTO MD_BIZITFMAP (BIZINTERFACEID, BIZITFIMPCLASSNAME, CLASSATTRID, CLASSATTRPATH, CLASSID, DR, INDUSTRY, INTATTRID, TS, VERSIONTYPE) VALUES ('6c8722b9-911a-489b-8d0d-18bd3734fcf6', null, '859d9a9a-be8f-11e9-8f2c-19b3539592d6', null, '1001X4100000000CFOGJ', null, null, 'ecf1b76a-6e44-42e2-a55e-87596504775b', '2019-08-14 20:32:05', null);
INSERT INTO MD_BIZITFMAP (BIZINTERFACEID, BIZITFIMPCLASSNAME, CLASSATTRID, CLASSATTRPATH, CLASSID, DR, INDUSTRY, INTATTRID, TS, VERSIONTYPE) VALUES ('6c8722b9-911a-489b-8d0d-18bd3734fcf6', null, '859d7476-be8f-11e9-8f2c-19b3539592d6', null, '1001X4100000000CFOGJ', null, null, 'd32cc17b-f415-415a-923f-0764443eb102', '2019-08-14 20:32:05', null);
INSERT INTO MD_BIZITFMAP (BIZINTERFACEID, BIZITFIMPCLASSNAME, CLASSATTRID, CLASSATTRPATH, CLASSID, DR, INDUSTRY, INTATTRID, TS, VERSIONTYPE) VALUES ('6c8722b9-911a-489b-8d0d-18bd3734fcf6', null, '859d7483-be8f-11e9-8f2c-19b3539592d6', null, '1001X4100000000CFOGJ', null, null, '89578a97-42fe-439b-827c-8eabd9e3604c', '2019-08-14 20:32:05', null);
INSERT INTO MD_BIZITFMAP (BIZINTERFACEID, BIZITFIMPCLASSNAME, CLASSATTRID, CLASSATTRPATH, CLASSID, DR, INDUSTRY, INTATTRID, TS, VERSIONTYPE) VALUES ('6c8722b9-911a-489b-8d0d-18bd3734fcf6', null, '859d9a99-be8f-11e9-8f2c-19b3539592d6', null, '1001X4100000000CFOGJ', null, null, 'a47e6cda-09e4-480b-923f-ec6f41e3e06c', '2019-08-14 20:32:05', null);
INSERT INTO MD_CLASS (ACCESSORCLASSNAME, BIZITFIMPCLASSNAME, CLASSTYPE, COMPONENTID, CREATETIME, CREATOR, DEFAULTTABLENAME, DESCRIPTION, DISPLAYNAME, DR, FIXEDLENGTH, FULLCLASSNAME, HELP, ID, INDUSTRY, ISACTIVE, ISAUTHEN, ISCREATESQL, ISEXTENDBEAN, ISPRIMARY, KEYATTRIBUTE, MODIFIER, MODIFYTIME, MODINFOCLASSNAME, NAME, PARENTCLASSID, PRECISE, REFMODELNAME, RESID, RETURNTYPE, STEREOTYPE, TS, USERDEFCLASSNAME, VERSIONTYPE) VALUES ('nc.md.model.access.javamap.NCBeanStyle', null, 201, '859d7477-be8f-11e9-8f2c-19b3539592d6', '2019-08-14 20:32:04', null, 'bd_defdoc', null, '最低扣款县市金额(自定义档案)', null, null, 'nc.vo.bd.defdoc.DefdocVO', 'ignorebdmode,BDMODE,URC,DEFDOC,BUSILOG,DOC', '1001X4100000000CFOGJ', '0', null, 'Y', 'Y', null, 'Y', '859d747d-be8f-11e9-8f2c-19b3539592d6', null, null, null, 'Defdoc-HRHI007_mincountry', null, null, '最低扣款县市金额(自定义档案)', null, null, null, '2019-08-14 20:32:04', null, 0);
INSERT INTO MD_COMPONENT (CREATETIME, CREATOR, DESCRIPTION, DISPLAYNAME, DR, FROMSOURCEBMF, HELP, ID, INDUSTRY, ISBIZMODEL, MODIFIER, MODIFYTIME, NAME, NAMESPACE, OWNMODULE, PRELOAD, RESID, RESMODULE, TS, VERSION, VERSIONTYPE) VALUES ('2019-08-14 20:32:04', null, null, '最低扣款县市金额(自定义档案)', null, 'Y', null, '859d7477-be8f-11e9-8f2c-19b3539592d6', '0', 'N', null, null, 'Defdoc-HRHI007_mincountry', 'uap', 'uapbd', null, null, '10140uddb', '2019-08-14 20:32:04', '1', 0);
INSERT INTO MD_COMPONENT (CREATETIME, CREATOR, DESCRIPTION, DISPLAYNAME, DR, FROMSOURCEBMF, HELP, ID, INDUSTRY, ISBIZMODEL, MODIFIER, MODIFYTIME, NAME, NAMESPACE, OWNMODULE, PRELOAD, RESID, RESMODULE, TS, VERSION, VERSIONTYPE) VALUES ('2019-08-14 20:32:05', null, null, '最低扣款县市金额(自定义档案)业务操作', null, 'Y', null, '866ecd63-be8f-11e9-8f2c-19b3539592d6', '0', 'Y', null, '2019-08-14 20:32:05', 'bo_Defdoc-HRHI007_mincountry', 'uap', 'uapbd', null, null, 'bo_Defdoc-HRHI007_mincountry', '2019-08-14 20:32:05', '1', 0);
INSERT INTO MD_TABLE (CREATETIME, CREATOR, DATABASEID, DESCRIPTION, DISPLAYNAME, DR, FROMSOURCEBMF, HELP, ID, INDUSTRY, ISACTIVE, ISEXTENDTABLE, MODIFIER, MODIFYTIME, NAME, PARENTTABLE, RESID, RESMODULE, TS, VERSIONTYPE) VALUES ('2019-08-14 20:32:04', null, null, null, '最低扣款县市金额(自定义档案)', null, 'Y', 'ignorebdmode,BDMODE,URC,DEFDOC,BUSILOG,DOC', 'bd_defdoc', '0', null, null, null, null, 'bd_defdoc', null, null, '10140uddb', '2019-08-14 20:32:05', 0);

