--此脚本作为元数据发布时参考使用,以便开发者了解元数据信息在数据库中的记录.
--严禁将此脚本直接或修改后在数据库中执行,如由上述行为引发问题,概不支持.


delete from md_db_relation where startattrid in (select id from md_property where classid in ('dfb3d84e-5ab3-4c3a-8541-d6bf96879fa8','fe3e1a3f-be17-4de7-a667-3108fbf14a61','df95eda2-3a1a-4389-bf4c-c103d30bd5f9','@@@@' ) )  and starttableid in ('twhr_basedoc','@@@@')
;delete from md_ORMap where ATTRIBUTEID in(select id from md_property where classid in ('dfb3d84e-5ab3-4c3a-8541-d6bf96879fa8','fe3e1a3f-be17-4de7-a667-3108fbf14a61','df95eda2-3a1a-4389-bf4c-c103d30bd5f9','@@@@' ) )  and tableid in ('twhr_basedoc','@@@@') 
;delete from md_table where id not in (select distinct tableid from md_ormap )
;delete from md_column where  tableid in('twhr_basedoc','@@@@') and id not in(select distinct columnid from md_ormap) and (isnull(groupid ,'~')='~' or groupid = id )  and name <> 'extend_bean_tag' 
;delete from md_column where tableid in ('twhr_basedoc','@@@@')and groupid is not null and groupid not in( select distinct id from md_column where tableid in ('twhr_basedoc','@@@@') ) 
;delete from md_db_relation where starttableid not in (select id from md_table)
;delete from md_property where classID in (select distinct id from md_class where componentID='c9b90b3c-1756-41e1-9cda-39a6e9008b6e'  )  
;delete from md_association where componentID = 'c9b90b3c-1756-41e1-9cda-39a6e9008b6e'  
;delete from md_bizItfMap where classID in (select distinct id from md_class where componentID='c9b90b3c-1756-41e1-9cda-39a6e9008b6e'  )
;delete from md_bizItfMap where classID in ( select id from md_opInterface where componentID = 'c9b90b3c-1756-41e1-9cda-39a6e9008b6e'  )
;delete from md_accessorPara where id in (select distinct id from md_class where componentID='c9b90b3c-1756-41e1-9cda-39a6e9008b6e'  )
;delete from md_enumValue where id in (select distinct id from md_class where componentID='c9b90b3c-1756-41e1-9cda-39a6e9008b6e'  ) 
;delete from md_class where componentID = 'c9b90b3c-1756-41e1-9cda-39a6e9008b6e'  
;delete from md_component where id = 'c9b90b3c-1756-41e1-9cda-39a6e9008b6e' 
;delete from md_table where (id='twhr_basedoc')
;delete from md_column where (id='twhr_basedoc@@@def1')
;delete from md_column where (id='twhr_basedoc@@@def2')
;delete from md_column where (id='twhr_basedoc@@@def3')
;delete from md_column where (id='twhr_basedoc@@@def4')
;delete from md_column where (id='twhr_basedoc@@@def5')
;delete from md_column where (id='twhr_basedoc@@@def6')
;delete from md_column where (id='twhr_basedoc@@@def7')
;delete from md_column where (id='twhr_basedoc@@@def8')
;delete from md_column where (id='twhr_basedoc@@@def9')
;delete from md_column where (id='twhr_basedoc@@@def10')
;delete from md_column where (id='twhr_basedoc@@@def11')
;delete from md_column where (id='twhr_basedoc@@@def12')
;delete from md_column where (id='twhr_basedoc@@@def13')
;delete from md_column where (id='twhr_basedoc@@@def14')
;delete from md_column where (id='twhr_basedoc@@@def15')
;delete from md_column where (id='twhr_basedoc@@@def16')
;delete from md_column where (id='twhr_basedoc@@@def17')
;delete from md_column where (id='twhr_basedoc@@@def18')
;delete from md_column where (id='twhr_basedoc@@@def19')
;delete from md_column where (id='twhr_basedoc@@@def20')
;delete from md_column where (id='twhr_basedoc@@@pk_group')
;delete from md_column where (id='twhr_basedoc@@@pk_org')
;delete from md_column where (id='twhr_basedoc@@@pk_org_v')
;delete from md_column where (id='twhr_basedoc@@@creator')
;delete from md_column where (id='twhr_basedoc@@@creationtime')
;delete from md_column where (id='twhr_basedoc@@@modifier')
;delete from md_column where (id='twhr_basedoc@@@modifiedtime')
;delete from md_column where (id='twhr_basedoc@@PK@@')
;delete from md_column where (id='twhr_basedoc@@@doccategory')
;delete from md_column where (id='twhr_basedoc@@@code')
;delete from md_column where (id='twhr_basedoc@@@name')
;delete from md_column where (id='twhr_basedoc@@@doctype')
;delete from md_column where (id='twhr_basedoc@@@numbervalue')
;delete from md_column where (id='twhr_basedoc@@@textvalue')
;delete from md_column where (id='twhr_basedoc@@@reftype')
;delete from md_column where (id='twhr_basedoc@@@refvalue')
;delete from md_column where (id='twhr_basedoc@@@logicvalue')
;delete from md_column where (id='twhr_basedoc@@@name2')
;delete from md_column where (id='twhr_basedoc@@@name3')
;delete from md_column where (id='twhr_basedoc@@@name4')
;delete from md_column where (id='twhr_basedoc@@@name5')
;delete from md_column where (id='twhr_basedoc@@@name6')



;insert into md_component ( createtime, creator, description, displayname, dr, fromsourcebmf, help, id, industry, isbizmodel, modifier, modifytime, name, namespace, ownmodule, preload, resid, resmodule, ts, version, versiontype ) values (  '2014-08-03 16:06:12', null, null, 'basedoc',0, 'Y', 'smart', 'c9b90b3c-1756-41e1-9cda-39a6e9008b6e', '0', 'N', 'YONYOU NC', '2018-10-05 12:33:28', 'basedoc', 'twhr', 'twhr', null, null, 'twhr', '2018-10-05 12:35:11', '20',0 ) 
;insert into md_class ( id, accessorclassname, classtype, componentid, createtime, creator, description, displayname, dr, fullclassname, help, isactive, keyattribute, modifier, modifytime, name, parentclassid, precise, refmodelname, returntype, ts, versiontype, isprimary, defaulttablename, stereotype, isauthen, resid, bizitfimpclassname, modinfoclassname, iscreatesql, isextendbean, userdefclassname, industry, fixedlength ) values (  'df95eda2-3a1a-4389-bf4c-c103d30bd5f9', 'nc.md.model.access.javamap.NCBeanStyle',201, 'c9b90b3c-1756-41e1-9cda-39a6e9008b6e', '2014-08-03 16:06:21', 'YONYOU NC', null, '参数设定',0, 'nc.vo.twhr.basedoc.BaseDocVO', 'smart', null, '8010781d-d6ca-4727-8f92-c28a2adeaf1d', 'YONYOU NC', '2018-10-05 12:34:06', 'basedoc', null,null, null, null, '2018-10-05 12:35:11',0, 'Y', 'twhr_basedoc', null, 'Y', '268861005-00006', null, null, 'Y', null, null, '0', null ) 
;insert into md_class ( id, accessorclassname, classtype, componentid, createtime, creator, description, displayname, dr, fullclassname, help, isactive, keyattribute, modifier, modifytime, name, parentclassid, precise, refmodelname, returntype, ts, versiontype, isprimary, defaulttablename, stereotype, isauthen, resid, bizitfimpclassname, modinfoclassname, iscreatesql, isextendbean, userdefclassname, industry, fixedlength ) values (  'dfb3d84e-5ab3-4c3a-8541-d6bf96879fa8', null,203, 'c9b90b3c-1756-41e1-9cda-39a6e9008b6e', '2014-08-03 16:16:36', 'YONYOU NC', null, '参数类型',0, 'nc.vo.twhr.basedoc.DocTypeEnum', null, null, null, 'YONYOU NC', '2018-10-05 12:33:42', 'DocTypeEnum', null,null, null, 'BS000010000100001004', '2018-10-05 12:35:11',0, 'N', 'DocTypeEnum', null, null, '268861005-00008', null, null, null, null, null, '0', null ) 
;insert into md_class ( id, accessorclassname, classtype, componentid, createtime, creator, description, displayname, dr, fullclassname, help, isactive, keyattribute, modifier, modifytime, name, parentclassid, precise, refmodelname, returntype, ts, versiontype, isprimary, defaulttablename, stereotype, isauthen, resid, bizitfimpclassname, modinfoclassname, iscreatesql, isextendbean, userdefclassname, industry, fixedlength ) values (  'fe3e1a3f-be17-4de7-a667-3108fbf14a61', null,203, 'c9b90b3c-1756-41e1-9cda-39a6e9008b6e', '2014-08-03 16:57:08', 'YONYOU NC', null, '参数类别',0, 'nc.vo.twhr.basedoc.enum', null, null, null, 'YONYOU NC', '2018-10-05 12:33:28', 'DocCategoryEnum', null,null, null, 'BS000010000100001004', '2018-10-05 12:35:11',0, 'N', 'DocCategoryEnum', null, null, '268861005-00002', null, null, null, null, null, '0', null ) 
;insert into md_enumValue ( id, description, dr, name, ts, value, versiontype, hidden, resid, enumsequence, industry ) values (  'dfb3d84e-5ab3-4c3a-8541-d6bf96879fa8', null,0, '数量金额', '2018-10-05 12:35:11', '1',0, 'N', '268861005-00011',0, '0' ) 
;insert into md_enumValue ( id, description, dr, name, ts, value, versiontype, hidden, resid, enumsequence, industry ) values (  'dfb3d84e-5ab3-4c3a-8541-d6bf96879fa8', null,0, '费率比例', '2018-10-05 12:35:11', '2',0, 'N', '268861005-00010',1, '0' ) 
;insert into md_enumValue ( id, description, dr, name, ts, value, versiontype, hidden, resid, enumsequence, industry ) values (  'dfb3d84e-5ab3-4c3a-8541-d6bf96879fa8', null,0, '文本', '2018-10-05 12:35:11', '4',0, 'N', '268861005-00017',2, '0' ) 
;insert into md_enumValue ( id, description, dr, name, ts, value, versiontype, hidden, resid, enumsequence, industry ) values (  'dfb3d84e-5ab3-4c3a-8541-d6bf96879fa8', null,0, '参照', '2018-10-05 12:35:11', '5',0, 'N', '268861005-00018',3, '0' ) 
;insert into md_enumValue ( id, description, dr, name, ts, value, versiontype, hidden, resid, enumsequence, industry ) values (  'dfb3d84e-5ab3-4c3a-8541-d6bf96879fa8', null,0, '逻辑', '2018-10-05 12:35:11', '6',0, 'N', '268861005-00019',4, '0' ) 
;insert into md_enumValue ( id, description, dr, name, ts, value, versiontype, hidden, resid, enumsequence, industry ) values (  'fe3e1a3f-be17-4de7-a667-3108fbf14a61', null,0, '劳保劳退参数', '2018-10-05 12:35:11', '1',0, 'N', '268861005-00003',0, '0' ) 
;insert into md_enumValue ( id, description, dr, name, ts, value, versiontype, hidden, resid, enumsequence, industry ) values (  'fe3e1a3f-be17-4de7-a667-3108fbf14a61', null,0, '健保参数', '2018-10-05 12:35:11', '2',0, 'N', '268861005-00012',1, '0' ) 
;insert into md_enumValue ( id, description, dr, name, ts, value, versiontype, hidden, resid, enumsequence, industry ) values (  'fe3e1a3f-be17-4de7-a667-3108fbf14a61', null,0, '补充保险参数', '2018-10-05 12:35:11', '3',0, 'N', '268861005-00009',2, '0' ) 
;insert into md_enumValue ( id, description, dr, name, ts, value, versiontype, hidden, resid, enumsequence, industry ) values (  'fe3e1a3f-be17-4de7-a667-3108fbf14a61', null,0, '薪资参数', '2018-10-05 12:35:11', '4',0, 'N', '268861005-00001',3, '0' ) 
;insert into md_enumValue ( id, description, dr, name, ts, value, versiontype, hidden, resid, enumsequence, industry ) values (  'fe3e1a3f-be17-4de7-a667-3108fbf14a61', null,0, '诮”Ｉ', '2018-10-05 12:35:11', '5',0, 'N', '268861005-00020',4, '0' ) 
;insert into md_enumValue ( id, description, dr, name, ts, value, versiontype, hidden, resid, enumsequence, industry ) values (  'fe3e1a3f-be17-4de7-a667-3108fbf14a61', null,0, '所得税申报参数', '2018-10-05 12:35:11', '6',0, 'N', '268861005-00021',5, '0' ) 
;insert into md_enumValue ( id, description, dr, name, ts, value, versiontype, hidden, resid, enumsequence, industry ) values (  'fe3e1a3f-be17-4de7-a667-3108fbf14a61', null,0, '台潮镜鼗', '2018-10-05 12:35:11', '7',0, 'N', '268861005-00022',6, '0' ) 
;insert into md_property ( id, accessorclassname, classid, createtime, creator, datatype, datatypestyle, defaultvalue, description, displayname, dr, help, isactive, hided, nullable, readonly, attrlength, attrmaxvalue, attrminvalue, modifier, modifytime, name, precise, refmodelname, attrsequence, ts, visibility, versiontype, fixedlength, calculation, isauthen, resid, customattr, notserialize, dynamicattr, dynamictable, accesspower, accesspowergroup, industry ) values (  'b781954c-dcd5-4d5d-9bdd-ea1dd002a336', null, 'df95eda2-3a1a-4389-bf4c-c103d30bd5f9', null, null, 'BS000010000100001001',300, null, null, '自定义项1',0, null, 'Y', 'N', 'Y', 'N',100, null, null, null, null, 'def1',0, null,0, '2018-10-05 12:35:11',0,0, 'N', 'N', 'Y', '2201112-000071', 'N', 'N', 'N', null, 'N', null, '0' ) 
;insert into md_property ( id, accessorclassname, classid, createtime, creator, datatype, datatypestyle, defaultvalue, description, displayname, dr, help, isactive, hided, nullable, readonly, attrlength, attrmaxvalue, attrminvalue, modifier, modifytime, name, precise, refmodelname, attrsequence, ts, visibility, versiontype, fixedlength, calculation, isauthen, resid, customattr, notserialize, dynamicattr, dynamictable, accesspower, accesspowergroup, industry ) values (  'ee39987d-e0c0-4822-88ee-049f016f0356', null, 'df95eda2-3a1a-4389-bf4c-c103d30bd5f9', null, null, 'BS000010000100001001',300, null, null, '自定义项2',0, null, 'Y', 'N', 'Y', 'N',100, null, null, null, null, 'def2',0, null,1, '2018-10-05 12:35:11',0,0, 'N', 'N', 'Y', '2201112-000073', 'N', 'N', 'N', null, 'N', null, '0' ) 
;insert into md_property ( id, accessorclassname, classid, createtime, creator, datatype, datatypestyle, defaultvalue, description, displayname, dr, help, isactive, hided, nullable, readonly, attrlength, attrmaxvalue, attrminvalue, modifier, modifytime, name, precise, refmodelname, attrsequence, ts, visibility, versiontype, fixedlength, calculation, isauthen, resid, customattr, notserialize, dynamicattr, dynamictable, accesspower, accesspowergroup, industry ) values (  '75b324f9-b03e-4cc4-aa8e-86c140f4ecec', null, 'df95eda2-3a1a-4389-bf4c-c103d30bd5f9', null, null, 'BS000010000100001001',300, null, null, '自定义项3',0, null, 'Y', 'N', 'Y', 'N',100, null, null, null, null, 'def3',0, null,2, '2018-10-05 12:35:11',0,0, 'N', 'N', 'Y', '2201112-000074', 'N', 'N', 'N', null, 'N', null, '0' ) 
;insert into md_property ( id, accessorclassname, classid, createtime, creator, datatype, datatypestyle, defaultvalue, description, displayname, dr, help, isactive, hided, nullable, readonly, attrlength, attrmaxvalue, attrminvalue, modifier, modifytime, name, precise, refmodelname, attrsequence, ts, visibility, versiontype, fixedlength, calculation, isauthen, resid, customattr, notserialize, dynamicattr, dynamictable, accesspower, accesspowergroup, industry ) values (  'f2837762-9115-47e0-ba44-751755ab6ba8', null, 'df95eda2-3a1a-4389-bf4c-c103d30bd5f9', null, null, 'BS000010000100001001',300, null, null, '自定义项4',0, null, 'Y', 'N', 'Y', 'N',100, null, null, null, null, 'def4',0, null,3, '2018-10-05 12:35:11',0,0, 'N', 'N', 'Y', '2201112-000075', 'N', 'N', 'N', null, 'N', null, '0' ) 
;insert into md_property ( id, accessorclassname, classid, createtime, creator, datatype, datatypestyle, defaultvalue, description, displayname, dr, help, isactive, hided, nullable, readonly, attrlength, attrmaxvalue, attrminvalue, modifier, modifytime, name, precise, refmodelname, attrsequence, ts, visibility, versiontype, fixedlength, calculation, isauthen, resid, customattr, notserialize, dynamicattr, dynamictable, accesspower, accesspowergroup, industry ) values (  'bed12fb5-56d9-452f-9816-e0cd72814541', null, 'df95eda2-3a1a-4389-bf4c-c103d30bd5f9', null, null, 'BS000010000100001001',300, null, null, '自定义项5',0, null, 'Y', 'N', 'Y', 'N',100, null, null, null, null, 'def5',0, null,4, '2018-10-05 12:35:11',0,0, 'N', 'N', 'Y', '2201112-000076', 'N', 'N', 'N', null, 'N', null, '0' ) 
;insert into md_property ( id, accessorclassname, classid, createtime, creator, datatype, datatypestyle, defaultvalue, description, displayname, dr, help, isactive, hided, nullable, readonly, attrlength, attrmaxvalue, attrminvalue, modifier, modifytime, name, precise, refmodelname, attrsequence, ts, visibility, versiontype, fixedlength, calculation, isauthen, resid, customattr, notserialize, dynamicattr, dynamictable, accesspower, accesspowergroup, industry ) values (  'f587127d-333c-4fb5-bad4-c50fff70815b', null, 'df95eda2-3a1a-4389-bf4c-c103d30bd5f9', null, null, 'BS000010000100001001',300, null, null, '自定义项6',0, null, 'Y', 'N', 'Y', 'N',100, null, null, null, null, 'def6',0, null,5, '2018-10-05 12:35:11',0,0, 'N', 'N', 'Y', '2201112-000077', 'N', 'N', 'N', null, 'N', null, '0' ) 
;insert into md_property ( id, accessorclassname, classid, createtime, creator, datatype, datatypestyle, defaultvalue, description, displayname, dr, help, isactive, hided, nullable, readonly, attrlength, attrmaxvalue, attrminvalue, modifier, modifytime, name, precise, refmodelname, attrsequence, ts, visibility, versiontype, fixedlength, calculation, isauthen, resid, customattr, notserialize, dynamicattr, dynamictable, accesspower, accesspowergroup, industry ) values (  '321d8abf-f09d-43d9-ba59-373d04b117cf', null, 'df95eda2-3a1a-4389-bf4c-c103d30bd5f9', null, null, 'BS000010000100001001',300, null, null, '自定义项7',0, null, 'Y', 'N', 'Y', 'N',100, null, null, null, null, 'def7',0, null,6, '2018-10-05 12:35:11',0,0, 'N', 'N', 'Y', '2201112-000078', 'N', 'N', 'N', null, 'N', null, '0' ) 
;insert into md_property ( id, accessorclassname, classid, createtime, creator, datatype, datatypestyle, defaultvalue, description, displayname, dr, help, isactive, hided, nullable, readonly, attrlength, attrmaxvalue, attrminvalue, modifier, modifytime, name, precise, refmodelname, attrsequence, ts, visibility, versiontype, fixedlength, calculation, isauthen, resid, customattr, notserialize, dynamicattr, dynamictable, accesspower, accesspowergroup, industry ) values (  '6de11bc1-12b7-4fa2-bc34-96e6e3ed19ad', null, 'df95eda2-3a1a-4389-bf4c-c103d30bd5f9', null, null, 'BS000010000100001001',300, null, null, '自定义项8',0, null, 'Y', 'N', 'Y', 'N',100, null, null, null, null, 'def8',0, null,7, '2018-10-05 12:35:11',0,0, 'N', 'N', 'Y', '2201112-000079', 'N', 'N', 'N', null, 'N', null, '0' ) 
;insert into md_property ( id, accessorclassname, classid, createtime, creator, datatype, datatypestyle, defaultvalue, description, displayname, dr, help, isactive, hided, nullable, readonly, attrlength, attrmaxvalue, attrminvalue, modifier, modifytime, name, precise, refmodelname, attrsequence, ts, visibility, versiontype, fixedlength, calculation, isauthen, resid, customattr, notserialize, dynamicattr, dynamictable, accesspower, accesspowergroup, industry ) values (  'd69b427d-ad0d-4c40-a8b3-c60de17b60dd', null, 'df95eda2-3a1a-4389-bf4c-c103d30bd5f9', null, null, 'BS000010000100001001',300, null, null, '自定义项9',0, null, 'Y', 'N', 'Y', 'N',100, null, null, null, null, 'def9',0, null,8, '2018-10-05 12:35:11',0,0, 'N', 'N', 'Y', '2201112-000081', 'N', 'N', 'N', null, 'N', null, '0' ) 
;insert into md_property ( id, accessorclassname, classid, createtime, creator, datatype, datatypestyle, defaultvalue, description, displayname, dr, help, isactive, hided, nullable, readonly, attrlength, attrmaxvalue, attrminvalue, modifier, modifytime, name, precise, refmodelname, attrsequence, ts, visibility, versiontype, fixedlength, calculation, isauthen, resid, customattr, notserialize, dynamicattr, dynamictable, accesspower, accesspowergroup, industry ) values (  '81f64783-3f00-4493-9cc7-a378b9c3afe6', null, 'df95eda2-3a1a-4389-bf4c-c103d30bd5f9', null, null, 'BS000010000100001001',300, null, null, '自定义项10',0, null, 'Y', 'N', 'Y', 'N',100, null, null, null, null, 'def10',0, null,9, '2018-10-05 12:35:11',0,0, 'N', 'N', 'Y', '2201112-000026', 'N', 'N', 'N', null, 'N', null, '0' ) 
;insert into md_property ( id, accessorclassname, classid, createtime, creator, datatype, datatypestyle, defaultvalue, description, displayname, dr, help, isactive, hided, nullable, readonly, attrlength, attrmaxvalue, attrminvalue, modifier, modifytime, name, precise, refmodelname, attrsequence, ts, visibility, versiontype, fixedlength, calculation, isauthen, resid, customattr, notserialize, dynamicattr, dynamictable, accesspower, accesspowergroup, industry ) values (  '32512509-9881-40d8-ad85-7651e93243e4', null, 'df95eda2-3a1a-4389-bf4c-c103d30bd5f9', null, null, 'BS000010000100001001',300, null, null, '自定义项11',0, null, 'Y', 'N', 'Y', 'N',100, null, null, null, null, 'def11',0, null,10, '2018-10-05 12:35:11',0,0, 'N', 'N', 'Y', '2201112-000035', 'N', 'N', 'N', null, 'N', null, '0' ) 
;insert into md_property ( id, accessorclassname, classid, createtime, creator, datatype, datatypestyle, defaultvalue, description, displayname, dr, help, isactive, hided, nullable, readonly, attrlength, attrmaxvalue, attrminvalue, modifier, modifytime, name, precise, refmodelname, attrsequence, ts, visibility, versiontype, fixedlength, calculation, isauthen, resid, customattr, notserialize, dynamicattr, dynamictable, accesspower, accesspowergroup, industry ) values (  'f37d2e50-b800-4d1e-98e2-f8306c32ef06', null, 'df95eda2-3a1a-4389-bf4c-c103d30bd5f9', null, null, 'BS000010000100001001',300, null, null, '自定义项12',0, null, 'Y', 'N', 'Y', 'N',100, null, null, null, null, 'def12',0, null,11, '2018-10-05 12:35:11',0,0, 'N', 'N', 'Y', '2201112-000036', 'N', 'N', 'N', null, 'N', null, '0' ) 
;insert into md_property ( id, accessorclassname, classid, createtime, creator, datatype, datatypestyle, defaultvalue, description, displayname, dr, help, isactive, hided, nullable, readonly, attrlength, attrmaxvalue, attrminvalue, modifier, modifytime, name, precise, refmodelname, attrsequence, ts, visibility, versiontype, fixedlength, calculation, isauthen, resid, customattr, notserialize, dynamicattr, dynamictable, accesspower, accesspowergroup, industry ) values (  'b80eb813-4298-4a11-b49f-41629cf99a68', null, 'df95eda2-3a1a-4389-bf4c-c103d30bd5f9', null, null, 'BS000010000100001001',300, null, null, '自定义项13',0, null, 'Y', 'N', 'Y', 'N',100, null, null, null, null, 'def13',0, null,12, '2018-10-05 12:35:11',0,0, 'N', 'N', 'Y', '2201112-000032', 'N', 'N', 'N', null, 'N', null, '0' ) 
;insert into md_property ( id, accessorclassname, classid, createtime, creator, datatype, datatypestyle, defaultvalue, description, displayname, dr, help, isactive, hided, nullable, readonly, attrlength, attrmaxvalue, attrminvalue, modifier, modifytime, name, precise, refmodelname, attrsequence, ts, visibility, versiontype, fixedlength, calculation, isauthen, resid, customattr, notserialize, dynamicattr, dynamictable, accesspower, accesspowergroup, industry ) values (  '15aaf707-7de6-4a84-85a0-bcc35117f17e', null, 'df95eda2-3a1a-4389-bf4c-c103d30bd5f9', null, null, 'BS000010000100001001',300, null, null, '自定义项14',0, null, 'Y', 'N', 'Y', 'N',100, null, null, null, null, 'def14',0, null,13, '2018-10-05 12:35:11',0,0, 'N', 'N', 'Y', '2201112-000034', 'N', 'N', 'N', null, 'N', null, '0' ) 
;insert into md_property ( id, accessorclassname, classid, createtime, creator, datatype, datatypestyle, defaultvalue, description, displayname, dr, help, isactive, hided, nullable, readonly, attrlength, attrmaxvalue, attrminvalue, modifier, modifytime, name, precise, refmodelname, attrsequence, ts, visibility, versiontype, fixedlength, calculation, isauthen, resid, customattr, notserialize, dynamicattr, dynamictable, accesspower, accesspowergroup, industry ) values (  '541da50b-98c4-44db-ac41-4d8b7045fbc9', null, 'df95eda2-3a1a-4389-bf4c-c103d30bd5f9', null, null, 'BS000010000100001001',300, null, null, '自定义项15',0, null, 'Y', 'N', 'Y', 'N',100, null, null, null, null, 'def15',0, null,14, '2018-10-05 12:35:11',0,0, 'N', 'N', 'Y', '2201112-000030', 'N', 'N', 'N', null, 'N', null, '0' ) 
;insert into md_property ( id, accessorclassname, classid, createtime, creator, datatype, datatypestyle, defaultvalue, description, displayname, dr, help, isactive, hided, nullable, readonly, attrlength, attrmaxvalue, attrminvalue, modifier, modifytime, name, precise, refmodelname, attrsequence, ts, visibility, versiontype, fixedlength, calculation, isauthen, resid, customattr, notserialize, dynamicattr, dynamictable, accesspower, accesspowergroup, industry ) values (  'aa4a523a-d3c3-4f83-aadb-d102273181b3', null, 'df95eda2-3a1a-4389-bf4c-c103d30bd5f9', null, null, 'BS000010000100001001',300, null, null, '自定义项16',0, null, 'Y', 'N', 'Y', 'N',100, null, null, null, null, 'def16',0, null,15, '2018-10-05 12:35:11',0,0, 'N', 'N', 'Y', '2201112-000031', 'N', 'N', 'N', null, 'N', null, '0' ) 
;insert into md_property ( id, accessorclassname, classid, createtime, creator, datatype, datatypestyle, defaultvalue, description, displayname, dr, help, isactive, hided, nullable, readonly, attrlength, attrmaxvalue, attrminvalue, modifier, modifytime, name, precise, refmodelname, attrsequence, ts, visibility, versiontype, fixedlength, calculation, isauthen, resid, customattr, notserialize, dynamicattr, dynamictable, accesspower, accesspowergroup, industry ) values (  'e57f5672-ac49-4311-995f-6dbf94f578c5', null, 'df95eda2-3a1a-4389-bf4c-c103d30bd5f9', null, null, 'BS000010000100001001',300, null, null, '自定义项17',0, null, 'Y', 'N', 'Y', 'N',100, null, null, null, null, 'def17',0, null,16, '2018-10-05 12:35:11',0,0, 'N', 'N', 'Y', '2201112-000027', 'N', 'N', 'N', null, 'N', null, '0' ) 
;insert into md_property ( id, accessorclassname, classid, createtime, creator, datatype, datatypestyle, defaultvalue, description, displayname, dr, help, isactive, hided, nullable, readonly, attrlength, attrmaxvalue, attrminvalue, modifier, modifytime, name, precise, refmodelname, attrsequence, ts, visibility, versiontype, fixedlength, calculation, isauthen, resid, customattr, notserialize, dynamicattr, dynamictable, accesspower, accesspowergroup, industry ) values (  '67d6dab0-4834-4890-aa41-b64e9e818289', null, 'df95eda2-3a1a-4389-bf4c-c103d30bd5f9', null, null, 'BS000010000100001001',300, null, null, '自定义项18',0, null, 'Y', 'N', 'Y', 'N',100, null, null, null, null, 'def18',0, null,17, '2018-10-05 12:35:11',0,0, 'N', 'N', 'Y', '2201112-000029', 'N', 'N', 'N', null, 'N', null, '0' ) 
;insert into md_property ( id, accessorclassname, classid, createtime, creator, datatype, datatypestyle, defaultvalue, description, displayname, dr, help, isactive, hided, nullable, readonly, attrlength, attrmaxvalue, attrminvalue, modifier, modifytime, name, precise, refmodelname, attrsequence, ts, visibility, versiontype, fixedlength, calculation, isauthen, resid, customattr, notserialize, dynamicattr, dynamictable, accesspower, accesspowergroup, industry ) values (  '50f81344-ca32-482e-b06b-cd74f80b2bb0', null, 'df95eda2-3a1a-4389-bf4c-c103d30bd5f9', null, null, 'BS000010000100001001',300, null, null, '自定义项19',0, null, 'Y', 'N', 'Y', 'N',100, null, null, null, null, 'def19',0, null,18, '2018-10-05 12:35:11',0,0, 'N', 'N', 'Y', '2201112-000037', 'N', 'N', 'N', null, 'N', null, '0' ) 
;insert into md_property ( id, accessorclassname, classid, createtime, creator, datatype, datatypestyle, defaultvalue, description, displayname, dr, help, isactive, hided, nullable, readonly, attrlength, attrmaxvalue, attrminvalue, modifier, modifytime, name, precise, refmodelname, attrsequence, ts, visibility, versiontype, fixedlength, calculation, isauthen, resid, customattr, notserialize, dynamicattr, dynamictable, accesspower, accesspowergroup, industry ) values (  'fb5cf0ee-e589-4346-ba81-c45e91efc65b', null, 'df95eda2-3a1a-4389-bf4c-c103d30bd5f9', null, null, 'BS000010000100001001',300, null, null, '自定义项20',0, null, 'Y', 'N', 'Y', 'N',100, null, null, null, null, 'def20',0, null,19, '2018-10-05 12:35:11',0,0, 'N', 'N', 'Y', '2201112-000041', 'N', 'N', 'N', null, 'N', null, '0' ) 
;insert into md_property ( id, accessorclassname, classid, createtime, creator, datatype, datatypestyle, defaultvalue, description, displayname, dr, help, isactive, hided, nullable, readonly, attrlength, attrmaxvalue, attrminvalue, modifier, modifytime, name, precise, refmodelname, attrsequence, ts, visibility, versiontype, fixedlength, calculation, isauthen, resid, customattr, notserialize, dynamicattr, dynamictable, accesspower, accesspowergroup, industry ) values (  '23510aa1-56d2-4d41-b3da-113bf33b0e13', null, 'df95eda2-3a1a-4389-bf4c-c103d30bd5f9', null, null, '3b6dd171-2900-47f3-bfbe-41e4483a2a65',305, null, null, '集团',0, null, 'Y', 'N', 'N', 'N',20, null, null, null, null, 'pk_group',0, null,20, '2018-10-05 12:35:11',0,0, 'N', 'N', 'Y', '2UC000-001007', 'N', 'N', 'N', null, 'N', null, '0' ) 
;insert into md_property ( id, accessorclassname, classid, createtime, creator, datatype, datatypestyle, defaultvalue, description, displayname, dr, help, isactive, hided, nullable, readonly, attrlength, attrmaxvalue, attrminvalue, modifier, modifytime, name, precise, refmodelname, attrsequence, ts, visibility, versiontype, fixedlength, calculation, isauthen, resid, customattr, notserialize, dynamicattr, dynamictable, accesspower, accesspowergroup, industry ) values (  '481e3c68-4ce8-465d-81b1-f595e87e31d4', null, 'df95eda2-3a1a-4389-bf4c-c103d30bd5f9', null, null, '985be8a4-3a36-4778-8afe-2d8ed3902659',305, null, null, '组织',0, null, 'Y', 'N', 'Y', 'N',20, null, null, null, null, 'pk_org',0, null,21, '2018-10-05 12:35:11',0,0, 'N', 'N', 'Y', '2UC000-000693', 'N', 'N', 'N', null, 'N', null, '0' ) 
;insert into md_property ( id, accessorclassname, classid, createtime, creator, datatype, datatypestyle, defaultvalue, description, displayname, dr, help, isactive, hided, nullable, readonly, attrlength, attrmaxvalue, attrminvalue, modifier, modifytime, name, precise, refmodelname, attrsequence, ts, visibility, versiontype, fixedlength, calculation, isauthen, resid, customattr, notserialize, dynamicattr, dynamictable, accesspower, accesspowergroup, industry ) values (  'e05a10c8-782e-4d5d-a007-e0a000fd9ae8', null, 'df95eda2-3a1a-4389-bf4c-c103d30bd5f9', null, null, 'da7bba89-9a59-42d6-a262-c13ef459dbd9',305, null, null, '组织版本',0, null, 'Y', 'N', 'Y', 'N',20, null, null, null, null, 'pk_org_v',0, null,22, '2018-10-05 12:35:11',0,0, 'N', 'N', 'Y', '2UC000-000701', 'N', 'N', 'N', null, 'N', null, '0' ) 
;insert into md_property ( id, accessorclassname, classid, createtime, creator, datatype, datatypestyle, defaultvalue, description, displayname, dr, help, isactive, hided, nullable, readonly, attrlength, attrmaxvalue, attrminvalue, modifier, modifytime, name, precise, refmodelname, attrsequence, ts, visibility, versiontype, fixedlength, calculation, isauthen, resid, customattr, notserialize, dynamicattr, dynamictable, accesspower, accesspowergroup, industry ) values (  'c43c0757-f71f-47b0-8fc2-f8be196afe13', null, 'df95eda2-3a1a-4389-bf4c-c103d30bd5f9', null, null, 'f6f9a473-56c0-432f-8bc7-fbf8fde54fee',305, null, null, '创建人',0, null, 'Y', 'N', 'Y', 'N',20, null, null, null, null, 'creator',0, '用户',23, '2018-10-05 12:35:11',0,0, 'N', 'N', 'Y', '2201112-000004', 'N', 'N', 'N', null, 'N', null, '0' ) 
;insert into md_property ( id, accessorclassname, classid, createtime, creator, datatype, datatypestyle, defaultvalue, description, displayname, dr, help, isactive, hided, nullable, readonly, attrlength, attrmaxvalue, attrminvalue, modifier, modifytime, name, precise, refmodelname, attrsequence, ts, visibility, versiontype, fixedlength, calculation, isauthen, resid, customattr, notserialize, dynamicattr, dynamictable, accesspower, accesspowergroup, industry ) values (  '685fb3d4-48d0-46cb-ac98-1d8dfe995864', null, 'df95eda2-3a1a-4389-bf4c-c103d30bd5f9', null, null, 'BS000010000100001034',300, null, null, '创建时间',0, null, 'Y', 'N', 'Y', 'N',19, null, null, null, null, 'creationtime',0, null,24, '2018-10-05 12:35:11',0,0, 'N', 'N', 'Y', '2201112-000003', 'N', 'N', 'N', null, 'N', null, '0' ) 
;insert into md_property ( id, accessorclassname, classid, createtime, creator, datatype, datatypestyle, defaultvalue, description, displayname, dr, help, isactive, hided, nullable, readonly, attrlength, attrmaxvalue, attrminvalue, modifier, modifytime, name, precise, refmodelname, attrsequence, ts, visibility, versiontype, fixedlength, calculation, isauthen, resid, customattr, notserialize, dynamicattr, dynamictable, accesspower, accesspowergroup, industry ) values (  '7c415ab9-b0b1-46c7-a458-f282b1049ae7', null, 'df95eda2-3a1a-4389-bf4c-c103d30bd5f9', null, null, 'f6f9a473-56c0-432f-8bc7-fbf8fde54fee',305, null, null, '修改人',0, null, 'Y', 'N', 'Y', 'N',20, null, null, null, null, 'modifier',0, '用户',25, '2018-10-05 12:35:11',0,0, 'N', 'N', 'Y', '2UC000-000098', 'N', 'N', 'N', null, 'N', null, '0' ) 
;insert into md_property ( id, accessorclassname, classid, createtime, creator, datatype, datatypestyle, defaultvalue, description, displayname, dr, help, isactive, hided, nullable, readonly, attrlength, attrmaxvalue, attrminvalue, modifier, modifytime, name, precise, refmodelname, attrsequence, ts, visibility, versiontype, fixedlength, calculation, isauthen, resid, customattr, notserialize, dynamicattr, dynamictable, accesspower, accesspowergroup, industry ) values (  '313cefbb-dd6b-4e33-a6fb-17513846516a', null, 'df95eda2-3a1a-4389-bf4c-c103d30bd5f9', null, null, 'BS000010000100001034',300, null, null, '修改时间',0, null, 'Y', 'N', 'Y', 'N',19, null, null, null, null, 'modifiedtime',0, null,26, '2018-10-05 12:35:11',0,0, 'N', 'N', 'Y', '2UC000-000100', 'N', 'N', 'N', null, 'N', null, '0' ) 
;insert into md_property ( id, accessorclassname, classid, createtime, creator, datatype, datatypestyle, defaultvalue, description, displayname, dr, help, isactive, hided, nullable, readonly, attrlength, attrmaxvalue, attrminvalue, modifier, modifytime, name, precise, refmodelname, attrsequence, ts, visibility, versiontype, fixedlength, calculation, isauthen, resid, customattr, notserialize, dynamicattr, dynamictable, accesspower, accesspowergroup, industry ) values (  '8010781d-d6ca-4727-8f92-c28a2adeaf1d', null, 'df95eda2-3a1a-4389-bf4c-c103d30bd5f9', null, null, 'BS000010000100001051',300, null, null, 'id',0, null, 'Y', 'N', 'N', 'N',20, null, null, null, null, 'id',0, null,27, '2018-10-05 12:35:11',0,0, 'N', 'N', 'Y', null, 'N', 'N', 'N', null, 'N', null, '0' ) 
;insert into md_property ( id, accessorclassname, classid, createtime, creator, datatype, datatypestyle, defaultvalue, description, displayname, dr, help, isactive, hided, nullable, readonly, attrlength, attrmaxvalue, attrminvalue, modifier, modifytime, name, precise, refmodelname, attrsequence, ts, visibility, versiontype, fixedlength, calculation, isauthen, resid, customattr, notserialize, dynamicattr, dynamictable, accesspower, accesspowergroup, industry ) values (  '2580b4d2-0547-45ea-ad7c-c83fbb509e5d', null, 'df95eda2-3a1a-4389-bf4c-c103d30bd5f9', null, null, 'fe3e1a3f-be17-4de7-a667-3108fbf14a61',300, null, null, '参数类别',0, null, 'Y', 'N', 'Y', 'N',0, null, null, null, null, 'doccategory',0, null,28, '2018-10-05 12:35:11',0,0, 'N', 'N', 'Y', '268861005-00002', 'N', 'N', 'N', null, 'N', null, '0' ) 
;insert into md_property ( id, accessorclassname, classid, createtime, creator, datatype, datatypestyle, defaultvalue, description, displayname, dr, help, isactive, hided, nullable, readonly, attrlength, attrmaxvalue, attrminvalue, modifier, modifytime, name, precise, refmodelname, attrsequence, ts, visibility, versiontype, fixedlength, calculation, isauthen, resid, customattr, notserialize, dynamicattr, dynamictable, accesspower, accesspowergroup, industry ) values (  'e7353da8-cd79-486d-89f9-4383f0e08aa7', null, 'df95eda2-3a1a-4389-bf4c-c103d30bd5f9', null, null, 'BS000010000100001001',300, null, null, '参数编码',0, null, 'Y', 'N', 'Y', 'N',50, null, null, null, null, 'code',0, null,29, '2018-10-05 12:35:11',0,0, 'N', 'N', 'Y', '268861005-00007', 'N', 'N', 'N', null, 'N', null, '0' ) 
;insert into md_property ( id, accessorclassname, classid, createtime, creator, datatype, datatypestyle, defaultvalue, description, displayname, dr, help, isactive, hided, nullable, readonly, attrlength, attrmaxvalue, attrminvalue, modifier, modifytime, name, precise, refmodelname, attrsequence, ts, visibility, versiontype, fixedlength, calculation, isauthen, resid, customattr, notserialize, dynamicattr, dynamictable, accesspower, accesspowergroup, industry ) values (  '6a68c003-faa6-468e-b86a-abf36c2a8c28', null, 'df95eda2-3a1a-4389-bf4c-c103d30bd5f9', null, null, 'BS000010000100001058',300, null, null, '参数名称',0, null, 'Y', 'N', 'Y', 'N',200, null, null, null, null, 'name',0, null,30, '2018-10-05 12:35:11',0,0, 'N', 'N', 'Y', '268861005-00004', 'N', 'N', 'N', null, 'N', null, '0' ) 
;insert into md_property ( id, accessorclassname, classid, createtime, creator, datatype, datatypestyle, defaultvalue, description, displayname, dr, help, isactive, hided, nullable, readonly, attrlength, attrmaxvalue, attrminvalue, modifier, modifytime, name, precise, refmodelname, attrsequence, ts, visibility, versiontype, fixedlength, calculation, isauthen, resid, customattr, notserialize, dynamicattr, dynamictable, accesspower, accesspowergroup, industry ) values (  '395ff6e6-be7b-48e6-aac7-4a2e7a71e9a8', null, 'df95eda2-3a1a-4389-bf4c-c103d30bd5f9', null, null, 'dfb3d84e-5ab3-4c3a-8541-d6bf96879fa8',300, null, null, '参数类型',0, null, 'Y', 'N', 'Y', 'N',0, null, null, null, null, 'doctype',0, null,31, '2018-10-05 12:35:11',0,0, 'N', 'N', 'Y', '268861005-00008', 'N', 'N', 'N', null, 'N', null, '0' ) 
;insert into md_property ( id, accessorclassname, classid, createtime, creator, datatype, datatypestyle, defaultvalue, description, displayname, dr, help, isactive, hided, nullable, readonly, attrlength, attrmaxvalue, attrminvalue, modifier, modifytime, name, precise, refmodelname, attrsequence, ts, visibility, versiontype, fixedlength, calculation, isauthen, resid, customattr, notserialize, dynamicattr, dynamictable, accesspower, accesspowergroup, industry ) values (  'dbbb2600-57db-4317-b913-c5c59c663de2', null, 'df95eda2-3a1a-4389-bf4c-c103d30bd5f9', null, null, 'BS000010000100001031',300, null, null, '参数数值',0, null, 'Y', 'N', 'Y', 'N',28, null, null, null, null, 'numbervalue',8, null,32, '2018-10-05 12:35:11',0,0, 'N', 'N', 'Y', '268861005-00000', 'N', 'N', 'N', null, 'N', null, '0' ) 
;insert into md_property ( id, accessorclassname, classid, createtime, creator, datatype, datatypestyle, defaultvalue, description, displayname, dr, help, isactive, hided, nullable, readonly, attrlength, attrmaxvalue, attrminvalue, modifier, modifytime, name, precise, refmodelname, attrsequence, ts, visibility, versiontype, fixedlength, calculation, isauthen, resid, customattr, notserialize, dynamicattr, dynamictable, accesspower, accesspowergroup, industry ) values (  'd3e47db4-a6e3-4b14-9d24-544061d88f05', null, 'df95eda2-3a1a-4389-bf4c-c103d30bd5f9', null, null, 'BS000010000100001001',300, null, null, '文本值',0, null, 'Y', 'N', 'Y', 'N',50, null, null, null, null, 'textvalue',0, null,33, '2018-10-05 12:35:11',0,0, 'N', 'N', 'Y', '268861005-00013', 'N', 'N', 'N', null, 'N', null, '0' ) 
;insert into md_property ( id, accessorclassname, classid, createtime, creator, datatype, datatypestyle, defaultvalue, description, displayname, dr, help, isactive, hided, nullable, readonly, attrlength, attrmaxvalue, attrminvalue, modifier, modifytime, name, precise, refmodelname, attrsequence, ts, visibility, versiontype, fixedlength, calculation, isauthen, resid, customattr, notserialize, dynamicattr, dynamictable, accesspower, accesspowergroup, industry ) values (  '06960b0e-25a0-43ce-b903-863d742e446b', null, 'df95eda2-3a1a-4389-bf4c-c103d30bd5f9', null, null, 'BS000010000100001001',300, null, null, '参照类型',0, null, 'Y', 'N', 'Y', 'N',50, null, null, null, null, 'reftype',0, null,34, '2018-10-05 12:35:11',0,0, 'Y', 'N', 'Y', '268861005-00014', 'N', 'N', 'N', null, 'N', null, '0' ) 
;insert into md_property ( id, accessorclassname, classid, createtime, creator, datatype, datatypestyle, defaultvalue, description, displayname, dr, help, isactive, hided, nullable, readonly, attrlength, attrmaxvalue, attrminvalue, modifier, modifytime, name, precise, refmodelname, attrsequence, ts, visibility, versiontype, fixedlength, calculation, isauthen, resid, customattr, notserialize, dynamicattr, dynamictable, accesspower, accesspowergroup, industry ) values (  '46af811d-28a2-4ea7-b905-fcd11f519095', null, 'df95eda2-3a1a-4389-bf4c-c103d30bd5f9', null, null, '85efe9e1-3bc2-492e-a92a-f52d3acff25d',305, null, null, '参照值',0, null, 'Y', 'N', 'Y', 'N',20, null, null, null, null, 'refvalue',0, '自定义档案',35, '2018-10-05 12:35:11',0,0, 'N', 'N', 'Y', '268861005-00015', 'N', 'N', 'N', null, 'N', null, '0' ) 
;insert into md_property ( id, accessorclassname, classid, createtime, creator, datatype, datatypestyle, defaultvalue, description, displayname, dr, help, isactive, hided, nullable, readonly, attrlength, attrmaxvalue, attrminvalue, modifier, modifytime, name, precise, refmodelname, attrsequence, ts, visibility, versiontype, fixedlength, calculation, isauthen, resid, customattr, notserialize, dynamicattr, dynamictable, accesspower, accesspowergroup, industry ) values (  '108a762f-5285-459e-89dc-c4a33398dbd1', null, 'df95eda2-3a1a-4389-bf4c-c103d30bd5f9', null, null, 'BS000010000100001032',300, null, null, '逻辑值',0, null, 'Y', 'N', 'Y', 'N',1, null, null, null, null, 'logicvalue',0, null,36, '2018-10-05 12:35:11',0,0, 'N', 'N', 'Y', '268861005-00016', 'N', 'N', 'N', null, 'N', null, '0' ) 
;insert into md_bizItfMap ( bizinterfaceid, intattrid, classid, classattrid, bizitfimpclassname, classattrpath, dr, ts ) values (  'ede1e93f-a86e-4588-b441-9db78f30219f', '72145ab5-b7fa-448e-ad62-8e13cd547191', 'df95eda2-3a1a-4389-bf4c-c103d30bd5f9', '481e3c68-4ce8-465d-81b1-f595e87e31d4', null, null,0, '2018-10-05 12:35:11' ) 
;insert into md_bizItfMap ( bizinterfaceid, intattrid, classid, classattrid, bizitfimpclassname, classattrpath, dr, ts ) values (  'ede1e93f-a86e-4588-b441-9db78f30219f', '0c37faa9-6e38-4e27-b596-dabc8d5ad732', 'df95eda2-3a1a-4389-bf4c-c103d30bd5f9', 'e05a10c8-782e-4d5d-a007-e0a000fd9ae8', null, null,0, '2018-10-05 12:35:11' ) 
;insert into md_bizItfMap ( bizinterfaceid, intattrid, classid, classattrid, bizitfimpclassname, classattrpath, dr, ts ) values (  '2b226ae1-aad9-4abe-a405-36bcacaa94a8', 'e5a2aef6-8d58-416a-b8b7-4dd10e13d788', 'df95eda2-3a1a-4389-bf4c-c103d30bd5f9', 'c43c0757-f71f-47b0-8fc2-f8be196afe13', null, null,0, '2018-10-05 12:35:11' ) 
;insert into md_bizItfMap ( bizinterfaceid, intattrid, classid, classattrid, bizitfimpclassname, classattrpath, dr, ts ) values (  '2b226ae1-aad9-4abe-a405-36bcacaa94a8', '49b6b1ae-cd5b-4b54-99cd-a6bb9fee7343', 'df95eda2-3a1a-4389-bf4c-c103d30bd5f9', '685fb3d4-48d0-46cb-ac98-1d8dfe995864', null, null,0, '2018-10-05 12:35:11' ) 
;insert into md_bizItfMap ( bizinterfaceid, intattrid, classid, classattrid, bizitfimpclassname, classattrpath, dr, ts ) values (  '2b226ae1-aad9-4abe-a405-36bcacaa94a8', '54c42368-5a43-4295-a7d4-74d276eed522', 'df95eda2-3a1a-4389-bf4c-c103d30bd5f9', '7c415ab9-b0b1-46c7-a458-f282b1049ae7', null, null,0, '2018-10-05 12:35:11' ) 
;insert into md_bizItfMap ( bizinterfaceid, intattrid, classid, classattrid, bizitfimpclassname, classattrpath, dr, ts ) values (  '2b226ae1-aad9-4abe-a405-36bcacaa94a8', '0abfd569-b9cf-4c44-a8d9-45979c083b08', 'df95eda2-3a1a-4389-bf4c-c103d30bd5f9', '313cefbb-dd6b-4e33-a6fb-17513846516a', null, null,0, '2018-10-05 12:35:11' ) 
;insert into md_bizItfMap ( bizinterfaceid, intattrid, classid, classattrid, bizitfimpclassname, classattrpath, dr, ts ) values (  '6c8722b9-911a-489b-8d0d-18bd3734fcf6', '5dd3c721-22ad-42b1-9c10-4351c236bc77', 'df95eda2-3a1a-4389-bf4c-c103d30bd5f9', '8010781d-d6ca-4727-8f92-c28a2adeaf1d', null, null,0, '2018-10-05 12:35:11' ) 
;insert into md_bizItfMap ( bizinterfaceid, intattrid, classid, classattrid, bizitfimpclassname, classattrpath, dr, ts ) values (  '6c8722b9-911a-489b-8d0d-18bd3734fcf6', 'c8334364-7ab9-4266-8d4b-e74537935e46', 'df95eda2-3a1a-4389-bf4c-c103d30bd5f9', null, null, null,0, '2018-10-05 12:35:11' ) 
;insert into md_bizItfMap ( bizinterfaceid, intattrid, classid, classattrid, bizitfimpclassname, classattrpath, dr, ts ) values (  '6c8722b9-911a-489b-8d0d-18bd3734fcf6', 'ecf1b76a-6e44-42e2-a55e-87596504775b', 'df95eda2-3a1a-4389-bf4c-c103d30bd5f9', '481e3c68-4ce8-465d-81b1-f595e87e31d4', null, null,0, '2018-10-05 12:35:11' ) 
;insert into md_bizItfMap ( bizinterfaceid, intattrid, classid, classattrid, bizitfimpclassname, classattrpath, dr, ts ) values (  '6c8722b9-911a-489b-8d0d-18bd3734fcf6', 'd32cc17b-f415-415a-923f-0764443eb102', 'df95eda2-3a1a-4389-bf4c-c103d30bd5f9', 'e7353da8-cd79-486d-89f9-4383f0e08aa7', null, null,0, '2018-10-05 12:35:11' ) 
;insert into md_bizItfMap ( bizinterfaceid, intattrid, classid, classattrid, bizitfimpclassname, classattrpath, dr, ts ) values (  '6c8722b9-911a-489b-8d0d-18bd3734fcf6', '89578a97-42fe-439b-827c-8eabd9e3604c', 'df95eda2-3a1a-4389-bf4c-c103d30bd5f9', '6a68c003-faa6-468e-b86a-abf36c2a8c28', null, null,0, '2018-10-05 12:35:11' ) 
;insert into md_bizItfMap ( bizinterfaceid, intattrid, classid, classattrid, bizitfimpclassname, classattrpath, dr, ts ) values (  '6c8722b9-911a-489b-8d0d-18bd3734fcf6', 'a47e6cda-09e4-480b-923f-ec6f41e3e06c', 'df95eda2-3a1a-4389-bf4c-c103d30bd5f9', '23510aa1-56d2-4d41-b3da-113bf33b0e13', null, null,0, '2018-10-05 12:35:11' ) 
;insert into md_association ( id, componentid, creator, createtime, dr, endcardinality, startbeanid, endelementid, isactive, modifier, modifytime, name, startcardinality, startelementid, ts, type, versiontype, industry ) values (  '302d374a-dae0-4565-a00b-c21ccb6d3278', 'c9b90b3c-1756-41e1-9cda-39a6e9008b6e', null, null,0, '1', 'df95eda2-3a1a-4389-bf4c-c103d30bd5f9', '3b6dd171-2900-47f3-bfbe-41e4483a2a65', 'Y', null, null, 'basedoc_pk_group', '1', '23510aa1-56d2-4d41-b3da-113bf33b0e13', '2018-10-05 12:35:11',3,0, '0' ) 
;insert into md_association ( id, componentid, creator, createtime, dr, endcardinality, startbeanid, endelementid, isactive, modifier, modifytime, name, startcardinality, startelementid, ts, type, versiontype, industry ) values (  '23fd3181-bbbe-41a5-94f1-a161893e6a07', 'c9b90b3c-1756-41e1-9cda-39a6e9008b6e', null, null,0, '1', 'df95eda2-3a1a-4389-bf4c-c103d30bd5f9', '985be8a4-3a36-4778-8afe-2d8ed3902659', 'Y', null, null, 'basedoc_pk_org', '1', '481e3c68-4ce8-465d-81b1-f595e87e31d4', '2018-10-05 12:35:11',3,0, '0' ) 
;insert into md_association ( id, componentid, creator, createtime, dr, endcardinality, startbeanid, endelementid, isactive, modifier, modifytime, name, startcardinality, startelementid, ts, type, versiontype, industry ) values (  'ea380f06-6a0a-4f92-b475-720d109385c0', 'c9b90b3c-1756-41e1-9cda-39a6e9008b6e', null, null,0, '1', 'df95eda2-3a1a-4389-bf4c-c103d30bd5f9', 'da7bba89-9a59-42d6-a262-c13ef459dbd9', 'Y', null, null, 'basedoc_pk_org_v', '1', 'e05a10c8-782e-4d5d-a007-e0a000fd9ae8', '2018-10-05 12:35:11',3,0, '0' ) 
;insert into md_association ( id, componentid, creator, createtime, dr, endcardinality, startbeanid, endelementid, isactive, modifier, modifytime, name, startcardinality, startelementid, ts, type, versiontype, industry ) values (  '130dfe44-41b7-4e12-9262-d41b91fa47fe', 'c9b90b3c-1756-41e1-9cda-39a6e9008b6e', null, null,0, '1', 'df95eda2-3a1a-4389-bf4c-c103d30bd5f9', 'f6f9a473-56c0-432f-8bc7-fbf8fde54fee', 'Y', null, null, 'basedoc_creator', '1', 'c43c0757-f71f-47b0-8fc2-f8be196afe13', '2018-10-05 12:35:11',3,0, '0' ) 
;insert into md_association ( id, componentid, creator, createtime, dr, endcardinality, startbeanid, endelementid, isactive, modifier, modifytime, name, startcardinality, startelementid, ts, type, versiontype, industry ) values (  '14e20849-0980-4cd8-9d53-8414629b0404', 'c9b90b3c-1756-41e1-9cda-39a6e9008b6e', null, null,0, '1', 'df95eda2-3a1a-4389-bf4c-c103d30bd5f9', 'f6f9a473-56c0-432f-8bc7-fbf8fde54fee', 'Y', null, null, 'basedoc_modifier', '1', '7c415ab9-b0b1-46c7-a458-f282b1049ae7', '2018-10-05 12:35:11',3,0, '0' ) 
;insert into md_association ( id, componentid, creator, createtime, dr, endcardinality, startbeanid, endelementid, isactive, modifier, modifytime, name, startcardinality, startelementid, ts, type, versiontype, industry ) values (  '34be84bb-8e90-4c07-8c45-cdbf04412552', 'c9b90b3c-1756-41e1-9cda-39a6e9008b6e', null, null,0, '1', 'df95eda2-3a1a-4389-bf4c-c103d30bd5f9', '85efe9e1-3bc2-492e-a92a-f52d3acff25d', 'Y', null, null, 'basedoc_refvalue', '1', '46af811d-28a2-4ea7-b905-fcd11f519095', '2018-10-05 12:35:11',3,0, '0' ) 
;insert into md_table ( id, createtime, creator, databaseid, description, displayname, dr, help, isactive, fromsourcebmf, modifier, modifytime, name, ts, versiontype, resmodule, resid, parenttable, isextendtable, industry ) values (  'twhr_basedoc', '2014-08-03 16:06:21', 'YONYOU NC', null, null, '参数设定',0, 'smart', null, 'Y', 'YONYOU NC', '2018-10-05 12:34:06', 'twhr_basedoc', '2018-10-05 12:35:11',0, 'twhr', '268861005-00006', null, null, '0' ) 
;insert into md_column ( id, sqldatetype, createtime, creator, defaultvalue, description, displayname, dr, help, incrementseed, incrementstep, isactive, identitied, pkey, nullable, columnlength, modifier, modifytime, name, precise, columnsequence, tableid, ts, versiontype, resid, groupid, columntype, forlocale ) values (  'twhr_basedoc@@@def1', 'varchar', null, null, null, null, '自定义项1',0, null,null,null, 'Y', null, 'N', 'Y',100, null, null, 'def1',0,0, 'twhr_basedoc', '2018-10-05 12:35:11',0, '2201112-000071', null,0, 'N' ) 
;insert into md_column ( id, sqldatetype, createtime, creator, defaultvalue, description, displayname, dr, help, incrementseed, incrementstep, isactive, identitied, pkey, nullable, columnlength, modifier, modifytime, name, precise, columnsequence, tableid, ts, versiontype, resid, groupid, columntype, forlocale ) values (  'twhr_basedoc@@@def2', 'varchar', null, null, null, null, '自定义项2',0, null,null,null, 'Y', null, 'N', 'Y',100, null, null, 'def2',0,1, 'twhr_basedoc', '2018-10-05 12:35:11',0, '2201112-000073', null,0, 'N' ) 
;insert into md_column ( id, sqldatetype, createtime, creator, defaultvalue, description, displayname, dr, help, incrementseed, incrementstep, isactive, identitied, pkey, nullable, columnlength, modifier, modifytime, name, precise, columnsequence, tableid, ts, versiontype, resid, groupid, columntype, forlocale ) values (  'twhr_basedoc@@@def3', 'varchar', null, null, null, null, '自定义项3',0, null,null,null, 'Y', null, 'N', 'Y',100, null, null, 'def3',0,2, 'twhr_basedoc', '2018-10-05 12:35:11',0, '2201112-000074', null,0, 'N' ) 
;insert into md_column ( id, sqldatetype, createtime, creator, defaultvalue, description, displayname, dr, help, incrementseed, incrementstep, isactive, identitied, pkey, nullable, columnlength, modifier, modifytime, name, precise, columnsequence, tableid, ts, versiontype, resid, groupid, columntype, forlocale ) values (  'twhr_basedoc@@@def4', 'varchar', null, null, null, null, '自定义项4',0, null,null,null, 'Y', null, 'N', 'Y',100, null, null, 'def4',0,3, 'twhr_basedoc', '2018-10-05 12:35:11',0, '2201112-000075', null,0, 'N' ) 
;insert into md_column ( id, sqldatetype, createtime, creator, defaultvalue, description, displayname, dr, help, incrementseed, incrementstep, isactive, identitied, pkey, nullable, columnlength, modifier, modifytime, name, precise, columnsequence, tableid, ts, versiontype, resid, groupid, columntype, forlocale ) values (  'twhr_basedoc@@@def5', 'varchar', null, null, null, null, '自定义项5',0, null,null,null, 'Y', null, 'N', 'Y',100, null, null, 'def5',0,4, 'twhr_basedoc', '2018-10-05 12:35:11',0, '2201112-000076', null,0, 'N' ) 
;insert into md_column ( id, sqldatetype, createtime, creator, defaultvalue, description, displayname, dr, help, incrementseed, incrementstep, isactive, identitied, pkey, nullable, columnlength, modifier, modifytime, name, precise, columnsequence, tableid, ts, versiontype, resid, groupid, columntype, forlocale ) values (  'twhr_basedoc@@@def6', 'varchar', null, null, null, null, '自定义项6',0, null,null,null, 'Y', null, 'N', 'Y',100, null, null, 'def6',0,5, 'twhr_basedoc', '2018-10-05 12:35:11',0, '2201112-000077', null,0, 'N' ) 
;insert into md_column ( id, sqldatetype, createtime, creator, defaultvalue, description, displayname, dr, help, incrementseed, incrementstep, isactive, identitied, pkey, nullable, columnlength, modifier, modifytime, name, precise, columnsequence, tableid, ts, versiontype, resid, groupid, columntype, forlocale ) values (  'twhr_basedoc@@@def7', 'varchar', null, null, null, null, '自定义项7',0, null,null,null, 'Y', null, 'N', 'Y',100, null, null, 'def7',0,6, 'twhr_basedoc', '2018-10-05 12:35:11',0, '2201112-000078', null,0, 'N' ) 
;insert into md_column ( id, sqldatetype, createtime, creator, defaultvalue, description, displayname, dr, help, incrementseed, incrementstep, isactive, identitied, pkey, nullable, columnlength, modifier, modifytime, name, precise, columnsequence, tableid, ts, versiontype, resid, groupid, columntype, forlocale ) values (  'twhr_basedoc@@@def8', 'varchar', null, null, null, null, '自定义项8',0, null,null,null, 'Y', null, 'N', 'Y',100, null, null, 'def8',0,7, 'twhr_basedoc', '2018-10-05 12:35:11',0, '2201112-000079', null,0, 'N' ) 
;insert into md_column ( id, sqldatetype, createtime, creator, defaultvalue, description, displayname, dr, help, incrementseed, incrementstep, isactive, identitied, pkey, nullable, columnlength, modifier, modifytime, name, precise, columnsequence, tableid, ts, versiontype, resid, groupid, columntype, forlocale ) values (  'twhr_basedoc@@@def9', 'varchar', null, null, null, null, '自定义项9',0, null,null,null, 'Y', null, 'N', 'Y',100, null, null, 'def9',0,8, 'twhr_basedoc', '2018-10-05 12:35:11',0, '2201112-000081', null,0, 'N' ) 
;insert into md_column ( id, sqldatetype, createtime, creator, defaultvalue, description, displayname, dr, help, incrementseed, incrementstep, isactive, identitied, pkey, nullable, columnlength, modifier, modifytime, name, precise, columnsequence, tableid, ts, versiontype, resid, groupid, columntype, forlocale ) values (  'twhr_basedoc@@@def10', 'varchar', null, null, null, null, '自定义项10',0, null,null,null, 'Y', null, 'N', 'Y',100, null, null, 'def10',0,9, 'twhr_basedoc', '2018-10-05 12:35:11',0, '2201112-000026', null,0, 'N' ) 
;insert into md_column ( id, sqldatetype, createtime, creator, defaultvalue, description, displayname, dr, help, incrementseed, incrementstep, isactive, identitied, pkey, nullable, columnlength, modifier, modifytime, name, precise, columnsequence, tableid, ts, versiontype, resid, groupid, columntype, forlocale ) values (  'twhr_basedoc@@@def11', 'varchar', null, null, null, null, '自定义项11',0, null,null,null, 'Y', null, 'N', 'Y',100, null, null, 'def11',0,10, 'twhr_basedoc', '2018-10-05 12:35:11',0, '2201112-000035', null,0, 'N' ) 
;insert into md_column ( id, sqldatetype, createtime, creator, defaultvalue, description, displayname, dr, help, incrementseed, incrementstep, isactive, identitied, pkey, nullable, columnlength, modifier, modifytime, name, precise, columnsequence, tableid, ts, versiontype, resid, groupid, columntype, forlocale ) values (  'twhr_basedoc@@@def12', 'varchar', null, null, null, null, '自定义项12',0, null,null,null, 'Y', null, 'N', 'Y',100, null, null, 'def12',0,11, 'twhr_basedoc', '2018-10-05 12:35:11',0, '2201112-000036', null,0, 'N' ) 
;insert into md_column ( id, sqldatetype, createtime, creator, defaultvalue, description, displayname, dr, help, incrementseed, incrementstep, isactive, identitied, pkey, nullable, columnlength, modifier, modifytime, name, precise, columnsequence, tableid, ts, versiontype, resid, groupid, columntype, forlocale ) values (  'twhr_basedoc@@@def13', 'varchar', null, null, null, null, '自定义项13',0, null,null,null, 'Y', null, 'N', 'Y',100, null, null, 'def13',0,12, 'twhr_basedoc', '2018-10-05 12:35:11',0, '2201112-000032', null,0, 'N' ) 
;insert into md_column ( id, sqldatetype, createtime, creator, defaultvalue, description, displayname, dr, help, incrementseed, incrementstep, isactive, identitied, pkey, nullable, columnlength, modifier, modifytime, name, precise, columnsequence, tableid, ts, versiontype, resid, groupid, columntype, forlocale ) values (  'twhr_basedoc@@@def14', 'varchar', null, null, null, null, '自定义项14',0, null,null,null, 'Y', null, 'N', 'Y',100, null, null, 'def14',0,13, 'twhr_basedoc', '2018-10-05 12:35:11',0, '2201112-000034', null,0, 'N' ) 
;insert into md_column ( id, sqldatetype, createtime, creator, defaultvalue, description, displayname, dr, help, incrementseed, incrementstep, isactive, identitied, pkey, nullable, columnlength, modifier, modifytime, name, precise, columnsequence, tableid, ts, versiontype, resid, groupid, columntype, forlocale ) values (  'twhr_basedoc@@@def15', 'varchar', null, null, null, null, '自定义项15',0, null,null,null, 'Y', null, 'N', 'Y',100, null, null, 'def15',0,14, 'twhr_basedoc', '2018-10-05 12:35:11',0, '2201112-000030', null,0, 'N' ) 
;insert into md_column ( id, sqldatetype, createtime, creator, defaultvalue, description, displayname, dr, help, incrementseed, incrementstep, isactive, identitied, pkey, nullable, columnlength, modifier, modifytime, name, precise, columnsequence, tableid, ts, versiontype, resid, groupid, columntype, forlocale ) values (  'twhr_basedoc@@@def16', 'varchar', null, null, null, null, '自定义项16',0, null,null,null, 'Y', null, 'N', 'Y',100, null, null, 'def16',0,15, 'twhr_basedoc', '2018-10-05 12:35:11',0, '2201112-000031', null,0, 'N' ) 
;insert into md_column ( id, sqldatetype, createtime, creator, defaultvalue, description, displayname, dr, help, incrementseed, incrementstep, isactive, identitied, pkey, nullable, columnlength, modifier, modifytime, name, precise, columnsequence, tableid, ts, versiontype, resid, groupid, columntype, forlocale ) values (  'twhr_basedoc@@@def17', 'varchar', null, null, null, null, '自定义项17',0, null,null,null, 'Y', null, 'N', 'Y',100, null, null, 'def17',0,16, 'twhr_basedoc', '2018-10-05 12:35:11',0, '2201112-000027', null,0, 'N' ) 
;insert into md_column ( id, sqldatetype, createtime, creator, defaultvalue, description, displayname, dr, help, incrementseed, incrementstep, isactive, identitied, pkey, nullable, columnlength, modifier, modifytime, name, precise, columnsequence, tableid, ts, versiontype, resid, groupid, columntype, forlocale ) values (  'twhr_basedoc@@@def18', 'varchar', null, null, null, null, '自定义项18',0, null,null,null, 'Y', null, 'N', 'Y',100, null, null, 'def18',0,17, 'twhr_basedoc', '2018-10-05 12:35:11',0, '2201112-000029', null,0, 'N' ) 
;insert into md_column ( id, sqldatetype, createtime, creator, defaultvalue, description, displayname, dr, help, incrementseed, incrementstep, isactive, identitied, pkey, nullable, columnlength, modifier, modifytime, name, precise, columnsequence, tableid, ts, versiontype, resid, groupid, columntype, forlocale ) values (  'twhr_basedoc@@@def19', 'varchar', null, null, null, null, '自定义项19',0, null,null,null, 'Y', null, 'N', 'Y',100, null, null, 'def19',0,18, 'twhr_basedoc', '2018-10-05 12:35:11',0, '2201112-000037', null,0, 'N' ) 
;insert into md_column ( id, sqldatetype, createtime, creator, defaultvalue, description, displayname, dr, help, incrementseed, incrementstep, isactive, identitied, pkey, nullable, columnlength, modifier, modifytime, name, precise, columnsequence, tableid, ts, versiontype, resid, groupid, columntype, forlocale ) values (  'twhr_basedoc@@@def20', 'varchar', null, null, null, null, '自定义项20',0, null,null,null, 'Y', null, 'N', 'Y',100, null, null, 'def20',0,19, 'twhr_basedoc', '2018-10-05 12:35:11',0, '2201112-000041', null,0, 'N' ) 
;insert into md_column ( id, sqldatetype, createtime, creator, defaultvalue, description, displayname, dr, help, incrementseed, incrementstep, isactive, identitied, pkey, nullable, columnlength, modifier, modifytime, name, precise, columnsequence, tableid, ts, versiontype, resid, groupid, columntype, forlocale ) values (  'twhr_basedoc@@@pk_group', 'varchar', null, null, null, null, '集团',0, null,null,null, 'Y', null, 'N', 'N',20, null, null, 'pk_group',0,20, 'twhr_basedoc', '2018-10-05 12:35:11',0, '2UC000-001007', null,0, 'N' ) 
;insert into md_column ( id, sqldatetype, createtime, creator, defaultvalue, description, displayname, dr, help, incrementseed, incrementstep, isactive, identitied, pkey, nullable, columnlength, modifier, modifytime, name, precise, columnsequence, tableid, ts, versiontype, resid, groupid, columntype, forlocale ) values (  'twhr_basedoc@@@pk_org', 'varchar', null, null, '*~', null, '组织',0, null,null,null, 'Y', null, 'N', 'Y',20, null, null, 'pk_org',0,21, 'twhr_basedoc', '2018-10-05 12:35:11',0, '2UC000-000693', null,0, 'N' ) 
;insert into md_column ( id, sqldatetype, createtime, creator, defaultvalue, description, displayname, dr, help, incrementseed, incrementstep, isactive, identitied, pkey, nullable, columnlength, modifier, modifytime, name, precise, columnsequence, tableid, ts, versiontype, resid, groupid, columntype, forlocale ) values (  'twhr_basedoc@@@pk_org_v', 'varchar', null, null, '*~', null, '组织版本',0, null,null,null, 'Y', null, 'N', 'Y',20, null, null, 'pk_org_v',0,22, 'twhr_basedoc', '2018-10-05 12:35:11',0, '2UC000-000701', null,0, 'N' ) 
;insert into md_column ( id, sqldatetype, createtime, creator, defaultvalue, description, displayname, dr, help, incrementseed, incrementstep, isactive, identitied, pkey, nullable, columnlength, modifier, modifytime, name, precise, columnsequence, tableid, ts, versiontype, resid, groupid, columntype, forlocale ) values (  'twhr_basedoc@@@creator', 'varchar', null, null, '*~', null, '创建人',0, null,null,null, 'Y', null, 'N', 'Y',20, null, null, 'creator',0,23, 'twhr_basedoc', '2018-10-05 12:35:11',0, '2201112-000004', null,0, 'N' ) 
;insert into md_column ( id, sqldatetype, createtime, creator, defaultvalue, description, displayname, dr, help, incrementseed, incrementstep, isactive, identitied, pkey, nullable, columnlength, modifier, modifytime, name, precise, columnsequence, tableid, ts, versiontype, resid, groupid, columntype, forlocale ) values (  'twhr_basedoc@@@creationtime', 'char', null, null, null, null, '创建时间',0, null,null,null, 'Y', null, 'N', 'Y',19, null, null, 'creationtime',0,24, 'twhr_basedoc', '2018-10-05 12:35:11',0, '2201112-000003', null,0, 'N' ) 
;insert into md_column ( id, sqldatetype, createtime, creator, defaultvalue, description, displayname, dr, help, incrementseed, incrementstep, isactive, identitied, pkey, nullable, columnlength, modifier, modifytime, name, precise, columnsequence, tableid, ts, versiontype, resid, groupid, columntype, forlocale ) values (  'twhr_basedoc@@@modifier', 'varchar', null, null, '*~', null, '修改人',0, null,null,null, 'Y', null, 'N', 'Y',20, null, null, 'modifier',0,25, 'twhr_basedoc', '2018-10-05 12:35:11',0, '2UC000-000098', null,0, 'N' ) 
;insert into md_column ( id, sqldatetype, createtime, creator, defaultvalue, description, displayname, dr, help, incrementseed, incrementstep, isactive, identitied, pkey, nullable, columnlength, modifier, modifytime, name, precise, columnsequence, tableid, ts, versiontype, resid, groupid, columntype, forlocale ) values (  'twhr_basedoc@@@modifiedtime', 'char', null, null, null, null, '修改时间',0, null,null,null, 'Y', null, 'N', 'Y',19, null, null, 'modifiedtime',0,26, 'twhr_basedoc', '2018-10-05 12:35:11',0, '2UC000-000100', null,0, 'N' ) 
;insert into md_column ( id, sqldatetype, createtime, creator, defaultvalue, description, displayname, dr, help, incrementseed, incrementstep, isactive, identitied, pkey, nullable, columnlength, modifier, modifytime, name, precise, columnsequence, tableid, ts, versiontype, resid, groupid, columntype, forlocale ) values (  'twhr_basedoc@@PK@@', 'char', null, null, null, null, 'id',0, null,null,null, 'Y', null, 'Y', 'N',20, null, null, 'id',0,27, 'twhr_basedoc', '2018-10-05 12:35:11',0, null, null,0, 'N' ) 
;insert into md_column ( id, sqldatetype, createtime, creator, defaultvalue, description, displayname, dr, help, incrementseed, incrementstep, isactive, identitied, pkey, nullable, columnlength, modifier, modifytime, name, precise, columnsequence, tableid, ts, versiontype, resid, groupid, columntype, forlocale ) values (  'twhr_basedoc@@@doccategory', 'int', null, null, null, null, '参数类别',0, null,null,null, 'Y', null, 'N', 'Y',0, null, null, 'doccategory',0,28, 'twhr_basedoc', '2018-10-05 12:35:11',0, '268861005-00002', null,0, 'N' ) 
;insert into md_column ( id, sqldatetype, createtime, creator, defaultvalue, description, displayname, dr, help, incrementseed, incrementstep, isactive, identitied, pkey, nullable, columnlength, modifier, modifytime, name, precise, columnsequence, tableid, ts, versiontype, resid, groupid, columntype, forlocale ) values (  'twhr_basedoc@@@code', 'varchar', null, null, null, null, '参数编码',0, null,null,null, 'Y', null, 'N', 'Y',50, null, null, 'code',0,29, 'twhr_basedoc', '2018-10-05 12:35:11',0, '268861005-00007', null,0, 'N' ) 
;insert into md_column ( id, sqldatetype, createtime, creator, defaultvalue, description, displayname, dr, help, incrementseed, incrementstep, isactive, identitied, pkey, nullable, columnlength, modifier, modifytime, name, precise, columnsequence, tableid, ts, versiontype, resid, groupid, columntype, forlocale ) values (  'twhr_basedoc@@@name', 'varchar', null, null, null, null, '参数名称',0, null,null,null, 'Y', null, 'N', 'Y',200, null, null, 'name',0,0, 'twhr_basedoc', '2018-10-05 12:35:11',0, '268861005-00004', 'twhr_basedoc@@@name',0, 'Y' ) 
;insert into md_column ( id, sqldatetype, createtime, creator, defaultvalue, description, displayname, dr, help, incrementseed, incrementstep, isactive, identitied, pkey, nullable, columnlength, modifier, modifytime, name, precise, columnsequence, tableid, ts, versiontype, resid, groupid, columntype, forlocale ) values (  'twhr_basedoc@@@doctype', 'int', null, null, null, null, '参数类型',0, null,null,null, 'Y', null, 'N', 'Y',0, null, null, 'doctype',0,31, 'twhr_basedoc', '2018-10-05 12:35:11',0, '268861005-00008', null,0, 'N' ) 
;insert into md_column ( id, sqldatetype, createtime, creator, defaultvalue, description, displayname, dr, help, incrementseed, incrementstep, isactive, identitied, pkey, nullable, columnlength, modifier, modifytime, name, precise, columnsequence, tableid, ts, versiontype, resid, groupid, columntype, forlocale ) values (  'twhr_basedoc@@@numbervalue', 'decimal', null, null, null, null, '参数数值',0, null,null,null, 'Y', null, 'N', 'Y',28, null, null, 'numbervalue',8,32, 'twhr_basedoc', '2018-10-05 12:35:11',0, '268861005-00000', null,0, 'N' ) 
;insert into md_column ( id, sqldatetype, createtime, creator, defaultvalue, description, displayname, dr, help, incrementseed, incrementstep, isactive, identitied, pkey, nullable, columnlength, modifier, modifytime, name, precise, columnsequence, tableid, ts, versiontype, resid, groupid, columntype, forlocale ) values (  'twhr_basedoc@@@textvalue', 'varchar', null, null, null, null, '文本值',0, null,null,null, 'Y', null, 'N', 'Y',50, null, null, 'textvalue',0,33, 'twhr_basedoc', '2018-10-05 12:35:11',0, '268861005-00013', null,0, 'N' ) 
;insert into md_column ( id, sqldatetype, createtime, creator, defaultvalue, description, displayname, dr, help, incrementseed, incrementstep, isactive, identitied, pkey, nullable, columnlength, modifier, modifytime, name, precise, columnsequence, tableid, ts, versiontype, resid, groupid, columntype, forlocale ) values (  'twhr_basedoc@@@reftype', 'varchar', null, null, null, null, '参照类型',0, null,null,null, 'Y', null, 'N', 'Y',50, null, null, 'reftype',0,34, 'twhr_basedoc', '2018-10-05 12:35:11',0, '268861005-00014', null,0, 'N' ) 
;insert into md_column ( id, sqldatetype, createtime, creator, defaultvalue, description, displayname, dr, help, incrementseed, incrementstep, isactive, identitied, pkey, nullable, columnlength, modifier, modifytime, name, precise, columnsequence, tableid, ts, versiontype, resid, groupid, columntype, forlocale ) values (  'twhr_basedoc@@@refvalue', 'varchar', null, null, '*~', null, '参照值',0, null,null,null, 'Y', null, 'N', 'Y',20, null, null, 'refvalue',0,35, 'twhr_basedoc', '2018-10-05 12:35:11',0, '268861005-00015', null,0, 'N' ) 
;insert into md_column ( id, sqldatetype, createtime, creator, defaultvalue, description, displayname, dr, help, incrementseed, incrementstep, isactive, identitied, pkey, nullable, columnlength, modifier, modifytime, name, precise, columnsequence, tableid, ts, versiontype, resid, groupid, columntype, forlocale ) values (  'twhr_basedoc@@@logicvalue', 'char', null, null, null, null, '逻辑值',0, null,null,null, 'Y', null, 'N', 'Y',1, null, null, 'logicvalue',0,36, 'twhr_basedoc', '2018-10-05 12:35:11',0, '268861005-00016', null,0, 'N' ) 
;insert into md_column ( id, sqldatetype, createtime, creator, defaultvalue, description, displayname, dr, help, incrementseed, incrementstep, isactive, identitied, pkey, nullable, columnlength, modifier, modifytime, name, precise, columnsequence, tableid, ts, versiontype, resid, groupid, columntype, forlocale ) values (  'twhr_basedoc@@@name2', 'varchar', null, null, null, null, '参数名称2',0, null,null,null, 'Y', null, 'N', 'Y',200, null, null, 'name2',0,0, 'twhr_basedoc', '2018-10-05 12:35:11',0, '268861005-00004', 'twhr_basedoc@@@name',0, 'Y' ) 
;insert into md_column ( id, sqldatetype, createtime, creator, defaultvalue, description, displayname, dr, help, incrementseed, incrementstep, isactive, identitied, pkey, nullable, columnlength, modifier, modifytime, name, precise, columnsequence, tableid, ts, versiontype, resid, groupid, columntype, forlocale ) values (  'twhr_basedoc@@@name3', 'varchar', null, null, null, null, '参数名称3',0, null,null,null, 'Y', null, 'N', 'Y',200, null, null, 'name3',0,0, 'twhr_basedoc', '2018-10-05 12:35:11',0, '268861005-00004', 'twhr_basedoc@@@name',0, 'Y' ) 
;insert into md_column ( id, sqldatetype, createtime, creator, defaultvalue, description, displayname, dr, help, incrementseed, incrementstep, isactive, identitied, pkey, nullable, columnlength, modifier, modifytime, name, precise, columnsequence, tableid, ts, versiontype, resid, groupid, columntype, forlocale ) values (  'twhr_basedoc@@@name4', 'varchar', null, null, null, null, '参数名称4',0, null,null,null, 'Y', null, 'N', 'Y',200, null, null, 'name4',0,0, 'twhr_basedoc', '2018-10-05 12:35:11',0, '268861005-00004', 'twhr_basedoc@@@name',0, 'Y' ) 
;insert into md_column ( id, sqldatetype, createtime, creator, defaultvalue, description, displayname, dr, help, incrementseed, incrementstep, isactive, identitied, pkey, nullable, columnlength, modifier, modifytime, name, precise, columnsequence, tableid, ts, versiontype, resid, groupid, columntype, forlocale ) values (  'twhr_basedoc@@@name5', 'varchar', null, null, null, null, '参数名称5',0, null,null,null, 'Y', null, 'N', 'Y',200, null, null, 'name5',0,0, 'twhr_basedoc', '2018-10-05 12:35:11',0, '268861005-00004', 'twhr_basedoc@@@name',0, 'Y' ) 
;insert into md_column ( id, sqldatetype, createtime, creator, defaultvalue, description, displayname, dr, help, incrementseed, incrementstep, isactive, identitied, pkey, nullable, columnlength, modifier, modifytime, name, precise, columnsequence, tableid, ts, versiontype, resid, groupid, columntype, forlocale ) values (  'twhr_basedoc@@@name6', 'varchar', null, null, null, null, '参数名称6',0, null,null,null, 'Y', null, 'N', 'Y',200, null, null, 'name6',0,0, 'twhr_basedoc', '2018-10-05 12:35:11',0, '268861005-00004', 'twhr_basedoc@@@name',0, 'Y' ) 
;insert into md_ORMap ( attributeid, classid, columnid, dr, tableid, ts ) values (  'c43c0757-f71f-47b0-8fc2-f8be196afe13', 'df95eda2-3a1a-4389-bf4c-c103d30bd5f9', 'twhr_basedoc@@@creator',0, 'twhr_basedoc', '2018-10-05 12:35:11' ) 
;insert into md_ORMap ( attributeid, classid, columnid, dr, tableid, ts ) values (  'e7353da8-cd79-486d-89f9-4383f0e08aa7', 'df95eda2-3a1a-4389-bf4c-c103d30bd5f9', 'twhr_basedoc@@@code',0, 'twhr_basedoc', '2018-10-05 12:35:11' ) 
;insert into md_ORMap ( attributeid, classid, columnid, dr, tableid, ts ) values (  '313cefbb-dd6b-4e33-a6fb-17513846516a', 'df95eda2-3a1a-4389-bf4c-c103d30bd5f9', 'twhr_basedoc@@@modifiedtime',0, 'twhr_basedoc', '2018-10-05 12:35:11' ) 
;insert into md_ORMap ( attributeid, classid, columnid, dr, tableid, ts ) values (  'f587127d-333c-4fb5-bad4-c50fff70815b', 'df95eda2-3a1a-4389-bf4c-c103d30bd5f9', 'twhr_basedoc@@@def6',0, 'twhr_basedoc', '2018-10-05 12:35:11' ) 
;insert into md_ORMap ( attributeid, classid, columnid, dr, tableid, ts ) values (  'fb5cf0ee-e589-4346-ba81-c45e91efc65b', 'df95eda2-3a1a-4389-bf4c-c103d30bd5f9', 'twhr_basedoc@@@def20',0, 'twhr_basedoc', '2018-10-05 12:35:11' ) 
;insert into md_ORMap ( attributeid, classid, columnid, dr, tableid, ts ) values (  '108a762f-5285-459e-89dc-c4a33398dbd1', 'df95eda2-3a1a-4389-bf4c-c103d30bd5f9', 'twhr_basedoc@@@logicvalue',0, 'twhr_basedoc', '2018-10-05 12:35:11' ) 
;insert into md_ORMap ( attributeid, classid, columnid, dr, tableid, ts ) values (  'e57f5672-ac49-4311-995f-6dbf94f578c5', 'df95eda2-3a1a-4389-bf4c-c103d30bd5f9', 'twhr_basedoc@@@def17',0, 'twhr_basedoc', '2018-10-05 12:35:11' ) 
;insert into md_ORMap ( attributeid, classid, columnid, dr, tableid, ts ) values (  '321d8abf-f09d-43d9-ba59-373d04b117cf', 'df95eda2-3a1a-4389-bf4c-c103d30bd5f9', 'twhr_basedoc@@@def7',0, 'twhr_basedoc', '2018-10-05 12:35:11' ) 
;insert into md_ORMap ( attributeid, classid, columnid, dr, tableid, ts ) values (  'ee39987d-e0c0-4822-88ee-049f016f0356', 'df95eda2-3a1a-4389-bf4c-c103d30bd5f9', 'twhr_basedoc@@@def2',0, 'twhr_basedoc', '2018-10-05 12:35:11' ) 
;insert into md_ORMap ( attributeid, classid, columnid, dr, tableid, ts ) values (  '541da50b-98c4-44db-ac41-4d8b7045fbc9', 'df95eda2-3a1a-4389-bf4c-c103d30bd5f9', 'twhr_basedoc@@@def15',0, 'twhr_basedoc', '2018-10-05 12:35:11' ) 
;insert into md_ORMap ( attributeid, classid, columnid, dr, tableid, ts ) values (  'd3e47db4-a6e3-4b14-9d24-544061d88f05', 'df95eda2-3a1a-4389-bf4c-c103d30bd5f9', 'twhr_basedoc@@@textvalue',0, 'twhr_basedoc', '2018-10-05 12:35:11' ) 
;insert into md_ORMap ( attributeid, classid, columnid, dr, tableid, ts ) values (  '50f81344-ca32-482e-b06b-cd74f80b2bb0', 'df95eda2-3a1a-4389-bf4c-c103d30bd5f9', 'twhr_basedoc@@@def19',0, 'twhr_basedoc', '2018-10-05 12:35:11' ) 
;insert into md_ORMap ( attributeid, classid, columnid, dr, tableid, ts ) values (  '6de11bc1-12b7-4fa2-bc34-96e6e3ed19ad', 'df95eda2-3a1a-4389-bf4c-c103d30bd5f9', 'twhr_basedoc@@@def8',0, 'twhr_basedoc', '2018-10-05 12:35:11' ) 
;insert into md_ORMap ( attributeid, classid, columnid, dr, tableid, ts ) values (  'bed12fb5-56d9-452f-9816-e0cd72814541', 'df95eda2-3a1a-4389-bf4c-c103d30bd5f9', 'twhr_basedoc@@@def5',0, 'twhr_basedoc', '2018-10-05 12:35:11' ) 
;insert into md_ORMap ( attributeid, classid, columnid, dr, tableid, ts ) values (  '75b324f9-b03e-4cc4-aa8e-86c140f4ecec', 'df95eda2-3a1a-4389-bf4c-c103d30bd5f9', 'twhr_basedoc@@@def3',0, 'twhr_basedoc', '2018-10-05 12:35:11' ) 
;insert into md_ORMap ( attributeid, classid, columnid, dr, tableid, ts ) values (  'd69b427d-ad0d-4c40-a8b3-c60de17b60dd', 'df95eda2-3a1a-4389-bf4c-c103d30bd5f9', 'twhr_basedoc@@@def9',0, 'twhr_basedoc', '2018-10-05 12:35:11' ) 
;insert into md_ORMap ( attributeid, classid, columnid, dr, tableid, ts ) values (  '685fb3d4-48d0-46cb-ac98-1d8dfe995864', 'df95eda2-3a1a-4389-bf4c-c103d30bd5f9', 'twhr_basedoc@@@creationtime',0, 'twhr_basedoc', '2018-10-05 12:35:11' ) 
;insert into md_ORMap ( attributeid, classid, columnid, dr, tableid, ts ) values (  'f37d2e50-b800-4d1e-98e2-f8306c32ef06', 'df95eda2-3a1a-4389-bf4c-c103d30bd5f9', 'twhr_basedoc@@@def12',0, 'twhr_basedoc', '2018-10-05 12:35:11' ) 
;insert into md_ORMap ( attributeid, classid, columnid, dr, tableid, ts ) values (  'b80eb813-4298-4a11-b49f-41629cf99a68', 'df95eda2-3a1a-4389-bf4c-c103d30bd5f9', 'twhr_basedoc@@@def13',0, 'twhr_basedoc', '2018-10-05 12:35:11' ) 
;insert into md_ORMap ( attributeid, classid, columnid, dr, tableid, ts ) values (  '81f64783-3f00-4493-9cc7-a378b9c3afe6', 'df95eda2-3a1a-4389-bf4c-c103d30bd5f9', 'twhr_basedoc@@@def10',0, 'twhr_basedoc', '2018-10-05 12:35:11' ) 
;insert into md_ORMap ( attributeid, classid, columnid, dr, tableid, ts ) values (  'aa4a523a-d3c3-4f83-aadb-d102273181b3', 'df95eda2-3a1a-4389-bf4c-c103d30bd5f9', 'twhr_basedoc@@@def16',0, 'twhr_basedoc', '2018-10-05 12:35:11' ) 
;insert into md_ORMap ( attributeid, classid, columnid, dr, tableid, ts ) values (  '06960b0e-25a0-43ce-b903-863d742e446b', 'df95eda2-3a1a-4389-bf4c-c103d30bd5f9', 'twhr_basedoc@@@reftype',0, 'twhr_basedoc', '2018-10-05 12:35:11' ) 
;insert into md_ORMap ( attributeid, classid, columnid, dr, tableid, ts ) values (  'f2837762-9115-47e0-ba44-751755ab6ba8', 'df95eda2-3a1a-4389-bf4c-c103d30bd5f9', 'twhr_basedoc@@@def4',0, 'twhr_basedoc', '2018-10-05 12:35:11' ) 
;insert into md_ORMap ( attributeid, classid, columnid, dr, tableid, ts ) values (  '481e3c68-4ce8-465d-81b1-f595e87e31d4', 'df95eda2-3a1a-4389-bf4c-c103d30bd5f9', 'twhr_basedoc@@@pk_org',0, 'twhr_basedoc', '2018-10-05 12:35:11' ) 
;insert into md_ORMap ( attributeid, classid, columnid, dr, tableid, ts ) values (  '2580b4d2-0547-45ea-ad7c-c83fbb509e5d', 'df95eda2-3a1a-4389-bf4c-c103d30bd5f9', 'twhr_basedoc@@@doccategory',0, 'twhr_basedoc', '2018-10-05 12:35:11' ) 
;insert into md_ORMap ( attributeid, classid, columnid, dr, tableid, ts ) values (  '8010781d-d6ca-4727-8f92-c28a2adeaf1d', 'df95eda2-3a1a-4389-bf4c-c103d30bd5f9', 'twhr_basedoc@@PK@@',0, 'twhr_basedoc', '2018-10-05 12:35:11' ) 
;insert into md_ORMap ( attributeid, classid, columnid, dr, tableid, ts ) values (  '46af811d-28a2-4ea7-b905-fcd11f519095', 'df95eda2-3a1a-4389-bf4c-c103d30bd5f9', 'twhr_basedoc@@@refvalue',0, 'twhr_basedoc', '2018-10-05 12:35:11' ) 
;insert into md_ORMap ( attributeid, classid, columnid, dr, tableid, ts ) values (  '395ff6e6-be7b-48e6-aac7-4a2e7a71e9a8', 'df95eda2-3a1a-4389-bf4c-c103d30bd5f9', 'twhr_basedoc@@@doctype',0, 'twhr_basedoc', '2018-10-05 12:35:11' ) 
;insert into md_ORMap ( attributeid, classid, columnid, dr, tableid, ts ) values (  'b781954c-dcd5-4d5d-9bdd-ea1dd002a336', 'df95eda2-3a1a-4389-bf4c-c103d30bd5f9', 'twhr_basedoc@@@def1',0, 'twhr_basedoc', '2018-10-05 12:35:11' ) 
;insert into md_ORMap ( attributeid, classid, columnid, dr, tableid, ts ) values (  '23510aa1-56d2-4d41-b3da-113bf33b0e13', 'df95eda2-3a1a-4389-bf4c-c103d30bd5f9', 'twhr_basedoc@@@pk_group',0, 'twhr_basedoc', '2018-10-05 12:35:11' ) 
;insert into md_ORMap ( attributeid, classid, columnid, dr, tableid, ts ) values (  'e05a10c8-782e-4d5d-a007-e0a000fd9ae8', 'df95eda2-3a1a-4389-bf4c-c103d30bd5f9', 'twhr_basedoc@@@pk_org_v',0, 'twhr_basedoc', '2018-10-05 12:35:11' ) 
;insert into md_ORMap ( attributeid, classid, columnid, dr, tableid, ts ) values (  '15aaf707-7de6-4a84-85a0-bcc35117f17e', 'df95eda2-3a1a-4389-bf4c-c103d30bd5f9', 'twhr_basedoc@@@def14',0, 'twhr_basedoc', '2018-10-05 12:35:11' ) 
;insert into md_ORMap ( attributeid, classid, columnid, dr, tableid, ts ) values (  '32512509-9881-40d8-ad85-7651e93243e4', 'df95eda2-3a1a-4389-bf4c-c103d30bd5f9', 'twhr_basedoc@@@def11',0, 'twhr_basedoc', '2018-10-05 12:35:11' ) 
;insert into md_ORMap ( attributeid, classid, columnid, dr, tableid, ts ) values (  '67d6dab0-4834-4890-aa41-b64e9e818289', 'df95eda2-3a1a-4389-bf4c-c103d30bd5f9', 'twhr_basedoc@@@def18',0, 'twhr_basedoc', '2018-10-05 12:35:11' ) 
;insert into md_ORMap ( attributeid, classid, columnid, dr, tableid, ts ) values (  'dbbb2600-57db-4317-b913-c5c59c663de2', 'df95eda2-3a1a-4389-bf4c-c103d30bd5f9', 'twhr_basedoc@@@numbervalue',0, 'twhr_basedoc', '2018-10-05 12:35:11' ) 
;insert into md_ORMap ( attributeid, classid, columnid, dr, tableid, ts ) values (  '6a68c003-faa6-468e-b86a-abf36c2a8c28', 'df95eda2-3a1a-4389-bf4c-c103d30bd5f9', 'twhr_basedoc@@@name',0, 'twhr_basedoc', '2018-10-05 12:35:11' ) 
;insert into md_ORMap ( attributeid, classid, columnid, dr, tableid, ts ) values (  '7c415ab9-b0b1-46c7-a458-f282b1049ae7', 'df95eda2-3a1a-4389-bf4c-c103d30bd5f9', 'twhr_basedoc@@@modifier',0, 'twhr_basedoc', '2018-10-05 12:35:11' ) 
