
delete md_association where ( componentid in ('07953db6-fd6c-4f34-953d-162049d2ad20') and (dr=0 or dr is null) );


delete md_property where ( classid in ('029cb933-1356-44f2-a832-e37151331652', '09e217cf-24b7-4561-966a-420d6b8c8f66', '38e433f2-90a6-4210-b874-1beef30ac415', '43a1eead-5bad-4008-b78e-3ec1c469da90', '81998d32-8398-4c34-b546-ea99a6d07a87', 'b7ec3d08-5e30-4ba5-8f82-d5d3a169a383', 'cc112643-8474-41f9-8700-e16c1d35357b', 'ec58d9de-327b-4c46-aa02-cee0aad248a8', 'f4c25f30-3235-4d3a-bd96-5c0fbbec74fa') and (dr=0 or dr is null) );


delete md_db_relation where ( endtableid in ('tbm_timeitem', 'tbm_timeitemcopy') and (dr=0 or dr is null) );


delete md_db_relation where ( starttableid in ('tbm_timeitem', 'tbm_timeitemcopy') and (dr=0 or dr is null) );


delete md_column where ( tableid in ('tbm_timeitem', 'tbm_timeitemcopy') and (dr=0 or dr is null) );


delete md_table where ( id in ('tbm_timeitemcopy', 'tbm_timeitem') and (dr=0 or dr is null) );


delete md_ormap where ( classid in ('029cb933-1356-44f2-a832-e37151331652', '09e217cf-24b7-4561-966a-420d6b8c8f66', '38e433f2-90a6-4210-b874-1beef30ac415', '43a1eead-5bad-4008-b78e-3ec1c469da90', '81998d32-8398-4c34-b546-ea99a6d07a87', 'b7ec3d08-5e30-4ba5-8f82-d5d3a169a383', 'cc112643-8474-41f9-8700-e16c1d35357b', 'ec58d9de-327b-4c46-aa02-cee0aad248a8', 'f4c25f30-3235-4d3a-bd96-5c0fbbec74fa') and (dr=0 or dr is null) );


delete md_bizitfmap where ( classid in ('029cb933-1356-44f2-a832-e37151331652', '09e217cf-24b7-4561-966a-420d6b8c8f66', '38e433f2-90a6-4210-b874-1beef30ac415', '43a1eead-5bad-4008-b78e-3ec1c469da90', '81998d32-8398-4c34-b546-ea99a6d07a87', 'b7ec3d08-5e30-4ba5-8f82-d5d3a169a383', 'cc112643-8474-41f9-8700-e16c1d35357b', 'ec58d9de-327b-4c46-aa02-cee0aad248a8', 'f4c25f30-3235-4d3a-bd96-5c0fbbec74fa') and (dr=0 or dr is null) );


delete md_enumvalue where ( id in ('029cb933-1356-44f2-a832-e37151331652', '09e217cf-24b7-4561-966a-420d6b8c8f66', '38e433f2-90a6-4210-b874-1beef30ac415', '43a1eead-5bad-4008-b78e-3ec1c469da90', '81998d32-8398-4c34-b546-ea99a6d07a87', 'b7ec3d08-5e30-4ba5-8f82-d5d3a169a383', 'cc112643-8474-41f9-8700-e16c1d35357b', 'ec58d9de-327b-4c46-aa02-cee0aad248a8', 'f4c25f30-3235-4d3a-bd96-5c0fbbec74fa') and (dr=0 or dr is null) );


delete md_class where ( componentid in ('07953db6-fd6c-4f34-953d-162049d2ad20') and (dr=0 or dr is null) );


delete md_component where ( id='07953db6-fd6c-4f34-953d-162049d2ad20' and (versiontype='0') and (dr=0 or dr is null) );



insert into md_component(createtime,creator,description,displayname,dr,fromsourcebmf,help,id,industry,isbizmodel,modifier,modifytime,name,namespace,ownmodule,preload,resid,resmodule,ts,version,versiontype) values( '2010-09-14 20:33:50',null,null,'休假类别',0,'Y',null,'07953db6-fd6c-4f34-953d-162049d2ad20','0','N',null,'2018-09-07 15:13:34','leavetype','hrta','hrta',null,'2leavetype-0037','6017item','2018-09-07 18:25:05','99',0);



insert into md_class(accessorclassname,bizitfimpclassname,classtype,componentid,createtime,creator,defaulttablename,description,displayname,dr,fixedlength,fullclassname,help,id,industry,isactive,isauthen,iscreatesql,isextendbean,isprimary,keyattribute,modifier,modifytime,modinfoclassname,name,parentclassid,precise,refmodelname,resid,returntype,stereotype,ts,userdefclassname,versiontype) values( null,null,203,'07953db6-fd6c-4f34-953d-162049d2ad20','2010-09-15 11:09:38',null,'leavecaltype',null,'假期计算方式',0,null,'nc.vo.ta.timeitem.CalTypeEnum',null,'029cb933-1356-44f2-a832-e37151331652','0',null,null,null,null,'N',null,null,'2018-09-07 15:13:34',null,'leavecaltype',null,null,null,'2leavetype-0018','BS000010000100001004',null,'2018-09-07 18:25:05',null,0);

insert into md_class(accessorclassname,bizitfimpclassname,classtype,componentid,createtime,creator,defaulttablename,description,displayname,dr,fixedlength,fullclassname,help,id,industry,isactive,isauthen,iscreatesql,isextendbean,isprimary,keyattribute,modifier,modifytime,modinfoclassname,name,parentclassid,precise,refmodelname,resid,returntype,stereotype,ts,userdefclassname,versiontype) values( 'nc.md.model.access.javamap.NCBeanStyle',null,201,'07953db6-fd6c-4f34-953d-162049d2ad20','2010-09-14 20:34:15',null,'tbm_timeitemcopy',null,'休假类别copy',0,null,'nc.vo.ta.timeitem.LeaveTypeCopyVO',null,'09e217cf-24b7-4561-966a-420d6b8c8f66','0',null,'Y','Y',null,'N','92940aa9-93cd-4f9f-9ce8-cb5d384a0cf3',null,'2018-09-07 18:19:39',null,'leavetypecopy',null,null,'休假类别拷贝','2leavetype-0004',null,null,'2018-09-07 18:25:05',null,0);

insert into md_class(accessorclassname,bizitfimpclassname,classtype,componentid,createtime,creator,defaulttablename,description,displayname,dr,fixedlength,fullclassname,help,id,industry,isactive,isauthen,iscreatesql,isextendbean,isprimary,keyattribute,modifier,modifytime,modinfoclassname,name,parentclassid,precise,refmodelname,resid,returntype,stereotype,ts,userdefclassname,versiontype) values( null,null,203,'07953db6-fd6c-4f34-953d-162049d2ad20','2010-09-15 11:07:33',null,'leavesettlement',null,'结算方式',0,null,'nc.vo.ta.timeitem.SettlementEnum',null,'38e433f2-90a6-4210-b874-1beef30ac415','0',null,null,null,null,'N',null,null,'2018-09-07 15:13:34',null,'leavesettlement',null,null,null,'2UC000-000712','BS000010000100001004',null,'2018-09-07 18:25:05',null,0);

insert into md_class(accessorclassname,bizitfimpclassname,classtype,componentid,createtime,creator,defaulttablename,description,displayname,dr,fixedlength,fullclassname,help,id,industry,isactive,isauthen,iscreatesql,isextendbean,isprimary,keyattribute,modifier,modifytime,modinfoclassname,name,parentclassid,precise,refmodelname,resid,returntype,stereotype,ts,userdefclassname,versiontype) values( null,null,203,'07953db6-fd6c-4f34-953d-162049d2ad20','2010-09-15 11:21:53',null,'leaveconvertrule',null,'休假折算规则',0,null,'nc.vo.ta.timeitem.LeaveConvertRuleEnum',null,'43a1eead-5bad-4008-b78e-3ec1c469da90','0',null,null,null,null,'N',null,null,'2018-09-07 15:13:34',null,'leaveconvertrule',null,null,null,'2leavetype-0021','BS000010000100001004',null,'2018-09-07 18:25:05',null,0);

insert into md_class(accessorclassname,bizitfimpclassname,classtype,componentid,createtime,creator,defaulttablename,description,displayname,dr,fixedlength,fullclassname,help,id,industry,isactive,isauthen,iscreatesql,isextendbean,isprimary,keyattribute,modifier,modifytime,modinfoclassname,name,parentclassid,precise,refmodelname,resid,returntype,stereotype,ts,userdefclassname,versiontype) values( null,null,203,'07953db6-fd6c-4f34-953d-162049d2ad20','2010-09-15 10:56:51',null,'timeitemunit',null,'考勤项目时间单位枚举',0,null,'nc.vo.ta.timeitem.TimeItemUnitEnum',null,'81998d32-8398-4c34-b546-ea99a6d07a87','0',null,null,null,null,'N',null,null,'2018-09-07 15:13:34',null,'timeitemunit',null,null,null,'2leavetype-0023','BS000010000100001004',null,'2018-09-07 18:25:05',null,0);

insert into md_class(accessorclassname,bizitfimpclassname,classtype,componentid,createtime,creator,defaulttablename,description,displayname,dr,fixedlength,fullclassname,help,id,industry,isactive,isauthen,iscreatesql,isextendbean,isprimary,keyattribute,modifier,modifytime,modinfoclassname,name,parentclassid,precise,refmodelname,resid,returntype,stereotype,ts,userdefclassname,versiontype) values( null,null,203,'07953db6-fd6c-4f34-953d-162049d2ad20','2010-09-15 11:14:29',null,'leavegxtype',null,'公休日计算方式',0,null,'nc.vo.ta.timeitem.LeaveGXCalType',null,'b7ec3d08-5e30-4ba5-8f82-d5d3a169a383','0',null,null,null,null,'N',null,null,'2018-09-07 15:13:34',null,'leavegxtype',null,null,null,'2awaytype-00011','BS000010000100001004',null,'2018-09-07 18:25:05',null,0);

insert into md_class(accessorclassname,bizitfimpclassname,classtype,componentid,createtime,creator,defaulttablename,description,displayname,dr,fixedlength,fullclassname,help,id,industry,isactive,isauthen,iscreatesql,isextendbean,isprimary,keyattribute,modifier,modifytime,modinfoclassname,name,parentclassid,precise,refmodelname,resid,returntype,stereotype,ts,userdefclassname,versiontype) values( null,null,203,'07953db6-fd6c-4f34-953d-162049d2ad20','2010-09-15 11:05:04',null,'leavesettlementperiod',null,'结算周期',0,null,'nc.vo.ta.timeitem.SettlementPeriodEnum',null,'cc112643-8474-41f9-8700-e16c1d35357b','0',null,null,null,null,'N',null,null,'2018-09-07 15:13:34',null,'leavesettlementperiod',null,null,null,'2leavetype-0006','BS000010000100001004',null,'2018-09-07 18:25:05',null,0);

insert into md_class(accessorclassname,bizitfimpclassname,classtype,componentid,createtime,creator,defaulttablename,description,displayname,dr,fixedlength,fullclassname,help,id,industry,isactive,isauthen,iscreatesql,isextendbean,isprimary,keyattribute,modifier,modifytime,modinfoclassname,name,parentclassid,precise,refmodelname,resid,returntype,stereotype,ts,userdefclassname,versiontype) values( null,null,203,'07953db6-fd6c-4f34-953d-162049d2ad20','2010-09-14 20:46:24',null,'timeitemtype',null,'考勤项目类型枚举',0,null,'nc.vo.ta.timeitem.TimeItemTypeEnum',null,'ec58d9de-327b-4c46-aa02-cee0aad248a8','0',null,null,null,null,'N',null,null,'2018-09-07 15:13:34',null,'timeitemtype',null,null,null,'2leavetype-0019','BS000010000100001004',null,'2018-09-07 18:25:05',null,0);

insert into md_class(accessorclassname,bizitfimpclassname,classtype,componentid,createtime,creator,defaulttablename,description,displayname,dr,fixedlength,fullclassname,help,id,industry,isactive,isauthen,iscreatesql,isextendbean,isprimary,keyattribute,modifier,modifytime,modinfoclassname,name,parentclassid,precise,refmodelname,resid,returntype,stereotype,ts,userdefclassname,versiontype) values( 'nc.md.model.access.javamap.NCBeanStyle',null,201,'07953db6-fd6c-4f34-953d-162049d2ad20','2010-09-14 20:33:54',null,'tbm_timeitem',null,'休假类别',0,null,'nc.vo.ta.timeitem.LeaveTypeVO','BDMODE,URC','f4c25f30-3235-4d3a-bd96-5c0fbbec74fa','0',null,'Y','Y',null,'Y','14bb0da9-11ea-4a77-9446-8946b25c3081',null,'2018-09-07 18:19:39',null,'leavetype',null,null,'休假类别','2leavetype-0037',null,null,'2018-09-07 18:25:05',null,0);



insert into md_enumvalue(description,dr,enumsequence,hidden,id,industry,name,resid,ts,value,versiontype) values( null,0,0,'N','029cb933-1356-44f2-a832-e37151331652','0','年','2leavetype-0010','2018-09-07 18:25:05','0',0);

insert into md_enumvalue(description,dr,enumsequence,hidden,id,industry,name,resid,ts,value,versiontype) values( null,0,1,'N','029cb933-1356-44f2-a832-e37151331652','0','月','2leavetype-0011','2018-09-07 18:25:05','1',0);

insert into md_enumvalue(description,dr,enumsequence,hidden,id,industry,name,resid,ts,value,versiontype) values( null,0,0,'N','38e433f2-90a6-4210-b874-1beef30ac415','0','过期作废','2leavetype-0026','2018-09-07 18:25:05','0',0);

insert into md_enumvalue(description,dr,enumsequence,hidden,id,industry,name,resid,ts,value,versiontype) values( null,0,1,'N','38e433f2-90a6-4210-b874-1beef30ac415','0','转下期','2leavetype-0035','2018-09-07 18:25:05','1',0);

insert into md_enumvalue(description,dr,enumsequence,hidden,id,industry,name,resid,ts,value,versiontype) values( null,0,2,'N','38e433f2-90a6-4210-b874-1beef30ac415','0','转工资','2leavetype-0033','2018-09-07 18:25:05','2',0);

insert into md_enumvalue(description,dr,enumsequence,hidden,id,industry,name,resid,ts,value,versiontype) values( null,0,0,'N','43a1eead-5bad-4008-b78e-3ec1c469da90','0','按工作日折算','2leavetype-0032','2018-09-07 18:25:05','0',0);

insert into md_enumvalue(description,dr,enumsequence,hidden,id,industry,name,resid,ts,value,versiontype) values( null,0,1,'N','43a1eead-5bad-4008-b78e-3ec1c469da90','0','按班别时长折算','2leavetype-0036','2018-09-07 18:25:05','1',0);

insert into md_enumvalue(description,dr,enumsequence,hidden,id,industry,name,resid,ts,value,versiontype) values( 'DAY',0,0,'N','81998d32-8398-4c34-b546-ea99a6d07a87','0','天','2leavetype-0002','2018-09-07 18:25:05','0',0);

insert into md_enumvalue(description,dr,enumsequence,hidden,id,industry,name,resid,ts,value,versiontype) values( 'HOUR',0,1,'N','81998d32-8398-4c34-b546-ea99a6d07a87','0','小时','2leavetype-0028','2018-09-07 18:25:05','1',0);

insert into md_enumvalue(description,dr,enumsequence,hidden,id,industry,name,resid,ts,value,versiontype) values( null,0,0,'N','b7ec3d08-5e30-4ba5-8f82-d5d3a169a383','0','不计休假','2leavetype-0022','2018-09-07 18:25:05','0',0);

insert into md_enumvalue(description,dr,enumsequence,hidden,id,industry,name,resid,ts,value,versiontype) values( null,0,1,'N','b7ec3d08-5e30-4ba5-8f82-d5d3a169a383','0','计为休假','2leavetype-0027','2018-09-07 18:25:05','1',0);

insert into md_enumvalue(description,dr,enumsequence,hidden,id,industry,name,resid,ts,value,versiontype) values( 'MONTH',0,0,'N','cc112643-8474-41f9-8700-e16c1d35357b','0','月','2leavetype-0011','2018-09-07 18:25:05','0',0);

insert into md_enumvalue(description,dr,enumsequence,hidden,id,industry,name,resid,ts,value,versiontype) values( 'YEAR',0,1,'N','cc112643-8474-41f9-8700-e16c1d35357b','0','年','2leavetype-0010','2018-09-07 18:25:05','1',0);

insert into md_enumvalue(description,dr,enumsequence,hidden,id,industry,name,resid,ts,value,versiontype) values( 'DATE',0,2,'N','cc112643-8474-41f9-8700-e16c1d35357b','0','按入职日期','2leavetype-0009','2018-09-07 18:25:05','2',0);

insert into md_enumvalue(description,dr,enumsequence,hidden,id,industry,name,resid,ts,value,versiontype) values( null,0,0,'N','ec58d9de-327b-4c46-aa02-cee0aad248a8','0','休假','2leavetype-0013','2018-09-07 18:25:05','0',0);

insert into md_enumvalue(description,dr,enumsequence,hidden,id,industry,name,resid,ts,value,versiontype) values( null,0,1,'N','ec58d9de-327b-4c46-aa02-cee0aad248a8','0','加班','2leavetype-0030','2018-09-07 18:25:05','1',0);

insert into md_enumvalue(description,dr,enumsequence,hidden,id,industry,name,resid,ts,value,versiontype) values( null,0,2,'N','ec58d9de-327b-4c46-aa02-cee0aad248a8','0','出差','2leavetype-0016','2018-09-07 18:25:05','2',0);

insert into md_enumvalue(description,dr,enumsequence,hidden,id,industry,name,resid,ts,value,versiontype) values( null,0,3,'N','ec58d9de-327b-4c46-aa02-cee0aad248a8','0','停工待料','2leavetype-0001','2018-09-07 18:25:05','3',0);



insert into md_bizitfmap(bizinterfaceid,bizitfimpclassname,classattrid,classattrpath,classid,dr,industry,intattrid,ts,versiontype) values( '6c8722b9-911a-489b-8d0d-18bd3734fcf6',null,'92940aa9-93cd-4f9f-9ce8-cb5d384a0cf3',null,'09e217cf-24b7-4561-966a-420d6b8c8f66',0,null,'5dd3c721-22ad-42b1-9c10-4351c236bc77','2018-09-07 18:25:05',null);

insert into md_bizitfmap(bizinterfaceid,bizitfimpclassname,classattrid,classattrpath,classid,dr,industry,intattrid,ts,versiontype) values( '6c8722b9-911a-489b-8d0d-18bd3734fcf6',null,'f3a82e39-9633-487a-8781-68471b64be37',null,'09e217cf-24b7-4561-966a-420d6b8c8f66',0,null,'89578a97-42fe-439b-827c-8eabd9e3604c','2018-09-07 18:25:05',null);

insert into md_bizitfmap(bizinterfaceid,bizitfimpclassname,classattrid,classattrpath,classid,dr,industry,intattrid,ts,versiontype) values( '6c8722b9-911a-489b-8d0d-18bd3734fcf6',null,'a2849201-1558-41b2-bc8d-79a55a8d766e',null,'09e217cf-24b7-4561-966a-420d6b8c8f66',0,null,'a47e6cda-09e4-480b-923f-ec6f41e3e06c','2018-09-07 18:25:05',null);

insert into md_bizitfmap(bizinterfaceid,bizitfimpclassname,classattrid,classattrpath,classid,dr,industry,intattrid,ts,versiontype) values( '6c8722b9-911a-489b-8d0d-18bd3734fcf6',null,null,null,'09e217cf-24b7-4561-966a-420d6b8c8f66',0,null,'c8334364-7ab9-4266-8d4b-e74537935e46','2018-09-07 18:25:05',null);

insert into md_bizitfmap(bizinterfaceid,bizitfimpclassname,classattrid,classattrpath,classid,dr,industry,intattrid,ts,versiontype) values( '6c8722b9-911a-489b-8d0d-18bd3734fcf6',null,'f3a82e39-9633-487a-8781-68471b64be37',null,'09e217cf-24b7-4561-966a-420d6b8c8f66',0,null,'d32cc17b-f415-415a-923f-0764443eb102','2018-09-07 18:25:05',null);

insert into md_bizitfmap(bizinterfaceid,bizitfimpclassname,classattrid,classattrpath,classid,dr,industry,intattrid,ts,versiontype) values( '6c8722b9-911a-489b-8d0d-18bd3734fcf6',null,'1b84152d-369f-4244-b82d-d00433c98a3b',null,'09e217cf-24b7-4561-966a-420d6b8c8f66',0,null,'ecf1b76a-6e44-42e2-a55e-87596504775b','2018-09-07 18:25:05',null);

insert into md_bizitfmap(bizinterfaceid,bizitfimpclassname,classattrid,classattrpath,classid,dr,industry,intattrid,ts,versiontype) values( '6c8722b9-911a-489b-8d0d-18bd3734fcf6',null,'14bb0da9-11ea-4a77-9446-8946b25c3081',null,'f4c25f30-3235-4d3a-bd96-5c0fbbec74fa',0,null,'5dd3c721-22ad-42b1-9c10-4351c236bc77','2018-09-07 18:25:05',null);

insert into md_bizitfmap(bizinterfaceid,bizitfimpclassname,classattrid,classattrpath,classid,dr,industry,intattrid,ts,versiontype) values( '6c8722b9-911a-489b-8d0d-18bd3734fcf6',null,'0e1caf9f-2b66-4a2f-9c3e-e1d4caee81a0',null,'f4c25f30-3235-4d3a-bd96-5c0fbbec74fa',0,null,'89578a97-42fe-439b-827c-8eabd9e3604c','2018-09-07 18:25:05',null);

insert into md_bizitfmap(bizinterfaceid,bizitfimpclassname,classattrid,classattrpath,classid,dr,industry,intattrid,ts,versiontype) values( '6c8722b9-911a-489b-8d0d-18bd3734fcf6',null,'e56c622e-ba14-4997-8642-ea85549cf99c',null,'f4c25f30-3235-4d3a-bd96-5c0fbbec74fa',0,null,'a47e6cda-09e4-480b-923f-ec6f41e3e06c','2018-09-07 18:25:05',null);

insert into md_bizitfmap(bizinterfaceid,bizitfimpclassname,classattrid,classattrpath,classid,dr,industry,intattrid,ts,versiontype) values( '6c8722b9-911a-489b-8d0d-18bd3734fcf6',null,null,null,'f4c25f30-3235-4d3a-bd96-5c0fbbec74fa',0,null,'c8334364-7ab9-4266-8d4b-e74537935e46','2018-09-07 18:25:05',null);

insert into md_bizitfmap(bizinterfaceid,bizitfimpclassname,classattrid,classattrpath,classid,dr,industry,intattrid,ts,versiontype) values( '6c8722b9-911a-489b-8d0d-18bd3734fcf6',null,'139f2255-5e0b-4891-b61b-c1172bb6b8c2',null,'f4c25f30-3235-4d3a-bd96-5c0fbbec74fa',0,null,'d32cc17b-f415-415a-923f-0764443eb102','2018-09-07 18:25:05',null);

insert into md_bizitfmap(bizinterfaceid,bizitfimpclassname,classattrid,classattrpath,classid,dr,industry,intattrid,ts,versiontype) values( '6c8722b9-911a-489b-8d0d-18bd3734fcf6',null,'23057f66-7166-418b-a799-d81e67b82b58',null,'f4c25f30-3235-4d3a-bd96-5c0fbbec74fa',0,null,'ecf1b76a-6e44-42e2-a55e-87596504775b','2018-09-07 18:25:05',null);



insert into md_ormap(attributeid,classid,columnid,dr,tableid,ts) values( '08e8840d-b314-4305-893d-e4e969656630','09e217cf-24b7-4561-966a-420d6b8c8f66','tbm_timeitemcopy@@@convertrule',0,'tbm_timeitemcopy','2018-09-07 18:25:05');

insert into md_ormap(attributeid,classid,columnid,dr,tableid,ts) values( '17f0dde2-cc67-4651-b8ca-80d0d3b639dd','09e217cf-24b7-4561-966a-420d6b8c8f66','tbm_timeitemcopy@@@isleavetransfer',0,'tbm_timeitemcopy','2018-09-07 18:25:05');

insert into md_ormap(attributeid,classid,columnid,dr,tableid,ts) values( '1b84152d-369f-4244-b82d-d00433c98a3b','09e217cf-24b7-4561-966a-420d6b8c8f66','tbm_timeitemcopy@@@pk_org',0,'tbm_timeitemcopy','2018-09-07 18:25:05');

insert into md_ormap(attributeid,classid,columnid,dr,tableid,ts) values( '247f8eaa-8ee5-4a61-ae0a-a17393bf0aef','09e217cf-24b7-4561-966a-420d6b8c8f66','tbm_timeitemcopy@@@leavesetperiod',0,'tbm_timeitemcopy','2018-09-07 18:25:05');

insert into md_ormap(attributeid,classid,columnid,dr,tableid,ts) values( '24cbbcc5-f66e-4577-96a0-7f22c77382e7','09e217cf-24b7-4561-966a-420d6b8c8f66','tbm_timeitemcopy@@@leaveapptimelimit',0,'tbm_timeitemcopy','2018-09-07 18:25:05');

insert into md_ormap(attributeid,classid,columnid,dr,tableid,ts) values( '28c92bbc-751f-4c05-ae9a-dffc85432a07','09e217cf-24b7-4561-966a-420d6b8c8f66','tbm_timeitemcopy@@@leavesettlement',0,'tbm_timeitemcopy','2018-09-07 18:25:05');

insert into md_ormap(attributeid,classid,columnid,dr,tableid,ts) values( '3c9aa429-9846-4db2-8773-d023e796d585','09e217cf-24b7-4561-966a-420d6b8c8f66','tbm_timeitemcopy@@@gxcomtype',0,'tbm_timeitemcopy','2018-09-07 18:25:05');

insert into md_ormap(attributeid,classid,columnid,dr,tableid,ts) values( '3fc4c0b5-c26e-4030-a193-301456231cba','09e217cf-24b7-4561-966a-420d6b8c8f66','tbm_timeitemcopy@@@modifier',0,'tbm_timeitemcopy','2018-09-07 18:25:05');

insert into md_ormap(attributeid,classid,columnid,dr,tableid,ts) values( '4c7ddf27-ec5e-4037-9da9-f084df437081','09e217cf-24b7-4561-966a-420d6b8c8f66','tbm_timeitemcopy@@@leavemax',0,'tbm_timeitemcopy','2018-09-07 18:25:05');

insert into md_ormap(attributeid,classid,columnid,dr,tableid,ts) values( '5510460a-1c70-4a38-902d-74b1d6567961','09e217cf-24b7-4561-966a-420d6b8c8f66','tbm_timeitemcopy@@@creator',0,'tbm_timeitemcopy','2018-09-07 18:25:05');

insert into md_ormap(attributeid,classid,columnid,dr,tableid,ts) values( '5fe7ae25-7e75-494e-af08-729673d600bb','09e217cf-24b7-4561-966a-420d6b8c8f66','tbm_timeitemcopy@@@timeitemnote',0,'tbm_timeitemcopy','2018-09-07 18:25:05');

insert into md_ormap(attributeid,classid,columnid,dr,tableid,ts) values( '66738a8a-de71-4c57-a69b-62c8162ca670','09e217cf-24b7-4561-966a-420d6b8c8f66','tbm_timeitemcopy@@@formulastr',0,'tbm_timeitemcopy','2018-09-07 18:25:05');

insert into md_ormap(attributeid,classid,columnid,dr,tableid,ts) values( '6f8b9628-6683-4727-9f1c-eddab3eacecb','09e217cf-24b7-4561-966a-420d6b8c8f66','tbm_timeitemcopy@@@timeunit',0,'tbm_timeitemcopy','2018-09-07 18:25:05');

insert into md_ormap(attributeid,classid,columnid,dr,tableid,ts) values( '714e42a9-1bdb-4172-bba6-bb6ea567a13d','09e217cf-24b7-4561-966a-420d6b8c8f66','tbm_timeitemcopy@@@itemtype',0,'tbm_timeitemcopy','2018-09-07 18:25:05');

insert into md_ormap(attributeid,classid,columnid,dr,tableid,ts) values( '82e6e8d4-925e-4a1e-b1aa-cd687b1149a4','09e217cf-24b7-4561-966a-420d6b8c8f66','tbm_timeitemcopy@@@ishrssshow',0,'tbm_timeitemcopy','2018-09-07 18:25:05');

insert into md_ormap(attributeid,classid,columnid,dr,tableid,ts) values( '9129caa0-605a-49dc-8542-1add75e86894','09e217cf-24b7-4561-966a-420d6b8c8f66','tbm_timeitemcopy@@@pk_dependleavetypes',0,'tbm_timeitemcopy','2018-09-07 18:25:05');

insert into md_ormap(attributeid,classid,columnid,dr,tableid,ts) values( '92940aa9-93cd-4f9f-9ce8-cb5d384a0cf3','09e217cf-24b7-4561-966a-420d6b8c8f66','tbm_timeitemcopy@@PK@@',0,'tbm_timeitemcopy','2018-09-07 18:25:05');

insert into md_ormap(attributeid,classid,columnid,dr,tableid,ts) values( '9316d338-41c8-453a-a11e-82e421869201','09e217cf-24b7-4561-966a-420d6b8c8f66','tbm_timeitemcopy@@@modifiedtime',0,'tbm_timeitemcopy','2018-09-07 18:25:05');

insert into md_ormap(attributeid,classid,columnid,dr,tableid,ts) values( '985dd8a9-9587-4175-8b9f-c860f19e4133','09e217cf-24b7-4561-966a-420d6b8c8f66','tbm_timeitemcopy@@@isspecialrest',0,'tbm_timeitemcopy','2018-09-07 18:25:05');

insert into md_ormap(attributeid,classid,columnid,dr,tableid,ts) values( '9aaf8c9c-6eee-4e88-ad2b-9bb329fbf2df','09e217cf-24b7-4561-966a-420d6b8c8f66','tbm_timeitemcopy@@@isleave',0,'tbm_timeitemcopy','2018-09-07 18:25:05');

insert into md_ormap(attributeid,classid,columnid,dr,tableid,ts) values( '9c68e852-0b0b-4366-ac69-b82bb36844a7','09e217cf-24b7-4561-966a-420d6b8c8f66','tbm_timeitemcopy@@@issynchronized',0,'tbm_timeitemcopy','2018-09-07 18:25:05');

insert into md_ormap(attributeid,classid,columnid,dr,tableid,ts) values( 'a2849201-1558-41b2-bc8d-79a55a8d766e','09e217cf-24b7-4561-966a-420d6b8c8f66','tbm_timeitemcopy@@@pk_group',0,'tbm_timeitemcopy','2018-09-07 18:25:05');

insert into md_ormap(attributeid,classid,columnid,dr,tableid,ts) values( 'a46a600c-dccc-41d4-8462-b779deffe30c','09e217cf-24b7-4561-966a-420d6b8c8f66','tbm_timeitemcopy@@@isleaveplan',0,'tbm_timeitemcopy','2018-09-07 18:25:05');

insert into md_ormap(attributeid,classid,columnid,dr,tableid,ts) values( 'aa806fc5-ce60-4373-9e1c-cf8d3dbcc3ae','09e217cf-24b7-4561-966a-420d6b8c8f66','tbm_timeitemcopy@@@isleavelimit',0,'tbm_timeitemcopy','2018-09-07 18:25:05');

insert into md_ormap(attributeid,classid,columnid,dr,tableid,ts) values( 'ac7d5039-1aa6-4336-9da4-15d6b1c0af56','09e217cf-24b7-4561-966a-420d6b8c8f66','tbm_timeitemcopy@@@showorder',0,'tbm_timeitemcopy','2018-09-07 18:25:05');

insert into md_ormap(attributeid,classid,columnid,dr,tableid,ts) values( 'aeed5803-1ece-41f1-9446-12c2fff32e3c','09e217cf-24b7-4561-966a-420d6b8c8f66','tbm_timeitemcopy@@@formula',0,'tbm_timeitemcopy','2018-09-07 18:25:05');

insert into md_ormap(attributeid,classid,columnid,dr,tableid,ts) values( 'b31e1718-4bff-4b3d-858b-685972ae45b2','09e217cf-24b7-4561-966a-420d6b8c8f66','tbm_timeitemcopy@@@timeitemunit',0,'tbm_timeitemcopy','2018-09-07 18:25:05');

insert into md_ormap(attributeid,classid,columnid,dr,tableid,ts) values( 'b4a11eb8-759d-4134-8006-983a652d2159','09e217cf-24b7-4561-966a-420d6b8c8f66','tbm_timeitemcopy@@@isrestrictlimit',0,'tbm_timeitemcopy','2018-09-07 18:25:05');

insert into md_ormap(attributeid,classid,columnid,dr,tableid,ts) values( 'b686f89b-4fef-4cc8-beeb-d996b4529c4d','09e217cf-24b7-4561-966a-420d6b8c8f66','tbm_timeitemcopy@@@creationtime',0,'tbm_timeitemcopy','2018-09-07 18:25:05');

insert into md_ormap(attributeid,classid,columnid,dr,tableid,ts) values( 'b8aa2fab-475e-4925-97bb-01cdde51b40d','09e217cf-24b7-4561-966a-420d6b8c8f66','tbm_timeitemcopy@@@leaveextendcount',0,'tbm_timeitemcopy','2018-09-07 18:25:05');

insert into md_ormap(attributeid,classid,columnid,dr,tableid,ts) values( 'bb9ae481-b86c-43f8-8de4-38d3d33c36b5','09e217cf-24b7-4561-966a-420d6b8c8f66','tbm_timeitemcopy@@@isleaveapptimelimit',0,'tbm_timeitemcopy','2018-09-07 18:25:05');

insert into md_ormap(attributeid,classid,columnid,dr,tableid,ts) values( 'd5a9952c-bd11-4123-b80b-fd0a45000024','09e217cf-24b7-4561-966a-420d6b8c8f66','tbm_timeitemcopy@@@enablestate',0,'tbm_timeitemcopy','2018-09-07 18:25:05');

insert into md_ormap(attributeid,classid,columnid,dr,tableid,ts) values( 'f3a82e39-9633-487a-8781-68471b64be37','09e217cf-24b7-4561-966a-420d6b8c8f66','tbm_timeitemcopy@@@pk_timeitem',0,'tbm_timeitemcopy','2018-09-07 18:25:05');

insert into md_ormap(attributeid,classid,columnid,dr,tableid,ts) values( 'f87f5949-a7fd-413a-9a2d-dc12b7feb5af','09e217cf-24b7-4561-966a-420d6b8c8f66','tbm_timeitemcopy@@@leavescale',0,'tbm_timeitemcopy','2018-09-07 18:25:05');

insert into md_ormap(attributeid,classid,columnid,dr,tableid,ts) values( 'fa19c47e-420b-4400-a40a-2f34e3a18468','09e217cf-24b7-4561-966a-420d6b8c8f66','tbm_timeitemcopy@@@roundmode',0,'tbm_timeitemcopy','2018-09-07 18:25:05');

insert into md_ormap(attributeid,classid,columnid,dr,tableid,ts) values( '0e1caf9f-2b66-4a2f-9c3e-e1d4caee81a0','f4c25f30-3235-4d3a-bd96-5c0fbbec74fa','tbm_timeitem@@@timeitemname',0,'tbm_timeitem','2018-09-07 18:25:05');

insert into md_ormap(attributeid,classid,columnid,dr,tableid,ts) values( '139f2255-5e0b-4891-b61b-c1172bb6b8c2','f4c25f30-3235-4d3a-bd96-5c0fbbec74fa','tbm_timeitem@@@timeitemcode',0,'tbm_timeitem','2018-09-07 18:25:05');

insert into md_ormap(attributeid,classid,columnid,dr,tableid,ts) values( '14bb0da9-11ea-4a77-9446-8946b25c3081','f4c25f30-3235-4d3a-bd96-5c0fbbec74fa','tbm_timeitem@@PK@@',0,'tbm_timeitem','2018-09-07 18:25:05');

insert into md_ormap(attributeid,classid,columnid,dr,tableid,ts) values( '22bfb75a-9492-4df3-a1ce-4020bb3f585e','f4c25f30-3235-4d3a-bd96-5c0fbbec74fa','tbm_timeitem@@@enablestate',0,'tbm_timeitem','2018-09-07 18:25:05');

insert into md_ormap(attributeid,classid,columnid,dr,tableid,ts) values( '23057f66-7166-418b-a799-d81e67b82b58','f4c25f30-3235-4d3a-bd96-5c0fbbec74fa','tbm_timeitem@@@pk_org',0,'tbm_timeitem','2018-09-07 18:25:05');

insert into md_ormap(attributeid,classid,columnid,dr,tableid,ts) values( '507cbade-7e0c-45d3-b7d0-b4599c77c1fe','f4c25f30-3235-4d3a-bd96-5c0fbbec74fa','tbm_timeitem@@@ispredef',0,'tbm_timeitem','2018-09-07 18:25:05');

insert into md_ormap(attributeid,classid,columnid,dr,tableid,ts) values( '655f417d-58fd-48d9-85e7-36a1c8e96ed3','f4c25f30-3235-4d3a-bd96-5c0fbbec74fa','tbm_timeitem@@@modifier',0,'tbm_timeitem','2018-09-07 18:25:05');

insert into md_ormap(attributeid,classid,columnid,dr,tableid,ts) values( '7a79b6ab-f319-46e7-9f6c-7b8bd55949aa','f4c25f30-3235-4d3a-bd96-5c0fbbec74fa','tbm_timeitem@@@islactation',0,'tbm_timeitem','2018-09-07 18:25:05');

insert into md_ormap(attributeid,classid,columnid,dr,tableid,ts) values( '8b595cab-f68b-4d17-8263-79b7a2d3957c','f4c25f30-3235-4d3a-bd96-5c0fbbec74fa','tbm_timeitem@@@creator',0,'tbm_timeitem','2018-09-07 18:25:05');

insert into md_ormap(attributeid,classid,columnid,dr,tableid,ts) values( '8d0e8e2e-046b-4b0e-bdfb-01a993c0ba55','f4c25f30-3235-4d3a-bd96-5c0fbbec74fa','tbm_timeitem@@@itemtype',0,'tbm_timeitem','2018-09-07 18:25:05');

insert into md_ormap(attributeid,classid,columnid,dr,tableid,ts) values( 'a3669a24-8eb4-4c19-8ffe-6fa3b66b2849','f4c25f30-3235-4d3a-bd96-5c0fbbec74fa','tbm_timeitem@@@creationtime',0,'tbm_timeitem','2018-09-07 18:25:05');

insert into md_ormap(attributeid,classid,columnid,dr,tableid,ts) values( 'e56c622e-ba14-4997-8642-ea85549cf99c','f4c25f30-3235-4d3a-bd96-5c0fbbec74fa','tbm_timeitem@@@pk_group',0,'tbm_timeitem','2018-09-07 18:25:05');

insert into md_ormap(attributeid,classid,columnid,dr,tableid,ts) values( 'fc9ac2f3-f02f-4bcc-9d06-2bcd3040bac9','f4c25f30-3235-4d3a-bd96-5c0fbbec74fa','tbm_timeitem@@@modifiedtime',0,'tbm_timeitem','2018-09-07 18:25:05');



insert into md_table(createtime,creator,databaseid,description,displayname,dr,fromsourcebmf,help,id,industry,isactive,isextendtable,modifier,modifytime,name,parenttable,resid,resmodule,ts,versiontype) values( '2010-09-14 20:33:54',null,null,null,'休假类别',0,'Y','BDMODE,URC','tbm_timeitem','0',null,null,null,'2018-09-07 18:19:39','tbm_timeitem',null,'2leavetype-0037','6017item','2018-09-07 18:25:05',0);

insert into md_table(createtime,creator,databaseid,description,displayname,dr,fromsourcebmf,help,id,industry,isactive,isextendtable,modifier,modifytime,name,parenttable,resid,resmodule,ts,versiontype) values( '2010-09-14 20:34:15',null,null,null,'休假类别copy',0,'Y',null,'tbm_timeitemcopy','0',null,null,null,'2018-09-07 18:19:39','tbm_timeitemcopy',null,'2leavetype-0004','6017item','2018-09-07 18:25:05',0);



insert into md_column(columnlength,columnsequence,columntype,createtime,creator,defaultvalue,description,displayname,dr,forlocale,groupid,help,id,identitied,incrementseed,incrementstep,isactive,modifier,modifytime,name,nullable,pkey,precise,resid,sqldatetype,tableid,ts,versiontype) values( 19,9,0,null,null,null,null,'创建时间',0,'N',null,null,'tbm_timeitem@@@creationtime',null,null,null,'Y',null,null,'creationtime','Y','N',0,'2UC000-000157','char','tbm_timeitem','2018-09-07 18:25:05',0);

insert into md_column(columnlength,columnsequence,columntype,createtime,creator,defaultvalue,description,displayname,dr,forlocale,groupid,help,id,identitied,incrementseed,incrementstep,isactive,modifier,modifytime,name,nullable,pkey,precise,resid,sqldatetype,tableid,ts,versiontype) values( 20,8,0,null,null,'*~',null,'创建人',0,'N',null,null,'tbm_timeitem@@@creator',null,null,null,'Y',null,null,'creator','Y','N',0,'2UC000-000155','varchar','tbm_timeitem','2018-09-07 18:25:05',0);

insert into md_column(columnlength,columnsequence,columntype,createtime,creator,defaultvalue,description,displayname,dr,forlocale,groupid,help,id,identitied,incrementseed,incrementstep,isactive,modifier,modifytime,name,nullable,pkey,precise,resid,sqldatetype,tableid,ts,versiontype) values( 0,6,0,null,null,null,null,'启用状态',0,'N',null,null,'tbm_timeitem@@@enablestate',null,null,null,'Y',null,null,'enablestate','Y','N',0,'2UC000-000249','int','tbm_timeitem','2018-09-07 18:25:05',0);

insert into md_column(columnlength,columnsequence,columntype,createtime,creator,defaultvalue,description,displayname,dr,forlocale,groupid,help,id,identitied,incrementseed,incrementstep,isactive,modifier,modifytime,name,nullable,pkey,precise,resid,sqldatetype,tableid,ts,versiontype) values( 1,12,0,null,null,null,null,'是否哺乳假',0,'N',null,null,'tbm_timeitem@@@islactation',null,null,null,'Y',null,null,'islactation','Y','N',0,'2leavetype-0005','char','tbm_timeitem','2018-09-07 18:25:05',0);

insert into md_column(columnlength,columnsequence,columntype,createtime,creator,defaultvalue,description,displayname,dr,forlocale,groupid,help,id,identitied,incrementseed,incrementstep,isactive,modifier,modifytime,name,nullable,pkey,precise,resid,sqldatetype,tableid,ts,versiontype) values( 1,7,0,null,null,null,null,'是否预定义',0,'N',null,null,'tbm_timeitem@@@ispredef',null,null,null,'Y',null,null,'ispredef','Y','N',0,'2taitem-000013','char','tbm_timeitem','2018-09-07 18:25:05',0);

insert into md_column(columnlength,columnsequence,columntype,createtime,creator,defaultvalue,description,displayname,dr,forlocale,groupid,help,id,identitied,incrementseed,incrementstep,isactive,modifier,modifytime,name,nullable,pkey,precise,resid,sqldatetype,tableid,ts,versiontype) values( 0,3,0,null,null,null,null,'项目类型',0,'N',null,null,'tbm_timeitem@@@itemtype',null,null,null,'Y',null,null,'itemtype','Y','N',0,'2UC000-001025','int','tbm_timeitem','2018-09-07 18:25:05',0);

insert into md_column(columnlength,columnsequence,columntype,createtime,creator,defaultvalue,description,displayname,dr,forlocale,groupid,help,id,identitied,incrementseed,incrementstep,isactive,modifier,modifytime,name,nullable,pkey,precise,resid,sqldatetype,tableid,ts,versiontype) values( 19,11,0,null,null,null,null,'修改时间',0,'N',null,null,'tbm_timeitem@@@modifiedtime',null,null,null,'Y',null,null,'modifiedtime','Y','N',0,'2UC000-000100','char','tbm_timeitem','2018-09-07 18:25:05',0);

insert into md_column(columnlength,columnsequence,columntype,createtime,creator,defaultvalue,description,displayname,dr,forlocale,groupid,help,id,identitied,incrementseed,incrementstep,isactive,modifier,modifytime,name,nullable,pkey,precise,resid,sqldatetype,tableid,ts,versiontype) values( 20,10,0,null,null,'*~',null,'最后修改人',0,'N',null,null,'tbm_timeitem@@@modifier',null,null,null,'Y',null,null,'modifier','Y','N',0,'2UC000-000490','varchar','tbm_timeitem','2018-09-07 18:25:05',0);

insert into md_column(columnlength,columnsequence,columntype,createtime,creator,defaultvalue,description,displayname,dr,forlocale,groupid,help,id,identitied,incrementseed,incrementstep,isactive,modifier,modifytime,name,nullable,pkey,precise,resid,sqldatetype,tableid,ts,versiontype) values( 20,1,0,null,null,null,null,'集团主键',0,'N',null,null,'tbm_timeitem@@@pk_group',null,null,null,'Y',null,null,'pk_group','N','N',0,'2UC000-001008','char','tbm_timeitem','2018-09-07 18:25:05',0);

insert into md_column(columnlength,columnsequence,columntype,createtime,creator,defaultvalue,description,displayname,dr,forlocale,groupid,help,id,identitied,incrementseed,incrementstep,isactive,modifier,modifytime,name,nullable,pkey,precise,resid,sqldatetype,tableid,ts,versiontype) values( 20,2,0,null,null,null,null,'组织主键',0,'N',null,null,'tbm_timeitem@@@pk_org',null,null,null,'Y',null,null,'pk_org','N','N',0,'2UC000-000694','char','tbm_timeitem','2018-09-07 18:25:05',0);

insert into md_column(columnlength,columnsequence,columntype,createtime,creator,defaultvalue,description,displayname,dr,forlocale,groupid,help,id,identitied,incrementseed,incrementstep,isactive,modifier,modifytime,name,nullable,pkey,precise,resid,sqldatetype,tableid,ts,versiontype) values( 20,4,0,null,null,null,null,'休假类别编码',0,'Y',null,null,'tbm_timeitem@@@timeitemcode',null,null,null,'Y',null,null,'timeitemcode','Y','N',0,'2leavetype-0020','varchar','tbm_timeitem','2018-09-07 18:25:05',0);

insert into md_column(columnlength,columnsequence,columntype,createtime,creator,defaultvalue,description,displayname,dr,forlocale,groupid,help,id,identitied,incrementseed,incrementstep,isactive,modifier,modifytime,name,nullable,pkey,precise,resid,sqldatetype,tableid,ts,versiontype) values( 100,0,0,null,null,null,null,'休假类别名称',0,'Y','tbm_timeitem@@@timeitemname',null,'tbm_timeitem@@@timeitemname',null,null,null,'Y',null,null,'timeitemname','Y','N',0,'2leavetype-0012','varchar','tbm_timeitem','2018-09-07 18:25:05',0);

insert into md_column(columnlength,columnsequence,columntype,createtime,creator,defaultvalue,description,displayname,dr,forlocale,groupid,help,id,identitied,incrementseed,incrementstep,isactive,modifier,modifytime,name,nullable,pkey,precise,resid,sqldatetype,tableid,ts,versiontype) values( 100,0,0,null,null,null,null,'休假类别名称2',0,'Y','tbm_timeitem@@@timeitemname',null,'tbm_timeitem@@@timeitemname2',null,null,null,'Y',null,null,'timeitemname2','Y','N',0,'2leavetype-0012','varchar','tbm_timeitem','2018-09-07 18:25:05',0);

insert into md_column(columnlength,columnsequence,columntype,createtime,creator,defaultvalue,description,displayname,dr,forlocale,groupid,help,id,identitied,incrementseed,incrementstep,isactive,modifier,modifytime,name,nullable,pkey,precise,resid,sqldatetype,tableid,ts,versiontype) values( 100,0,0,null,null,null,null,'休假类别名称3',0,'Y','tbm_timeitem@@@timeitemname',null,'tbm_timeitem@@@timeitemname3',null,null,null,'Y',null,null,'timeitemname3','Y','N',0,'2leavetype-0012','varchar','tbm_timeitem','2018-09-07 18:25:05',0);

insert into md_column(columnlength,columnsequence,columntype,createtime,creator,defaultvalue,description,displayname,dr,forlocale,groupid,help,id,identitied,incrementseed,incrementstep,isactive,modifier,modifytime,name,nullable,pkey,precise,resid,sqldatetype,tableid,ts,versiontype) values( 100,0,0,null,null,null,null,'休假类别名称4',0,'Y','tbm_timeitem@@@timeitemname',null,'tbm_timeitem@@@timeitemname4',null,null,null,'Y',null,null,'timeitemname4','Y','N',0,'2leavetype-0012','varchar','tbm_timeitem','2018-09-07 18:25:05',0);

insert into md_column(columnlength,columnsequence,columntype,createtime,creator,defaultvalue,description,displayname,dr,forlocale,groupid,help,id,identitied,incrementseed,incrementstep,isactive,modifier,modifytime,name,nullable,pkey,precise,resid,sqldatetype,tableid,ts,versiontype) values( 100,0,0,null,null,null,null,'休假类别名称5',0,'Y','tbm_timeitem@@@timeitemname',null,'tbm_timeitem@@@timeitemname5',null,null,null,'Y',null,null,'timeitemname5','Y','N',0,'2leavetype-0012','varchar','tbm_timeitem','2018-09-07 18:25:05',0);

insert into md_column(columnlength,columnsequence,columntype,createtime,creator,defaultvalue,description,displayname,dr,forlocale,groupid,help,id,identitied,incrementseed,incrementstep,isactive,modifier,modifytime,name,nullable,pkey,precise,resid,sqldatetype,tableid,ts,versiontype) values( 100,0,0,null,null,null,null,'休假类别名称6',0,'Y','tbm_timeitem@@@timeitemname',null,'tbm_timeitem@@@timeitemname6',null,null,null,'Y',null,null,'timeitemname6','Y','N',0,'2leavetype-0012','varchar','tbm_timeitem','2018-09-07 18:25:05',0);

insert into md_column(columnlength,columnsequence,columntype,createtime,creator,defaultvalue,description,displayname,dr,forlocale,groupid,help,id,identitied,incrementseed,incrementstep,isactive,modifier,modifytime,name,nullable,pkey,precise,resid,sqldatetype,tableid,ts,versiontype) values( 20,0,0,null,null,null,null,'考勤项目主键',0,'N',null,null,'tbm_timeitem@@PK@@',null,null,null,'Y',null,null,'pk_timeitem','N','Y',0,'2awaytype-00014','char','tbm_timeitem','2018-09-07 18:25:05',0);

insert into md_column(columnlength,columnsequence,columntype,createtime,creator,defaultvalue,description,displayname,dr,forlocale,groupid,help,id,identitied,incrementseed,incrementstep,isactive,modifier,modifytime,name,nullable,pkey,precise,resid,sqldatetype,tableid,ts,versiontype) values( 0,7,0,null,null,null,null,'计算方式',null,'N',null,null,'tbm_timeitemcopy@@@calculatetype',null,null,null,'Y',null,null,'calculatetype','Y','N',0,'2awaytype-00002','int','tbm_timeitemcopy','2017-12-28 14:25:59',0);

insert into md_column(columnlength,columnsequence,columntype,createtime,creator,defaultvalue,description,displayname,dr,forlocale,groupid,help,id,identitied,incrementseed,incrementstep,isactive,modifier,modifytime,name,nullable,pkey,precise,resid,sqldatetype,tableid,ts,versiontype) values( 0,14,0,null,null,null,null,'折算规则',0,'N',null,null,'tbm_timeitemcopy@@@convertrule',null,null,null,'Y',null,null,'convertrule','Y','N',0,'2leavetype-0025','int','tbm_timeitemcopy','2018-09-07 18:25:05',0);

insert into md_column(columnlength,columnsequence,columntype,createtime,creator,defaultvalue,description,displayname,dr,forlocale,groupid,help,id,identitied,incrementseed,incrementstep,isactive,modifier,modifytime,name,nullable,pkey,precise,resid,sqldatetype,tableid,ts,versiontype) values( 19,20,0,null,null,null,null,'创建时间',0,'N',null,null,'tbm_timeitemcopy@@@creationtime',null,null,null,'Y',null,null,'creationtime','Y','N',0,'2UC000-000157','char','tbm_timeitemcopy','2018-09-07 18:25:05',0);

insert into md_column(columnlength,columnsequence,columntype,createtime,creator,defaultvalue,description,displayname,dr,forlocale,groupid,help,id,identitied,incrementseed,incrementstep,isactive,modifier,modifytime,name,nullable,pkey,precise,resid,sqldatetype,tableid,ts,versiontype) values( 20,19,0,null,null,'*~',null,'创建人',0,'N',null,null,'tbm_timeitemcopy@@@creator',null,null,null,'Y',null,null,'creator','Y','N',0,'2UC000-000155','varchar','tbm_timeitemcopy','2018-09-07 18:25:05',0);

insert into md_column(columnlength,columnsequence,columntype,createtime,creator,defaultvalue,description,displayname,dr,forlocale,groupid,help,id,identitied,incrementseed,incrementstep,isactive,modifier,modifytime,name,nullable,pkey,precise,resid,sqldatetype,tableid,ts,versiontype) values( 0,17,0,null,null,null,null,'启用标志',0,'N',null,null,'tbm_timeitemcopy@@@enablestate',null,null,null,'Y',null,null,'enablestate','Y','N',0,'2UC000-000248','int','tbm_timeitemcopy','2018-09-07 18:25:05',0);

insert into md_column(columnlength,columnsequence,columntype,createtime,creator,defaultvalue,description,displayname,dr,forlocale,groupid,help,id,identitied,incrementseed,incrementstep,isactive,modifier,modifytime,name,nullable,pkey,precise,resid,sqldatetype,tableid,ts,versiontype) values( 0,15,0,null,null,null,null,'假日规则公式',0,'N',null,null,'tbm_timeitemcopy@@@formula',null,null,null,'Y',null,null,'formula','Y','N',0,'2leavetype-0024','image','tbm_timeitemcopy','2018-09-07 18:25:05',0);

insert into md_column(columnlength,columnsequence,columntype,createtime,creator,defaultvalue,description,displayname,dr,forlocale,groupid,help,id,identitied,incrementseed,incrementstep,isactive,modifier,modifytime,name,nullable,pkey,precise,resid,sqldatetype,tableid,ts,versiontype) values( 0,16,0,null,null,null,null,'假日规则公式显示',0,'N',null,null,'tbm_timeitemcopy@@@formulastr',null,null,null,'Y',null,null,'formulastr','Y','N',0,'2leavetype-0014','image','tbm_timeitemcopy','2018-09-07 18:25:05',0);

insert into md_column(columnlength,columnsequence,columntype,createtime,creator,defaultvalue,description,displayname,dr,forlocale,groupid,help,id,identitied,incrementseed,incrementstep,isactive,modifier,modifytime,name,nullable,pkey,precise,resid,sqldatetype,tableid,ts,versiontype) values( 0,13,0,null,null,null,null,'公休日计算方式',0,'N',null,null,'tbm_timeitemcopy@@@gxcomtype',null,null,null,'Y',null,null,'gxcomtype','Y','N',0,'2awaytype-00011','int','tbm_timeitemcopy','2018-09-07 18:25:05',0);

insert into md_column(columnlength,columnsequence,columntype,createtime,creator,defaultvalue,description,displayname,dr,forlocale,groupid,help,id,identitied,incrementseed,incrementstep,isactive,modifier,modifytime,name,nullable,pkey,precise,resid,sqldatetype,tableid,ts,versiontype) values( 1,30,0,null,null,null,null,'享有是否在自助显示',0,'N',null,null,'tbm_timeitemcopy@@@ishrssshow',null,null,null,'Y',null,null,'ishrssshow','Y','N',0,'2leavetype-0039','char','tbm_timeitemcopy','2018-09-07 18:25:05',0);

insert into md_column(columnlength,columnsequence,columntype,createtime,creator,defaultvalue,description,displayname,dr,forlocale,groupid,help,id,identitied,incrementseed,incrementstep,isactive,modifier,modifytime,name,nullable,pkey,precise,resid,sqldatetype,tableid,ts,versiontype) values( 1,16,0,null,null,null,null,'是否与工作时间取交集',null,'N',null,null,'tbm_timeitemcopy@@@isinterwt',null,null,null,'Y',null,null,'isinterwt','Y','N',0,'2awaytype-00016','char','tbm_timeitemcopy','2017-12-28 14:25:59',0);

insert into md_column(columnlength,columnsequence,columntype,createtime,creator,defaultvalue,description,displayname,dr,forlocale,groupid,help,id,identitied,incrementseed,incrementstep,isactive,modifier,modifytime,name,nullable,pkey,precise,resid,sqldatetype,tableid,ts,versiontype) values( 1,26,0,null,null,null,null,'是否启用有效期',0,'N',null,null,'tbm_timeitemcopy@@@isleave',null,null,null,'Y',null,null,'isleave','Y','N',0,'2leavetype-0008','char','tbm_timeitemcopy','2018-09-07 18:25:05',0);

insert into md_column(columnlength,columnsequence,columntype,createtime,creator,defaultvalue,description,displayname,dr,forlocale,groupid,help,id,identitied,incrementseed,incrementstep,isactive,modifier,modifytime,name,nullable,pkey,precise,resid,sqldatetype,tableid,ts,versiontype) values( 1,23,0,null,null,null,null,'是否启用休假申请时限限制',0,'N',null,null,'tbm_timeitemcopy@@@isleaveapptimelimit',null,null,null,'Y',null,null,'isleaveapptimelimit','Y','N',0,'2leavetype-0015','char','tbm_timeitemcopy','2018-09-07 18:25:05',0);

insert into md_column(columnlength,columnsequence,columntype,createtime,creator,defaultvalue,description,displayname,dr,forlocale,groupid,help,id,identitied,incrementseed,incrementstep,isactive,modifier,modifytime,name,nullable,pkey,precise,resid,sqldatetype,tableid,ts,versiontype) values( 1,7,0,null,null,null,null,'是否控制休假时长',0,'N',null,null,'tbm_timeitemcopy@@@isleavelimit',null,null,null,'Y',null,null,'isleavelimit','Y','N',0,'2leavetype-0017','char','tbm_timeitemcopy','2018-09-07 18:25:05',0);

insert into md_column(columnlength,columnsequence,columntype,createtime,creator,defaultvalue,description,displayname,dr,forlocale,groupid,help,id,identitied,incrementseed,incrementstep,isactive,modifier,modifytime,name,nullable,pkey,precise,resid,sqldatetype,tableid,ts,versiontype) values( 1,34,0,null,null,null,null,'是否使用休假计划',0,'N',null,null,'tbm_timeitemcopy@@@isleaveplan',null,null,null,'Y',null,null,'isleaveplan','Y','N',0,null,'char','tbm_timeitemcopy','2018-09-07 18:25:05',0);

insert into md_column(columnlength,columnsequence,columntype,createtime,creator,defaultvalue,description,displayname,dr,forlocale,groupid,help,id,identitied,incrementseed,incrementstep,isactive,modifier,modifytime,name,nullable,pkey,precise,resid,sqldatetype,tableid,ts,versiontype) values( 1,29,0,null,null,null,null,'结余是否跨组织转移',0,'N',null,null,'tbm_timeitemcopy@@@isleavetransfer',null,null,null,'Y',null,null,'isleavetransfer','Y','N',0,'2leavetype-0038','char','tbm_timeitemcopy','2018-09-07 18:25:05',0);

insert into md_column(columnlength,columnsequence,columntype,createtime,creator,defaultvalue,description,displayname,dr,forlocale,groupid,help,id,identitied,incrementseed,incrementstep,isactive,modifier,modifytime,name,nullable,pkey,precise,resid,sqldatetype,tableid,ts,versiontype) values( 1,25,0,null,null,null,null,'是否严格控制',0,'N',null,null,'tbm_timeitemcopy@@@isrestrictlimit',null,null,null,'Y',null,null,'isrestrictlimit','Y','N',0,'2leavetype-0031','char','tbm_timeitemcopy','2018-09-07 18:25:05',0);

insert into md_column(columnlength,columnsequence,columntype,createtime,creator,defaultvalue,description,displayname,dr,forlocale,groupid,help,id,identitied,incrementseed,incrementstep,isactive,modifier,modifytime,name,nullable,pkey,precise,resid,sqldatetype,tableid,ts,versiontype) values( 1,33,0,null,null,null,null,'是否个别递延与结算假期',0,'N',null,null,'tbm_timeitemcopy@@@isspecialrest',null,null,null,'Y',null,null,'isspecialrest','Y','N',0,'type20180905-0000','char','tbm_timeitemcopy','2018-09-07 18:25:05',0);

insert into md_column(columnlength,columnsequence,columntype,createtime,creator,defaultvalue,description,displayname,dr,forlocale,groupid,help,id,identitied,incrementseed,incrementstep,isactive,modifier,modifytime,name,nullable,pkey,precise,resid,sqldatetype,tableid,ts,versiontype) values( 1,18,0,null,null,null,null,'是否已与上级同步',0,'N',null,null,'tbm_timeitemcopy@@@issynchronized',null,null,null,'Y',null,null,'issynchronized','Y','N',0,'2taitem-000022','char','tbm_timeitemcopy','2018-09-07 18:25:05',0);

insert into md_column(columnlength,columnsequence,columntype,createtime,creator,defaultvalue,description,displayname,dr,forlocale,groupid,help,id,identitied,incrementseed,incrementstep,isactive,modifier,modifytime,name,nullable,pkey,precise,resid,sqldatetype,tableid,ts,versiontype) values( 0,4,0,null,null,null,null,'项目类型',0,'N',null,null,'tbm_timeitemcopy@@@itemtype',null,null,null,'Y',null,null,'itemtype','Y','N',0,'2UC000-001025','int','tbm_timeitemcopy','2018-09-07 18:25:05',0);

insert into md_column(columnlength,columnsequence,columntype,createtime,creator,defaultvalue,description,displayname,dr,forlocale,groupid,help,id,identitied,incrementseed,incrementstep,isactive,modifier,modifytime,name,nullable,pkey,precise,resid,sqldatetype,tableid,ts,versiontype) values( 0,24,0,null,null,null,null,'休假申请时限限制天数',0,'N',null,null,'tbm_timeitemcopy@@@leaveapptimelimit',null,null,null,'Y',null,null,'leaveapptimelimit','Y','N',0,'2leavetype-0007','int','tbm_timeitemcopy','2018-09-07 18:25:05',0);

insert into md_column(columnlength,columnsequence,columntype,createtime,creator,defaultvalue,description,displayname,dr,forlocale,groupid,help,id,identitied,incrementseed,incrementstep,isactive,modifier,modifytime,name,nullable,pkey,precise,resid,sqldatetype,tableid,ts,versiontype) values( 0,27,0,null,null,null,null,'有效期时长',0,'N',null,null,'tbm_timeitemcopy@@@leaveextendcount',null,null,null,'Y',null,null,'leaveextendcount','Y','N',0,'2leavetype-0029','int','tbm_timeitemcopy','2018-09-07 18:25:05',0);

insert into md_column(columnlength,columnsequence,columntype,createtime,creator,defaultvalue,description,displayname,dr,forlocale,groupid,help,id,identitied,incrementseed,incrementstep,isactive,modifier,modifytime,name,nullable,pkey,precise,resid,sqldatetype,tableid,ts,versiontype) values( 28,32,0,null,null,null,null,'转下期上限',0,'N',null,null,'tbm_timeitemcopy@@@leavemax',null,null,null,'Y',null,null,'leavemax','Y','N',8,'2leavetype-0040','decimal','tbm_timeitemcopy','2018-09-07 18:25:05',0);

insert into md_column(columnlength,columnsequence,columntype,createtime,creator,defaultvalue,description,displayname,dr,forlocale,groupid,help,id,identitied,incrementseed,incrementstep,isactive,modifier,modifytime,name,nullable,pkey,precise,resid,sqldatetype,tableid,ts,versiontype) values( 0,12,0,null,null,null,null,'控制单位',0,'N',null,null,'tbm_timeitemcopy@@@leavescale',null,null,null,'Y',null,null,'leavescale','Y','N',0,'2leavetype-0003','int','tbm_timeitemcopy','2018-09-07 18:25:05',0);

insert into md_column(columnlength,columnsequence,columntype,createtime,creator,defaultvalue,description,displayname,dr,forlocale,groupid,help,id,identitied,incrementseed,incrementstep,isactive,modifier,modifytime,name,nullable,pkey,precise,resid,sqldatetype,tableid,ts,versiontype) values( 0,9,0,null,null,null,null,'结算周期',0,'N',null,null,'tbm_timeitemcopy@@@leavesetperiod',null,null,null,'Y',null,null,'leavesetperiod','Y','N',0,'2leavetype-0006','int','tbm_timeitemcopy','2018-09-07 18:25:05',0);

insert into md_column(columnlength,columnsequence,columntype,createtime,creator,defaultvalue,description,displayname,dr,forlocale,groupid,help,id,identitied,incrementseed,incrementstep,isactive,modifier,modifytime,name,nullable,pkey,precise,resid,sqldatetype,tableid,ts,versiontype) values( 0,8,0,null,null,null,null,'结算方式',0,'N',null,null,'tbm_timeitemcopy@@@leavesettlement',null,null,null,'Y',null,null,'leavesettlement','Y','N',0,'2UC000-000712','int','tbm_timeitemcopy','2018-09-07 18:25:05',0);

insert into md_column(columnlength,columnsequence,columntype,createtime,creator,defaultvalue,description,displayname,dr,forlocale,groupid,help,id,identitied,incrementseed,incrementstep,isactive,modifier,modifytime,name,nullable,pkey,precise,resid,sqldatetype,tableid,ts,versiontype) values( 19,22,0,null,null,null,null,'修改时间',0,'N',null,null,'tbm_timeitemcopy@@@modifiedtime',null,null,null,'Y',null,null,'modifiedtime','Y','N',0,'2UC000-000100','char','tbm_timeitemcopy','2018-09-07 18:25:05',0);

insert into md_column(columnlength,columnsequence,columntype,createtime,creator,defaultvalue,description,displayname,dr,forlocale,groupid,help,id,identitied,incrementseed,incrementstep,isactive,modifier,modifytime,name,nullable,pkey,precise,resid,sqldatetype,tableid,ts,versiontype) values( 20,21,0,null,null,'*~',null,'最后修改人',0,'N',null,null,'tbm_timeitemcopy@@@modifier',null,null,null,'Y',null,null,'modifier','Y','N',0,'2UC000-000490','varchar','tbm_timeitemcopy','2018-09-07 18:25:05',0);

insert into md_column(columnlength,columnsequence,columntype,createtime,creator,defaultvalue,description,displayname,dr,forlocale,groupid,help,id,identitied,incrementseed,incrementstep,isactive,modifier,modifytime,name,nullable,pkey,precise,resid,sqldatetype,tableid,ts,versiontype) values( 16,7,0,null,null,null,null,'加班转调休的天数/小时数',null,'N',null,null,'tbm_timeitemcopy@@@overtimetorest',null,null,null,'Y',null,null,'overtimetorest','Y','N',4,'2ovtimtype-0000','decimal','tbm_timeitemcopy','2017-12-28 14:25:59',0);

insert into md_column(columnlength,columnsequence,columntype,createtime,creator,defaultvalue,description,displayname,dr,forlocale,groupid,help,id,identitied,incrementseed,incrementstep,isactive,modifier,modifytime,name,nullable,pkey,precise,resid,sqldatetype,tableid,ts,versiontype) values( 1020,28,0,null,null,null,null,'前置休假类别',0,'N',null,null,'tbm_timeitemcopy@@@pk_dependleavetypes',null,null,null,'Y',null,null,'pk_dependleavetypes','Y','N',0,'2leavetype-0000','varchar','tbm_timeitemcopy','2018-09-07 18:25:05',0);

insert into md_column(columnlength,columnsequence,columntype,createtime,creator,defaultvalue,description,displayname,dr,forlocale,groupid,help,id,identitied,incrementseed,incrementstep,isactive,modifier,modifytime,name,nullable,pkey,precise,resid,sqldatetype,tableid,ts,versiontype) values( 20,2,0,null,null,null,null,'集团主键',0,'N',null,null,'tbm_timeitemcopy@@@pk_group',null,null,null,'Y',null,null,'pk_group','N','N',0,'2UC000-001008','char','tbm_timeitemcopy','2018-09-07 18:25:05',0);

insert into md_column(columnlength,columnsequence,columntype,createtime,creator,defaultvalue,description,displayname,dr,forlocale,groupid,help,id,identitied,incrementseed,incrementstep,isactive,modifier,modifytime,name,nullable,pkey,precise,resid,sqldatetype,tableid,ts,versiontype) values( 20,3,0,null,null,null,null,'组织主键',0,'N',null,null,'tbm_timeitemcopy@@@pk_org',null,null,null,'Y',null,null,'pk_org','N','N',0,'2UC000-000694','char','tbm_timeitemcopy','2018-09-07 18:25:05',0);

insert into md_column(columnlength,columnsequence,columntype,createtime,creator,defaultvalue,description,displayname,dr,forlocale,groupid,help,id,identitied,incrementseed,incrementstep,isactive,modifier,modifytime,name,nullable,pkey,precise,resid,sqldatetype,tableid,ts,versiontype) values( 20,1,0,null,null,null,null,'考勤项目主键',0,'N',null,null,'tbm_timeitemcopy@@@pk_timeitem',null,null,null,'Y',null,null,'pk_timeitem','N','N',0,'2awaytype-00014','char','tbm_timeitemcopy','2018-09-07 18:25:05',0);

insert into md_column(columnlength,columnsequence,columntype,createtime,creator,defaultvalue,description,displayname,dr,forlocale,groupid,help,id,identitied,incrementseed,incrementstep,isactive,modifier,modifytime,name,nullable,pkey,precise,resid,sqldatetype,tableid,ts,versiontype) values( 0,11,0,null,null,null,null,'取整方式',0,'N',null,null,'tbm_timeitemcopy@@@roundmode',null,null,null,'Y',null,null,'roundmode','Y','N',0,'2leavetype-0034','int','tbm_timeitemcopy','2018-09-07 18:25:05',0);

insert into md_column(columnlength,columnsequence,columntype,createtime,creator,defaultvalue,description,displayname,dr,forlocale,groupid,help,id,identitied,incrementseed,incrementstep,isactive,modifier,modifytime,name,nullable,pkey,precise,resid,sqldatetype,tableid,ts,versiontype) values( 0,31,0,null,null,null,null,'显示顺序',0,'N',null,null,'tbm_timeitemcopy@@@showorder',null,null,null,'Y',null,null,'showorder','Y','N',0,'2leavetype-0041','int','tbm_timeitemcopy','2018-09-07 18:25:05',0);

insert into md_column(columnlength,columnsequence,columntype,createtime,creator,defaultvalue,description,displayname,dr,forlocale,groupid,help,id,identitied,incrementseed,incrementstep,isactive,modifier,modifytime,name,nullable,pkey,precise,resid,sqldatetype,tableid,ts,versiontype) values( 1024,5,0,null,null,null,null,'考勤项目说明',0,'Y',null,null,'tbm_timeitemcopy@@@timeitemnote',null,null,null,'Y',null,null,'timeitemnote','Y','N',0,'2awaytype-00006','varchar','tbm_timeitemcopy','2018-09-07 18:25:05',0);

insert into md_column(columnlength,columnsequence,columntype,createtime,creator,defaultvalue,description,displayname,dr,forlocale,groupid,help,id,identitied,incrementseed,incrementstep,isactive,modifier,modifytime,name,nullable,pkey,precise,resid,sqldatetype,tableid,ts,versiontype) values( 0,6,0,null,null,null,null,'考勤单位',0,'N',null,null,'tbm_timeitemcopy@@@timeitemunit',null,null,null,'Y',null,null,'timeitemunit','Y','N',0,'2awaytype-00009','int','tbm_timeitemcopy','2018-09-07 18:25:05',0);

insert into md_column(columnlength,columnsequence,columntype,createtime,creator,defaultvalue,description,displayname,dr,forlocale,groupid,help,id,identitied,incrementseed,incrementstep,isactive,modifier,modifytime,name,nullable,pkey,precise,resid,sqldatetype,tableid,ts,versiontype) values( 10,10,0,null,null,null,null,'最小时长（分钟或者天）',0,'N',null,null,'tbm_timeitemcopy@@@timeunit',null,null,null,'Y',null,null,'timeunit','Y','N',4,'2awaytype-00004','decimal','tbm_timeitemcopy','2018-09-07 18:25:05',0);

insert into md_column(columnlength,columnsequence,columntype,createtime,creator,defaultvalue,description,displayname,dr,forlocale,groupid,help,id,identitied,incrementseed,incrementstep,isactive,modifier,modifytime,name,nullable,pkey,precise,resid,sqldatetype,tableid,ts,versiontype) values( 20,0,0,null,null,null,null,'考勤项目拷贝主键',0,'N',null,null,'tbm_timeitemcopy@@PK@@',null,null,null,'Y',null,null,'pk_timeitemcopy','N','Y',0,'2awaytype-00005','char','tbm_timeitemcopy','2018-09-07 18:25:05',0);



insert into md_db_relation(asstype,createtime,creator,description,displayname,dr,endcardinality,endfieldid,endtableid,help,id,isforeignkey,modifier,modifytime,name,resid,startattrid,startcardinality,startfieldid,starttableid,ts,versiontype) values( 3,null,null,null,'awaytype_group',null,null,'org_group@@PK@@','org_group',null,'32a4f124-6f7a-4d73-84ad-d641a2ecb132','N',null,null,'awaytype_group',null,'1c843896-c308-4f0a-acee-08f0f120ab3c',null,'tbm_timeitem@@@pk_group','tbm_timeitem','2017-12-28 14:25:59',0);

insert into md_db_relation(asstype,createtime,creator,description,displayname,dr,endcardinality,endfieldid,endtableid,help,id,isforeignkey,modifier,modifytime,name,resid,startattrid,startcardinality,startfieldid,starttableid,ts,versiontype) values( 3,null,null,null,'awaytype_hrorg',null,null,'org_hrorg@@PK@@','org_hrorg',null,'35a35483-a528-4cb0-af8b-475e73014b37','N',null,null,'awaytype_hrorg',null,'a259bf27-87c3-4ac0-8683-03630fefc064',null,'tbm_timeitem@@@pk_org','tbm_timeitem','2017-12-28 14:25:59',0);

insert into md_db_relation(asstype,createtime,creator,description,displayname,dr,endcardinality,endfieldid,endtableid,help,id,isforeignkey,modifier,modifytime,name,resid,startattrid,startcardinality,startfieldid,starttableid,ts,versiontype) values( 3,null,null,null,'shutdowntype_group',null,null,'org_group@@PK@@','org_group',null,'38ebc638-0948-4ee0-85c4-111da3e9e96c','N',null,null,'shutdowntype_group',null,'6f82215f-9307-4dcc-8cfc-26dca25faf7a',null,'tbm_timeitem@@@pk_group','tbm_timeitem','2017-12-28 14:26:04',0);

insert into md_db_relation(asstype,createtime,creator,description,displayname,dr,endcardinality,endfieldid,endtableid,help,id,isforeignkey,modifier,modifytime,name,resid,startattrid,startcardinality,startfieldid,starttableid,ts,versiontype) values( 3,null,null,null,'awaytype_user',null,null,'sm_user@@PK@@','sm_user',null,'8b6dd4ef-d542-4c70-a0e2-ae646768127f','N',null,null,'awaytype_user',null,'90c4ccbb-6651-4740-a5f4-86a995966461',null,'tbm_timeitem@@@creator','tbm_timeitem','2017-12-28 14:25:59',0);

insert into md_db_relation(asstype,createtime,creator,description,displayname,dr,endcardinality,endfieldid,endtableid,help,id,isforeignkey,modifier,modifytime,name,resid,startattrid,startcardinality,startfieldid,starttableid,ts,versiontype) values( 3,null,null,null,'overtimetype_user',null,null,'sm_user@@PK@@','sm_user',null,'8c20bea0-049c-4004-8c26-4abbf052dc68','N',null,null,'overtimetype_user',null,'d5ad101d-c6fa-40f3-b0e7-d97c3481d4f0',null,'tbm_timeitem@@@modifier','tbm_timeitem','2017-12-28 14:25:59',0);

insert into md_db_relation(asstype,createtime,creator,description,displayname,dr,endcardinality,endfieldid,endtableid,help,id,isforeignkey,modifier,modifytime,name,resid,startattrid,startcardinality,startfieldid,starttableid,ts,versiontype) values( 3,null,null,null,'awaytype_user',null,null,'sm_user@@PK@@','sm_user',null,'b9fb2378-e31c-4d8b-bab2-a3982dafa3a7','N',null,null,'awaytype_user',null,'81388eb8-2b6f-4ae7-acf2-817df23826e5',null,'tbm_timeitem@@@modifier','tbm_timeitem','2017-12-28 14:25:59',0);

insert into md_db_relation(asstype,createtime,creator,description,displayname,dr,endcardinality,endfieldid,endtableid,help,id,isforeignkey,modifier,modifytime,name,resid,startattrid,startcardinality,startfieldid,starttableid,ts,versiontype) values( 3,null,null,null,'overtimetype_group',null,null,'org_group@@PK@@','org_group',null,'bcab34e0-6854-4449-9647-cbb710b1c3ba','N',null,null,'overtimetype_group',null,'038c63aa-cf40-4ca4-8dbc-afd15cb6971e',null,'tbm_timeitem@@@pk_group','tbm_timeitem','2017-12-28 14:25:59',0);

insert into md_db_relation(asstype,createtime,creator,description,displayname,dr,endcardinality,endfieldid,endtableid,help,id,isforeignkey,modifier,modifytime,name,resid,startattrid,startcardinality,startfieldid,starttableid,ts,versiontype) values( 3,null,null,null,'shutdowntype_org',null,null,'org_orgs@@PK@@','org_orgs',null,'cd6c7c6f-adea-4cf5-8d34-53ef5739cedb','N',null,null,'shutdowntype_org',null,'36e343a0-613b-496e-a9fb-ecb04f2b854d',null,'tbm_timeitem@@@pk_org','tbm_timeitem','2017-12-28 14:26:04',0);

insert into md_db_relation(asstype,createtime,creator,description,displayname,dr,endcardinality,endfieldid,endtableid,help,id,isforeignkey,modifier,modifytime,name,resid,startattrid,startcardinality,startfieldid,starttableid,ts,versiontype) values( 3,null,null,null,'overtimetype_hrorg',null,null,'org_hrorg@@PK@@','org_hrorg',null,'e59b3a9e-b637-4bff-9d8e-bc209f4cf2fb','N',null,null,'overtimetype_hrorg',null,'26a6f1af-6e7a-4889-97da-dedacac72249',null,'tbm_timeitem@@@pk_org','tbm_timeitem','2017-12-28 14:25:59',0);

insert into md_db_relation(asstype,createtime,creator,description,displayname,dr,endcardinality,endfieldid,endtableid,help,id,isforeignkey,modifier,modifytime,name,resid,startattrid,startcardinality,startfieldid,starttableid,ts,versiontype) values( 3,null,null,null,'overtimetype_user',null,null,'sm_user@@PK@@','sm_user',null,'fc40dd0f-3934-4b3a-a2e5-ec0114790445','N',null,null,'overtimetype_user',null,'f51632b7-f8be-498d-a9f4-a8ab479fcc9a',null,'tbm_timeitem@@@creator','tbm_timeitem','2017-12-28 14:25:59',0);

insert into md_db_relation(asstype,createtime,creator,description,displayname,dr,endcardinality,endfieldid,endtableid,help,id,isforeignkey,modifier,modifytime,name,resid,startattrid,startcardinality,startfieldid,starttableid,ts,versiontype) values( 3,null,null,null,'overtimetypecopy_overtimetype',null,null,'tbm_timeitem@@PK@@','tbm_timeitem',null,'bfd161ed-fa7f-4e13-91b4-4a58fcd4946e','N',null,null,'overtimetypecopy_overtimetype',null,'044e0af0-f4f4-4729-96d9-aa53ef2e6f4b',null,'tbm_timeitemcopy@@@pk_timeitem','tbm_timeitemcopy','2017-12-28 14:25:59',0);

insert into md_db_relation(asstype,createtime,creator,description,displayname,dr,endcardinality,endfieldid,endtableid,help,id,isforeignkey,modifier,modifytime,name,resid,startattrid,startcardinality,startfieldid,starttableid,ts,versiontype) values( 3,null,null,null,'awaytypecopy_user',null,null,'sm_user@@PK@@','sm_user',null,'8f01518e-9bb4-46ae-88e5-9bf530319fad','N',null,null,'awaytypecopy_user',null,'251d1182-1dea-446c-b87d-7838a1798a60',null,'tbm_timeitemcopy@@@creator','tbm_timeitemcopy','2017-12-28 14:25:59',0);

insert into md_db_relation(asstype,createtime,creator,description,displayname,dr,endcardinality,endfieldid,endtableid,help,id,isforeignkey,modifier,modifytime,name,resid,startattrid,startcardinality,startfieldid,starttableid,ts,versiontype) values( 3,null,null,null,'awaytypecopy_user',null,null,'sm_user@@PK@@','sm_user',null,'a3b86c9c-6dc5-4336-8f82-c2d384c2d25d','N',null,null,'awaytypecopy_user',null,'38658c11-18c7-42f2-8e19-ffd6886d2093',null,'tbm_timeitemcopy@@@modifier','tbm_timeitemcopy','2017-12-28 14:25:59',0);

insert into md_db_relation(asstype,createtime,creator,description,displayname,dr,endcardinality,endfieldid,endtableid,help,id,isforeignkey,modifier,modifytime,name,resid,startattrid,startcardinality,startfieldid,starttableid,ts,versiontype) values( 3,null,null,null,'awaytypecopy_awaytype',null,null,'tbm_timeitem@@PK@@','tbm_timeitem',null,'02073d1c-3874-49a6-bed9-020f75738f78','N',null,null,'awaytypecopy_awaytype',null,'55b1bf7d-d200-4914-8269-8c6045d2cecf',null,'tbm_timeitemcopy@@@pk_timeitem','tbm_timeitemcopy','2017-12-28 14:25:59',0);

insert into md_db_relation(asstype,createtime,creator,description,displayname,dr,endcardinality,endfieldid,endtableid,help,id,isforeignkey,modifier,modifytime,name,resid,startattrid,startcardinality,startfieldid,starttableid,ts,versiontype) values( 3,null,null,null,'overtimetypecopy_user',null,null,'sm_user@@PK@@','sm_user',null,'04a6e70c-8525-4f06-b073-b70c824f52d7','N',null,null,'overtimetypecopy_user',null,'c6bd7d13-72ca-4e83-b3de-a0b09b4e8252',null,'tbm_timeitemcopy@@@modifier','tbm_timeitemcopy','2017-12-28 14:25:59',0);

insert into md_db_relation(asstype,createtime,creator,description,displayname,dr,endcardinality,endfieldid,endtableid,help,id,isforeignkey,modifier,modifytime,name,resid,startattrid,startcardinality,startfieldid,starttableid,ts,versiontype) values( 3,null,null,null,'awaytypecopy_group',null,null,'org_group@@PK@@','org_group',null,'1a41550f-634c-4710-9770-e423b7f88a51','N',null,null,'awaytypecopy_group',null,'cca80c6c-7b76-4736-a495-aa5949e50e07',null,'tbm_timeitemcopy@@@pk_group','tbm_timeitemcopy','2017-12-28 14:25:59',0);

insert into md_db_relation(asstype,createtime,creator,description,displayname,dr,endcardinality,endfieldid,endtableid,help,id,isforeignkey,modifier,modifytime,name,resid,startattrid,startcardinality,startfieldid,starttableid,ts,versiontype) values( 3,null,null,null,'awaytypecopy_hrorg',null,null,'org_hrorg@@PK@@','org_hrorg',null,'1b74dd53-ae2e-475a-a35c-95d8f8a80aa7','N',null,null,'awaytypecopy_hrorg',null,'28d30334-0394-42cf-bbe8-e86ae32d71ef',null,'tbm_timeitemcopy@@@pk_org','tbm_timeitemcopy','2017-12-28 14:25:59',0);

insert into md_db_relation(asstype,createtime,creator,description,displayname,dr,endcardinality,endfieldid,endtableid,help,id,isforeignkey,modifier,modifytime,name,resid,startattrid,startcardinality,startfieldid,starttableid,ts,versiontype) values( 3,null,null,null,'overtimetypecopy_user',null,null,'sm_user@@PK@@','sm_user',null,'470048bf-2b9f-4f99-9479-04ef42bf92f2','N',null,null,'overtimetypecopy_user',null,'d8abe140-08c7-46bb-99cc-65bb3e0cd51c',null,'tbm_timeitemcopy@@@creator','tbm_timeitemcopy','2017-12-28 14:25:59',0);

insert into md_db_relation(asstype,createtime,creator,description,displayname,dr,endcardinality,endfieldid,endtableid,help,id,isforeignkey,modifier,modifytime,name,resid,startattrid,startcardinality,startfieldid,starttableid,ts,versiontype) values( 3,null,null,null,'overtimetypecopy_group',null,null,'org_group@@PK@@','org_group',null,'52d0302c-8547-4b2c-a723-8b2c144e0f7a','N',null,null,'overtimetypecopy_group',null,'c58cd328-8c1c-493c-b220-19f590fcbfec',null,'tbm_timeitemcopy@@@pk_group','tbm_timeitemcopy','2017-12-28 14:25:59',0);

insert into md_db_relation(asstype,createtime,creator,description,displayname,dr,endcardinality,endfieldid,endtableid,help,id,isforeignkey,modifier,modifytime,name,resid,startattrid,startcardinality,startfieldid,starttableid,ts,versiontype) values( 3,null,null,null,'Entity_org',null,null,'org_orgs@@PK@@','org_orgs',null,'55b44401-6a79-4e85-8f8b-15f86395a613','N',null,null,'Entity_org',null,'3bd34a52-1d11-47cd-adc7-9426cec70691',null,'tbm_timeitemcopy@@@pk_org','tbm_timeitemcopy','2017-12-28 14:26:04',0);

insert into md_db_relation(asstype,createtime,creator,description,displayname,dr,endcardinality,endfieldid,endtableid,help,id,isforeignkey,modifier,modifytime,name,resid,startattrid,startcardinality,startfieldid,starttableid,ts,versiontype) values( 3,null,null,null,'Entity_shutdowntype',null,null,'tbm_timeitem@@PK@@','tbm_timeitem',null,'5b7601d5-6d23-4e69-96bf-402b79b9cf31','N',null,null,'Entity_shutdowntype',null,'b7faea7d-55f4-4981-8630-1c1553673ae0',null,'tbm_timeitemcopy@@@pk_timeitem','tbm_timeitemcopy','2017-12-28 14:26:04',0);

insert into md_db_relation(asstype,createtime,creator,description,displayname,dr,endcardinality,endfieldid,endtableid,help,id,isforeignkey,modifier,modifytime,name,resid,startattrid,startcardinality,startfieldid,starttableid,ts,versiontype) values( 3,null,null,null,'overtimetypecopy_hrorg',null,null,'org_hrorg@@PK@@','org_hrorg',null,'640f161c-2aec-4cd7-95fa-da8cf7a10ba2','N',null,null,'overtimetypecopy_hrorg',null,'523b57db-9143-48cc-acb2-67ecef5cc074',null,'tbm_timeitemcopy@@@pk_org','tbm_timeitemcopy','2017-12-28 14:25:59',0);

insert into md_db_relation(asstype,createtime,creator,description,displayname,dr,endcardinality,endfieldid,endtableid,help,id,isforeignkey,modifier,modifytime,name,resid,startattrid,startcardinality,startfieldid,starttableid,ts,versiontype) values( 3,null,null,null,'Entity_group',null,null,'org_group@@PK@@','org_group',null,'7d7a3e0d-afec-4cc8-a475-ca319c4a47b9','N',null,null,'Entity_group',null,'255542c2-02e1-41a6-a1a6-9f6b47de7e85',null,'tbm_timeitemcopy@@@pk_group','tbm_timeitemcopy','2017-12-28 14:26:04',0);



insert into md_db_relation(asstype,createtime,creator,description,displayname,dr,endcardinality,endfieldid,endtableid,help,id,isforeignkey,modifier,modifytime,name,resid,startattrid,startcardinality,startfieldid,starttableid,ts,versiontype) values( 3,null,null,null,'holidayrule_overtimetype',null,null,'tbm_timeitem@@PK@@','tbm_timeitem',null,'29313281-f643-4ee0-b132-2b31c324c70f','N',null,null,'holidayrule_overtimetype',null,'8328c116-4eed-4470-a493-c4bda7733261',null,'tbm_holidayrule@@@pk_ottype','tbm_holidayrule','2017-12-28 14:25:59',0);

insert into md_db_relation(asstype,createtime,creator,description,displayname,dr,endcardinality,endfieldid,endtableid,help,id,isforeignkey,modifier,modifytime,name,resid,startattrid,startcardinality,startfieldid,starttableid,ts,versiontype) values( 3,null,null,null,'hrtaovertimeh_overtimetype',null,null,'tbm_timeitem@@PK@@','tbm_timeitem',null,'3d6f3a65-6932-45eb-be5a-a57d3d35610c','N',null,null,'hrtaovertimeh_overtimetype',null,'08de519c-52cb-469e-a567-2ec2578192b2',null,'tbm_overtimeh@@@pk_overtimetype','tbm_overtimeh','2017-12-28 14:26:01',0);

insert into md_db_relation(asstype,createtime,creator,description,displayname,dr,endcardinality,endfieldid,endtableid,help,id,isforeignkey,modifier,modifytime,name,resid,startattrid,startcardinality,startfieldid,starttableid,ts,versiontype) values( 3,null,null,null,'awayoff_awaytype',null,null,'tbm_timeitem@@PK@@','tbm_timeitem',null,'4e6a3e46-f68b-480a-9e23-f6822eb0973f','N',null,null,'awayoff_awaytype',null,'92b3cabb-9466-418c-af2e-3a3a09456d60',null,'tbm_awayoff@@@pk_awaytype','tbm_awayoff','2017-12-28 14:25:59',0);

insert into md_db_relation(asstype,createtime,creator,description,displayname,dr,endcardinality,endfieldid,endtableid,help,id,isforeignkey,modifier,modifytime,name,resid,startattrid,startcardinality,startfieldid,starttableid,ts,versiontype) values( 3,null,null,null,'hrtaleavebalance_leavetype',null,null,'tbm_timeitem@@PK@@','tbm_timeitem',null,'6e0d958a-cd1e-4b97-bc31-f0573a087268','N',null,null,'hrtaleavebalance_leavetype',null,'59871fe2-8277-4e17-b8ff-b312d9382739',null,'tbm_leavebalance@@@pk_timeitem','tbm_leavebalance','2017-12-28 14:26:00',0);

insert into md_db_relation(asstype,createtime,creator,description,displayname,dr,endcardinality,endfieldid,endtableid,help,id,isforeignkey,modifier,modifytime,name,resid,startattrid,startcardinality,startfieldid,starttableid,ts,versiontype) values( 3,null,null,null,'hrtaawayh_awaytype',null,null,'tbm_timeitem@@PK@@','tbm_timeitem',null,'709fcdad-e7f1-4ee8-b8ba-f87d8ceeb349','N',null,null,'hrtaawayh_awaytype',null,'9c5fc5d1-f1c2-4a22-ada0-4fc3fb0f786f',null,'tbm_awayh@@@pk_awaytype','tbm_awayh','2017-12-28 14:25:59',0);

insert into md_db_relation(asstype,createtime,creator,description,displayname,dr,endcardinality,endfieldid,endtableid,help,id,isforeignkey,modifier,modifytime,name,resid,startattrid,startcardinality,startfieldid,starttableid,ts,versiontype) values( 3,null,null,null,'hrtaleave_leavetype',null,null,'tbm_timeitem@@PK@@','tbm_timeitem',null,'9039ddee-8947-4bd8-a4a2-4cb7e31a5c1b','N',null,null,'hrtaleave_leavetype',null,'b2129181-7860-4f9f-86e1-5cb4f7f56c0a',null,'tbm_leaveh@@@pk_leavetype','tbm_leaveh','2017-12-28 14:26:00',0);

insert into md_db_relation(asstype,createtime,creator,description,displayname,dr,endcardinality,endfieldid,endtableid,help,id,isforeignkey,modifier,modifytime,name,resid,startattrid,startcardinality,startfieldid,starttableid,ts,versiontype) values( 3,null,null,null,'hrtaleavereg_leavetype',null,null,'tbm_timeitem@@PK@@','tbm_timeitem',null,'d3114b29-f31e-43de-897a-43658fa1d11c','N',null,null,'hrtaleavereg_leavetype',null,'bead8e57-690b-4799-94bd-e873420079e5',null,'tbm_leavereg@@@pk_leavetype','tbm_leavereg','2017-12-28 14:26:00',0);

insert into md_db_relation(asstype,createtime,creator,description,displayname,dr,endcardinality,endfieldid,endtableid,help,id,isforeignkey,modifier,modifytime,name,resid,startattrid,startcardinality,startfieldid,starttableid,ts,versiontype) values( 3,null,null,null,'hrtaovertimegen_overtimetype',null,null,'tbm_timeitem@@PK@@','tbm_timeitem',null,'ea987f67-4e26-4d79-9963-ecae409dd86e','N',null,null,'hrtaovertimegen_overtimetype',null,'820145d1-5620-47f4-b048-917409e0d69c',null,'tbm_overtimegen@@@pk_overtimetype','tbm_overtimegen','2017-12-28 14:26:01',0);

insert into md_db_relation(asstype,createtime,creator,description,displayname,dr,endcardinality,endfieldid,endtableid,help,id,isforeignkey,modifier,modifytime,name,resid,startattrid,startcardinality,startfieldid,starttableid,ts,versiontype) values( 3,null,null,null,'hrtaawayreg_awaytype',null,null,'tbm_timeitem@@PK@@','tbm_timeitem',null,'f63e2409-df8b-4059-b498-bb82938e673e','N',null,null,'hrtaawayreg_awaytype',null,'f28e51c2-92c2-4d9e-b6fa-cb09c771c7b9',null,'tbm_awayreg@@@pk_awaytype','tbm_awayreg','2017-12-28 14:25:59',0);

insert into md_db_relation(asstype,createtime,creator,description,displayname,dr,endcardinality,endfieldid,endtableid,help,id,isforeignkey,modifier,modifytime,name,resid,startattrid,startcardinality,startfieldid,starttableid,ts,versiontype) values( 3,null,null,null,'hrtaleaveoff_leavetype',null,null,'tbm_timeitem@@PK@@','tbm_timeitem',null,'fdb53c10-cb40-4114-a717-a919267a837b','N',null,null,'hrtaleaveoff_leavetype',null,'0b9620a8-8d7f-41b5-91ca-2e040abe78c8',null,'tbm_leaveoff@@@pk_leavetype','tbm_leaveoff','2017-12-28 14:26:01',0);

insert into md_db_relation(asstype,createtime,creator,description,displayname,dr,endcardinality,endfieldid,endtableid,help,id,isforeignkey,modifier,modifytime,name,resid,startattrid,startcardinality,startfieldid,starttableid,ts,versiontype) values( 3,null,null,null,'awayoff_awaytypecopy',null,null,'tbm_timeitemcopy@@PK@@','tbm_timeitemcopy',null,'c27f7eaa-da35-401d-9856-3f54dbc31590','N',null,null,'awayoff_awaytypecopy',null,'d4ffe5a2-b2d2-4267-b94c-33d713accd9f',null,'tbm_awayoff@@@pk_awaytypecopy','tbm_awayoff','2017-12-28 14:25:59',0);

insert into md_db_relation(asstype,createtime,creator,description,displayname,dr,endcardinality,endfieldid,endtableid,help,id,isforeignkey,modifier,modifytime,name,resid,startattrid,startcardinality,startfieldid,starttableid,ts,versiontype) values( 3,null,null,null,'hrtaovertimeh_overtimetypecopy',null,null,'tbm_timeitemcopy@@PK@@','tbm_timeitemcopy',null,'ccc588df-afc8-4b4b-b41f-35da195f321a','N',null,null,'hrtaovertimeh_overtimetypecopy',null,'63ff44b9-5cd6-4594-b9a7-d14d07769cf9',null,'tbm_overtimeh@@@pk_overtimetypecopy','tbm_overtimeh','2017-12-28 14:26:01',0);

insert into md_db_relation(asstype,createtime,creator,description,displayname,dr,endcardinality,endfieldid,endtableid,help,id,isforeignkey,modifier,modifytime,name,resid,startattrid,startcardinality,startfieldid,starttableid,ts,versiontype) values( 3,null,null,null,'hrtaovertimegen_overtimetypecopy',null,null,'tbm_timeitemcopy@@PK@@','tbm_timeitemcopy',null,'8109f356-5390-4694-a142-d21733599213','N',null,null,'hrtaovertimegen_overtimetypecopy',null,'50321cf0-2d7a-4cd0-af92-3b116332ef35',null,'tbm_overtimegen@@@pk_overtimetypecopy','tbm_overtimegen','2017-12-28 14:26:01',0);

insert into md_db_relation(asstype,createtime,creator,description,displayname,dr,endcardinality,endfieldid,endtableid,help,id,isforeignkey,modifier,modifytime,name,resid,startattrid,startcardinality,startfieldid,starttableid,ts,versiontype) values( 3,null,null,null,'hrtaleave_leavetypecopy',null,null,'tbm_timeitemcopy@@PK@@','tbm_timeitemcopy',null,'8b0ee7fd-bd7b-4517-b75b-3c4dedf7a959','N',null,null,'hrtaleave_leavetypecopy',null,'2a756e3c-f2a5-472f-8df0-033dac9f4189',null,'tbm_leaveh@@@pk_leavetypecopy','tbm_leaveh','2017-12-28 14:26:00',0);

insert into md_db_relation(asstype,createtime,creator,description,displayname,dr,endcardinality,endfieldid,endtableid,help,id,isforeignkey,modifier,modifytime,name,resid,startattrid,startcardinality,startfieldid,starttableid,ts,versiontype) values( 3,null,null,null,'hrtaleavereg_leavetypecopy',null,null,'tbm_timeitemcopy@@PK@@','tbm_timeitemcopy',null,'8faa7fa6-e838-44ff-84db-22825c33f863','N',null,null,'hrtaleavereg_leavetypecopy',null,'21ce23c7-533a-4209-bba4-018aa63aad26',null,'tbm_leavereg@@@pk_leavetypecopy','tbm_leavereg','2017-12-28 14:26:00',0);

insert into md_db_relation(asstype,createtime,creator,description,displayname,dr,endcardinality,endfieldid,endtableid,help,id,isforeignkey,modifier,modifytime,name,resid,startattrid,startcardinality,startfieldid,starttableid,ts,versiontype) values( 3,null,null,null,'hrtaawayh_awaytypecopy',null,null,'tbm_timeitemcopy@@PK@@','tbm_timeitemcopy',null,'3e0c60ce-2683-4ddc-9e1b-0f3c9aed6c38','N',null,null,'hrtaawayh_awaytypecopy',null,'8a46cce9-827d-4b56-8e93-e36fa2ba6a5c',null,'tbm_awayh@@@pk_awaytypecopy','tbm_awayh','2017-12-28 14:25:59',0);

insert into md_db_relation(asstype,createtime,creator,description,displayname,dr,endcardinality,endfieldid,endtableid,help,id,isforeignkey,modifier,modifytime,name,resid,startattrid,startcardinality,startfieldid,starttableid,ts,versiontype) values( 3,null,null,null,'hrtaawayreg_awaytypecopy',null,null,'tbm_timeitemcopy@@PK@@','tbm_timeitemcopy',null,'04ab526e-bab4-43c0-ad02-d363f4aa2ddb','N',null,null,'hrtaawayreg_awaytypecopy',null,'29906a54-c6b1-4c51-8239-45cc2f56c8e9',null,'tbm_awayreg@@@pk_awaytypecopy','tbm_awayreg','2017-12-28 14:25:59',0);

insert into md_db_relation(asstype,createtime,creator,description,displayname,dr,endcardinality,endfieldid,endtableid,help,id,isforeignkey,modifier,modifytime,name,resid,startattrid,startcardinality,startfieldid,starttableid,ts,versiontype) values( 3,null,null,null,'hrtaleaveoff_leavetypecopy',null,null,'tbm_timeitemcopy@@PK@@','tbm_timeitemcopy',null,'25647397-4b10-4254-b590-ab063add6a3c','N',null,null,'hrtaleaveoff_leavetypecopy',null,'7209e1af-6e07-45e4-928a-2572ba148259',null,'tbm_leaveoff@@@pk_leavetypecopy','tbm_leaveoff','2017-12-28 14:26:01',0);



insert into md_property(accessorclassname,accesspower,accesspowergroup,attrlength,attrmaxvalue,attrminvalue,attrsequence,calculation,classid,createindustry,createtime,creator,customattr,datatype,datatypestyle,defaultvalue,description,displayname,dr,dynamicattr,dynamictable,fixedlength,help,hided,id,industry,isactive,isauthen,modifier,modifytime,name,notserialize,nullable,precise,readonly,refmodelname,resid,ts,versiontype,visibility) values( null,'N',null,0,null,null,14,'N','09e217cf-24b7-4561-966a-420d6b8c8f66',null,null,null,'N','43a1eead-5bad-4008-b78e-3ec1c469da90',300,null,null,'折算规则',0,'N',null,'N',null,'N','08e8840d-b314-4305-893d-e4e969656630','0','Y','Y',null,null,'convertrule','N','Y',0,'N',null,'2leavetype-0025','2018-09-07 18:25:05',0,0);

insert into md_property(accessorclassname,accesspower,accesspowergroup,attrlength,attrmaxvalue,attrminvalue,attrsequence,calculation,classid,createindustry,createtime,creator,customattr,datatype,datatypestyle,defaultvalue,description,displayname,dr,dynamicattr,dynamictable,fixedlength,help,hided,id,industry,isactive,isauthen,modifier,modifytime,name,notserialize,nullable,precise,readonly,refmodelname,resid,ts,versiontype,visibility) values( null,'N',null,1,null,null,29,'N','09e217cf-24b7-4561-966a-420d6b8c8f66',null,null,null,'N','BS000010000100001032',300,null,null,'结余是否跨组织转移',0,'N',null,'N',null,'N','17f0dde2-cc67-4651-b8ca-80d0d3b639dd','0','Y','Y',null,null,'isleavetransfer','N','Y',0,'N',null,'2leavetype-0038','2018-09-07 18:25:05',0,0);

insert into md_property(accessorclassname,accesspower,accesspowergroup,attrlength,attrmaxvalue,attrminvalue,attrsequence,calculation,classid,createindustry,createtime,creator,customattr,datatype,datatypestyle,defaultvalue,description,displayname,dr,dynamicattr,dynamictable,fixedlength,help,hided,id,industry,isactive,isauthen,modifier,modifytime,name,notserialize,nullable,precise,readonly,refmodelname,resid,ts,versiontype,visibility) values( null,'N',null,20,null,null,3,'N','09e217cf-24b7-4561-966a-420d6b8c8f66',null,null,null,'N','f3fed5ea-72f2-4a0a-ad43-d30b1c22c86c',305,null,null,'组织主键',0,'N',null,'N',null,'N','1b84152d-369f-4244-b82d-d00433c98a3b','0','Y','Y',null,null,'pk_org','N','N',0,'N',null,'2UC000-000694','2018-09-07 18:25:05',0,0);

insert into md_property(accessorclassname,accesspower,accesspowergroup,attrlength,attrmaxvalue,attrminvalue,attrsequence,calculation,classid,createindustry,createtime,creator,customattr,datatype,datatypestyle,defaultvalue,description,displayname,dr,dynamicattr,dynamictable,fixedlength,help,hided,id,industry,isactive,isauthen,modifier,modifytime,name,notserialize,nullable,precise,readonly,refmodelname,resid,ts,versiontype,visibility) values( null,'N',null,0,null,null,9,'N','09e217cf-24b7-4561-966a-420d6b8c8f66',null,null,null,'N','cc112643-8474-41f9-8700-e16c1d35357b',300,null,null,'结算周期',0,'N',null,'N',null,'N','247f8eaa-8ee5-4a61-ae0a-a17393bf0aef','0','Y','Y',null,null,'leavesetperiod','N','Y',0,'N',null,'2leavetype-0006','2018-09-07 18:25:05',0,0);

insert into md_property(accessorclassname,accesspower,accesspowergroup,attrlength,attrmaxvalue,attrminvalue,attrsequence,calculation,classid,createindustry,createtime,creator,customattr,datatype,datatypestyle,defaultvalue,description,displayname,dr,dynamicattr,dynamictable,fixedlength,help,hided,id,industry,isactive,isauthen,modifier,modifytime,name,notserialize,nullable,precise,readonly,refmodelname,resid,ts,versiontype,visibility) values( null,'N',null,0,null,null,24,'N','09e217cf-24b7-4561-966a-420d6b8c8f66',null,null,null,'N','BS000010000100001004',300,null,null,'休假申请时限限制天数',0,'N',null,'N',null,'N','24cbbcc5-f66e-4577-96a0-7f22c77382e7','0','Y','Y',null,null,'leaveapptimelimit','N','Y',0,'N',null,'2leavetype-0007','2018-09-07 18:25:05',0,0);

insert into md_property(accessorclassname,accesspower,accesspowergroup,attrlength,attrmaxvalue,attrminvalue,attrsequence,calculation,classid,createindustry,createtime,creator,customattr,datatype,datatypestyle,defaultvalue,description,displayname,dr,dynamicattr,dynamictable,fixedlength,help,hided,id,industry,isactive,isauthen,modifier,modifytime,name,notserialize,nullable,precise,readonly,refmodelname,resid,ts,versiontype,visibility) values( null,'N',null,0,null,null,8,'N','09e217cf-24b7-4561-966a-420d6b8c8f66',null,null,null,'N','38e433f2-90a6-4210-b874-1beef30ac415',300,null,null,'结算方式',0,'N',null,'N',null,'N','28c92bbc-751f-4c05-ae9a-dffc85432a07','0','Y','Y',null,null,'leavesettlement','N','Y',0,'N',null,'2UC000-000712','2018-09-07 18:25:05',0,0);

insert into md_property(accessorclassname,accesspower,accesspowergroup,attrlength,attrmaxvalue,attrminvalue,attrsequence,calculation,classid,createindustry,createtime,creator,customattr,datatype,datatypestyle,defaultvalue,description,displayname,dr,dynamicattr,dynamictable,fixedlength,help,hided,id,industry,isactive,isauthen,modifier,modifytime,name,notserialize,nullable,precise,readonly,refmodelname,resid,ts,versiontype,visibility) values( null,'N',null,0,null,null,13,'N','09e217cf-24b7-4561-966a-420d6b8c8f66',null,null,null,'N','b7ec3d08-5e30-4ba5-8f82-d5d3a169a383',300,null,null,'公休日计算方式',0,'N',null,'N',null,'N','3c9aa429-9846-4db2-8773-d023e796d585','0','Y','Y',null,null,'gxcomtype','N','Y',0,'N',null,'2awaytype-00011','2018-09-07 18:25:05',0,0);

insert into md_property(accessorclassname,accesspower,accesspowergroup,attrlength,attrmaxvalue,attrminvalue,attrsequence,calculation,classid,createindustry,createtime,creator,customattr,datatype,datatypestyle,defaultvalue,description,displayname,dr,dynamicattr,dynamictable,fixedlength,help,hided,id,industry,isactive,isauthen,modifier,modifytime,name,notserialize,nullable,precise,readonly,refmodelname,resid,ts,versiontype,visibility) values( null,'N',null,20,null,null,21,'N','09e217cf-24b7-4561-966a-420d6b8c8f66',null,null,null,'N','f6f9a473-56c0-432f-8bc7-fbf8fde54fee',305,null,null,'最后修改人',0,'N',null,'N',null,'N','3fc4c0b5-c26e-4030-a193-301456231cba','0','Y','Y',null,null,'modifier','N','Y',0,'N','用户','2UC000-000490','2018-09-07 18:25:05',0,0);

insert into md_property(accessorclassname,accesspower,accesspowergroup,attrlength,attrmaxvalue,attrminvalue,attrsequence,calculation,classid,createindustry,createtime,creator,customattr,datatype,datatypestyle,defaultvalue,description,displayname,dr,dynamicattr,dynamictable,fixedlength,help,hided,id,industry,isactive,isauthen,modifier,modifytime,name,notserialize,nullable,precise,readonly,refmodelname,resid,ts,versiontype,visibility) values( null,'N',null,28,null,null,32,'N','09e217cf-24b7-4561-966a-420d6b8c8f66',null,null,null,'N','BS000010000100001031',300,null,null,'转下期上限',0,'N',null,'N',null,'N','4c7ddf27-ec5e-4037-9da9-f084df437081','0','Y','Y',null,null,'leavemax','N','Y',8,'N',null,'2leavetype-0040','2018-09-07 18:25:05',0,0);

insert into md_property(accessorclassname,accesspower,accesspowergroup,attrlength,attrmaxvalue,attrminvalue,attrsequence,calculation,classid,createindustry,createtime,creator,customattr,datatype,datatypestyle,defaultvalue,description,displayname,dr,dynamicattr,dynamictable,fixedlength,help,hided,id,industry,isactive,isauthen,modifier,modifytime,name,notserialize,nullable,precise,readonly,refmodelname,resid,ts,versiontype,visibility) values( null,'N',null,20,null,null,19,'N','09e217cf-24b7-4561-966a-420d6b8c8f66',null,null,null,'N','f6f9a473-56c0-432f-8bc7-fbf8fde54fee',305,null,null,'创建人',0,'N',null,'N',null,'N','5510460a-1c70-4a38-902d-74b1d6567961','0','Y','Y',null,null,'creator','N','Y',0,'N','用户','2UC000-000155','2018-09-07 18:25:05',0,0);

insert into md_property(accessorclassname,accesspower,accesspowergroup,attrlength,attrmaxvalue,attrminvalue,attrsequence,calculation,classid,createindustry,createtime,creator,customattr,datatype,datatypestyle,defaultvalue,description,displayname,dr,dynamicattr,dynamictable,fixedlength,help,hided,id,industry,isactive,isauthen,modifier,modifytime,name,notserialize,nullable,precise,readonly,refmodelname,resid,ts,versiontype,visibility) values( null,'N',null,1024,null,null,5,'N','09e217cf-24b7-4561-966a-420d6b8c8f66',null,null,null,'N','BS000010000100001030',300,null,null,'考勤项目说明',0,'N',null,'N',null,'N','5fe7ae25-7e75-494e-af08-729673d600bb','0','Y','Y',null,null,'timeitemnote','N','Y',0,'N',null,'2awaytype-00006','2018-09-07 18:25:05',0,0);

insert into md_property(accessorclassname,accesspower,accesspowergroup,attrlength,attrmaxvalue,attrminvalue,attrsequence,calculation,classid,createindustry,createtime,creator,customattr,datatype,datatypestyle,defaultvalue,description,displayname,dr,dynamicattr,dynamictable,fixedlength,help,hided,id,industry,isactive,isauthen,modifier,modifytime,name,notserialize,nullable,precise,readonly,refmodelname,resid,ts,versiontype,visibility) values( null,'N',null,0,null,null,16,'N','09e217cf-24b7-4561-966a-420d6b8c8f66',null,null,null,'N','BS000010000100001055',300,null,null,'假日规则公式显示',0,'N',null,'N',null,'N','66738a8a-de71-4c57-a69b-62c8162ca670','0','Y','Y',null,null,'formulastr','N','Y',0,'N',null,'2leavetype-0014','2018-09-07 18:25:05',0,0);

insert into md_property(accessorclassname,accesspower,accesspowergroup,attrlength,attrmaxvalue,attrminvalue,attrsequence,calculation,classid,createindustry,createtime,creator,customattr,datatype,datatypestyle,defaultvalue,description,displayname,dr,dynamicattr,dynamictable,fixedlength,help,hided,id,industry,isactive,isauthen,modifier,modifytime,name,notserialize,nullable,precise,readonly,refmodelname,resid,ts,versiontype,visibility) values( null,'N',null,10,null,null,10,'N','09e217cf-24b7-4561-966a-420d6b8c8f66',null,null,null,'N','BS000010000100001031',300,null,null,'最小时长（分钟或者天）',0,'N',null,'N',null,'N','6f8b9628-6683-4727-9f1c-eddab3eacecb','0','Y','Y',null,null,'timeunit','N','Y',4,'N',null,'2awaytype-00004','2018-09-07 18:25:05',0,0);

insert into md_property(accessorclassname,accesspower,accesspowergroup,attrlength,attrmaxvalue,attrminvalue,attrsequence,calculation,classid,createindustry,createtime,creator,customattr,datatype,datatypestyle,defaultvalue,description,displayname,dr,dynamicattr,dynamictable,fixedlength,help,hided,id,industry,isactive,isauthen,modifier,modifytime,name,notserialize,nullable,precise,readonly,refmodelname,resid,ts,versiontype,visibility) values( null,'N',null,0,null,null,4,'N','09e217cf-24b7-4561-966a-420d6b8c8f66',null,null,null,'N','ec58d9de-327b-4c46-aa02-cee0aad248a8',300,null,null,'项目类型',0,'N',null,'N',null,'N','714e42a9-1bdb-4172-bba6-bb6ea567a13d','0','Y','Y',null,null,'itemtype','N','Y',0,'N',null,'2UC000-001025','2018-09-07 18:25:05',0,0);

insert into md_property(accessorclassname,accesspower,accesspowergroup,attrlength,attrmaxvalue,attrminvalue,attrsequence,calculation,classid,createindustry,createtime,creator,customattr,datatype,datatypestyle,defaultvalue,description,displayname,dr,dynamicattr,dynamictable,fixedlength,help,hided,id,industry,isactive,isauthen,modifier,modifytime,name,notserialize,nullable,precise,readonly,refmodelname,resid,ts,versiontype,visibility) values( null,'N',null,1,null,null,30,'N','09e217cf-24b7-4561-966a-420d6b8c8f66',null,null,null,'N','BS000010000100001032',300,null,null,'享有是否在自助显示',0,'N',null,'N',null,'N','82e6e8d4-925e-4a1e-b1aa-cd687b1149a4','0','Y','Y',null,null,'ishrssshow','N','Y',0,'N',null,'2leavetype-0039','2018-09-07 18:25:05',0,0);

insert into md_property(accessorclassname,accesspower,accesspowergroup,attrlength,attrmaxvalue,attrminvalue,attrsequence,calculation,classid,createindustry,createtime,creator,customattr,datatype,datatypestyle,defaultvalue,description,displayname,dr,dynamicattr,dynamictable,fixedlength,help,hided,id,industry,isactive,isauthen,modifier,modifytime,name,notserialize,nullable,precise,readonly,refmodelname,resid,ts,versiontype,visibility) values( null,'N',null,1020,null,null,28,'N','09e217cf-24b7-4561-966a-420d6b8c8f66',null,null,null,'N','BS000010000100001001',300,null,null,'前置休假类别',0,'N',null,'N',null,'N','9129caa0-605a-49dc-8542-1add75e86894','0','Y','Y',null,null,'pk_dependleavetypes','N','Y',0,'N',null,'2leavetype-0000','2018-09-07 18:25:05',0,0);

insert into md_property(accessorclassname,accesspower,accesspowergroup,attrlength,attrmaxvalue,attrminvalue,attrsequence,calculation,classid,createindustry,createtime,creator,customattr,datatype,datatypestyle,defaultvalue,description,displayname,dr,dynamicattr,dynamictable,fixedlength,help,hided,id,industry,isactive,isauthen,modifier,modifytime,name,notserialize,nullable,precise,readonly,refmodelname,resid,ts,versiontype,visibility) values( null,'N',null,20,null,null,0,'N','09e217cf-24b7-4561-966a-420d6b8c8f66',null,null,null,'N','BS000010000100001051',300,null,null,'考勤项目拷贝主键',0,'N',null,'N',null,'N','92940aa9-93cd-4f9f-9ce8-cb5d384a0cf3','0','Y','Y',null,null,'pk_timeitemcopy','N','N',0,'N',null,'2awaytype-00005','2018-09-07 18:25:05',0,0);

insert into md_property(accessorclassname,accesspower,accesspowergroup,attrlength,attrmaxvalue,attrminvalue,attrsequence,calculation,classid,createindustry,createtime,creator,customattr,datatype,datatypestyle,defaultvalue,description,displayname,dr,dynamicattr,dynamictable,fixedlength,help,hided,id,industry,isactive,isauthen,modifier,modifytime,name,notserialize,nullable,precise,readonly,refmodelname,resid,ts,versiontype,visibility) values( null,'N',null,19,null,null,22,'N','09e217cf-24b7-4561-966a-420d6b8c8f66',null,null,null,'N','BS000010000100001034',300,null,null,'修改时间',0,'N',null,'N',null,'N','9316d338-41c8-453a-a11e-82e421869201','0','Y','Y',null,null,'modifiedtime','N','Y',0,'N',null,'2UC000-000100','2018-09-07 18:25:05',0,0);

insert into md_property(accessorclassname,accesspower,accesspowergroup,attrlength,attrmaxvalue,attrminvalue,attrsequence,calculation,classid,createindustry,createtime,creator,customattr,datatype,datatypestyle,defaultvalue,description,displayname,dr,dynamicattr,dynamictable,fixedlength,help,hided,id,industry,isactive,isauthen,modifier,modifytime,name,notserialize,nullable,precise,readonly,refmodelname,resid,ts,versiontype,visibility) values( null,'N',null,1,null,null,33,'N','09e217cf-24b7-4561-966a-420d6b8c8f66',null,null,null,'N','BS000010000100001032',300,null,null,'是否个别递延与结算假期',0,'N',null,'N',null,'N','985dd8a9-9587-4175-8b9f-c860f19e4133','0','Y','Y',null,null,'isspecialrest','N','Y',0,'N',null,'type20180905-0000','2018-09-07 18:25:05',0,0);

insert into md_property(accessorclassname,accesspower,accesspowergroup,attrlength,attrmaxvalue,attrminvalue,attrsequence,calculation,classid,createindustry,createtime,creator,customattr,datatype,datatypestyle,defaultvalue,description,displayname,dr,dynamicattr,dynamictable,fixedlength,help,hided,id,industry,isactive,isauthen,modifier,modifytime,name,notserialize,nullable,precise,readonly,refmodelname,resid,ts,versiontype,visibility) values( null,'N',null,1,null,null,26,'N','09e217cf-24b7-4561-966a-420d6b8c8f66',null,null,null,'N','BS000010000100001032',300,null,null,'是否启用有效期',0,'N',null,'N',null,'N','9aaf8c9c-6eee-4e88-ad2b-9bb329fbf2df','0','Y','Y',null,null,'isleave','N','Y',0,'N',null,'2leavetype-0008','2018-09-07 18:25:05',0,0);

insert into md_property(accessorclassname,accesspower,accesspowergroup,attrlength,attrmaxvalue,attrminvalue,attrsequence,calculation,classid,createindustry,createtime,creator,customattr,datatype,datatypestyle,defaultvalue,description,displayname,dr,dynamicattr,dynamictable,fixedlength,help,hided,id,industry,isactive,isauthen,modifier,modifytime,name,notserialize,nullable,precise,readonly,refmodelname,resid,ts,versiontype,visibility) values( null,'N',null,1,null,null,18,'N','09e217cf-24b7-4561-966a-420d6b8c8f66',null,null,null,'N','BS000010000100001032',300,null,null,'是否已与上级同步',0,'N',null,'N',null,'N','9c68e852-0b0b-4366-ac69-b82bb36844a7','0','Y','Y',null,null,'issynchronized','N','Y',0,'N',null,'2taitem-000022','2018-09-07 18:25:05',0,0);

insert into md_property(accessorclassname,accesspower,accesspowergroup,attrlength,attrmaxvalue,attrminvalue,attrsequence,calculation,classid,createindustry,createtime,creator,customattr,datatype,datatypestyle,defaultvalue,description,displayname,dr,dynamicattr,dynamictable,fixedlength,help,hided,id,industry,isactive,isauthen,modifier,modifytime,name,notserialize,nullable,precise,readonly,refmodelname,resid,ts,versiontype,visibility) values( null,'N',null,20,null,null,2,'N','09e217cf-24b7-4561-966a-420d6b8c8f66',null,null,null,'N','3b6dd171-2900-47f3-bfbe-41e4483a2a65',305,null,null,'集团主键',0,'N',null,'N',null,'N','a2849201-1558-41b2-bc8d-79a55a8d766e','0','Y','Y',null,null,'pk_group','N','N',0,'N',null,'2UC000-001008','2018-09-07 18:25:05',0,0);

insert into md_property(accessorclassname,accesspower,accesspowergroup,attrlength,attrmaxvalue,attrminvalue,attrsequence,calculation,classid,createindustry,createtime,creator,customattr,datatype,datatypestyle,defaultvalue,description,displayname,dr,dynamicattr,dynamictable,fixedlength,help,hided,id,industry,isactive,isauthen,modifier,modifytime,name,notserialize,nullable,precise,readonly,refmodelname,resid,ts,versiontype,visibility) values( null,'N',null,1,null,null,34,'N','09e217cf-24b7-4561-966a-420d6b8c8f66',null,null,null,'N','BS000010000100001032',300,null,null,'是否使用休假计划',0,'N',null,'N',null,'N','a46a600c-dccc-41d4-8462-b779deffe30c','0','Y','Y',null,null,'isleaveplan','N','Y',0,'N',null,null,'2018-09-07 18:25:05',0,0);

insert into md_property(accessorclassname,accesspower,accesspowergroup,attrlength,attrmaxvalue,attrminvalue,attrsequence,calculation,classid,createindustry,createtime,creator,customattr,datatype,datatypestyle,defaultvalue,description,displayname,dr,dynamicattr,dynamictable,fixedlength,help,hided,id,industry,isactive,isauthen,modifier,modifytime,name,notserialize,nullable,precise,readonly,refmodelname,resid,ts,versiontype,visibility) values( null,'N',null,1,null,null,7,'N','09e217cf-24b7-4561-966a-420d6b8c8f66',null,null,null,'N','BS000010000100001032',300,null,null,'是否控制休假时长',0,'N',null,'N',null,'N','aa806fc5-ce60-4373-9e1c-cf8d3dbcc3ae','0','Y','Y',null,null,'isleavelimit','N','Y',0,'N',null,'2leavetype-0017','2018-09-07 18:25:05',0,0);

insert into md_property(accessorclassname,accesspower,accesspowergroup,attrlength,attrmaxvalue,attrminvalue,attrsequence,calculation,classid,createindustry,createtime,creator,customattr,datatype,datatypestyle,defaultvalue,description,displayname,dr,dynamicattr,dynamictable,fixedlength,help,hided,id,industry,isactive,isauthen,modifier,modifytime,name,notserialize,nullable,precise,readonly,refmodelname,resid,ts,versiontype,visibility) values( null,'N',null,0,null,null,31,'N','09e217cf-24b7-4561-966a-420d6b8c8f66',null,null,null,'N','BS000010000100001004',300,null,null,'显示顺序',0,'N',null,'N',null,'N','ac7d5039-1aa6-4336-9da4-15d6b1c0af56','0','Y','Y',null,null,'showorder','N','Y',0,'N',null,'2leavetype-0041','2018-09-07 18:25:05',0,0);

insert into md_property(accessorclassname,accesspower,accesspowergroup,attrlength,attrmaxvalue,attrminvalue,attrsequence,calculation,classid,createindustry,createtime,creator,customattr,datatype,datatypestyle,defaultvalue,description,displayname,dr,dynamicattr,dynamictable,fixedlength,help,hided,id,industry,isactive,isauthen,modifier,modifytime,name,notserialize,nullable,precise,readonly,refmodelname,resid,ts,versiontype,visibility) values( null,'N',null,0,null,null,15,'N','09e217cf-24b7-4561-966a-420d6b8c8f66',null,null,null,'N','BS000010000100001055',300,null,null,'假日规则公式',0,'N',null,'N',null,'N','aeed5803-1ece-41f1-9446-12c2fff32e3c','0','Y','Y',null,null,'formula','N','Y',0,'N',null,'2leavetype-0024','2018-09-07 18:25:05',0,0);

insert into md_property(accessorclassname,accesspower,accesspowergroup,attrlength,attrmaxvalue,attrminvalue,attrsequence,calculation,classid,createindustry,createtime,creator,customattr,datatype,datatypestyle,defaultvalue,description,displayname,dr,dynamicattr,dynamictable,fixedlength,help,hided,id,industry,isactive,isauthen,modifier,modifytime,name,notserialize,nullable,precise,readonly,refmodelname,resid,ts,versiontype,visibility) values( null,'N',null,0,null,null,6,'N','09e217cf-24b7-4561-966a-420d6b8c8f66',null,null,null,'N','81998d32-8398-4c34-b546-ea99a6d07a87',300,null,null,'考勤单位',0,'N',null,'N',null,'N','b31e1718-4bff-4b3d-858b-685972ae45b2','0','Y','Y',null,null,'timeitemunit','N','Y',0,'N',null,'2awaytype-00009','2018-09-07 18:25:05',0,0);

insert into md_property(accessorclassname,accesspower,accesspowergroup,attrlength,attrmaxvalue,attrminvalue,attrsequence,calculation,classid,createindustry,createtime,creator,customattr,datatype,datatypestyle,defaultvalue,description,displayname,dr,dynamicattr,dynamictable,fixedlength,help,hided,id,industry,isactive,isauthen,modifier,modifytime,name,notserialize,nullable,precise,readonly,refmodelname,resid,ts,versiontype,visibility) values( null,'N',null,1,null,null,25,'N','09e217cf-24b7-4561-966a-420d6b8c8f66',null,null,null,'N','BS000010000100001032',300,null,null,'是否严格控制',0,'N',null,'N',null,'N','b4a11eb8-759d-4134-8006-983a652d2159','0','Y','Y',null,null,'isrestrictlimit','N','Y',0,'N',null,'2leavetype-0031','2018-09-07 18:25:05',0,0);

insert into md_property(accessorclassname,accesspower,accesspowergroup,attrlength,attrmaxvalue,attrminvalue,attrsequence,calculation,classid,createindustry,createtime,creator,customattr,datatype,datatypestyle,defaultvalue,description,displayname,dr,dynamicattr,dynamictable,fixedlength,help,hided,id,industry,isactive,isauthen,modifier,modifytime,name,notserialize,nullable,precise,readonly,refmodelname,resid,ts,versiontype,visibility) values( null,'N',null,19,null,null,20,'N','09e217cf-24b7-4561-966a-420d6b8c8f66',null,null,null,'N','BS000010000100001034',300,null,null,'创建时间',0,'N',null,'N',null,'N','b686f89b-4fef-4cc8-beeb-d996b4529c4d','0','Y','Y',null,null,'creationtime','N','Y',0,'N',null,'2UC000-000157','2018-09-07 18:25:05',0,0);

insert into md_property(accessorclassname,accesspower,accesspowergroup,attrlength,attrmaxvalue,attrminvalue,attrsequence,calculation,classid,createindustry,createtime,creator,customattr,datatype,datatypestyle,defaultvalue,description,displayname,dr,dynamicattr,dynamictable,fixedlength,help,hided,id,industry,isactive,isauthen,modifier,modifytime,name,notserialize,nullable,precise,readonly,refmodelname,resid,ts,versiontype,visibility) values( null,'N',null,0,null,null,27,'N','09e217cf-24b7-4561-966a-420d6b8c8f66',null,null,null,'N','BS000010000100001004',300,null,null,'有效期时长',0,'N',null,'N',null,'N','b8aa2fab-475e-4925-97bb-01cdde51b40d','0','Y','Y',null,null,'leaveextendcount','N','Y',0,'N',null,'2leavetype-0029','2018-09-07 18:25:05',0,0);

insert into md_property(accessorclassname,accesspower,accesspowergroup,attrlength,attrmaxvalue,attrminvalue,attrsequence,calculation,classid,createindustry,createtime,creator,customattr,datatype,datatypestyle,defaultvalue,description,displayname,dr,dynamicattr,dynamictable,fixedlength,help,hided,id,industry,isactive,isauthen,modifier,modifytime,name,notserialize,nullable,precise,readonly,refmodelname,resid,ts,versiontype,visibility) values( null,'N',null,1,null,null,23,'N','09e217cf-24b7-4561-966a-420d6b8c8f66',null,null,null,'N','BS000010000100001032',300,null,null,'是否启用休假申请时限限制',0,'N',null,'N',null,'N','bb9ae481-b86c-43f8-8de4-38d3d33c36b5','0','Y','Y',null,null,'isleaveapptimelimit','N','Y',0,'N',null,'2leavetype-0015','2018-09-07 18:25:05',0,0);

insert into md_property(accessorclassname,accesspower,accesspowergroup,attrlength,attrmaxvalue,attrminvalue,attrsequence,calculation,classid,createindustry,createtime,creator,customattr,datatype,datatypestyle,defaultvalue,description,displayname,dr,dynamicattr,dynamictable,fixedlength,help,hided,id,industry,isactive,isauthen,modifier,modifytime,name,notserialize,nullable,precise,readonly,refmodelname,resid,ts,versiontype,visibility) values( null,'N',null,0,null,null,17,'N','09e217cf-24b7-4561-966a-420d6b8c8f66',null,null,null,'N','6b533ffa-3e43-4147-8670-ba0f5471fd40',300,null,null,'启用标志',0,'N',null,'N',null,'N','d5a9952c-bd11-4123-b80b-fd0a45000024','0','Y','Y',null,null,'enablestate','N','Y',0,'N',null,'2UC000-000248','2018-09-07 18:25:05',0,0);

insert into md_property(accessorclassname,accesspower,accesspowergroup,attrlength,attrmaxvalue,attrminvalue,attrsequence,calculation,classid,createindustry,createtime,creator,customattr,datatype,datatypestyle,defaultvalue,description,displayname,dr,dynamicattr,dynamictable,fixedlength,help,hided,id,industry,isactive,isauthen,modifier,modifytime,name,notserialize,nullable,precise,readonly,refmodelname,resid,ts,versiontype,visibility) values( null,'N',null,20,null,null,1,'N','09e217cf-24b7-4561-966a-420d6b8c8f66',null,null,null,'N','f4c25f30-3235-4d3a-bd96-5c0fbbec74fa',305,null,null,'考勤项目主键',0,'N',null,'N',null,'N','f3a82e39-9633-487a-8781-68471b64be37','0','Y','Y',null,null,'pk_timeitem','N','N',0,'N',null,'2awaytype-00014','2018-09-07 18:25:05',0,0);

insert into md_property(accessorclassname,accesspower,accesspowergroup,attrlength,attrmaxvalue,attrminvalue,attrsequence,calculation,classid,createindustry,createtime,creator,customattr,datatype,datatypestyle,defaultvalue,description,displayname,dr,dynamicattr,dynamictable,fixedlength,help,hided,id,industry,isactive,isauthen,modifier,modifytime,name,notserialize,nullable,precise,readonly,refmodelname,resid,ts,versiontype,visibility) values( null,'N',null,0,null,null,12,'N','09e217cf-24b7-4561-966a-420d6b8c8f66',null,null,null,'N','029cb933-1356-44f2-a832-e37151331652',300,null,null,'控制单位',0,'N',null,'N',null,'N','f87f5949-a7fd-413a-9a2d-dc12b7feb5af','0','Y','Y',null,null,'leavescale','N','Y',0,'N',null,'2leavetype-0003','2018-09-07 18:25:05',0,0);

insert into md_property(accessorclassname,accesspower,accesspowergroup,attrlength,attrmaxvalue,attrminvalue,attrsequence,calculation,classid,createindustry,createtime,creator,customattr,datatype,datatypestyle,defaultvalue,description,displayname,dr,dynamicattr,dynamictable,fixedlength,help,hided,id,industry,isactive,isauthen,modifier,modifytime,name,notserialize,nullable,precise,readonly,refmodelname,resid,ts,versiontype,visibility) values( null,'N',null,0,null,null,11,'N','09e217cf-24b7-4561-966a-420d6b8c8f66',null,null,null,'N','7bab953b-fc0d-49ef-a0ab-aae2075ed2da',300,null,null,'取整方式',0,'N',null,'N',null,'N','fa19c47e-420b-4400-a40a-2f34e3a18468','0','Y','Y',null,null,'roundmode','N','Y',0,'N',null,'2leavetype-0034','2018-09-07 18:25:05',0,0);

insert into md_property(accessorclassname,accesspower,accesspowergroup,attrlength,attrmaxvalue,attrminvalue,attrsequence,calculation,classid,createindustry,createtime,creator,customattr,datatype,datatypestyle,defaultvalue,description,displayname,dr,dynamicattr,dynamictable,fixedlength,help,hided,id,industry,isactive,isauthen,modifier,modifytime,name,notserialize,nullable,precise,readonly,refmodelname,resid,ts,versiontype,visibility) values( null,'N',null,100,null,null,5,'N','f4c25f30-3235-4d3a-bd96-5c0fbbec74fa',null,null,null,'N','BS000010000100001058',300,null,null,'休假类别名称',0,'N',null,'N',null,'N','0e1caf9f-2b66-4a2f-9c3e-e1d4caee81a0','0','Y','Y',null,null,'timeitemname','N','Y',0,'N',null,'2leavetype-0012','2018-09-07 18:25:05',0,0);

insert into md_property(accessorclassname,accesspower,accesspowergroup,attrlength,attrmaxvalue,attrminvalue,attrsequence,calculation,classid,createindustry,createtime,creator,customattr,datatype,datatypestyle,defaultvalue,description,displayname,dr,dynamicattr,dynamictable,fixedlength,help,hided,id,industry,isactive,isauthen,modifier,modifytime,name,notserialize,nullable,precise,readonly,refmodelname,resid,ts,versiontype,visibility) values( null,'N',null,20,null,null,4,'N','f4c25f30-3235-4d3a-bd96-5c0fbbec74fa',null,null,null,'N','BS000010000100001001',300,null,null,'休假类别编码',0,'N',null,'N',null,'N','139f2255-5e0b-4891-b61b-c1172bb6b8c2','0','Y','Y',null,null,'timeitemcode','N','Y',0,'N',null,'2leavetype-0020','2018-09-07 18:25:05',0,0);

insert into md_property(accessorclassname,accesspower,accesspowergroup,attrlength,attrmaxvalue,attrminvalue,attrsequence,calculation,classid,createindustry,createtime,creator,customattr,datatype,datatypestyle,defaultvalue,description,displayname,dr,dynamicattr,dynamictable,fixedlength,help,hided,id,industry,isactive,isauthen,modifier,modifytime,name,notserialize,nullable,precise,readonly,refmodelname,resid,ts,versiontype,visibility) values( null,'N',null,20,null,null,0,'N','f4c25f30-3235-4d3a-bd96-5c0fbbec74fa',null,null,null,'N','BS000010000100001051',300,null,null,'考勤项目主键',0,'N',null,'N',null,'N','14bb0da9-11ea-4a77-9446-8946b25c3081','0','Y','Y',null,null,'pk_timeitem','N','N',0,'N',null,'2awaytype-00014','2018-09-07 18:25:05',0,0);

insert into md_property(accessorclassname,accesspower,accesspowergroup,attrlength,attrmaxvalue,attrminvalue,attrsequence,calculation,classid,createindustry,createtime,creator,customattr,datatype,datatypestyle,defaultvalue,description,displayname,dr,dynamicattr,dynamictable,fixedlength,help,hided,id,industry,isactive,isauthen,modifier,modifytime,name,notserialize,nullable,precise,readonly,refmodelname,resid,ts,versiontype,visibility) values( null,'N',null,0,null,null,6,'N','f4c25f30-3235-4d3a-bd96-5c0fbbec74fa',null,null,null,'N','6b533ffa-3e43-4147-8670-ba0f5471fd40',300,null,null,'启用状态',0,'N',null,'N',null,'N','22bfb75a-9492-4df3-a1ce-4020bb3f585e','0','Y','Y',null,null,'enablestate','N','Y',0,'N',null,'2UC000-000249','2018-09-07 18:25:05',0,0);

insert into md_property(accessorclassname,accesspower,accesspowergroup,attrlength,attrmaxvalue,attrminvalue,attrsequence,calculation,classid,createindustry,createtime,creator,customattr,datatype,datatypestyle,defaultvalue,description,displayname,dr,dynamicattr,dynamictable,fixedlength,help,hided,id,industry,isactive,isauthen,modifier,modifytime,name,notserialize,nullable,precise,readonly,refmodelname,resid,ts,versiontype,visibility) values( null,'N',null,20,null,null,2,'N','f4c25f30-3235-4d3a-bd96-5c0fbbec74fa',null,null,null,'N','f3fed5ea-72f2-4a0a-ad43-d30b1c22c86c',305,null,null,'组织主键',0,'N',null,'N',null,'N','23057f66-7166-418b-a799-d81e67b82b58','0','Y','Y',null,null,'pk_org','N','N',0,'N',null,'2UC000-000694','2018-09-07 18:25:05',0,0);

insert into md_property(accessorclassname,accesspower,accesspowergroup,attrlength,attrmaxvalue,attrminvalue,attrsequence,calculation,classid,createindustry,createtime,creator,customattr,datatype,datatypestyle,defaultvalue,description,displayname,dr,dynamicattr,dynamictable,fixedlength,help,hided,id,industry,isactive,isauthen,modifier,modifytime,name,notserialize,nullable,precise,readonly,refmodelname,resid,ts,versiontype,visibility) values( null,'N',null,1,null,null,7,'N','f4c25f30-3235-4d3a-bd96-5c0fbbec74fa',null,null,null,'N','BS000010000100001032',300,null,null,'是否预定义',0,'N',null,'N',null,'N','507cbade-7e0c-45d3-b7d0-b4599c77c1fe','0','Y','Y',null,null,'ispredef','N','Y',0,'N',null,'2taitem-000013','2018-09-07 18:25:05',0,0);

insert into md_property(accessorclassname,accesspower,accesspowergroup,attrlength,attrmaxvalue,attrminvalue,attrsequence,calculation,classid,createindustry,createtime,creator,customattr,datatype,datatypestyle,defaultvalue,description,displayname,dr,dynamicattr,dynamictable,fixedlength,help,hided,id,industry,isactive,isauthen,modifier,modifytime,name,notserialize,nullable,precise,readonly,refmodelname,resid,ts,versiontype,visibility) values( null,'N',null,20,null,null,10,'N','f4c25f30-3235-4d3a-bd96-5c0fbbec74fa',null,null,null,'N','f6f9a473-56c0-432f-8bc7-fbf8fde54fee',305,null,null,'最后修改人',0,'N',null,'N',null,'N','655f417d-58fd-48d9-85e7-36a1c8e96ed3','0','Y','Y',null,null,'modifier','N','Y',0,'N','用户','2UC000-000490','2018-09-07 18:25:05',0,0);

insert into md_property(accessorclassname,accesspower,accesspowergroup,attrlength,attrmaxvalue,attrminvalue,attrsequence,calculation,classid,createindustry,createtime,creator,customattr,datatype,datatypestyle,defaultvalue,description,displayname,dr,dynamicattr,dynamictable,fixedlength,help,hided,id,industry,isactive,isauthen,modifier,modifytime,name,notserialize,nullable,precise,readonly,refmodelname,resid,ts,versiontype,visibility) values( null,'N',null,1,null,null,12,'N','f4c25f30-3235-4d3a-bd96-5c0fbbec74fa',null,null,null,'N','BS000010000100001032',300,null,null,'是否哺乳假',0,'N',null,'N',null,'N','7a79b6ab-f319-46e7-9f6c-7b8bd55949aa','0','Y','Y',null,null,'islactation','N','Y',0,'N',null,'2leavetype-0005','2018-09-07 18:25:05',0,0);

insert into md_property(accessorclassname,accesspower,accesspowergroup,attrlength,attrmaxvalue,attrminvalue,attrsequence,calculation,classid,createindustry,createtime,creator,customattr,datatype,datatypestyle,defaultvalue,description,displayname,dr,dynamicattr,dynamictable,fixedlength,help,hided,id,industry,isactive,isauthen,modifier,modifytime,name,notserialize,nullable,precise,readonly,refmodelname,resid,ts,versiontype,visibility) values( null,'N',null,20,null,null,8,'N','f4c25f30-3235-4d3a-bd96-5c0fbbec74fa',null,null,null,'N','f6f9a473-56c0-432f-8bc7-fbf8fde54fee',305,null,null,'创建人',0,'N',null,'N',null,'N','8b595cab-f68b-4d17-8263-79b7a2d3957c','0','Y','Y',null,null,'creator','N','Y',0,'N','用户','2UC000-000155','2018-09-07 18:25:05',0,0);

insert into md_property(accessorclassname,accesspower,accesspowergroup,attrlength,attrmaxvalue,attrminvalue,attrsequence,calculation,classid,createindustry,createtime,creator,customattr,datatype,datatypestyle,defaultvalue,description,displayname,dr,dynamicattr,dynamictable,fixedlength,help,hided,id,industry,isactive,isauthen,modifier,modifytime,name,notserialize,nullable,precise,readonly,refmodelname,resid,ts,versiontype,visibility) values( null,'N',null,0,null,null,3,'N','f4c25f30-3235-4d3a-bd96-5c0fbbec74fa',null,null,null,'N','ec58d9de-327b-4c46-aa02-cee0aad248a8',300,null,null,'项目类型',0,'N',null,'N',null,'N','8d0e8e2e-046b-4b0e-bdfb-01a993c0ba55','0','Y','Y',null,null,'itemtype','N','Y',0,'N',null,'2UC000-001025','2018-09-07 18:25:05',0,0);

insert into md_property(accessorclassname,accesspower,accesspowergroup,attrlength,attrmaxvalue,attrminvalue,attrsequence,calculation,classid,createindustry,createtime,creator,customattr,datatype,datatypestyle,defaultvalue,description,displayname,dr,dynamicattr,dynamictable,fixedlength,help,hided,id,industry,isactive,isauthen,modifier,modifytime,name,notserialize,nullable,precise,readonly,refmodelname,resid,ts,versiontype,visibility) values( null,'N',null,19,null,null,9,'N','f4c25f30-3235-4d3a-bd96-5c0fbbec74fa',null,null,null,'N','BS000010000100001034',300,null,null,'创建时间',0,'N',null,'N',null,'N','a3669a24-8eb4-4c19-8ffe-6fa3b66b2849','0','Y','Y',null,null,'creationtime','N','Y',0,'N',null,'2UC000-000157','2018-09-07 18:25:05',0,0);

insert into md_property(accessorclassname,accesspower,accesspowergroup,attrlength,attrmaxvalue,attrminvalue,attrsequence,calculation,classid,createindustry,createtime,creator,customattr,datatype,datatypestyle,defaultvalue,description,displayname,dr,dynamicattr,dynamictable,fixedlength,help,hided,id,industry,isactive,isauthen,modifier,modifytime,name,notserialize,nullable,precise,readonly,refmodelname,resid,ts,versiontype,visibility) values( null,'N',null,20,null,null,1,'N','f4c25f30-3235-4d3a-bd96-5c0fbbec74fa',null,null,null,'N','3b6dd171-2900-47f3-bfbe-41e4483a2a65',305,null,null,'集团主键',0,'N',null,'N',null,'N','e56c622e-ba14-4997-8642-ea85549cf99c','0','Y','Y',null,null,'pk_group','N','N',0,'N',null,'2UC000-001008','2018-09-07 18:25:05',0,0);

insert into md_property(accessorclassname,accesspower,accesspowergroup,attrlength,attrmaxvalue,attrminvalue,attrsequence,calculation,classid,createindustry,createtime,creator,customattr,datatype,datatypestyle,defaultvalue,description,displayname,dr,dynamicattr,dynamictable,fixedlength,help,hided,id,industry,isactive,isauthen,modifier,modifytime,name,notserialize,nullable,precise,readonly,refmodelname,resid,ts,versiontype,visibility) values( null,'N',null,19,null,null,11,'N','f4c25f30-3235-4d3a-bd96-5c0fbbec74fa',null,null,null,'N','BS000010000100001034',300,null,null,'修改时间',0,'N',null,'N',null,'N','fc9ac2f3-f02f-4bcc-9d06-2bcd3040bac9','0','Y','Y',null,null,'modifiedtime','N','Y',0,'N',null,'2UC000-000100','2018-09-07 18:25:05',0,0);



insert into md_association(cascadedelete,cascadeupdate,componentid,createtime,creator,dr,endcardinality,endelementid,id,industry,isactive,modifier,modifytime,name,startbeanid,startcardinality,startelementid,ts,type,versiontype) values( null,null,'07953db6-fd6c-4f34-953d-162049d2ad20',null,null,0,'1','f3fed5ea-72f2-4a0a-ad43-d30b1c22c86c','11d8e735-c25c-40c2-9125-211be608992c','0','Y',null,null,'leavetypecopy_pk_org','09e217cf-24b7-4561-966a-420d6b8c8f66','1','1b84152d-369f-4244-b82d-d00433c98a3b','2018-09-07 18:25:05',3,0);

insert into md_association(cascadedelete,cascadeupdate,componentid,createtime,creator,dr,endcardinality,endelementid,id,industry,isactive,modifier,modifytime,name,startbeanid,startcardinality,startelementid,ts,type,versiontype) values( null,null,'07953db6-fd6c-4f34-953d-162049d2ad20',null,null,0,'1','f3fed5ea-72f2-4a0a-ad43-d30b1c22c86c','1d1d1231-d364-49dd-ad41-db6f686f3133','0','Y',null,null,'leavetype_pk_org','f4c25f30-3235-4d3a-bd96-5c0fbbec74fa','1','23057f66-7166-418b-a799-d81e67b82b58','2018-09-07 18:25:05',3,0);

insert into md_association(cascadedelete,cascadeupdate,componentid,createtime,creator,dr,endcardinality,endelementid,id,industry,isactive,modifier,modifytime,name,startbeanid,startcardinality,startelementid,ts,type,versiontype) values( null,null,'07953db6-fd6c-4f34-953d-162049d2ad20',null,null,0,'1','f6f9a473-56c0-432f-8bc7-fbf8fde54fee','3ab15736-c415-4247-aa3b-19e5cf319b4b','0','Y',null,null,'leavetype_creator','f4c25f30-3235-4d3a-bd96-5c0fbbec74fa','1','8b595cab-f68b-4d17-8263-79b7a2d3957c','2018-09-07 18:25:05',3,0);

insert into md_association(cascadedelete,cascadeupdate,componentid,createtime,creator,dr,endcardinality,endelementid,id,industry,isactive,modifier,modifytime,name,startbeanid,startcardinality,startelementid,ts,type,versiontype) values( null,null,'07953db6-fd6c-4f34-953d-162049d2ad20',null,null,0,'1','3b6dd171-2900-47f3-bfbe-41e4483a2a65','574208bf-f718-4d6a-bb6f-42cc5bc12331','0','Y',null,null,'leavetype_pk_group','f4c25f30-3235-4d3a-bd96-5c0fbbec74fa','1','e56c622e-ba14-4997-8642-ea85549cf99c','2018-09-07 18:25:05',3,0);

insert into md_association(cascadedelete,cascadeupdate,componentid,createtime,creator,dr,endcardinality,endelementid,id,industry,isactive,modifier,modifytime,name,startbeanid,startcardinality,startelementid,ts,type,versiontype) values( null,null,'07953db6-fd6c-4f34-953d-162049d2ad20',null,null,0,'1','f6f9a473-56c0-432f-8bc7-fbf8fde54fee','5c80c629-e458-4e9f-b0c3-014eb0a5b12c','0','Y',null,null,'leavetype_modifier','f4c25f30-3235-4d3a-bd96-5c0fbbec74fa','1','655f417d-58fd-48d9-85e7-36a1c8e96ed3','2018-09-07 18:25:05',3,0);

insert into md_association(cascadedelete,cascadeupdate,componentid,createtime,creator,dr,endcardinality,endelementid,id,industry,isactive,modifier,modifytime,name,startbeanid,startcardinality,startelementid,ts,type,versiontype) values( null,null,'07953db6-fd6c-4f34-953d-162049d2ad20',null,null,0,'1','f6f9a473-56c0-432f-8bc7-fbf8fde54fee','a0d79219-b8dd-4f77-a562-249f818465e0','0','Y',null,null,'leavetypecopy_creator','09e217cf-24b7-4561-966a-420d6b8c8f66','1','5510460a-1c70-4a38-902d-74b1d6567961','2018-09-07 18:25:05',3,0);

insert into md_association(cascadedelete,cascadeupdate,componentid,createtime,creator,dr,endcardinality,endelementid,id,industry,isactive,modifier,modifytime,name,startbeanid,startcardinality,startelementid,ts,type,versiontype) values( null,null,'07953db6-fd6c-4f34-953d-162049d2ad20',null,null,0,'1','3b6dd171-2900-47f3-bfbe-41e4483a2a65','e7aa4ebf-c0ce-4cda-bc6c-b1e8ffb5d0c1','0','Y',null,null,'leavetypecopy_pk_group','09e217cf-24b7-4561-966a-420d6b8c8f66','1','a2849201-1558-41b2-bc8d-79a55a8d766e','2018-09-07 18:25:05',3,0);

insert into md_association(cascadedelete,cascadeupdate,componentid,createtime,creator,dr,endcardinality,endelementid,id,industry,isactive,modifier,modifytime,name,startbeanid,startcardinality,startelementid,ts,type,versiontype) values( null,null,'07953db6-fd6c-4f34-953d-162049d2ad20',null,null,0,'1','f4c25f30-3235-4d3a-bd96-5c0fbbec74fa','ef5ee45f-2be5-4dc5-b1b7-28a04ee6b40b','0','Y',null,null,'leavetypecopy_pk_timeitem','09e217cf-24b7-4561-966a-420d6b8c8f66','1','f3a82e39-9633-487a-8781-68471b64be37','2018-09-07 18:25:05',3,0);

insert into md_association(cascadedelete,cascadeupdate,componentid,createtime,creator,dr,endcardinality,endelementid,id,industry,isactive,modifier,modifytime,name,startbeanid,startcardinality,startelementid,ts,type,versiontype) values( null,null,'07953db6-fd6c-4f34-953d-162049d2ad20',null,null,0,'1','f6f9a473-56c0-432f-8bc7-fbf8fde54fee','f21de18a-5d65-4d55-badc-e04dfc114a67','0','Y',null,null,'leavetypecopy_modifier','09e217cf-24b7-4561-966a-420d6b8c8f66','1','3fc4c0b5-c26e-4030-a193-301456231cba','2018-09-07 18:25:05',3,0);

