--此脚本作为元数据发布时参考使用,以便开发者了解元数据信息在数据库中的记录.
--严禁将此脚本直接或修改后在数据库中执行,如由上述行为引发问题,概不支持.


delete from md_db_relation where startattrid in (select id from md_property where classid in ('e24638b3-5556-4155-a070-6a4c80c6394d','@@@@' ) )  and starttableid in ('wa_tbmdaysalary','@@@@')
;delete from md_ORMap where ATTRIBUTEID in(select id from md_property where classid in ('e24638b3-5556-4155-a070-6a4c80c6394d','@@@@' ) )  and tableid in ('wa_tbmdaysalary','@@@@') 
;delete from md_table where id not in (select distinct tableid from md_ormap )
;delete from md_column where  tableid in('wa_tbmdaysalary','@@@@') and id not in(select distinct columnid from md_ormap) and (isnull(groupid ,'~')='~' or groupid = id )  and name <> 'extend_bean_tag' 
;delete from md_column where tableid in ('wa_tbmdaysalary','@@@@')and groupid is not null and groupid not in( select distinct id from md_column where tableid in ('wa_tbmdaysalary','@@@@') ) 
;delete from md_db_relation where starttableid not in (select id from md_table)
;delete from md_property where classID in (select distinct id from md_class where componentID='2b9b27e0-8469-4a3e-892b-a0fd14bddde7'  )  
;delete from md_association where componentID = '2b9b27e0-8469-4a3e-892b-a0fd14bddde7'  
;delete from md_bizItfMap where classID in (select distinct id from md_class where componentID='2b9b27e0-8469-4a3e-892b-a0fd14bddde7'  )
;delete from md_bizItfMap where classID in ( select id from md_opInterface where componentID = '2b9b27e0-8469-4a3e-892b-a0fd14bddde7'  )
;delete from md_accessorPara where id in (select distinct id from md_class where componentID='2b9b27e0-8469-4a3e-892b-a0fd14bddde7'  )
;delete from md_enumValue where id in (select distinct id from md_class where componentID='2b9b27e0-8469-4a3e-892b-a0fd14bddde7'  ) 
;delete from md_class where componentID = '2b9b27e0-8469-4a3e-892b-a0fd14bddde7'  
;delete from md_component where id = '2b9b27e0-8469-4a3e-892b-a0fd14bddde7' 
;delete from md_table where (id='wa_tbmdaysalary')
;delete from md_column where (id='wa_tbmdaysalary@@PK@@')
;delete from md_column where (id='wa_tbmdaysalary@@@pk_hrorg')
;delete from md_column where (id='wa_tbmdaysalary@@@pk_wa_item')
;delete from md_column where (id='wa_tbmdaysalary@@@isattend')
;delete from md_column where (id='wa_tbmdaysalary@@@taxflag')
;delete from md_column where (id='wa_tbmdaysalary@@@pk_psndoc_sub')
;delete from md_column where (id='wa_tbmdaysalary@@@wadocts')
;delete from md_column where (id='wa_tbmdaysalary@@@pk_psndoc')
;delete from md_column where (id='wa_tbmdaysalary@@@pk_psnjob')
;delete from md_column where (id='wa_tbmdaysalary@@@salarydate')
;delete from md_column where (id='wa_tbmdaysalary@@@cyear')
;delete from md_column where (id='wa_tbmdaysalary@@@cperiod')
;delete from md_column where (id='wa_tbmdaysalary@@@tbmdaysalary')
;delete from md_column where (id='wa_tbmdaysalary@@@tbmhoursalary')



;insert into md_component ( createtime, creator, description, displayname, dr, fromsourcebmf, help, id, industry, isbizmodel, modifier, modifytime, name, namespace, ownmodule, preload, resid, resmodule, ts, version, versiontype ) values (  '2018-09-14 17:01:37', 'YONYOU NC', null, 'watbmdaysalary',0, 'Y', null, '2b9b27e0-8469-4a3e-892b-a0fd14bddde7', '0', 'N', 'YONYOU NC', '2018-09-16 12:17:33', 'watbmdaysalary', 'hrwa', 'hrwa', null, null, 'watbmdaysalary', '2018-10-13 15:49:03', '3',0 ) 
;insert into md_class ( id, accessorclassname, classtype, componentid, createtime, creator, description, displayname, dr, fullclassname, help, isactive, keyattribute, modifier, modifytime, name, parentclassid, precise, refmodelname, returntype, ts, versiontype, isprimary, defaulttablename, stereotype, isauthen, resid, bizitfimpclassname, modinfoclassname, iscreatesql, isextendbean, userdefclassname, industry, fixedlength ) values (  'e24638b3-5556-4155-a070-6a4c80c6394d', 'nc.md.model.access.javamap.NCBeanStyle',201, '2b9b27e0-8469-4a3e-892b-a0fd14bddde7', '2018-09-14 17:01:53', 'YONYOU NC', null, '考勤日薪',0, 'nc.vo.hrwa.watbmdaysalary.TbmDaySalaryVO', null, null, 'a63ca59b-b23d-44c9-9f4a-b723f1e8494f', 'YONYOU NC', '2018-09-16 12:17:58', 'TbmDaySalaryVO', null,null, null, null, '2018-10-13 15:49:03',0, 'Y', 'wa_tbmdaysalary', null, 'Y', null, null, null, 'Y', null, null, '0', null ) 
;insert into md_property ( id, accessorclassname, classid, createtime, creator, datatype, datatypestyle, defaultvalue, description, displayname, dr, help, isactive, hided, nullable, readonly, attrlength, attrmaxvalue, attrminvalue, modifier, modifytime, name, precise, refmodelname, attrsequence, ts, visibility, versiontype, fixedlength, calculation, isauthen, resid, customattr, notserialize, dynamicattr, dynamictable, accesspower, accesspowergroup, industry ) values (  'a63ca59b-b23d-44c9-9f4a-b723f1e8494f', null, 'e24638b3-5556-4155-a070-6a4c80c6394d', null, null, 'BS000010000100001051',300, null, null, '日薪主键',0, null, 'Y', 'N', 'N', 'N',20, null, null, null, null, 'pk_tbm_daysalary',0, null,0, '2018-10-13 15:49:03',0,0, 'N', 'N', 'Y', null, 'N', 'N', 'N', null, 'N', null, '0' ) 
;insert into md_property ( id, accessorclassname, classid, createtime, creator, datatype, datatypestyle, defaultvalue, description, displayname, dr, help, isactive, hided, nullable, readonly, attrlength, attrmaxvalue, attrminvalue, modifier, modifytime, name, precise, refmodelname, attrsequence, ts, visibility, versiontype, fixedlength, calculation, isauthen, resid, customattr, notserialize, dynamicattr, dynamictable, accesspower, accesspowergroup, industry ) values (  'a376d0ec-cd68-41d7-ace3-e46a31c6b45e', null, 'e24638b3-5556-4155-a070-6a4c80c6394d', null, null, 'f3fed5ea-72f2-4a0a-ad43-d30b1c22c86c',305, null, null, '人力Y源M',0, null, 'Y', 'N', 'Y', 'N',20, null, null, null, null, 'pk_hrorg',0, null,1, '2018-10-13 15:49:03',0,0, 'N', 'N', 'Y', null, 'N', 'N', 'N', null, 'N', null, '0' ) 
;insert into md_property ( id, accessorclassname, classid, createtime, creator, datatype, datatypestyle, defaultvalue, description, displayname, dr, help, isactive, hided, nullable, readonly, attrlength, attrmaxvalue, attrminvalue, modifier, modifytime, name, precise, refmodelname, attrsequence, ts, visibility, versiontype, fixedlength, calculation, isauthen, resid, customattr, notserialize, dynamicattr, dynamictable, accesspower, accesspowergroup, industry ) values (  '9f23237a-285b-40b5-82a3-ffe6e79fa277', null, 'e24638b3-5556-4155-a070-6a4c80c6394d', null, null, 'BS000010000100001001',300, null, null, '薪资项目',0, null, 'Y', 'N', 'Y', 'N',20, null, null, null, null, 'pk_wa_item',0, null,2, '2018-10-13 15:49:03',0,0, 'N', 'N', 'Y', null, 'N', 'N', 'N', null, 'N', null, '0' ) 
;insert into md_property ( id, accessorclassname, classid, createtime, creator, datatype, datatypestyle, defaultvalue, description, displayname, dr, help, isactive, hided, nullable, readonly, attrlength, attrmaxvalue, attrminvalue, modifier, modifytime, name, precise, refmodelname, attrsequence, ts, visibility, versiontype, fixedlength, calculation, isauthen, resid, customattr, notserialize, dynamicattr, dynamictable, accesspower, accesspowergroup, industry ) values (  '64d0078a-d532-4d12-b893-66a50b93466e', null, 'e24638b3-5556-4155-a070-6a4c80c6394d', null, null, 'BS000010000100001032',300, null, null, '是否考勤',0, null, 'Y', 'N', 'Y', 'N',1, null, null, null, null, 'isattend',0, null,3, '2018-10-13 15:49:03',0,0, 'N', 'N', 'Y', null, 'N', 'N', 'N', null, 'N', null, '0' ) 
;insert into md_property ( id, accessorclassname, classid, createtime, creator, datatype, datatypestyle, defaultvalue, description, displayname, dr, help, isactive, hided, nullable, readonly, attrlength, attrmaxvalue, attrminvalue, modifier, modifytime, name, precise, refmodelname, attrsequence, ts, visibility, versiontype, fixedlength, calculation, isauthen, resid, customattr, notserialize, dynamicattr, dynamictable, accesspower, accesspowergroup, industry ) values (  'ed5d48f6-dee7-4b33-8e75-46616b672c5e', null, 'e24638b3-5556-4155-a070-6a4c80c6394d', null, null, 'BS000010000100001032',300, null, null, '是否扣税',0, null, 'Y', 'N', 'Y', 'N',1, null, null, null, null, 'taxflag',0, null,4, '2018-10-13 15:49:03',0,0, 'N', 'N', 'Y', null, 'N', 'N', 'N', null, 'N', null, '0' ) 
;insert into md_property ( id, accessorclassname, classid, createtime, creator, datatype, datatypestyle, defaultvalue, description, displayname, dr, help, isactive, hided, nullable, readonly, attrlength, attrmaxvalue, attrminvalue, modifier, modifytime, name, precise, refmodelname, attrsequence, ts, visibility, versiontype, fixedlength, calculation, isauthen, resid, customattr, notserialize, dynamicattr, dynamictable, accesspower, accesspowergroup, industry ) values (  '93bfa529-5159-4acd-ae58-f40526ba977b', null, 'e24638b3-5556-4155-a070-6a4c80c6394d', null, null, 'BS000010000100001001',300, null, null, '薪资变动情况',0, null, 'Y', 'N', 'Y', 'N',20, null, null, null, null, 'pk_psndoc_sub',0, null,5, '2018-10-13 15:49:03',0,0, 'N', 'N', 'Y', null, 'N', 'N', 'N', null, 'N', null, '0' ) 
;insert into md_property ( id, accessorclassname, classid, createtime, creator, datatype, datatypestyle, defaultvalue, description, displayname, dr, help, isactive, hided, nullable, readonly, attrlength, attrmaxvalue, attrminvalue, modifier, modifytime, name, precise, refmodelname, attrsequence, ts, visibility, versiontype, fixedlength, calculation, isauthen, resid, customattr, notserialize, dynamicattr, dynamictable, accesspower, accesspowergroup, industry ) values (  'bd81c439-a0a7-4259-9afa-da8ad0bb1ed8', null, 'e24638b3-5556-4155-a070-6a4c80c6394d', null, null, 'BS000010000100001034',300, null, null, '薪资变动情况时间戳',0, null, 'Y', 'N', 'Y', 'N',19, null, null, null, null, 'wadocts',0, null,6, '2018-10-13 15:49:03',0,0, 'N', 'N', 'Y', null, 'N', 'N', 'N', null, 'N', null, '0' ) 
;insert into md_property ( id, accessorclassname, classid, createtime, creator, datatype, datatypestyle, defaultvalue, description, displayname, dr, help, isactive, hided, nullable, readonly, attrlength, attrmaxvalue, attrminvalue, modifier, modifytime, name, precise, refmodelname, attrsequence, ts, visibility, versiontype, fixedlength, calculation, isauthen, resid, customattr, notserialize, dynamicattr, dynamictable, accesspower, accesspowergroup, industry ) values (  '39a32199-d7ba-4db7-9d42-eef692ce7df8', null, 'e24638b3-5556-4155-a070-6a4c80c6394d', null, null, '218971f0-e5dc-408b-9a32-56529dddd4db',305, null, null, '人员基本主键',0, null, 'Y', 'N', 'Y', 'N',20, null, null, null, null, 'pk_psndoc',0, 'HR人员',7, '2018-10-13 15:49:03',0,0, 'N', 'N', 'Y', null, 'N', 'N', 'N', null, 'N', null, '0' ) 
;insert into md_property ( id, accessorclassname, classid, createtime, creator, datatype, datatypestyle, defaultvalue, description, displayname, dr, help, isactive, hided, nullable, readonly, attrlength, attrmaxvalue, attrminvalue, modifier, modifytime, name, precise, refmodelname, attrsequence, ts, visibility, versiontype, fixedlength, calculation, isauthen, resid, customattr, notserialize, dynamicattr, dynamictable, accesspower, accesspowergroup, industry ) values (  'd8f54825-1be6-490d-921a-a45695678a10', null, 'e24638b3-5556-4155-a070-6a4c80c6394d', null, null, '7156d223-4531-4337-b192-492ab40098f1',305, null, null, '人员任职主键',0, null, 'Y', 'N', 'Y', 'N',20, null, null, null, null, 'pk_psnjob',0, '人员工作记录',8, '2018-10-13 15:49:03',0,0, 'N', 'N', 'Y', null, 'N', 'N', 'N', null, 'N', null, '0' ) 
;insert into md_property ( id, accessorclassname, classid, createtime, creator, datatype, datatypestyle, defaultvalue, description, displayname, dr, help, isactive, hided, nullable, readonly, attrlength, attrmaxvalue, attrminvalue, modifier, modifytime, name, precise, refmodelname, attrsequence, ts, visibility, versiontype, fixedlength, calculation, isauthen, resid, customattr, notserialize, dynamicattr, dynamictable, accesspower, accesspowergroup, industry ) values (  'e9f025f4-518f-43bf-b0c4-49c13c9b34b8', null, 'e24638b3-5556-4155-a070-6a4c80c6394d', null, null, 'BS000010000100001039',300, null, null, '薪资日期',0, null, 'Y', 'N', 'Y', 'N',10, null, null, null, null, 'salarydate',0, null,9, '2018-10-13 15:49:03',0,0, 'N', 'N', 'Y', null, 'N', 'N', 'N', null, 'N', null, '0' ) 
;insert into md_property ( id, accessorclassname, classid, createtime, creator, datatype, datatypestyle, defaultvalue, description, displayname, dr, help, isactive, hided, nullable, readonly, attrlength, attrmaxvalue, attrminvalue, modifier, modifytime, name, precise, refmodelname, attrsequence, ts, visibility, versiontype, fixedlength, calculation, isauthen, resid, customattr, notserialize, dynamicattr, dynamictable, accesspower, accesspowergroup, industry ) values (  'ddb6f8cf-af0e-4e2b-a126-490b95c44e80', null, 'e24638b3-5556-4155-a070-6a4c80c6394d', null, null, 'BS000010000100001004',300, null, null, '薪资年',0, null, 'Y', 'N', 'Y', 'N',0, null, null, null, null, 'cyear',0, null,10, '2018-10-13 15:49:03',0,0, 'N', 'N', 'Y', null, 'N', 'N', 'N', null, 'N', null, '0' ) 
;insert into md_property ( id, accessorclassname, classid, createtime, creator, datatype, datatypestyle, defaultvalue, description, displayname, dr, help, isactive, hided, nullable, readonly, attrlength, attrmaxvalue, attrminvalue, modifier, modifytime, name, precise, refmodelname, attrsequence, ts, visibility, versiontype, fixedlength, calculation, isauthen, resid, customattr, notserialize, dynamicattr, dynamictable, accesspower, accesspowergroup, industry ) values (  '801981cf-4f39-4875-a6ed-975e916a5e45', null, 'e24638b3-5556-4155-a070-6a4c80c6394d', null, null, 'BS000010000100001004',300, null, null, '薪资月',0, null, 'Y', 'N', 'Y', 'N',0, null, null, null, null, 'cperiod',0, null,11, '2018-10-13 15:49:03',0,0, 'N', 'N', 'Y', null, 'N', 'N', 'N', null, 'N', null, '0' ) 
;insert into md_property ( id, accessorclassname, classid, createtime, creator, datatype, datatypestyle, defaultvalue, description, displayname, dr, help, isactive, hided, nullable, readonly, attrlength, attrmaxvalue, attrminvalue, modifier, modifytime, name, precise, refmodelname, attrsequence, ts, visibility, versiontype, fixedlength, calculation, isauthen, resid, customattr, notserialize, dynamicattr, dynamictable, accesspower, accesspowergroup, industry ) values (  '37747835-d425-453c-913c-2b4b3aed5697', null, 'e24638b3-5556-4155-a070-6a4c80c6394d', null, null, 'BS000010000100001031',300, null, null, '考勤日薪',0, null, 'Y', 'N', 'Y', 'N',28, null, null, null, null, 'tbmdaysalary',8, null,12, '2018-10-13 15:49:03',0,0, 'N', 'N', 'Y', null, 'N', 'N', 'N', null, 'N', null, '0' ) 
;insert into md_property ( id, accessorclassname, classid, createtime, creator, datatype, datatypestyle, defaultvalue, description, displayname, dr, help, isactive, hided, nullable, readonly, attrlength, attrmaxvalue, attrminvalue, modifier, modifytime, name, precise, refmodelname, attrsequence, ts, visibility, versiontype, fixedlength, calculation, isauthen, resid, customattr, notserialize, dynamicattr, dynamictable, accesspower, accesspowergroup, industry ) values (  '0108d2e6-f476-4330-b663-c3defb5ff30e', null, 'e24638b3-5556-4155-a070-6a4c80c6394d', null, null, 'BS000010000100001031',300, null, null, '考勤时薪',0, null, 'Y', 'N', 'Y', 'N',28, null, null, null, null, 'tbmhoursalary',8, null,13, '2018-10-13 15:49:03',0,0, 'N', 'N', 'Y', null, 'N', 'N', 'N', null, 'N', null, '0' ) 
;insert into md_association ( id, componentid, creator, createtime, dr, endcardinality, startbeanid, endelementid, isactive, modifier, modifytime, name, startcardinality, startelementid, ts, type, versiontype, industry ) values (  '4cdae125-c8a4-423b-a35b-363c4eea176d', '2b9b27e0-8469-4a3e-892b-a0fd14bddde7', null, null,0, '1', 'e24638b3-5556-4155-a070-6a4c80c6394d', 'f3fed5ea-72f2-4a0a-ad43-d30b1c22c86c', 'Y', null, null, 'TbmDaySalaryVO_pk_hrorg', '1', 'a376d0ec-cd68-41d7-ace3-e46a31c6b45e', '2018-10-13 15:49:03',3,0, '0' ) 
;insert into md_association ( id, componentid, creator, createtime, dr, endcardinality, startbeanid, endelementid, isactive, modifier, modifytime, name, startcardinality, startelementid, ts, type, versiontype, industry ) values (  '2ffadfdc-f45e-43bf-bd6c-8b537df1fe91', '2b9b27e0-8469-4a3e-892b-a0fd14bddde7', null, null,0, '1', 'e24638b3-5556-4155-a070-6a4c80c6394d', '218971f0-e5dc-408b-9a32-56529dddd4db', 'Y', null, null, 'TbmDaySalaryVO_pk_psndoc', '1', '39a32199-d7ba-4db7-9d42-eef692ce7df8', '2018-10-13 15:49:03',3,0, '0' ) 
;insert into md_association ( id, componentid, creator, createtime, dr, endcardinality, startbeanid, endelementid, isactive, modifier, modifytime, name, startcardinality, startelementid, ts, type, versiontype, industry ) values (  'e2130d81-cd94-46c6-9b82-3e211883bf90', '2b9b27e0-8469-4a3e-892b-a0fd14bddde7', null, null,0, '1', 'e24638b3-5556-4155-a070-6a4c80c6394d', '7156d223-4531-4337-b192-492ab40098f1', 'Y', null, null, 'TbmDaySalaryVO_pk_psnjob', '1', 'd8f54825-1be6-490d-921a-a45695678a10', '2018-10-13 15:49:03',3,0, '0' ) 
;insert into md_table ( id, createtime, creator, databaseid, description, displayname, dr, help, isactive, fromsourcebmf, modifier, modifytime, name, ts, versiontype, resmodule, resid, parenttable, isextendtable, industry ) values (  'wa_tbmdaysalary', '2018-09-14 17:01:53', 'YONYOU NC', null, null, '考勤日薪',0, null, null, 'Y', 'YONYOU NC', '2018-09-16 12:17:58', 'wa_tbmdaysalary', '2018-10-13 15:49:03',0, 'watbmdaysalary', null, null, null, '0' ) 
;insert into md_column ( id, sqldatetype, createtime, creator, defaultvalue, description, displayname, dr, help, incrementseed, incrementstep, isactive, identitied, pkey, nullable, columnlength, modifier, modifytime, name, precise, columnsequence, tableid, ts, versiontype, resid, groupid, columntype, forlocale ) values (  'wa_tbmdaysalary@@PK@@', 'char', null, null, null, null, '日薪主键',0, null,null,null, 'Y', null, 'Y', 'N',20, null, null, 'pk_tbm_daysalary',0,0, 'wa_tbmdaysalary', '2018-10-13 15:49:03',0, null, null,0, 'N' ) 
;insert into md_column ( id, sqldatetype, createtime, creator, defaultvalue, description, displayname, dr, help, incrementseed, incrementstep, isactive, identitied, pkey, nullable, columnlength, modifier, modifytime, name, precise, columnsequence, tableid, ts, versiontype, resid, groupid, columntype, forlocale ) values (  'wa_tbmdaysalary@@@pk_hrorg', 'varchar', null, null, '*~', null, '人力Y源M',0, null,null,null, 'Y', null, 'N', 'Y',20, null, null, 'pk_hrorg',0,1, 'wa_tbmdaysalary', '2018-10-13 15:49:03',0, null, null,0, 'N' ) 
;insert into md_column ( id, sqldatetype, createtime, creator, defaultvalue, description, displayname, dr, help, incrementseed, incrementstep, isactive, identitied, pkey, nullable, columnlength, modifier, modifytime, name, precise, columnsequence, tableid, ts, versiontype, resid, groupid, columntype, forlocale ) values (  'wa_tbmdaysalary@@@pk_wa_item', 'varchar', null, null, null, null, '薪资项目',0, null,null,null, 'Y', null, 'N', 'Y',20, null, null, 'pk_wa_item',0,2, 'wa_tbmdaysalary', '2018-10-13 15:49:03',0, null, null,0, 'N' ) 
;insert into md_column ( id, sqldatetype, createtime, creator, defaultvalue, description, displayname, dr, help, incrementseed, incrementstep, isactive, identitied, pkey, nullable, columnlength, modifier, modifytime, name, precise, columnsequence, tableid, ts, versiontype, resid, groupid, columntype, forlocale ) values (  'wa_tbmdaysalary@@@isattend', 'char', null, null, null, null, '是否考勤',0, null,null,null, 'Y', null, 'N', 'Y',1, null, null, 'isattend',0,3, 'wa_tbmdaysalary', '2018-10-13 15:49:03',0, null, null,0, 'N' ) 
;insert into md_column ( id, sqldatetype, createtime, creator, defaultvalue, description, displayname, dr, help, incrementseed, incrementstep, isactive, identitied, pkey, nullable, columnlength, modifier, modifytime, name, precise, columnsequence, tableid, ts, versiontype, resid, groupid, columntype, forlocale ) values (  'wa_tbmdaysalary@@@taxflag', 'char', null, null, null, null, '是否扣税',0, null,null,null, 'Y', null, 'N', 'Y',1, null, null, 'taxflag',0,4, 'wa_tbmdaysalary', '2018-10-13 15:49:03',0, null, null,0, 'N' ) 
;insert into md_column ( id, sqldatetype, createtime, creator, defaultvalue, description, displayname, dr, help, incrementseed, incrementstep, isactive, identitied, pkey, nullable, columnlength, modifier, modifytime, name, precise, columnsequence, tableid, ts, versiontype, resid, groupid, columntype, forlocale ) values (  'wa_tbmdaysalary@@@pk_psndoc_sub', 'varchar', null, null, null, null, '薪资变动情况',0, null,null,null, 'Y', null, 'N', 'Y',20, null, null, 'pk_psndoc_sub',0,5, 'wa_tbmdaysalary', '2018-10-13 15:49:03',0, null, null,0, 'N' ) 
;insert into md_column ( id, sqldatetype, createtime, creator, defaultvalue, description, displayname, dr, help, incrementseed, incrementstep, isactive, identitied, pkey, nullable, columnlength, modifier, modifytime, name, precise, columnsequence, tableid, ts, versiontype, resid, groupid, columntype, forlocale ) values (  'wa_tbmdaysalary@@@wadocts', 'char', null, null, null, null, '薪资变动情况时间戳',0, null,null,null, 'Y', null, 'N', 'Y',19, null, null, 'wadocts',0,6, 'wa_tbmdaysalary', '2018-10-13 15:49:03',0, null, null,0, 'N' ) 
;insert into md_column ( id, sqldatetype, createtime, creator, defaultvalue, description, displayname, dr, help, incrementseed, incrementstep, isactive, identitied, pkey, nullable, columnlength, modifier, modifytime, name, precise, columnsequence, tableid, ts, versiontype, resid, groupid, columntype, forlocale ) values (  'wa_tbmdaysalary@@@pk_psndoc', 'varchar', null, null, '*~', null, '人员基本主键',0, null,null,null, 'Y', null, 'N', 'Y',20, null, null, 'pk_psndoc',0,7, 'wa_tbmdaysalary', '2018-10-13 15:49:03',0, null, null,0, 'N' ) 
;insert into md_column ( id, sqldatetype, createtime, creator, defaultvalue, description, displayname, dr, help, incrementseed, incrementstep, isactive, identitied, pkey, nullable, columnlength, modifier, modifytime, name, precise, columnsequence, tableid, ts, versiontype, resid, groupid, columntype, forlocale ) values (  'wa_tbmdaysalary@@@pk_psnjob', 'varchar', null, null, '*~', null, '人员任职主键',0, null,null,null, 'Y', null, 'N', 'Y',20, null, null, 'pk_psnjob',0,8, 'wa_tbmdaysalary', '2018-10-13 15:49:03',0, null, null,0, 'N' ) 
;insert into md_column ( id, sqldatetype, createtime, creator, defaultvalue, description, displayname, dr, help, incrementseed, incrementstep, isactive, identitied, pkey, nullable, columnlength, modifier, modifytime, name, precise, columnsequence, tableid, ts, versiontype, resid, groupid, columntype, forlocale ) values (  'wa_tbmdaysalary@@@salarydate', 'char', null, null, null, null, '薪资日期',0, null,null,null, 'Y', null, 'N', 'Y',10, null, null, 'salarydate',0,9, 'wa_tbmdaysalary', '2018-10-13 15:49:03',0, null, null,0, 'N' ) 
;insert into md_column ( id, sqldatetype, createtime, creator, defaultvalue, description, displayname, dr, help, incrementseed, incrementstep, isactive, identitied, pkey, nullable, columnlength, modifier, modifytime, name, precise, columnsequence, tableid, ts, versiontype, resid, groupid, columntype, forlocale ) values (  'wa_tbmdaysalary@@@cyear', 'int', null, null, null, null, '薪资年',0, null,null,null, 'Y', null, 'N', 'Y',0, null, null, 'cyear',0,10, 'wa_tbmdaysalary', '2018-10-13 15:49:03',0, null, null,0, 'N' ) 
;insert into md_column ( id, sqldatetype, createtime, creator, defaultvalue, description, displayname, dr, help, incrementseed, incrementstep, isactive, identitied, pkey, nullable, columnlength, modifier, modifytime, name, precise, columnsequence, tableid, ts, versiontype, resid, groupid, columntype, forlocale ) values (  'wa_tbmdaysalary@@@cperiod', 'int', null, null, null, null, '薪资月',0, null,null,null, 'Y', null, 'N', 'Y',0, null, null, 'cperiod',0,11, 'wa_tbmdaysalary', '2018-10-13 15:49:03',0, null, null,0, 'N' ) 
;insert into md_column ( id, sqldatetype, createtime, creator, defaultvalue, description, displayname, dr, help, incrementseed, incrementstep, isactive, identitied, pkey, nullable, columnlength, modifier, modifytime, name, precise, columnsequence, tableid, ts, versiontype, resid, groupid, columntype, forlocale ) values (  'wa_tbmdaysalary@@@tbmdaysalary', 'decimal', null, null, null, null, '考勤日薪',0, null,null,null, 'Y', null, 'N', 'Y',28, null, null, 'tbmdaysalary',8,12, 'wa_tbmdaysalary', '2018-10-13 15:49:03',0, null, null,0, 'N' ) 
;insert into md_column ( id, sqldatetype, createtime, creator, defaultvalue, description, displayname, dr, help, incrementseed, incrementstep, isactive, identitied, pkey, nullable, columnlength, modifier, modifytime, name, precise, columnsequence, tableid, ts, versiontype, resid, groupid, columntype, forlocale ) values (  'wa_tbmdaysalary@@@tbmhoursalary', 'decimal', null, null, null, null, '考勤时薪',0, null,null,null, 'Y', null, 'N', 'Y',28, null, null, 'tbmhoursalary',8,13, 'wa_tbmdaysalary', '2018-10-13 15:49:03',0, null, null,0, 'N' ) 
;insert into md_ORMap ( attributeid, classid, columnid, dr, tableid, ts ) values (  'ed5d48f6-dee7-4b33-8e75-46616b672c5e', 'e24638b3-5556-4155-a070-6a4c80c6394d', 'wa_tbmdaysalary@@@taxflag',0, 'wa_tbmdaysalary', '2018-10-13 15:49:03' ) 
;insert into md_ORMap ( attributeid, classid, columnid, dr, tableid, ts ) values (  '801981cf-4f39-4875-a6ed-975e916a5e45', 'e24638b3-5556-4155-a070-6a4c80c6394d', 'wa_tbmdaysalary@@@cperiod',0, 'wa_tbmdaysalary', '2018-10-13 15:49:03' ) 
;insert into md_ORMap ( attributeid, classid, columnid, dr, tableid, ts ) values (  'a376d0ec-cd68-41d7-ace3-e46a31c6b45e', 'e24638b3-5556-4155-a070-6a4c80c6394d', 'wa_tbmdaysalary@@@pk_hrorg',0, 'wa_tbmdaysalary', '2018-10-13 15:49:03' ) 
;insert into md_ORMap ( attributeid, classid, columnid, dr, tableid, ts ) values (  'd8f54825-1be6-490d-921a-a45695678a10', 'e24638b3-5556-4155-a070-6a4c80c6394d', 'wa_tbmdaysalary@@@pk_psnjob',0, 'wa_tbmdaysalary', '2018-10-13 15:49:03' ) 
;insert into md_ORMap ( attributeid, classid, columnid, dr, tableid, ts ) values (  '37747835-d425-453c-913c-2b4b3aed5697', 'e24638b3-5556-4155-a070-6a4c80c6394d', 'wa_tbmdaysalary@@@tbmdaysalary',0, 'wa_tbmdaysalary', '2018-10-13 15:49:03' ) 
;insert into md_ORMap ( attributeid, classid, columnid, dr, tableid, ts ) values (  'a63ca59b-b23d-44c9-9f4a-b723f1e8494f', 'e24638b3-5556-4155-a070-6a4c80c6394d', 'wa_tbmdaysalary@@PK@@',0, 'wa_tbmdaysalary', '2018-10-13 15:49:03' ) 
;insert into md_ORMap ( attributeid, classid, columnid, dr, tableid, ts ) values (  '9f23237a-285b-40b5-82a3-ffe6e79fa277', 'e24638b3-5556-4155-a070-6a4c80c6394d', 'wa_tbmdaysalary@@@pk_wa_item',0, 'wa_tbmdaysalary', '2018-10-13 15:49:03' ) 
;insert into md_ORMap ( attributeid, classid, columnid, dr, tableid, ts ) values (  'bd81c439-a0a7-4259-9afa-da8ad0bb1ed8', 'e24638b3-5556-4155-a070-6a4c80c6394d', 'wa_tbmdaysalary@@@wadocts',0, 'wa_tbmdaysalary', '2018-10-13 15:49:03' ) 
;insert into md_ORMap ( attributeid, classid, columnid, dr, tableid, ts ) values (  '0108d2e6-f476-4330-b663-c3defb5ff30e', 'e24638b3-5556-4155-a070-6a4c80c6394d', 'wa_tbmdaysalary@@@tbmhoursalary',0, 'wa_tbmdaysalary', '2018-10-13 15:49:03' ) 
;insert into md_ORMap ( attributeid, classid, columnid, dr, tableid, ts ) values (  '64d0078a-d532-4d12-b893-66a50b93466e', 'e24638b3-5556-4155-a070-6a4c80c6394d', 'wa_tbmdaysalary@@@isattend',0, 'wa_tbmdaysalary', '2018-10-13 15:49:03' ) 
;insert into md_ORMap ( attributeid, classid, columnid, dr, tableid, ts ) values (  'e9f025f4-518f-43bf-b0c4-49c13c9b34b8', 'e24638b3-5556-4155-a070-6a4c80c6394d', 'wa_tbmdaysalary@@@salarydate',0, 'wa_tbmdaysalary', '2018-10-13 15:49:03' ) 
;insert into md_ORMap ( attributeid, classid, columnid, dr, tableid, ts ) values (  'ddb6f8cf-af0e-4e2b-a126-490b95c44e80', 'e24638b3-5556-4155-a070-6a4c80c6394d', 'wa_tbmdaysalary@@@cyear',0, 'wa_tbmdaysalary', '2018-10-13 15:49:03' ) 
;insert into md_ORMap ( attributeid, classid, columnid, dr, tableid, ts ) values (  '93bfa529-5159-4acd-ae58-f40526ba977b', 'e24638b3-5556-4155-a070-6a4c80c6394d', 'wa_tbmdaysalary@@@pk_psndoc_sub',0, 'wa_tbmdaysalary', '2018-10-13 15:49:03' ) 
;insert into md_ORMap ( attributeid, classid, columnid, dr, tableid, ts ) values (  '39a32199-d7ba-4db7-9d42-eef692ce7df8', 'e24638b3-5556-4155-a070-6a4c80c6394d', 'wa_tbmdaysalary@@@pk_psndoc',0, 'wa_tbmdaysalary', '2018-10-13 15:49:03' ) 
