
delete md_association where ( componentid in ('0d1de49f-4e90-4eb0-b8aa-5961aba342d1') and (dr=0 or dr is null) )
go

delete md_property where ( classid in ('369a0203-6866-4285-af3a-46a2acca0b43', '4c9f5cd7-d8c5-41c3-aa99-b3f12bdb54a8', '55469794-d821-4365-a3ed-0339065a18ce', '94e4ffae-3096-4ee4-be1d-acd5819afc72') and (dr=0 or dr is null) )
go

delete md_db_relation where ( endtableid in ('tbm_leaveb', 'tbm_leaveh') and (dr=0 or dr is null) )
go

delete md_db_relation where ( starttableid in ('tbm_leaveb', 'tbm_leaveh') and (dr=0 or dr is null) )
go

delete md_column where ( tableid in ('tbm_leaveb', 'tbm_leaveh') and (dr=0 or dr is null) )
go

delete md_table where ( id in ('tbm_leaveh', 'tbm_leaveb') and (dr=0 or dr is null) )
go

delete md_ormap where ( classid in ('369a0203-6866-4285-af3a-46a2acca0b43', '4c9f5cd7-d8c5-41c3-aa99-b3f12bdb54a8', '55469794-d821-4365-a3ed-0339065a18ce', '94e4ffae-3096-4ee4-be1d-acd5819afc72') and (dr=0 or dr is null) )
go

delete md_bizitfmap where ( classid in ('369a0203-6866-4285-af3a-46a2acca0b43', '4c9f5cd7-d8c5-41c3-aa99-b3f12bdb54a8', '55469794-d821-4365-a3ed-0339065a18ce', '94e4ffae-3096-4ee4-be1d-acd5819afc72') and (dr=0 or dr is null) )
go

delete md_accessorpara where ( id in ('369a0203-6866-4285-af3a-46a2acca0b43', '4c9f5cd7-d8c5-41c3-aa99-b3f12bdb54a8', '55469794-d821-4365-a3ed-0339065a18ce', '94e4ffae-3096-4ee4-be1d-acd5819afc72') and (dr=0 or dr is null) )
go

delete md_enumvalue where ( id in ('369a0203-6866-4285-af3a-46a2acca0b43', '4c9f5cd7-d8c5-41c3-aa99-b3f12bdb54a8', '55469794-d821-4365-a3ed-0339065a18ce', '94e4ffae-3096-4ee4-be1d-acd5819afc72') and (dr=0 or dr is null) )
go

delete md_class where ( componentid in ('0d1de49f-4e90-4eb0-b8aa-5961aba342d1') and (dr=0 or dr is null) )
go

delete md_component where ( id='0d1de49f-4e90-4eb0-b8aa-5961aba342d1' and (versiontype='0') and (dr=0 or dr is null) )
go


insert into md_component(createtime,creator,description,displayname,dr,fromsourcebmf,help,id,industry,isbizmodel,modifier,modifytime,name,namespace,ownmodule,preload,resid,resmodule,ts,version,versiontype) values( '2010-08-25 09:27:19',null,null,'休假申请',0,'Y',null,'0d1de49f-4e90-4eb0-b8aa-5961aba342d1','0','N',null,'2017-11-28 23:08:41','hrtaleave','hrta','hrta',null,'2leave-000079','leave','2017-11-29 09:59:58','241',0)
go


insert into md_class(accessorclassname,bizitfimpclassname,classtype,componentid,createtime,creator,defaulttablename,description,displayname,dr,fixedlength,fullclassname,help,id,industry,isactive,isauthen,iscreatesql,isextendbean,isprimary,keyattribute,modifier,modifytime,modinfoclassname,name,parentclassid,precise,refmodelname,resid,returntype,stereotype,ts,userdefclassname,versiontype) values( null,null,203,'0d1de49f-4e90-4eb0-b8aa-5961aba342d1','2010-09-15 16:51:06',null,'lactationtype',null,'哺乳假时段',0,null,'nc.vo.ta.leave.LactationTypeEnum',null,'369a0203-6866-4285-af3a-46a2acca0b43','0',null,null,null,null,'N',null,null,'2017-11-28 23:08:41',null,'lactationtype',null,null,null,'2leave-000030','BS000010000100001004',null,'2017-11-29 09:59:58',null,0)
go
insert into md_class(accessorclassname,bizitfimpclassname,classtype,componentid,createtime,creator,defaulttablename,description,displayname,dr,fixedlength,fullclassname,help,id,industry,isactive,isauthen,iscreatesql,isextendbean,isprimary,keyattribute,modifier,modifytime,modinfoclassname,name,parentclassid,precise,refmodelname,resid,returntype,stereotype,ts,userdefclassname,versiontype) values( 'nc.md.model.access.javamap.AggVOStyle',null,201,'0d1de49f-4e90-4eb0-b8aa-5961aba342d1','2010-08-25 09:27:30',null,'tbm_leaveh',null,'休假申请单',0,null,'nc.vo.ta.leave.LeavehVO',null,'4c9f5cd7-d8c5-41c3-aa99-b3f12bdb54a8','0',null,'Y','Y',null,'Y','0d483745-01bb-48c6-b7cd-c71ca848cf9f',null,'2017-11-29 09:43:40',null,'hrtaleave',null,null,null,'2leave-000035',null,null,'2017-11-29 09:59:58',null,0)
go
insert into md_class(accessorclassname,bizitfimpclassname,classtype,componentid,createtime,creator,defaulttablename,description,displayname,dr,fixedlength,fullclassname,help,id,industry,isactive,isauthen,iscreatesql,isextendbean,isprimary,keyattribute,modifier,modifytime,modinfoclassname,name,parentclassid,precise,refmodelname,resid,returntype,stereotype,ts,userdefclassname,versiontype) values( null,null,203,'0d1de49f-4e90-4eb0-b8aa-5961aba342d1','2010-12-13 15:36:15',null,'dynValueEnum',null,'动态值枚举',0,null,'nc.vo.ta.leave.DynValueEnum',null,'55469794-d821-4365-a3ed-0339065a18ce','0',null,null,null,null,'N',null,null,'2017-11-28 23:08:41',null,'dynValueEnum',null,null,null,'2leave-000005','BS000010000100001001',null,'2017-11-29 09:59:58',null,0)
go
insert into md_class(accessorclassname,bizitfimpclassname,classtype,componentid,createtime,creator,defaulttablename,description,displayname,dr,fixedlength,fullclassname,help,id,industry,isactive,isauthen,iscreatesql,isextendbean,isprimary,keyattribute,modifier,modifytime,modinfoclassname,name,parentclassid,precise,refmodelname,resid,returntype,stereotype,ts,userdefclassname,versiontype) values( 'nc.md.model.access.javamap.POJOStyle',null,201,'0d1de49f-4e90-4eb0-b8aa-5961aba342d1','2010-11-24 14:36:50',null,'tbm_leaveb',null,'休假申请单子表',0,null,'nc.vo.ta.leave.LeavebVO',null,'94e4ffae-3096-4ee4-be1d-acd5819afc72','0',null,'Y','Y',null,'N','c223a52b-58c6-4ac6-96a2-36e07b7784a7',null,'2017-11-29 09:43:40',null,'hrtaleaveb',null,null,null,'2leave-000019',null,null,'2017-11-29 09:59:58',null,0)
go


insert into md_enumvalue(description,dr,enumsequence,hidden,id,industry,name,resid,ts,value,versiontype) values( null,0,0,'N','369a0203-6866-4285-af3a-46a2acca0b43','0','单一作息时间段','2leave-000029','2017-11-29 09:59:58','0',0)
go
insert into md_enumvalue(description,dr,enumsequence,hidden,id,industry,name,resid,ts,value,versiontype) values( null,0,1,'N','369a0203-6866-4285-af3a-46a2acca0b43','0','上班时段','2leave-000011','2017-11-29 09:59:58','1',0)
go
insert into md_enumvalue(description,dr,enumsequence,hidden,id,industry,name,resid,ts,value,versiontype) values( null,0,2,'N','369a0203-6866-4285-af3a-46a2acca0b43','0','下班时段','2leave-000018','2017-11-29 09:59:58','2',0)
go
insert into md_enumvalue(description,dr,enumsequence,hidden,id,industry,name,resid,ts,value,versiontype) values( null,0,3,'N','369a0203-6866-4285-af3a-46a2acca0b43','0','任意时段','2leave-000006','2017-11-29 09:59:58','3',0)
go
insert into md_enumvalue(description,dr,enumsequence,hidden,id,industry,name,resid,ts,value,versiontype) values( null,0,27,'N','55469794-d821-4365-a3ed-0339065a18ce','0','01',null,'2017-11-29 09:59:58','01',0)
go
insert into md_enumvalue(description,dr,enumsequence,hidden,id,industry,name,resid,ts,value,versiontype) values( null,0,28,'N','55469794-d821-4365-a3ed-0339065a18ce','0','02',null,'2017-11-29 09:59:58','02',0)
go
insert into md_enumvalue(description,dr,enumsequence,hidden,id,industry,name,resid,ts,value,versiontype) values( null,0,29,'N','55469794-d821-4365-a3ed-0339065a18ce','0','03',null,'2017-11-29 09:59:58','03',0)
go
insert into md_enumvalue(description,dr,enumsequence,hidden,id,industry,name,resid,ts,value,versiontype) values( null,0,30,'N','55469794-d821-4365-a3ed-0339065a18ce','0','04',null,'2017-11-29 09:59:58','04',0)
go
insert into md_enumvalue(description,dr,enumsequence,hidden,id,industry,name,resid,ts,value,versiontype) values( null,0,31,'N','55469794-d821-4365-a3ed-0339065a18ce','0','05',null,'2017-11-29 09:59:58','05',0)
go
insert into md_enumvalue(description,dr,enumsequence,hidden,id,industry,name,resid,ts,value,versiontype) values( null,0,32,'N','55469794-d821-4365-a3ed-0339065a18ce','0','06',null,'2017-11-29 09:59:58','06',0)
go
insert into md_enumvalue(description,dr,enumsequence,hidden,id,industry,name,resid,ts,value,versiontype) values( null,0,33,'N','55469794-d821-4365-a3ed-0339065a18ce','0','07',null,'2017-11-29 09:59:58','07',0)
go
insert into md_enumvalue(description,dr,enumsequence,hidden,id,industry,name,resid,ts,value,versiontype) values( null,0,34,'N','55469794-d821-4365-a3ed-0339065a18ce','0','08',null,'2017-11-29 09:59:58','08',0)
go
insert into md_enumvalue(description,dr,enumsequence,hidden,id,industry,name,resid,ts,value,versiontype) values( null,0,35,'N','55469794-d821-4365-a3ed-0339065a18ce','0','09',null,'2017-11-29 09:59:58','09',0)
go
insert into md_enumvalue(description,dr,enumsequence,hidden,id,industry,name,resid,ts,value,versiontype) values( null,0,36,'N','55469794-d821-4365-a3ed-0339065a18ce','0','10',null,'2017-11-29 09:59:58','10',0)
go
insert into md_enumvalue(description,dr,enumsequence,hidden,id,industry,name,resid,ts,value,versiontype) values( null,0,37,'N','55469794-d821-4365-a3ed-0339065a18ce','0','11',null,'2017-11-29 09:59:58','11',0)
go
insert into md_enumvalue(description,dr,enumsequence,hidden,id,industry,name,resid,ts,value,versiontype) values( null,0,38,'N','55469794-d821-4365-a3ed-0339065a18ce','0','12',null,'2017-11-29 09:59:58','12',0)
go
insert into md_enumvalue(description,dr,enumsequence,hidden,id,industry,name,resid,ts,value,versiontype) values( null,0,39,'N','55469794-d821-4365-a3ed-0339065a18ce','0','13',null,'2017-11-29 09:59:58','13',0)
go
insert into md_enumvalue(description,dr,enumsequence,hidden,id,industry,name,resid,ts,value,versiontype) values( null,0,40,'N','55469794-d821-4365-a3ed-0339065a18ce','0','14',null,'2017-11-29 09:59:58','14',0)
go
insert into md_enumvalue(description,dr,enumsequence,hidden,id,industry,name,resid,ts,value,versiontype) values( null,0,41,'N','55469794-d821-4365-a3ed-0339065a18ce','0','15',null,'2017-11-29 09:59:58','15',0)
go
insert into md_enumvalue(description,dr,enumsequence,hidden,id,industry,name,resid,ts,value,versiontype) values( null,0,42,'N','55469794-d821-4365-a3ed-0339065a18ce','0','16',null,'2017-11-29 09:59:58','16',0)
go
insert into md_enumvalue(description,dr,enumsequence,hidden,id,industry,name,resid,ts,value,versiontype) values( null,0,43,'N','55469794-d821-4365-a3ed-0339065a18ce','0','17',null,'2017-11-29 09:59:58','17',0)
go
insert into md_enumvalue(description,dr,enumsequence,hidden,id,industry,name,resid,ts,value,versiontype) values( null,0,44,'N','55469794-d821-4365-a3ed-0339065a18ce','0','18',null,'2017-11-29 09:59:58','18',0)
go
insert into md_enumvalue(description,dr,enumsequence,hidden,id,industry,name,resid,ts,value,versiontype) values( null,0,45,'N','55469794-d821-4365-a3ed-0339065a18ce','0','19',null,'2017-11-29 09:59:58','19',0)
go
insert into md_enumvalue(description,dr,enumsequence,hidden,id,industry,name,resid,ts,value,versiontype) values( null,0,46,'N','55469794-d821-4365-a3ed-0339065a18ce','0','20',null,'2017-11-29 09:59:58','20',0)
go
insert into md_enumvalue(description,dr,enumsequence,hidden,id,industry,name,resid,ts,value,versiontype) values( null,0,0,'N','55469794-d821-4365-a3ed-0339065a18ce','0','2008',null,'2017-11-29 09:59:58','2008',0)
go
insert into md_enumvalue(description,dr,enumsequence,hidden,id,industry,name,resid,ts,value,versiontype) values( null,0,1,'N','55469794-d821-4365-a3ed-0339065a18ce','0','2009',null,'2017-11-29 09:59:58','2009',0)
go
insert into md_enumvalue(description,dr,enumsequence,hidden,id,industry,name,resid,ts,value,versiontype) values( null,0,2,'N','55469794-d821-4365-a3ed-0339065a18ce','0','2010',null,'2017-11-29 09:59:58','2010',0)
go
insert into md_enumvalue(description,dr,enumsequence,hidden,id,industry,name,resid,ts,value,versiontype) values( null,0,3,'N','55469794-d821-4365-a3ed-0339065a18ce','0','2011',null,'2017-11-29 09:59:58','2011',0)
go
insert into md_enumvalue(description,dr,enumsequence,hidden,id,industry,name,resid,ts,value,versiontype) values( null,0,4,'N','55469794-d821-4365-a3ed-0339065a18ce','0','2012',null,'2017-11-29 09:59:58','2012',0)
go
insert into md_enumvalue(description,dr,enumsequence,hidden,id,industry,name,resid,ts,value,versiontype) values( null,0,5,'N','55469794-d821-4365-a3ed-0339065a18ce','0','2013',null,'2017-11-29 09:59:58','2013',0)
go
insert into md_enumvalue(description,dr,enumsequence,hidden,id,industry,name,resid,ts,value,versiontype) values( null,0,6,'N','55469794-d821-4365-a3ed-0339065a18ce','0','2014',null,'2017-11-29 09:59:58','2014',0)
go
insert into md_enumvalue(description,dr,enumsequence,hidden,id,industry,name,resid,ts,value,versiontype) values( null,0,7,'N','55469794-d821-4365-a3ed-0339065a18ce','0','2015',null,'2017-11-29 09:59:58','2015',0)
go
insert into md_enumvalue(description,dr,enumsequence,hidden,id,industry,name,resid,ts,value,versiontype) values( null,0,8,'N','55469794-d821-4365-a3ed-0339065a18ce','0','2016',null,'2017-11-29 09:59:58','2016',0)
go
insert into md_enumvalue(description,dr,enumsequence,hidden,id,industry,name,resid,ts,value,versiontype) values( null,0,9,'N','55469794-d821-4365-a3ed-0339065a18ce','0','2017',null,'2017-11-29 09:59:58','2017',0)
go
insert into md_enumvalue(description,dr,enumsequence,hidden,id,industry,name,resid,ts,value,versiontype) values( null,0,10,'N','55469794-d821-4365-a3ed-0339065a18ce','0','2018',null,'2017-11-29 09:59:58','2018',0)
go
insert into md_enumvalue(description,dr,enumsequence,hidden,id,industry,name,resid,ts,value,versiontype) values( null,0,11,'N','55469794-d821-4365-a3ed-0339065a18ce','0','2019',null,'2017-11-29 09:59:58','2019',0)
go
insert into md_enumvalue(description,dr,enumsequence,hidden,id,industry,name,resid,ts,value,versiontype) values( null,0,12,'N','55469794-d821-4365-a3ed-0339065a18ce','0','2020',null,'2017-11-29 09:59:58','2020',0)
go
insert into md_enumvalue(description,dr,enumsequence,hidden,id,industry,name,resid,ts,value,versiontype) values( null,0,13,'N','55469794-d821-4365-a3ed-0339065a18ce','0','2021',null,'2017-11-29 09:59:58','2021',0)
go
insert into md_enumvalue(description,dr,enumsequence,hidden,id,industry,name,resid,ts,value,versiontype) values( null,0,14,'N','55469794-d821-4365-a3ed-0339065a18ce','0','2022',null,'2017-11-29 09:59:58','2022',0)
go
insert into md_enumvalue(description,dr,enumsequence,hidden,id,industry,name,resid,ts,value,versiontype) values( null,0,15,'N','55469794-d821-4365-a3ed-0339065a18ce','0','2023',null,'2017-11-29 09:59:58','2023',0)
go
insert into md_enumvalue(description,dr,enumsequence,hidden,id,industry,name,resid,ts,value,versiontype) values( null,0,16,'N','55469794-d821-4365-a3ed-0339065a18ce','0','2024',null,'2017-11-29 09:59:58','2024',0)
go
insert into md_enumvalue(description,dr,enumsequence,hidden,id,industry,name,resid,ts,value,versiontype) values( null,0,17,'N','55469794-d821-4365-a3ed-0339065a18ce','0','2025',null,'2017-11-29 09:59:58','2025',0)
go
insert into md_enumvalue(description,dr,enumsequence,hidden,id,industry,name,resid,ts,value,versiontype) values( null,0,18,'N','55469794-d821-4365-a3ed-0339065a18ce','0','2026',null,'2017-11-29 09:59:58','2026',0)
go
insert into md_enumvalue(description,dr,enumsequence,hidden,id,industry,name,resid,ts,value,versiontype) values( null,0,19,'N','55469794-d821-4365-a3ed-0339065a18ce','0','2027',null,'2017-11-29 09:59:58','2027',0)
go
insert into md_enumvalue(description,dr,enumsequence,hidden,id,industry,name,resid,ts,value,versiontype) values( null,0,20,'N','55469794-d821-4365-a3ed-0339065a18ce','0','2028',null,'2017-11-29 09:59:58','2028',0)
go
insert into md_enumvalue(description,dr,enumsequence,hidden,id,industry,name,resid,ts,value,versiontype) values( null,0,21,'N','55469794-d821-4365-a3ed-0339065a18ce','0','2029',null,'2017-11-29 09:59:58','2029',0)
go
insert into md_enumvalue(description,dr,enumsequence,hidden,id,industry,name,resid,ts,value,versiontype) values( null,0,22,'N','55469794-d821-4365-a3ed-0339065a18ce','0','2030',null,'2017-11-29 09:59:58','2030',0)
go
insert into md_enumvalue(description,dr,enumsequence,hidden,id,industry,name,resid,ts,value,versiontype) values( null,0,23,'N','55469794-d821-4365-a3ed-0339065a18ce','0','2031',null,'2017-11-29 09:59:58','2031',0)
go
insert into md_enumvalue(description,dr,enumsequence,hidden,id,industry,name,resid,ts,value,versiontype) values( null,0,24,'N','55469794-d821-4365-a3ed-0339065a18ce','0','2032',null,'2017-11-29 09:59:58','2032',0)
go
insert into md_enumvalue(description,dr,enumsequence,hidden,id,industry,name,resid,ts,value,versiontype) values( null,0,25,'N','55469794-d821-4365-a3ed-0339065a18ce','0','2033',null,'2017-11-29 09:59:58','2033',0)
go
insert into md_enumvalue(description,dr,enumsequence,hidden,id,industry,name,resid,ts,value,versiontype) values( null,0,26,'N','55469794-d821-4365-a3ed-0339065a18ce','0','2034',null,'2017-11-29 09:59:58','2034',0)
go
insert into md_enumvalue(description,dr,enumsequence,hidden,id,industry,name,resid,ts,value,versiontype) values( null,0,47,'N','55469794-d821-4365-a3ed-0339065a18ce','0','21',null,'2017-11-29 09:59:58','21',0)
go
insert into md_enumvalue(description,dr,enumsequence,hidden,id,industry,name,resid,ts,value,versiontype) values( null,0,48,'N','55469794-d821-4365-a3ed-0339065a18ce','0','22',null,'2017-11-29 09:59:58','22',0)
go
insert into md_enumvalue(description,dr,enumsequence,hidden,id,industry,name,resid,ts,value,versiontype) values( null,0,49,'N','55469794-d821-4365-a3ed-0339065a18ce','0','23',null,'2017-11-29 09:59:58','23',0)
go
insert into md_enumvalue(description,dr,enumsequence,hidden,id,industry,name,resid,ts,value,versiontype) values( null,0,50,'N','55469794-d821-4365-a3ed-0339065a18ce','0','24',null,'2017-11-29 09:59:58','24',0)
go
insert into md_enumvalue(description,dr,enumsequence,hidden,id,industry,name,resid,ts,value,versiontype) values( null,0,51,'N','55469794-d821-4365-a3ed-0339065a18ce','0','25',null,'2017-11-29 09:59:58','25',0)
go
insert into md_enumvalue(description,dr,enumsequence,hidden,id,industry,name,resid,ts,value,versiontype) values( null,0,52,'N','55469794-d821-4365-a3ed-0339065a18ce','0','26',null,'2017-11-29 09:59:58','26',0)
go
insert into md_enumvalue(description,dr,enumsequence,hidden,id,industry,name,resid,ts,value,versiontype) values( null,0,53,'N','55469794-d821-4365-a3ed-0339065a18ce','0','27',null,'2017-11-29 09:59:58','27',0)
go
insert into md_enumvalue(description,dr,enumsequence,hidden,id,industry,name,resid,ts,value,versiontype) values( null,0,54,'N','55469794-d821-4365-a3ed-0339065a18ce','0','28',null,'2017-11-29 09:59:58','28',0)
go
insert into md_enumvalue(description,dr,enumsequence,hidden,id,industry,name,resid,ts,value,versiontype) values( null,0,55,'N','55469794-d821-4365-a3ed-0339065a18ce','0','29',null,'2017-11-29 09:59:58','29',0)
go
insert into md_enumvalue(description,dr,enumsequence,hidden,id,industry,name,resid,ts,value,versiontype) values( null,0,56,'N','55469794-d821-4365-a3ed-0339065a18ce','0','30',null,'2017-11-29 09:59:58','30',0)
go
insert into md_enumvalue(description,dr,enumsequence,hidden,id,industry,name,resid,ts,value,versiontype) values( null,0,57,'N','55469794-d821-4365-a3ed-0339065a18ce','0','31',null,'2017-11-29 09:59:58','31',0)
go
insert into md_enumvalue(description,dr,enumsequence,hidden,id,industry,name,resid,ts,value,versiontype) values( null,0,58,'N','55469794-d821-4365-a3ed-0339065a18ce','0','32',null,'2017-11-29 09:59:58','32',0)
go
insert into md_enumvalue(description,dr,enumsequence,hidden,id,industry,name,resid,ts,value,versiontype) values( null,0,59,'N','55469794-d821-4365-a3ed-0339065a18ce','0','33',null,'2017-11-29 09:59:58','33',0)
go
insert into md_enumvalue(description,dr,enumsequence,hidden,id,industry,name,resid,ts,value,versiontype) values( null,0,60,'N','55469794-d821-4365-a3ed-0339065a18ce','0','34',null,'2017-11-29 09:59:58','34',0)
go
insert into md_enumvalue(description,dr,enumsequence,hidden,id,industry,name,resid,ts,value,versiontype) values( null,0,61,'N','55469794-d821-4365-a3ed-0339065a18ce','0','35',null,'2017-11-29 09:59:58','35',0)
go
insert into md_enumvalue(description,dr,enumsequence,hidden,id,industry,name,resid,ts,value,versiontype) values( null,0,62,'N','55469794-d821-4365-a3ed-0339065a18ce','0','36',null,'2017-11-29 09:59:58','36',0)
go


insert into md_accessorpara(assosequence,dr,id,industry,paravalue,ts,versiontype) values( 0,0,'4c9f5cd7-d8c5-41c3-aa99-b3f12bdb54a8',null,'nc.vo.ta.leave.AggLeaveVO','2017-11-29 09:59:58',null)
go


insert into md_bizitfmap(bizinterfaceid,bizitfimpclassname,classattrid,classattrpath,classid,dr,industry,intattrid,ts,versiontype) values( '2fd714f0-b6b0-4aeb-906e-ead92767ce32',null,'cbbb75c2-65c1-4abc-8fa2-0c578b18adb2',null,'4c9f5cd7-d8c5-41c3-aa99-b3f12bdb54a8',0,null,'06e835cd-ea1d-4fea-b592-b702e228ae57','2017-11-29 09:59:58',null)
go
insert into md_bizitfmap(bizinterfaceid,bizitfimpclassname,classattrid,classattrpath,classid,dr,industry,intattrid,ts,versiontype) values( '2fd714f0-b6b0-4aeb-906e-ead92767ce32',null,null,null,'4c9f5cd7-d8c5-41c3-aa99-b3f12bdb54a8',0,null,'0bcd812c-4a13-4e86-83a9-24dbbf6e9cc2','2017-11-29 09:59:58',null)
go
insert into md_bizitfmap(bizinterfaceid,bizitfimpclassname,classattrid,classattrpath,classid,dr,industry,intattrid,ts,versiontype) values( '2fd714f0-b6b0-4aeb-906e-ead92767ce32',null,'b75cb04e-7b15-4eb7-9ed8-bcaa8fca0dbf',null,'4c9f5cd7-d8c5-41c3-aa99-b3f12bdb54a8',0,null,'0d045cc9-c178-489d-abbf-17c997e3b790','2017-11-29 09:59:58',null)
go
insert into md_bizitfmap(bizinterfaceid,bizitfimpclassname,classattrid,classattrpath,classid,dr,industry,intattrid,ts,versiontype) values( '60bdf1fb-95e3-43dc-8feb-f874de9293eb',null,'0d483745-01bb-48c6-b7cd-c71ca848cf9f',null,'4c9f5cd7-d8c5-41c3-aa99-b3f12bdb54a8',0,null,'25bd08e0-96da-40a6-bfc0-1298b2399f4a','2017-11-29 09:59:58',null)
go
insert into md_bizitfmap(bizinterfaceid,bizitfimpclassname,classattrid,classattrpath,classid,dr,industry,intattrid,ts,versiontype) values( '2fd714f0-b6b0-4aeb-906e-ead92767ce32',null,'ae813015-5f4f-4aa6-a693-785b96c69d20',null,'4c9f5cd7-d8c5-41c3-aa99-b3f12bdb54a8',0,null,'4458032b-f71e-46f5-9826-ce458009d21d','2017-11-29 09:59:58',null)
go
insert into md_bizitfmap(bizinterfaceid,bizitfimpclassname,classattrid,classattrpath,classid,dr,industry,intattrid,ts,versiontype) values( '5205ef20-5eae-4c75-bad8-16639152e622',null,null,null,'4c9f5cd7-d8c5-41c3-aa99-b3f12bdb54a8',0,null,'5205ef20-5eae-4c75-bad8-16639152e622','2017-11-29 09:59:58',null)
go
insert into md_bizitfmap(bizinterfaceid,bizitfimpclassname,classattrid,classattrpath,classid,dr,industry,intattrid,ts,versiontype) values( '6c8722b9-911a-489b-8d0d-18bd3734fcf6',null,'0d483745-01bb-48c6-b7cd-c71ca848cf9f',null,'4c9f5cd7-d8c5-41c3-aa99-b3f12bdb54a8',0,null,'5dd3c721-22ad-42b1-9c10-4351c236bc77','2017-11-29 09:59:58',null)
go
insert into md_bizitfmap(bizinterfaceid,bizitfimpclassname,classattrid,classattrpath,classid,dr,industry,intattrid,ts,versiontype) values( '2fd714f0-b6b0-4aeb-906e-ead92767ce32',null,'b2e6a705-a086-4d4e-8c74-75a1fd1e1fe2',null,'4c9f5cd7-d8c5-41c3-aa99-b3f12bdb54a8',0,null,'7d07c873-b21f-4d4c-a21c-92c43b9b7786','2017-11-29 09:59:58',null)
go
insert into md_bizitfmap(bizinterfaceid,bizitfimpclassname,classattrid,classattrpath,classid,dr,industry,intattrid,ts,versiontype) values( '2fd714f0-b6b0-4aeb-906e-ead92767ce32',null,'2615300e-d652-4a59-9032-d79569b2482f',null,'4c9f5cd7-d8c5-41c3-aa99-b3f12bdb54a8',0,null,'826357b1-1210-4ecf-8ebc-4d2dc0ab2813','2017-11-29 09:59:58',null)
go
insert into md_bizitfmap(bizinterfaceid,bizitfimpclassname,classattrid,classattrpath,classid,dr,industry,intattrid,ts,versiontype) values( '6c8722b9-911a-489b-8d0d-18bd3734fcf6',null,null,null,'4c9f5cd7-d8c5-41c3-aa99-b3f12bdb54a8',0,null,'89578a97-42fe-439b-827c-8eabd9e3604c','2017-11-29 09:59:58',null)
go
insert into md_bizitfmap(bizinterfaceid,bizitfimpclassname,classattrid,classattrpath,classid,dr,industry,intattrid,ts,versiontype) values( '2fd714f0-b6b0-4aeb-906e-ead92767ce32',null,'29e80d30-f2c4-4ce6-944e-e41485be40ed',null,'4c9f5cd7-d8c5-41c3-aa99-b3f12bdb54a8',0,null,'9d7601f0-4ed7-4dca-868d-1c2a976fe458','2017-11-29 09:59:58',null)
go
insert into md_bizitfmap(bizinterfaceid,bizitfimpclassname,classattrid,classattrpath,classid,dr,industry,intattrid,ts,versiontype) values( '6c8722b9-911a-489b-8d0d-18bd3734fcf6',null,'5daef05d-29a4-455a-bf2d-1b4b0b822fbb',null,'4c9f5cd7-d8c5-41c3-aa99-b3f12bdb54a8',0,null,'a47e6cda-09e4-480b-923f-ec6f41e3e06c','2017-11-29 09:59:58',null)
go
insert into md_bizitfmap(bizinterfaceid,bizitfimpclassname,classattrid,classattrpath,classid,dr,industry,intattrid,ts,versiontype) values( '2fd714f0-b6b0-4aeb-906e-ead92767ce32',null,null,null,'4c9f5cd7-d8c5-41c3-aa99-b3f12bdb54a8',0,null,'aa80f66e-f1e3-47cd-818c-e3218b7e207e','2017-11-29 09:59:58',null)
go
insert into md_bizitfmap(bizinterfaceid,bizitfimpclassname,classattrid,classattrpath,classid,dr,industry,intattrid,ts,versiontype) values( '2fd714f0-b6b0-4aeb-906e-ead92767ce32',null,null,null,'4c9f5cd7-d8c5-41c3-aa99-b3f12bdb54a8',0,null,'af163711-e50e-4692-8245-7694137d8896','2017-11-29 09:59:58',null)
go
insert into md_bizitfmap(bizinterfaceid,bizitfimpclassname,classattrid,classattrpath,classid,dr,industry,intattrid,ts,versiontype) values( '2fd714f0-b6b0-4aeb-906e-ead92767ce32',null,'b0002fbd-7372-417a-bb29-840d9f6a1c14',null,'4c9f5cd7-d8c5-41c3-aa99-b3f12bdb54a8',0,null,'bf83cd87-aafe-40b1-9545-ed506c8b7214','2017-11-29 09:59:58',null)
go
insert into md_bizitfmap(bizinterfaceid,bizitfimpclassname,classattrid,classattrpath,classid,dr,industry,intattrid,ts,versiontype) values( '6c8722b9-911a-489b-8d0d-18bd3734fcf6',null,null,null,'4c9f5cd7-d8c5-41c3-aa99-b3f12bdb54a8',0,null,'c8334364-7ab9-4266-8d4b-e74537935e46','2017-11-29 09:59:58',null)
go
insert into md_bizitfmap(bizinterfaceid,bizitfimpclassname,classattrid,classattrpath,classid,dr,industry,intattrid,ts,versiontype) values( '2fd714f0-b6b0-4aeb-906e-ead92767ce32',null,'41cbbe69-9a30-425c-865c-88450c976fc7',null,'4c9f5cd7-d8c5-41c3-aa99-b3f12bdb54a8',0,null,'d0eab74e-d8cd-4bba-bfa1-4920b307b565','2017-11-29 09:59:58',null)
go
insert into md_bizitfmap(bizinterfaceid,bizitfimpclassname,classattrid,classattrpath,classid,dr,industry,intattrid,ts,versiontype) values( '6c8722b9-911a-489b-8d0d-18bd3734fcf6',null,'41cbbe69-9a30-425c-865c-88450c976fc7',null,'4c9f5cd7-d8c5-41c3-aa99-b3f12bdb54a8',0,null,'d32cc17b-f415-415a-923f-0764443eb102','2017-11-29 09:59:58',null)
go
insert into md_bizitfmap(bizinterfaceid,bizitfimpclassname,classattrid,classattrpath,classid,dr,industry,intattrid,ts,versiontype) values( '2fd714f0-b6b0-4aeb-906e-ead92767ce32',null,null,null,'4c9f5cd7-d8c5-41c3-aa99-b3f12bdb54a8',0,null,'e112362d-181f-48d1-9e04-a96c95ec894a','2017-11-29 09:59:58',null)
go
insert into md_bizitfmap(bizinterfaceid,bizitfimpclassname,classattrid,classattrpath,classid,dr,industry,intattrid,ts,versiontype) values( '2fd714f0-b6b0-4aeb-906e-ead92767ce32',null,null,null,'4c9f5cd7-d8c5-41c3-aa99-b3f12bdb54a8',0,null,'e47f4da8-b109-472e-b4d9-f70ede7ef35f','2017-11-29 09:59:58',null)
go
insert into md_bizitfmap(bizinterfaceid,bizitfimpclassname,classattrid,classattrpath,classid,dr,industry,intattrid,ts,versiontype) values( '2fd714f0-b6b0-4aeb-906e-ead92767ce32',null,'0d483745-01bb-48c6-b7cd-c71ca848cf9f',null,'4c9f5cd7-d8c5-41c3-aa99-b3f12bdb54a8',0,null,'eb4f78a8-7a2d-4aa4-9817-f4418d11f25e','2017-11-29 09:59:58',null)
go
insert into md_bizitfmap(bizinterfaceid,bizitfimpclassname,classattrid,classattrpath,classid,dr,industry,intattrid,ts,versiontype) values( '6c8722b9-911a-489b-8d0d-18bd3734fcf6',null,'09bf11b1-36cf-464e-a8af-a3b5053e4a02',null,'4c9f5cd7-d8c5-41c3-aa99-b3f12bdb54a8',0,null,'ecf1b76a-6e44-42e2-a55e-87596504775b','2017-11-29 09:59:58',null)
go
insert into md_bizitfmap(bizinterfaceid,bizitfimpclassname,classattrid,classattrpath,classid,dr,industry,intattrid,ts,versiontype) values( '2fd714f0-b6b0-4aeb-906e-ead92767ce32',null,'09bf11b1-36cf-464e-a8af-a3b5053e4a02',null,'4c9f5cd7-d8c5-41c3-aa99-b3f12bdb54a8',0,null,'ef7713f8-4707-456a-92fe-091785b0c65e','2017-11-29 09:59:58',null)
go
insert into md_bizitfmap(bizinterfaceid,bizitfimpclassname,classattrid,classattrpath,classid,dr,industry,intattrid,ts,versiontype) values( '2fd714f0-b6b0-4aeb-906e-ead92767ce32',null,'29722b00-9259-4472-bb97-adb19a525345',null,'4c9f5cd7-d8c5-41c3-aa99-b3f12bdb54a8',0,null,'f82d84cd-d01d-4861-b4f4-4c708ded0c5b','2017-11-29 09:59:58',null)
go


insert into md_ormap(attributeid,classid,columnid,dr,tableid,ts) values( '06c3cbc3-a737-409f-9065-3a8b01711ec7','4c9f5cd7-d8c5-41c3-aa99-b3f12bdb54a8','tbm_leaveh@@@relatetel',0,'tbm_leaveh','2017-11-29 09:59:58')
go
insert into md_ormap(attributeid,classid,columnid,dr,tableid,ts) values( '09bf11b1-36cf-464e-a8af-a3b5053e4a02','4c9f5cd7-d8c5-41c3-aa99-b3f12bdb54a8','tbm_leaveh@@@pk_org',0,'tbm_leaveh','2017-11-29 09:59:58')
go
insert into md_ormap(attributeid,classid,columnid,dr,tableid,ts) values( '0d483745-01bb-48c6-b7cd-c71ca848cf9f','4c9f5cd7-d8c5-41c3-aa99-b3f12bdb54a8','tbm_leaveh@@PK@@',0,'tbm_leaveh','2017-11-29 09:59:58')
go
insert into md_ormap(attributeid,classid,columnid,dr,tableid,ts) values( '0e076e52-4c49-4003-8f93-d325183870d0','4c9f5cd7-d8c5-41c3-aa99-b3f12bdb54a8','tbm_leaveh@@@islactation',0,'tbm_leaveh','2017-11-29 09:59:58')
go
insert into md_ormap(attributeid,classid,columnid,dr,tableid,ts) values( '20ebceb7-f122-4d5d-9540-6c31fd91a113','4c9f5cd7-d8c5-41c3-aa99-b3f12bdb54a8','tbm_leaveh@@@resteddayorhour',0,'tbm_leaveh','2017-11-29 09:59:58')
go
insert into md_ormap(attributeid,classid,columnid,dr,tableid,ts) values( '24a284f3-5642-4717-8699-7e17cd9b1842','4c9f5cd7-d8c5-41c3-aa99-b3f12bdb54a8','tbm_leaveh@@@modifiedtime',0,'tbm_leaveh','2017-11-29 09:59:58')
go
insert into md_ormap(attributeid,classid,columnid,dr,tableid,ts) values( '2615300e-d652-4a59-9032-d79569b2482f','4c9f5cd7-d8c5-41c3-aa99-b3f12bdb54a8','tbm_leaveh@@@approver',0,'tbm_leaveh','2017-11-29 09:59:58')
go
insert into md_ormap(attributeid,classid,columnid,dr,tableid,ts) values( '29722b00-9259-4472-bb97-adb19a525345','4c9f5cd7-d8c5-41c3-aa99-b3f12bdb54a8','tbm_leaveh@@@pk_billtype',0,'tbm_leaveh','2017-11-29 09:59:58')
go
insert into md_ormap(attributeid,classid,columnid,dr,tableid,ts) values( '29e80d30-f2c4-4ce6-944e-e41485be40ed','4c9f5cd7-d8c5-41c3-aa99-b3f12bdb54a8','tbm_leaveh@@@transtype',0,'tbm_leaveh','2017-11-29 09:59:58')
go
insert into md_ormap(attributeid,classid,columnid,dr,tableid,ts) values( '2a756e3c-f2a5-472f-8df0-033dac9f4189','4c9f5cd7-d8c5-41c3-aa99-b3f12bdb54a8','tbm_leaveh@@@pk_leavetypecopy',0,'tbm_leaveh','2017-11-29 09:59:58')
go
insert into md_ormap(attributeid,classid,columnid,dr,tableid,ts) values( '37288bdf-00fe-4ac8-b005-e20658cac111','4c9f5cd7-d8c5-41c3-aa99-b3f12bdb54a8','tbm_leaveh@@@leaveyear',0,'tbm_leaveh','2017-11-29 09:59:58')
go
insert into md_ormap(attributeid,classid,columnid,dr,tableid,ts) values( '3e3677d7-5f75-480f-aad7-a96163039ae3','4c9f5cd7-d8c5-41c3-aa99-b3f12bdb54a8','tbm_leaveh@@@splitid',0,'tbm_leaveh','2017-11-29 09:59:58')
go
insert into md_ormap(attributeid,classid,columnid,dr,tableid,ts) values( '41cbbe69-9a30-425c-865c-88450c976fc7','4c9f5cd7-d8c5-41c3-aa99-b3f12bdb54a8','tbm_leaveh@@@bill_code',0,'tbm_leaveh','2017-11-29 09:59:58')
go
insert into md_ormap(attributeid,classid,columnid,dr,tableid,ts) values( '5628fc20-233c-4c8c-ac1c-d93944313615','4c9f5cd7-d8c5-41c3-aa99-b3f12bdb54a8','tbm_leaveh@@@realdayorhour',0,'tbm_leaveh','2017-11-29 09:59:58')
go
insert into md_ormap(attributeid,classid,columnid,dr,tableid,ts) values( '5daef05d-29a4-455a-bf2d-1b4b0b822fbb','4c9f5cd7-d8c5-41c3-aa99-b3f12bdb54a8','tbm_leaveh@@@pk_group',0,'tbm_leaveh','2017-11-29 09:59:58')
go
insert into md_ormap(attributeid,classid,columnid,dr,tableid,ts) values( '6523806f-2425-4b44-b610-910cecfa94d5','4c9f5cd7-d8c5-41c3-aa99-b3f12bdb54a8','tbm_leaveh@@@ishrssbill',0,'tbm_leaveh','2017-11-29 09:59:58')
go
insert into md_ormap(attributeid,classid,columnid,dr,tableid,ts) values( '74e95d27-80da-43e2-a918-4c18679e61d3','4c9f5cd7-d8c5-41c3-aa99-b3f12bdb54a8','tbm_leaveh@@@pk_psnjob',0,'tbm_leaveh','2017-11-29 09:59:58')
go
insert into md_ormap(attributeid,classid,columnid,dr,tableid,ts) values( '7b0566c5-2623-4668-96ee-397a8b04bff3','4c9f5cd7-d8c5-41c3-aa99-b3f12bdb54a8','tbm_leaveh@@@leavemonth',0,'tbm_leaveh','2017-11-29 09:59:58')
go
insert into md_ormap(attributeid,classid,columnid,dr,tableid,ts) values( '7edcc37a-37ac-463e-929b-4122a1ddbd8a','4c9f5cd7-d8c5-41c3-aa99-b3f12bdb54a8','tbm_leaveh@@@sumhour',0,'tbm_leaveh','2017-11-29 09:59:58')
go
insert into md_ormap(attributeid,classid,columnid,dr,tableid,ts) values( '808d0631-6f51-4d02-a291-e7442e2de11e','4c9f5cd7-d8c5-41c3-aa99-b3f12bdb54a8','tbm_leaveh@@@pk_org_v',0,'tbm_leaveh','2017-11-29 09:59:58')
go
insert into md_ormap(attributeid,classid,columnid,dr,tableid,ts) values( '810d8d68-155a-42b8-98cc-7b09ff0d3d6d','4c9f5cd7-d8c5-41c3-aa99-b3f12bdb54a8','tbm_leaveh@@@creationtime',0,'tbm_leaveh','2017-11-29 09:59:58')
go
insert into md_ormap(attributeid,classid,columnid,dr,tableid,ts) values( '8a3069c0-3742-4aa2-a3fa-73540291d293','4c9f5cd7-d8c5-41c3-aa99-b3f12bdb54a8','tbm_leaveh@@@pk_psnorg',0,'tbm_leaveh','2017-11-29 09:59:58')
go
insert into md_ormap(attributeid,classid,columnid,dr,tableid,ts) values( '9e1e1d7d-faa8-4d91-86db-63d334c3cd2e','4c9f5cd7-d8c5-41c3-aa99-b3f12bdb54a8','tbm_leaveh@@@leaveremark',0,'tbm_leaveh','2017-11-29 09:59:58')
go
insert into md_ormap(attributeid,classid,columnid,dr,tableid,ts) values( '9f52d39f-1ae3-4fdd-afab-25fc3113a2dd','4c9f5cd7-d8c5-41c3-aa99-b3f12bdb54a8','tbm_leaveh@@@modifier',0,'tbm_leaveh','2017-11-29 09:59:58')
go
insert into md_ormap(attributeid,classid,columnid,dr,tableid,ts) values( 'a29e98ff-f8fa-4fb7-a21b-220a340e25e9','4c9f5cd7-d8c5-41c3-aa99-b3f12bdb54a8','tbm_leaveh@@@pk_psndoc',0,'tbm_leaveh','2017-11-29 09:59:58')
go
insert into md_ormap(attributeid,classid,columnid,dr,tableid,ts) values( 'ad09571f-0135-4555-9f13-9f036a6a1bdf','4c9f5cd7-d8c5-41c3-aa99-b3f12bdb54a8','tbm_leaveh@@@fun_code',0,'tbm_leaveh','2017-11-29 09:59:58')
go
insert into md_ormap(attributeid,classid,columnid,dr,tableid,ts) values( 'ae813015-5f4f-4aa6-a693-785b96c69d20','4c9f5cd7-d8c5-41c3-aa99-b3f12bdb54a8','tbm_leaveh@@@billmaker',0,'tbm_leaveh','2017-11-29 09:59:58')
go
insert into md_ormap(attributeid,classid,columnid,dr,tableid,ts) values( 'b0002fbd-7372-417a-bb29-840d9f6a1c14','4c9f5cd7-d8c5-41c3-aa99-b3f12bdb54a8','tbm_leaveh@@@approve_note',0,'tbm_leaveh','2017-11-29 09:59:58')
go
insert into md_ormap(attributeid,classid,columnid,dr,tableid,ts) values( 'b033057b-6483-4ea3-b816-4afd4da005ab','4c9f5cd7-d8c5-41c3-aa99-b3f12bdb54a8','tbm_leaveh@@@freezedayorhour',0,'tbm_leaveh','2017-11-29 09:59:58')
go
insert into md_ormap(attributeid,classid,columnid,dr,tableid,ts) values( 'b041399f-ecf8-4836-ba31-43dfa8d06450','4c9f5cd7-d8c5-41c3-aa99-b3f12bdb54a8','tbm_leaveh@@@changelength',0,'tbm_leaveh','2017-11-29 09:59:58')
go
insert into md_ormap(attributeid,classid,columnid,dr,tableid,ts) values( 'b2129181-7860-4f9f-86e1-5cb4f7f56c0a','4c9f5cd7-d8c5-41c3-aa99-b3f12bdb54a8','tbm_leaveh@@@pk_leavetype',0,'tbm_leaveh','2017-11-29 09:59:58')
go
insert into md_ormap(attributeid,classid,columnid,dr,tableid,ts) values( 'b2e6a705-a086-4d4e-8c74-75a1fd1e1fe2','4c9f5cd7-d8c5-41c3-aa99-b3f12bdb54a8','tbm_leaveh@@@approve_time',0,'tbm_leaveh','2017-11-29 09:59:58')
go
insert into md_ormap(attributeid,classid,columnid,dr,tableid,ts) values( 'b75cb04e-7b15-4eb7-9ed8-bcaa8fca0dbf','4c9f5cd7-d8c5-41c3-aa99-b3f12bdb54a8','tbm_leaveh@@@approve_state',0,'tbm_leaveh','2017-11-29 09:59:58')
go
insert into md_ormap(attributeid,classid,columnid,dr,tableid,ts) values( 'b7bc4dde-3ab8-40fc-98bc-2f3d93c12232','4c9f5cd7-d8c5-41c3-aa99-b3f12bdb54a8','tbm_leaveh@@@usefuldayorhour',0,'tbm_leaveh','2017-11-29 09:59:58')
go
insert into md_ormap(attributeid,classid,columnid,dr,tableid,ts) values( 'bb351959-a573-4013-b842-6e59235084d1','4c9f5cd7-d8c5-41c3-aa99-b3f12bdb54a8','tbm_leaveh@@@apply_date',0,'tbm_leaveh','2017-11-29 09:59:58')
go
insert into md_ormap(attributeid,classid,columnid,dr,tableid,ts) values( 'bb9c8190-822e-47f6-9e88-95d06fc15a31','4c9f5cd7-d8c5-41c3-aa99-b3f12bdb54a8','tbm_leaveh@@@lactationhour',0,'tbm_leaveh','2017-11-29 09:59:58')
go
insert into md_ormap(attributeid,classid,columnid,dr,tableid,ts) values( 'c0a73515-2b94-4d11-a1a8-0b63c9138173','4c9f5cd7-d8c5-41c3-aa99-b3f12bdb54a8','tbm_leaveb@@@pk_leaveh',0,'tbm_leaveb','2017-11-29 09:59:58')
go
insert into md_ormap(attributeid,classid,columnid,dr,tableid,ts) values( 'cbbb75c2-65c1-4abc-8fa2-0c578b18adb2','4c9f5cd7-d8c5-41c3-aa99-b3f12bdb54a8','tbm_leaveh@@@transtypeid',0,'tbm_leaveh','2017-11-29 09:59:58')
go
insert into md_ormap(attributeid,classid,columnid,dr,tableid,ts) values( 'd7b85f45-b73c-4c1d-b72b-e74e3ba4acbb','4c9f5cd7-d8c5-41c3-aa99-b3f12bdb54a8','tbm_leaveh@@@leaveindex',0,'tbm_leaveh','2017-11-29 09:59:58')
go
insert into md_ormap(attributeid,classid,columnid,dr,tableid,ts) values( 'f9d159c6-0ce5-44c6-8f75-bbd52e97f6b9','4c9f5cd7-d8c5-41c3-aa99-b3f12bdb54a8','tbm_leaveh@@@pk_dept_v',0,'tbm_leaveh','2017-11-29 09:59:58')
go
insert into md_ormap(attributeid,classid,columnid,dr,tableid,ts) values( 'fc93efac-e5ac-4960-9b74-54e12d322dd3','4c9f5cd7-d8c5-41c3-aa99-b3f12bdb54a8','tbm_leaveh@@@creator',0,'tbm_leaveh','2017-11-29 09:59:58')
go
insert into md_ormap(attributeid,classid,columnid,dr,tableid,ts) values( 'fd4ab758-2845-4e60-8f2d-1c771f07250c','4c9f5cd7-d8c5-41c3-aa99-b3f12bdb54a8','tbm_leaveh@@@restdayorhour',0,'tbm_leaveh','2017-11-29 09:59:58')
go
insert into md_ormap(attributeid,classid,columnid,dr,tableid,ts) values( '01ad90b9-8b28-40d1-aa1c-70feacf5a8a9','94e4ffae-3096-4ee4-be1d-acd5819afc72','tbm_leaveb@@@pk_group',0,'tbm_leaveb','2017-11-29 09:59:58')
go
insert into md_ormap(attributeid,classid,columnid,dr,tableid,ts) values( '4050f632-087b-4152-aa8e-f00393685a9e','94e4ffae-3096-4ee4-be1d-acd5819afc72','tbm_leaveb@@@leaveremark',0,'tbm_leaveb','2017-11-29 09:59:58')
go
insert into md_ormap(attributeid,classid,columnid,dr,tableid,ts) values( '4e1a9aa9-7dfa-4eda-999c-6b0e7fd889c6','94e4ffae-3096-4ee4-be1d-acd5819afc72','tbm_leaveb@@@pk_leaveh',0,'tbm_leaveb','2017-11-29 09:59:58')
go
insert into md_ormap(attributeid,classid,columnid,dr,tableid,ts) values( '6a4f6ea1-1df2-4ba0-9fea-2fa458fec28a','94e4ffae-3096-4ee4-be1d-acd5819afc72','tbm_leaveb@@@lactationholidaytype',0,'tbm_leaveb','2017-11-29 09:59:58')
go
insert into md_ormap(attributeid,classid,columnid,dr,tableid,ts) values( '8d49d9f5-1607-4005-a799-bd156c299463','94e4ffae-3096-4ee4-be1d-acd5819afc72','tbm_leaveb@@@leaveendtime',0,'tbm_leaveb','2017-11-29 09:59:58')
go
insert into md_ormap(attributeid,classid,columnid,dr,tableid,ts) values( '8fd37b99-69e6-46b1-90b0-7a11747b7eef','94e4ffae-3096-4ee4-be1d-acd5819afc72','tbm_leaveb@@@leaveenddate',0,'tbm_leaveb','2017-11-29 09:59:58')
go
insert into md_ormap(attributeid,classid,columnid,dr,tableid,ts) values( '8fd7530a-31c4-4aa4-a456-70c9b0ccb338','94e4ffae-3096-4ee4-be1d-acd5819afc72','tbm_leaveb@@@pk_org',0,'tbm_leaveb','2017-11-29 09:59:58')
go
insert into md_ormap(attributeid,classid,columnid,dr,tableid,ts) values( 'b1a19a04-5b6c-4478-ad81-0274977d6033','94e4ffae-3096-4ee4-be1d-acd5819afc72','tbm_leaveb@@@leavehour',0,'tbm_leaveb','2017-11-29 09:59:58')
go
insert into md_ormap(attributeid,classid,columnid,dr,tableid,ts) values( 'c223a52b-58c6-4ac6-96a2-36e07b7784a7','94e4ffae-3096-4ee4-be1d-acd5819afc72','tbm_leaveb@@PK@@',0,'tbm_leaveb','2017-11-29 09:59:58')
go
insert into md_ormap(attributeid,classid,columnid,dr,tableid,ts) values( 'c6ec47e5-75c3-4ed8-b03a-2311b651b61c','94e4ffae-3096-4ee4-be1d-acd5819afc72','tbm_leaveb@@@workprocess',0,'tbm_leaveb','2017-11-29 09:59:58')
go
insert into md_ormap(attributeid,classid,columnid,dr,tableid,ts) values( 'c9a8c3a4-c9aa-4a1d-8310-ee844609b721','94e4ffae-3096-4ee4-be1d-acd5819afc72','tbm_leaveb@@@leavebegindate',0,'tbm_leaveb','2017-11-29 09:59:58')
go
insert into md_ormap(attributeid,classid,columnid,dr,tableid,ts) values( 'd567cff7-41f6-45d6-89cf-6c4aa9dfff3c','94e4ffae-3096-4ee4-be1d-acd5819afc72','tbm_leaveb@@@pk_agentpsn',0,'tbm_leaveb','2017-11-29 09:59:58')
go
insert into md_ormap(attributeid,classid,columnid,dr,tableid,ts) values( 'd933ce66-1128-44b5-ab08-caaecabb78bb','94e4ffae-3096-4ee4-be1d-acd5819afc72','tbm_leaveb@@@leavebegintime',0,'tbm_leaveb','2017-11-29 09:59:58')
go


insert into md_table(createtime,creator,databaseid,description,displayname,dr,fromsourcebmf,help,id,industry,isactive,isextendtable,modifier,modifytime,name,parenttable,resid,resmodule,ts,versiontype) values( '2010-11-24 14:36:50',null,null,null,'休假申请单子表',0,'Y',null,'tbm_leaveb','0',null,null,null,'2017-11-29 09:43:40','tbm_leaveb',null,'2leave-000019','leave','2017-11-29 09:59:58',0)
go
insert into md_table(createtime,creator,databaseid,description,displayname,dr,fromsourcebmf,help,id,industry,isactive,isextendtable,modifier,modifytime,name,parenttable,resid,resmodule,ts,versiontype) values( '2010-08-25 09:27:30',null,null,null,'休假申请单',0,'Y',null,'tbm_leaveh','0',null,null,null,'2017-11-29 09:43:40','tbm_leaveh',null,'2leave-000035','leave','2017-11-29 09:59:58',0)
go


insert into md_column(columnlength,columnsequence,columntype,createtime,creator,defaultvalue,description,displayname,dr,forlocale,groupid,help,id,identitied,incrementseed,incrementstep,isactive,modifier,modifytime,name,nullable,pkey,precise,resid,sqldatetype,tableid,ts,versiontype) values( 0,15,0,null,null,null,null,'哺乳时段',0,'N',null,null,'tbm_leaveb@@@lactationholidaytype',null,null,null,'Y',null,null,'lactationholidaytype','Y','N',0,'2leave-000020','int','tbm_leaveb','2017-11-29 09:59:58',0)
go
insert into md_column(columnlength,columnsequence,columntype,createtime,creator,defaultvalue,description,displayname,dr,forlocale,groupid,help,id,identitied,incrementseed,incrementstep,isactive,modifier,modifytime,name,nullable,pkey,precise,resid,sqldatetype,tableid,ts,versiontype) values( 10,4,0,null,null,null,null,'休假开始日期',0,'N',null,null,'tbm_leaveb@@@leavebegindate',null,null,null,'Y',null,null,'leavebegindate','Y','N',0,'2leave-000024','char','tbm_leaveb','2017-11-29 09:59:58',0)
go
insert into md_column(columnlength,columnsequence,columntype,createtime,creator,defaultvalue,description,displayname,dr,forlocale,groupid,help,id,identitied,incrementseed,incrementstep,isactive,modifier,modifytime,name,nullable,pkey,precise,resid,sqldatetype,tableid,ts,versiontype) values( 19,5,0,null,null,null,null,'休假开始时间',0,'N',null,null,'tbm_leaveb@@@leavebegintime',null,null,null,'Y',null,null,'leavebegintime','Y','N',0,'2leave-000025','char','tbm_leaveb','2017-11-29 09:59:58',0)
go
insert into md_column(columnlength,columnsequence,columntype,createtime,creator,defaultvalue,description,displayname,dr,forlocale,groupid,help,id,identitied,incrementseed,incrementstep,isactive,modifier,modifytime,name,nullable,pkey,precise,resid,sqldatetype,tableid,ts,versiontype) values( 10,6,0,null,null,null,null,'休假结束日期',0,'N',null,null,'tbm_leaveb@@@leaveenddate',null,null,null,'Y',null,null,'leaveenddate','Y','N',0,'2leave-000002','char','tbm_leaveb','2017-11-29 09:59:58',0)
go
insert into md_column(columnlength,columnsequence,columntype,createtime,creator,defaultvalue,description,displayname,dr,forlocale,groupid,help,id,identitied,incrementseed,incrementstep,isactive,modifier,modifytime,name,nullable,pkey,precise,resid,sqldatetype,tableid,ts,versiontype) values( 19,7,0,null,null,null,null,'休假结束时间',0,'N',null,null,'tbm_leaveb@@@leaveendtime',null,null,null,'Y',null,null,'leaveendtime','Y','N',0,'2leave-000012','char','tbm_leaveb','2017-11-29 09:59:58',0)
go
insert into md_column(columnlength,columnsequence,columntype,createtime,creator,defaultvalue,description,displayname,dr,forlocale,groupid,help,id,identitied,incrementseed,incrementstep,isactive,modifier,modifytime,name,nullable,pkey,precise,resid,sqldatetype,tableid,ts,versiontype) values( 16,8,0,null,null,null,null,'休假时长',0,'N',null,null,'tbm_leaveb@@@leavehour',null,null,null,'Y',null,null,'leavehour','Y','N',4,'2leave-000015','decimal','tbm_leaveb','2017-11-29 09:59:58',0)
go
insert into md_column(columnlength,columnsequence,columntype,createtime,creator,defaultvalue,description,displayname,dr,forlocale,groupid,help,id,identitied,incrementseed,incrementstep,isactive,modifier,modifytime,name,nullable,pkey,precise,resid,sqldatetype,tableid,ts,versiontype) values( 512,9,0,null,null,null,null,'休假说明',0,'Y',null,null,'tbm_leaveb@@@leaveremark',null,null,null,'Y',null,null,'leaveremark','Y','N',0,'2leave-000034','varchar','tbm_leaveb','2017-11-29 09:59:58',0)
go
insert into md_column(columnlength,columnsequence,columntype,createtime,creator,defaultvalue,description,displayname,dr,forlocale,groupid,help,id,identitied,incrementseed,incrementstep,isactive,modifier,modifytime,name,nullable,pkey,precise,resid,sqldatetype,tableid,ts,versiontype) values( 20,16,0,null,null,'*~',null,'工作交接人',0,'N',null,null,'tbm_leaveb@@@pk_agentpsn',null,null,null,'Y',null,null,'pk_agentpsn','Y','N',0,'2leave-000033','varchar','tbm_leaveb','2017-11-29 09:59:58',0)
go
insert into md_column(columnlength,columnsequence,columntype,createtime,creator,defaultvalue,description,displayname,dr,forlocale,groupid,help,id,identitied,incrementseed,incrementstep,isactive,modifier,modifytime,name,nullable,pkey,precise,resid,sqldatetype,tableid,ts,versiontype) values( 20,2,0,null,null,null,null,'所属集团',0,'N',null,null,'tbm_leaveb@@@pk_group',null,null,null,'Y',null,null,'pk_group','N','N',0,'2UC000-000367','char','tbm_leaveb','2017-11-29 09:59:58',0)
go
insert into md_column(columnlength,columnsequence,columntype,createtime,creator,defaultvalue,description,displayname,dr,forlocale,groupid,help,id,identitied,incrementseed,incrementstep,isactive,modifier,modifytime,name,nullable,pkey,precise,resid,sqldatetype,tableid,ts,versiontype) values( 20,1,0,null,null,'*~',null,'休假单主键',0,'N',null,'IgnoreRefCheck','tbm_leaveb@@@pk_leaveh',null,null,null,'Y',null,null,'pk_leaveh','Y','N',0,'2leave-000044','varchar','tbm_leaveb','2017-11-29 09:59:58',0)
go
insert into md_column(columnlength,columnsequence,columntype,createtime,creator,defaultvalue,description,displayname,dr,forlocale,groupid,help,id,identitied,incrementseed,incrementstep,isactive,modifier,modifytime,name,nullable,pkey,precise,resid,sqldatetype,tableid,ts,versiontype) values( 20,3,0,null,null,null,null,'所属组织',0,'N',null,null,'tbm_leaveb@@@pk_org',null,null,null,'Y',null,null,'pk_org','N','N',0,'2UC000-000360','char','tbm_leaveb','2017-11-29 09:59:58',0)
go
insert into md_column(columnlength,columnsequence,columntype,createtime,creator,defaultvalue,description,displayname,dr,forlocale,groupid,help,id,identitied,incrementseed,incrementstep,isactive,modifier,modifytime,name,nullable,pkey,precise,resid,sqldatetype,tableid,ts,versiontype) values( 512,17,0,null,null,null,null,'工作交接情况',0,'Y',null,null,'tbm_leaveb@@@workprocess',null,null,null,'Y',null,null,'workprocess','Y','N',0,'2leave-000023','varchar','tbm_leaveb','2017-11-29 09:59:58',0)
go
insert into md_column(columnlength,columnsequence,columntype,createtime,creator,defaultvalue,description,displayname,dr,forlocale,groupid,help,id,identitied,incrementseed,incrementstep,isactive,modifier,modifytime,name,nullable,pkey,precise,resid,sqldatetype,tableid,ts,versiontype) values( 20,0,0,null,null,null,null,'休假单子表主键',0,'N',null,null,'tbm_leaveb@@PK@@',null,null,null,'Y',null,null,'pk_leaveb','N','Y',0,'2leave-000014','char','tbm_leaveb','2017-11-29 09:59:58',0)
go
insert into md_column(columnlength,columnsequence,columntype,createtime,creator,defaultvalue,description,displayname,dr,forlocale,groupid,help,id,identitied,incrementseed,incrementstep,isactive,modifier,modifytime,name,nullable,pkey,precise,resid,sqldatetype,tableid,ts,versiontype) values( 10,31,0,null,null,null,null,'申请日期',0,'N',null,null,'tbm_leaveh@@@apply_date',null,null,null,'Y',null,null,'apply_date','Y','N',0,'2UC000-000648','char','tbm_leaveh','2017-11-29 09:59:58',0)
go
insert into md_column(columnlength,columnsequence,columntype,createtime,creator,defaultvalue,description,displayname,dr,forlocale,groupid,help,id,identitied,incrementseed,incrementstep,isactive,modifier,modifytime,name,nullable,pkey,precise,resid,sqldatetype,tableid,ts,versiontype) values( 512,33,0,null,null,null,null,'审批意见',0,'Y',null,null,'tbm_leaveh@@@approve_note',null,null,null,'Y',null,null,'approve_note','Y','N',0,'2UC000-000272','varchar','tbm_leaveh','2017-11-29 09:59:58',0)
go
insert into md_column(columnlength,columnsequence,columntype,createtime,creator,defaultvalue,description,displayname,dr,forlocale,groupid,help,id,identitied,incrementseed,incrementstep,isactive,modifier,modifytime,name,nullable,pkey,precise,resid,sqldatetype,tableid,ts,versiontype) values( 0,4,0,null,null,null,null,'单据状态',0,'N',null,null,'tbm_leaveh@@@approve_state',null,null,null,'Y',null,null,'approve_state','N','N',0,'2UC000-000192','int','tbm_leaveh','2017-11-29 09:59:58',0)
go
insert into md_column(columnlength,columnsequence,columntype,createtime,creator,defaultvalue,description,displayname,dr,forlocale,groupid,help,id,identitied,incrementseed,incrementstep,isactive,modifier,modifytime,name,nullable,pkey,precise,resid,sqldatetype,tableid,ts,versiontype) values( 19,34,0,null,null,null,null,'审批时间',0,'N',null,null,'tbm_leaveh@@@approve_time',null,null,null,'Y',null,null,'approve_time','Y','N',0,'2UC000-000275','char','tbm_leaveh','2017-11-29 09:59:58',0)
go
insert into md_column(columnlength,columnsequence,columntype,createtime,creator,defaultvalue,description,displayname,dr,forlocale,groupid,help,id,identitied,incrementseed,incrementstep,isactive,modifier,modifytime,name,nullable,pkey,precise,resid,sqldatetype,tableid,ts,versiontype) values( 20,32,0,null,null,'*~',null,'审批人',0,'N',null,null,'tbm_leaveh@@@approver',null,null,null,'Y',null,null,'approver','Y','N',0,'2UC000-000271','varchar','tbm_leaveh','2017-11-29 09:59:58',0)
go
insert into md_column(columnlength,columnsequence,columntype,createtime,creator,defaultvalue,description,displayname,dr,forlocale,groupid,help,id,identitied,incrementseed,incrementstep,isactive,modifier,modifytime,name,nullable,pkey,precise,resid,sqldatetype,tableid,ts,versiontype) values( 80,3,0,null,null,null,null,'单据编码',0,'N',null,null,'tbm_leaveh@@@bill_code',null,null,null,'Y',null,null,'bill_code','N','N',0,'2UC000-000199','varchar','tbm_leaveh','2017-11-29 09:59:58',0)
go
insert into md_column(columnlength,columnsequence,columntype,createtime,creator,defaultvalue,description,displayname,dr,forlocale,groupid,help,id,identitied,incrementseed,incrementstep,isactive,modifier,modifytime,name,nullable,pkey,precise,resid,sqldatetype,tableid,ts,versiontype) values( 20,30,0,null,null,null,null,'申请人',0,'N',null,null,'tbm_leaveh@@@billmaker',null,null,null,'Y',null,null,'billmaker','N','N',0,'2UC000-000646','char','tbm_leaveh','2017-11-29 09:59:58',0)
go
insert into md_column(columnlength,columnsequence,columntype,createtime,creator,defaultvalue,description,displayname,dr,forlocale,groupid,help,id,identitied,incrementseed,incrementstep,isactive,modifier,modifytime,name,nullable,pkey,precise,resid,sqldatetype,tableid,ts,versiontype) values( 16,41,0,null,null,null,null,'调整时长',0,'N',null,null,'tbm_leaveh@@@changelength',null,null,null,'Y',null,null,'changelength','Y','N',4,'2leaveExt-00001','decimal','tbm_leaveh','2017-11-29 09:59:58',0)
go
insert into md_column(columnlength,columnsequence,columntype,createtime,creator,defaultvalue,description,displayname,dr,forlocale,groupid,help,id,identitied,incrementseed,incrementstep,isactive,modifier,modifytime,name,nullable,pkey,precise,resid,sqldatetype,tableid,ts,versiontype) values( 19,35,0,null,null,null,null,'创建时间',0,'N',null,null,'tbm_leaveh@@@creationtime',null,null,null,'Y',null,null,'creationtime','Y','N',0,'2UC000-000157','char','tbm_leaveh','2017-11-29 09:59:58',0)
go
insert into md_column(columnlength,columnsequence,columntype,createtime,creator,defaultvalue,description,displayname,dr,forlocale,groupid,help,id,identitied,incrementseed,incrementstep,isactive,modifier,modifytime,name,nullable,pkey,precise,resid,sqldatetype,tableid,ts,versiontype) values( 20,36,0,null,null,'*~',null,'创建人',0,'N',null,null,'tbm_leaveh@@@creator',null,null,null,'Y',null,null,'creator','Y','N',0,'2UC000-000155','varchar','tbm_leaveh','2017-11-29 09:59:58',0)
go
insert into md_column(columnlength,columnsequence,columntype,createtime,creator,defaultvalue,description,displayname,dr,forlocale,groupid,help,id,identitied,incrementseed,incrementstep,isactive,modifier,modifytime,name,nullable,pkey,precise,resid,sqldatetype,tableid,ts,versiontype) values( 16,21,0,null,null,null,null,'冻结时长',0,'N',null,null,'tbm_leaveh@@@freezedayorhour',null,null,null,'Y',null,null,'freezedayorhour','Y','N',4,'2leave-000001','decimal','tbm_leaveh','2017-11-29 09:59:58',0)
go
insert into md_column(columnlength,columnsequence,columntype,createtime,creator,defaultvalue,description,displayname,dr,forlocale,groupid,help,id,identitied,incrementseed,incrementstep,isactive,modifier,modifytime,name,nullable,pkey,precise,resid,sqldatetype,tableid,ts,versiontype) values( 80,25,0,null,null,null,null,'审批流节点号',0,'N',null,null,'tbm_leaveh@@@fun_code',null,null,null,'Y',null,null,'fun_code','Y','N',0,'2leave-000026','varchar','tbm_leaveh','2017-11-29 09:59:58',0)
go
insert into md_column(columnlength,columnsequence,columntype,createtime,creator,defaultvalue,description,displayname,dr,forlocale,groupid,help,id,identitied,incrementseed,incrementstep,isactive,modifier,modifytime,name,nullable,pkey,precise,resid,sqldatetype,tableid,ts,versiontype) values( 1,26,0,null,null,null,null,'是否员工自助增加',0,'N',null,null,'tbm_leaveh@@@ishrssbill',null,null,null,'Y',null,null,'ishrssbill','Y','N',0,'2leave-000008','char','tbm_leaveh','2017-11-29 09:59:58',0)
go
insert into md_column(columnlength,columnsequence,columntype,createtime,creator,defaultvalue,description,displayname,dr,forlocale,groupid,help,id,identitied,incrementseed,incrementstep,isactive,modifier,modifytime,name,nullable,pkey,precise,resid,sqldatetype,tableid,ts,versiontype) values( 1,24,0,null,null,null,null,'是否哺乳假',0,'N',null,null,'tbm_leaveh@@@islactation',null,null,null,'Y',null,null,'islactation','Y','N',0,'2leave-000010','char','tbm_leaveh','2017-11-29 09:59:58',0)
go
insert into md_column(columnlength,columnsequence,columntype,createtime,creator,defaultvalue,description,displayname,dr,forlocale,groupid,help,id,identitied,incrementseed,incrementstep,isactive,modifier,modifytime,name,nullable,pkey,precise,resid,sqldatetype,tableid,ts,versiontype) values( 16,23,0,null,null,null,null,'单日哺乳时长',0,'N',null,null,'tbm_leaveh@@@lactationhour',null,null,null,'Y',null,null,'lactationhour','Y','N',4,'2leave-000017','decimal','tbm_leaveh','2017-11-29 09:59:58',0)
go
insert into md_column(columnlength,columnsequence,columntype,createtime,creator,defaultvalue,description,displayname,dr,forlocale,groupid,help,id,identitied,incrementseed,incrementstep,isactive,modifier,modifytime,name,nullable,pkey,precise,resid,sqldatetype,tableid,ts,versiontype) values( 0,14,0,null,null,'1',null,'假期结算记录顺序号',0,'N',null,null,'tbm_leaveh@@@leaveindex',null,null,null,'Y',null,null,'leaveindex','Y','N',0,'2leave-000016','int','tbm_leaveh','2017-11-29 09:59:58',0)
go
insert into md_column(columnlength,columnsequence,columntype,createtime,creator,defaultvalue,description,displayname,dr,forlocale,groupid,help,id,identitied,incrementseed,incrementstep,isactive,modifier,modifytime,name,nullable,pkey,precise,resid,sqldatetype,tableid,ts,versiontype) values( 50,13,0,null,null,null,null,'假期期间',0,'N',null,null,'tbm_leaveh@@@leavemonth',null,null,null,'Y',null,null,'leavemonth','Y','N',0,'2leave-000003','varchar','tbm_leaveh','2017-11-29 09:59:58',0)
go
insert into md_column(columnlength,columnsequence,columntype,createtime,creator,defaultvalue,description,displayname,dr,forlocale,groupid,help,id,identitied,incrementseed,incrementstep,isactive,modifier,modifytime,name,nullable,pkey,precise,resid,sqldatetype,tableid,ts,versiontype) values( 512,15,0,null,null,null,null,'休假说明',0,'Y',null,null,'tbm_leaveh@@@leaveremark',null,null,null,'Y',null,null,'leaveremark','Y','N',0,'2leave-000034','varchar','tbm_leaveh','2017-11-29 09:59:58',0)
go
insert into md_column(columnlength,columnsequence,columntype,createtime,creator,defaultvalue,description,displayname,dr,forlocale,groupid,help,id,identitied,incrementseed,incrementstep,isactive,modifier,modifytime,name,nullable,pkey,precise,resid,sqldatetype,tableid,ts,versiontype) values( 50,12,0,null,null,null,null,'假期年度',0,'N',null,null,'tbm_leaveh@@@leaveyear',null,null,null,'Y',null,null,'leaveyear','Y','N',0,'2leave-000036','varchar','tbm_leaveh','2017-11-29 09:59:58',0)
go
insert into md_column(columnlength,columnsequence,columntype,createtime,creator,defaultvalue,description,displayname,dr,forlocale,groupid,help,id,identitied,incrementseed,incrementstep,isactive,modifier,modifytime,name,nullable,pkey,precise,resid,sqldatetype,tableid,ts,versiontype) values( 19,37,0,null,null,null,null,'修改时间',0,'N',null,null,'tbm_leaveh@@@modifiedtime',null,null,null,'Y',null,null,'modifiedtime','Y','N',0,'2UC000-000100','char','tbm_leaveh','2017-11-29 09:59:58',0)
go
insert into md_column(columnlength,columnsequence,columntype,createtime,creator,defaultvalue,description,displayname,dr,forlocale,groupid,help,id,identitied,incrementseed,incrementstep,isactive,modifier,modifytime,name,nullable,pkey,precise,resid,sqldatetype,tableid,ts,versiontype) values( 20,38,0,null,null,'*~',null,'修改人',0,'N',null,null,'tbm_leaveh@@@modifier',null,null,null,'Y',null,null,'modifier','Y','N',0,'2UC000-000098','varchar','tbm_leaveh','2017-11-29 09:59:58',0)
go
insert into md_column(columnlength,columnsequence,columntype,createtime,creator,defaultvalue,description,displayname,dr,forlocale,groupid,help,id,identitied,incrementseed,incrementstep,isactive,modifier,modifytime,name,nullable,pkey,precise,resid,sqldatetype,tableid,ts,versiontype) values( 50,27,0,null,null,null,null,'单据类型',0,'N',null,null,'tbm_leaveh@@@pk_billtype',null,null,null,'Y',null,null,'pk_billtype','N','N',0,'2UC000-000194','varchar','tbm_leaveh','2017-11-29 09:59:58',0)
go
insert into md_column(columnlength,columnsequence,columntype,createtime,creator,defaultvalue,description,displayname,dr,forlocale,groupid,help,id,identitied,incrementseed,incrementstep,isactive,modifier,modifytime,name,nullable,pkey,precise,resid,sqldatetype,tableid,ts,versiontype) values( 20,9,0,null,null,'*~',null,'部门',0,'N',null,null,'tbm_leaveh@@@pk_dept_v',null,null,null,'Y',null,null,'pk_dept_v','Y','N',0,'2UC000-000972','varchar','tbm_leaveh','2017-11-29 09:59:58',0)
go
insert into md_column(columnlength,columnsequence,columntype,createtime,creator,defaultvalue,description,displayname,dr,forlocale,groupid,help,id,identitied,incrementseed,incrementstep,isactive,modifier,modifytime,name,nullable,pkey,precise,resid,sqldatetype,tableid,ts,versiontype) values( 20,1,0,null,null,null,null,'所属集团',0,'N',null,null,'tbm_leaveh@@@pk_group',null,null,null,'Y',null,null,'pk_group','N','N',0,'2UC000-000367','char','tbm_leaveh','2017-11-29 09:59:58',0)
go
insert into md_column(columnlength,columnsequence,columntype,createtime,creator,defaultvalue,description,displayname,dr,forlocale,groupid,help,id,identitied,incrementseed,incrementstep,isactive,modifier,modifytime,name,nullable,pkey,precise,resid,sqldatetype,tableid,ts,versiontype) values( 20,10,0,null,null,null,null,'休假类别',0,'N',null,null,'tbm_leaveh@@@pk_leavetype',null,null,null,'Y',null,null,'pk_leavetype','N','N',0,'2leave-000041','char','tbm_leaveh','2017-11-29 09:59:58',0)
go
insert into md_column(columnlength,columnsequence,columntype,createtime,creator,defaultvalue,description,displayname,dr,forlocale,groupid,help,id,identitied,incrementseed,incrementstep,isactive,modifier,modifytime,name,nullable,pkey,precise,resid,sqldatetype,tableid,ts,versiontype) values( 20,11,0,null,null,'*~',null,'休假类别实例',0,'N',null,null,'tbm_leaveh@@@pk_leavetypecopy',null,null,null,'Y',null,null,'pk_leavetypecopy','Y','N',0,'2leave-000032','varchar','tbm_leaveh','2017-11-29 09:59:58',0)
go
insert into md_column(columnlength,columnsequence,columntype,createtime,creator,defaultvalue,description,displayname,dr,forlocale,groupid,help,id,identitied,incrementseed,incrementstep,isactive,modifier,modifytime,name,nullable,pkey,precise,resid,sqldatetype,tableid,ts,versiontype) values( 20,2,0,null,null,null,null,'所属组织',0,'N',null,null,'tbm_leaveh@@@pk_org',null,null,null,'Y',null,null,'pk_org','N','N',0,'2UC000-000360','char','tbm_leaveh','2017-11-29 09:59:58',0)
go
insert into md_column(columnlength,columnsequence,columntype,createtime,creator,defaultvalue,description,displayname,dr,forlocale,groupid,help,id,identitied,incrementseed,incrementstep,isactive,modifier,modifytime,name,nullable,pkey,precise,resid,sqldatetype,tableid,ts,versiontype) values( 20,8,0,null,null,'*~',null,'组织',0,'N',null,null,'tbm_leaveh@@@pk_org_v',null,null,null,'Y',null,null,'pk_org_v','Y','N',0,'2UC000-000693','varchar','tbm_leaveh','2017-11-29 09:59:58',0)
go
insert into md_column(columnlength,columnsequence,columntype,createtime,creator,defaultvalue,description,displayname,dr,forlocale,groupid,help,id,identitied,incrementseed,incrementstep,isactive,modifier,modifytime,name,nullable,pkey,precise,resid,sqldatetype,tableid,ts,versiontype) values( 20,5,0,null,null,'*~',null,'人员基本信息',0,'N',null,null,'tbm_leaveh@@@pk_psndoc',null,null,null,'Y',null,null,'pk_psndoc','Y','N',0,'2leave-000009','varchar','tbm_leaveh','2017-11-29 09:59:58',0)
go
insert into md_column(columnlength,columnsequence,columntype,createtime,creator,defaultvalue,description,displayname,dr,forlocale,groupid,help,id,identitied,incrementseed,incrementstep,isactive,modifier,modifytime,name,nullable,pkey,precise,resid,sqldatetype,tableid,ts,versiontype) values( 20,7,0,null,null,null,null,'人员工作记录',0,'N',null,null,'tbm_leaveh@@@pk_psnjob',null,null,null,'Y',null,null,'pk_psnjob','N','N',0,'2leave-000040','char','tbm_leaveh','2017-11-29 09:59:58',0)
go
insert into md_column(columnlength,columnsequence,columntype,createtime,creator,defaultvalue,description,displayname,dr,forlocale,groupid,help,id,identitied,incrementseed,incrementstep,isactive,modifier,modifytime,name,nullable,pkey,precise,resid,sqldatetype,tableid,ts,versiontype) values( 20,6,0,null,null,'*~',null,'人员组织关系',0,'N',null,null,'tbm_leaveh@@@pk_psnorg',null,null,null,'Y',null,null,'pk_psnorg','Y','N',0,'2leave-000038','varchar','tbm_leaveh','2017-11-29 09:59:58',0)
go
insert into md_column(columnlength,columnsequence,columntype,createtime,creator,defaultvalue,description,displayname,dr,forlocale,groupid,help,id,identitied,incrementseed,incrementstep,isactive,modifier,modifytime,name,nullable,pkey,precise,resid,sqldatetype,tableid,ts,versiontype) values( 16,19,0,null,null,null,null,'享有时长',0,'N',null,null,'tbm_leaveh@@@realdayorhour',null,null,null,'Y',null,null,'realdayorhour','Y','N',4,'2leave-000013','decimal','tbm_leaveh','2017-11-29 09:59:58',0)
go
insert into md_column(columnlength,columnsequence,columntype,createtime,creator,defaultvalue,description,displayname,dr,forlocale,groupid,help,id,identitied,incrementseed,incrementstep,isactive,modifier,modifytime,name,nullable,pkey,precise,resid,sqldatetype,tableid,ts,versiontype) values( 50,16,0,null,null,null,null,'假期联系电话',0,'N',null,null,'tbm_leaveh@@@relatetel',null,null,null,'Y',null,null,'relatetel','Y','N',0,'2leave-000021','varchar','tbm_leaveh','2017-11-29 09:59:58',0)
go
insert into md_column(columnlength,columnsequence,columntype,createtime,creator,defaultvalue,description,displayname,dr,forlocale,groupid,help,id,identitied,incrementseed,incrementstep,isactive,modifier,modifytime,name,nullable,pkey,precise,resid,sqldatetype,tableid,ts,versiontype) values( 16,20,0,null,null,null,null,'结余时长',0,'N',null,null,'tbm_leaveh@@@restdayorhour',null,null,null,'Y',null,null,'restdayorhour','Y','N',4,'2leave-000042','decimal','tbm_leaveh','2017-11-29 09:59:58',0)
go
insert into md_column(columnlength,columnsequence,columntype,createtime,creator,defaultvalue,description,displayname,dr,forlocale,groupid,help,id,identitied,incrementseed,incrementstep,isactive,modifier,modifytime,name,nullable,pkey,precise,resid,sqldatetype,tableid,ts,versiontype) values( 16,18,0,null,null,null,null,'已休时长',0,'N',null,null,'tbm_leaveh@@@resteddayorhour',null,null,null,'Y',null,null,'resteddayorhour','Y','N',4,'2leave-000027','decimal','tbm_leaveh','2017-11-29 09:59:58',0)
go
insert into md_column(columnlength,columnsequence,columntype,createtime,creator,defaultvalue,description,displayname,dr,forlocale,groupid,help,id,identitied,incrementseed,incrementstep,isactive,modifier,modifytime,name,nullable,pkey,precise,resid,sqldatetype,tableid,ts,versiontype) values( 20,40,0,null,null,null,null,'拆单id',0,'N',null,null,'tbm_leaveh@@@splitid',null,null,null,'Y',null,null,'splitid','Y','N',0,'2leave-000028','char','tbm_leaveh','2017-11-29 09:59:58',0)
go
insert into md_column(columnlength,columnsequence,columntype,createtime,creator,defaultvalue,description,displayname,dr,forlocale,groupid,help,id,identitied,incrementseed,incrementstep,isactive,modifier,modifytime,name,nullable,pkey,precise,resid,sqldatetype,tableid,ts,versiontype) values( 16,17,0,null,null,null,null,'休假总时长',0,'N',null,null,'tbm_leaveh@@@sumhour',null,null,null,'Y',null,null,'sumhour','Y','N',4,'2leave-000031','decimal','tbm_leaveh','2017-11-29 09:59:58',0)
go
insert into md_column(columnlength,columnsequence,columntype,createtime,creator,defaultvalue,description,displayname,dr,forlocale,groupid,help,id,identitied,incrementseed,incrementstep,isactive,modifier,modifytime,name,nullable,pkey,precise,resid,sqldatetype,tableid,ts,versiontype) values( 50,28,0,null,null,null,null,'交易类型',0,'N',null,null,'tbm_leaveh@@@transtype',null,null,null,'Y',null,null,'transtype','Y','N',0,'2UC000-000570','varchar','tbm_leaveh','2017-11-29 09:59:58',0)
go
insert into md_column(columnlength,columnsequence,columntype,createtime,creator,defaultvalue,description,displayname,dr,forlocale,groupid,help,id,identitied,incrementseed,incrementstep,isactive,modifier,modifytime,name,nullable,pkey,precise,resid,sqldatetype,tableid,ts,versiontype) values( 20,29,0,null,null,'*~',null,'流程类型',0,'N',null,null,'tbm_leaveh@@@transtypeid',null,null,null,'Y',null,null,'transtypeid','Y','N',0,'2UC000-000570','varchar','tbm_leaveh','2017-11-29 09:59:58',0)
go
insert into md_column(columnlength,columnsequence,columntype,createtime,creator,defaultvalue,description,displayname,dr,forlocale,groupid,help,id,identitied,incrementseed,incrementstep,isactive,modifier,modifytime,name,nullable,pkey,precise,resid,sqldatetype,tableid,ts,versiontype) values( 16,22,0,null,null,null,null,'可用时长',0,'N',null,null,'tbm_leaveh@@@usefuldayorhour',null,null,null,'Y',null,null,'usefuldayorhour','Y','N',4,'2leave-000022','decimal','tbm_leaveh','2017-11-29 09:59:58',0)
go
insert into md_column(columnlength,columnsequence,columntype,createtime,creator,defaultvalue,description,displayname,dr,forlocale,groupid,help,id,identitied,incrementseed,incrementstep,isactive,modifier,modifytime,name,nullable,pkey,precise,resid,sqldatetype,tableid,ts,versiontype) values( 20,0,0,null,null,null,null,'休假单主键',0,'N',null,null,'tbm_leaveh@@PK@@',null,null,null,'Y',null,null,'pk_leaveh','N','Y',0,'2leave-000044','char','tbm_leaveh','2017-11-29 09:59:58',0)
go


insert into md_db_relation(asstype,createtime,creator,description,displayname,dr,endcardinality,endfieldid,endtableid,help,id,isforeignkey,modifier,modifytime,name,resid,startattrid,startcardinality,startfieldid,starttableid,ts,versiontype) values( 1,null,null,null,'tbm_leaveb->tbm_leaveh',0,null,'tbm_leaveh@@PK@@','tbm_leaveh',null,'8c326181-6632-4e58-a233-db5365db3058','Y',null,null,'tbm_leaveb->tbm_leaveh',null,'c0a73515-2b94-4d11-a1a8-0b63c9138173',null,'tbm_leaveb@@@pk_leaveh','tbm_leaveb','2017-11-29 09:59:58',0)
go


insert into md_property(accessorclassname,accesspower,accesspowergroup,attrlength,attrmaxvalue,attrminvalue,attrsequence,calculation,classid,createindustry,createtime,creator,customattr,datatype,datatypestyle,defaultvalue,description,displayname,dr,dynamicattr,dynamictable,fixedlength,help,hided,id,industry,isactive,isauthen,modifier,modifytime,name,notserialize,nullable,precise,readonly,refmodelname,resid,ts,versiontype,visibility) values( null,'N',null,50,null,null,16,'N','4c9f5cd7-d8c5-41c3-aa99-b3f12bdb54a8',null,null,null,'N','BS000010000100001001',300,null,null,'假期联系电话',0,'N',null,'N',null,'N','06c3cbc3-a737-409f-9065-3a8b01711ec7','0','Y','Y',null,null,'relatetel','N','Y',0,'N',null,'2leave-000021','2017-11-29 09:59:58',0,0)
go
insert into md_property(accessorclassname,accesspower,accesspowergroup,attrlength,attrmaxvalue,attrminvalue,attrsequence,calculation,classid,createindustry,createtime,creator,customattr,datatype,datatypestyle,defaultvalue,description,displayname,dr,dynamicattr,dynamictable,fixedlength,help,hided,id,industry,isactive,isauthen,modifier,modifytime,name,notserialize,nullable,precise,readonly,refmodelname,resid,ts,versiontype,visibility) values( null,'N',null,20,null,null,2,'N','4c9f5cd7-d8c5-41c3-aa99-b3f12bdb54a8',null,null,null,'N','f3fed5ea-72f2-4a0a-ad43-d30b1c22c86c',305,null,null,'所属组织',0,'N',null,'N',null,'N','09bf11b1-36cf-464e-a8af-a3b5053e4a02','0','Y','Y',null,null,'pk_org','N','N',0,'N','人力资源组织(所有)','2UC000-000360','2017-11-29 09:59:58',0,0)
go
insert into md_property(accessorclassname,accesspower,accesspowergroup,attrlength,attrmaxvalue,attrminvalue,attrsequence,calculation,classid,createindustry,createtime,creator,customattr,datatype,datatypestyle,defaultvalue,description,displayname,dr,dynamicattr,dynamictable,fixedlength,help,hided,id,industry,isactive,isauthen,modifier,modifytime,name,notserialize,nullable,precise,readonly,refmodelname,resid,ts,versiontype,visibility) values( null,'N',null,20,null,null,0,'N','4c9f5cd7-d8c5-41c3-aa99-b3f12bdb54a8',null,null,null,'N','BS000010000100001051',300,null,null,'休假单主键',0,'N',null,'N',null,'Y','0d483745-01bb-48c6-b7cd-c71ca848cf9f','0','Y','Y',null,null,'pk_leaveh','N','N',0,'N',null,'2leave-000044','2017-11-29 09:59:58',0,0)
go
insert into md_property(accessorclassname,accesspower,accesspowergroup,attrlength,attrmaxvalue,attrminvalue,attrsequence,calculation,classid,createindustry,createtime,creator,customattr,datatype,datatypestyle,defaultvalue,description,displayname,dr,dynamicattr,dynamictable,fixedlength,help,hided,id,industry,isactive,isauthen,modifier,modifytime,name,notserialize,nullable,precise,readonly,refmodelname,resid,ts,versiontype,visibility) values( null,'N',null,1,null,null,24,'N','4c9f5cd7-d8c5-41c3-aa99-b3f12bdb54a8',null,null,null,'N','BS000010000100001032',300,null,null,'是否哺乳假',0,'N',null,'N',null,'N','0e076e52-4c49-4003-8f93-d325183870d0','0','Y','Y',null,null,'islactation','N','Y',0,'N',null,'2leave-000010','2017-11-29 09:59:58',0,0)
go
insert into md_property(accessorclassname,accesspower,accesspowergroup,attrlength,attrmaxvalue,attrminvalue,attrsequence,calculation,classid,createindustry,createtime,creator,customattr,datatype,datatypestyle,defaultvalue,description,displayname,dr,dynamicattr,dynamictable,fixedlength,help,hided,id,industry,isactive,isauthen,modifier,modifytime,name,notserialize,nullable,precise,readonly,refmodelname,resid,ts,versiontype,visibility) values( null,'N',null,16,null,null,18,'N','4c9f5cd7-d8c5-41c3-aa99-b3f12bdb54a8',null,null,null,'N','BS000010000100001031',300,null,null,'已休时长',0,'N',null,'N',null,'N','20ebceb7-f122-4d5d-9540-6c31fd91a113','0','Y','Y',null,null,'resteddayorhour','N','Y',4,'N',null,'2leave-000027','2017-11-29 09:59:58',0,0)
go
insert into md_property(accessorclassname,accesspower,accesspowergroup,attrlength,attrmaxvalue,attrminvalue,attrsequence,calculation,classid,createindustry,createtime,creator,customattr,datatype,datatypestyle,defaultvalue,description,displayname,dr,dynamicattr,dynamictable,fixedlength,help,hided,id,industry,isactive,isauthen,modifier,modifytime,name,notserialize,nullable,precise,readonly,refmodelname,resid,ts,versiontype,visibility) values( null,'N',null,19,null,null,37,'N','4c9f5cd7-d8c5-41c3-aa99-b3f12bdb54a8',null,null,null,'N','BS000010000100001034',300,null,null,'修改时间',0,'N',null,'N',null,'N','24a284f3-5642-4717-8699-7e17cd9b1842','0','Y','Y',null,null,'modifiedtime','N','Y',0,'N',null,'2UC000-000100','2017-11-29 09:59:58',0,0)
go
insert into md_property(accessorclassname,accesspower,accesspowergroup,attrlength,attrmaxvalue,attrminvalue,attrsequence,calculation,classid,createindustry,createtime,creator,customattr,datatype,datatypestyle,defaultvalue,description,displayname,dr,dynamicattr,dynamictable,fixedlength,help,hided,id,industry,isactive,isauthen,modifier,modifytime,name,notserialize,nullable,precise,readonly,refmodelname,resid,ts,versiontype,visibility) values( null,'N',null,20,null,null,32,'N','4c9f5cd7-d8c5-41c3-aa99-b3f12bdb54a8',null,null,null,'N','f6f9a473-56c0-432f-8bc7-fbf8fde54fee',305,null,null,'审批人',0,'N',null,'N',null,'N','2615300e-d652-4a59-9032-d79569b2482f','0','Y','Y',null,null,'approver','N','Y',0,'N','用户','2UC000-000271','2017-11-29 09:59:58',0,0)
go
insert into md_property(accessorclassname,accesspower,accesspowergroup,attrlength,attrmaxvalue,attrminvalue,attrsequence,calculation,classid,createindustry,createtime,creator,customattr,datatype,datatypestyle,defaultvalue,description,displayname,dr,dynamicattr,dynamictable,fixedlength,help,hided,id,industry,isactive,isauthen,modifier,modifytime,name,notserialize,nullable,precise,readonly,refmodelname,resid,ts,versiontype,visibility) values( null,'N',null,50,null,null,27,'N','4c9f5cd7-d8c5-41c3-aa99-b3f12bdb54a8',null,null,null,'N','BS000010000100001001',300,null,null,'单据类型',0,'N',null,'N',null,'Y','29722b00-9259-4472-bb97-adb19a525345','0','Y','Y',null,null,'pk_billtype','N','N',0,'Y',null,'2UC000-000194','2017-11-29 09:59:58',0,0)
go
insert into md_property(accessorclassname,accesspower,accesspowergroup,attrlength,attrmaxvalue,attrminvalue,attrsequence,calculation,classid,createindustry,createtime,creator,customattr,datatype,datatypestyle,defaultvalue,description,displayname,dr,dynamicattr,dynamictable,fixedlength,help,hided,id,industry,isactive,isauthen,modifier,modifytime,name,notserialize,nullable,precise,readonly,refmodelname,resid,ts,versiontype,visibility) values( null,'N',null,50,null,null,28,'N','4c9f5cd7-d8c5-41c3-aa99-b3f12bdb54a8',null,null,null,'N','BS000010000100001001',300,null,null,'交易类型',0,'N',null,'N',null,'Y','29e80d30-f2c4-4ce6-944e-e41485be40ed','0','Y','Y',null,null,'transtype','N','Y',0,'Y',null,'2UC000-000570','2017-11-29 09:59:58',0,0)
go
insert into md_property(accessorclassname,accesspower,accesspowergroup,attrlength,attrmaxvalue,attrminvalue,attrsequence,calculation,classid,createindustry,createtime,creator,customattr,datatype,datatypestyle,defaultvalue,description,displayname,dr,dynamicattr,dynamictable,fixedlength,help,hided,id,industry,isactive,isauthen,modifier,modifytime,name,notserialize,nullable,precise,readonly,refmodelname,resid,ts,versiontype,visibility) values( null,'N',null,20,null,null,11,'N','4c9f5cd7-d8c5-41c3-aa99-b3f12bdb54a8',null,null,null,'N','09e217cf-24b7-4561-966a-420d6b8c8f66',305,null,null,'休假类别实例',0,'N',null,'N',null,'N','2a756e3c-f2a5-472f-8df0-033dac9f4189','0','Y','Y',null,null,'pk_leavetypecopy','N','Y',0,'N','休假类别拷贝','2leave-000032','2017-11-29 09:59:58',0,0)
go
insert into md_property(accessorclassname,accesspower,accesspowergroup,attrlength,attrmaxvalue,attrminvalue,attrsequence,calculation,classid,createindustry,createtime,creator,customattr,datatype,datatypestyle,defaultvalue,description,displayname,dr,dynamicattr,dynamictable,fixedlength,help,hided,id,industry,isactive,isauthen,modifier,modifytime,name,notserialize,nullable,precise,readonly,refmodelname,resid,ts,versiontype,visibility) values( null,'N',null,50,null,null,12,'N','4c9f5cd7-d8c5-41c3-aa99-b3f12bdb54a8',null,null,null,'N','55469794-d821-4365-a3ed-0339065a18ce',300,null,null,'假期年度',0,'N',null,'N',null,'N','37288bdf-00fe-4ac8-b005-e20658cac111','0','Y','Y',null,null,'leaveyear','N','Y',0,'N',null,'2leave-000036','2017-11-29 09:59:58',0,0)
go
insert into md_property(accessorclassname,accesspower,accesspowergroup,attrlength,attrmaxvalue,attrminvalue,attrsequence,calculation,classid,createindustry,createtime,creator,customattr,datatype,datatypestyle,defaultvalue,description,displayname,dr,dynamicattr,dynamictable,fixedlength,help,hided,id,industry,isactive,isauthen,modifier,modifytime,name,notserialize,nullable,precise,readonly,refmodelname,resid,ts,versiontype,visibility) values( null,'N',null,20,null,null,40,'N','4c9f5cd7-d8c5-41c3-aa99-b3f12bdb54a8',null,null,null,'N','BS000010000100001051',300,null,null,'拆单id',0,'N',null,'N',null,'N','3e3677d7-5f75-480f-aad7-a96163039ae3','0','Y','Y',null,null,'splitid','N','Y',0,'N',null,'2leave-000028','2017-11-29 09:59:58',0,0)
go
insert into md_property(accessorclassname,accesspower,accesspowergroup,attrlength,attrmaxvalue,attrminvalue,attrsequence,calculation,classid,createindustry,createtime,creator,customattr,datatype,datatypestyle,defaultvalue,description,displayname,dr,dynamicattr,dynamictable,fixedlength,help,hided,id,industry,isactive,isauthen,modifier,modifytime,name,notserialize,nullable,precise,readonly,refmodelname,resid,ts,versiontype,visibility) values( null,'N',null,80,null,null,3,'N','4c9f5cd7-d8c5-41c3-aa99-b3f12bdb54a8',null,null,null,'N','BS000010000100001001',300,null,null,'单据编码',0,'N',null,'N',null,'N','41cbbe69-9a30-425c-865c-88450c976fc7','0','Y','Y',null,null,'bill_code','N','N',0,'N',null,'2UC000-000199','2017-11-29 09:59:58',0,0)
go
insert into md_property(accessorclassname,accesspower,accesspowergroup,attrlength,attrmaxvalue,attrminvalue,attrsequence,calculation,classid,createindustry,createtime,creator,customattr,datatype,datatypestyle,defaultvalue,description,displayname,dr,dynamicattr,dynamictable,fixedlength,help,hided,id,industry,isactive,isauthen,modifier,modifytime,name,notserialize,nullable,precise,readonly,refmodelname,resid,ts,versiontype,visibility) values( null,'N',null,16,null,null,19,'N','4c9f5cd7-d8c5-41c3-aa99-b3f12bdb54a8',null,null,null,'N','BS000010000100001031',300,null,null,'享有时长',0,'N',null,'N',null,'N','5628fc20-233c-4c8c-ac1c-d93944313615','0','Y','Y',null,null,'realdayorhour','N','Y',4,'N',null,'2leave-000013','2017-11-29 09:59:58',0,0)
go
insert into md_property(accessorclassname,accesspower,accesspowergroup,attrlength,attrmaxvalue,attrminvalue,attrsequence,calculation,classid,createindustry,createtime,creator,customattr,datatype,datatypestyle,defaultvalue,description,displayname,dr,dynamicattr,dynamictable,fixedlength,help,hided,id,industry,isactive,isauthen,modifier,modifytime,name,notserialize,nullable,precise,readonly,refmodelname,resid,ts,versiontype,visibility) values( null,'N',null,20,null,null,1,'N','4c9f5cd7-d8c5-41c3-aa99-b3f12bdb54a8',null,null,null,'N','3b6dd171-2900-47f3-bfbe-41e4483a2a65',305,null,null,'所属集团',0,'N',null,'N',null,'N','5daef05d-29a4-455a-bf2d-1b4b0b822fbb','0','Y','Y',null,null,'pk_group','N','N',0,'N',null,'2UC000-000367','2017-11-29 09:59:58',0,0)
go
insert into md_property(accessorclassname,accesspower,accesspowergroup,attrlength,attrmaxvalue,attrminvalue,attrsequence,calculation,classid,createindustry,createtime,creator,customattr,datatype,datatypestyle,defaultvalue,description,displayname,dr,dynamicattr,dynamictable,fixedlength,help,hided,id,industry,isactive,isauthen,modifier,modifytime,name,notserialize,nullable,precise,readonly,refmodelname,resid,ts,versiontype,visibility) values( null,'N',null,1,null,null,26,'N','4c9f5cd7-d8c5-41c3-aa99-b3f12bdb54a8',null,null,null,'N','BS000010000100001032',300,null,null,'是否员工自助增加',0,'N',null,'N',null,'N','6523806f-2425-4b44-b610-910cecfa94d5','0','Y','Y',null,null,'ishrssbill','N','Y',0,'N',null,'2leave-000008','2017-11-29 09:59:58',0,0)
go
insert into md_property(accessorclassname,accesspower,accesspowergroup,attrlength,attrmaxvalue,attrminvalue,attrsequence,calculation,classid,createindustry,createtime,creator,customattr,datatype,datatypestyle,defaultvalue,description,displayname,dr,dynamicattr,dynamictable,fixedlength,help,hided,id,industry,isactive,isauthen,modifier,modifytime,name,notserialize,nullable,precise,readonly,refmodelname,resid,ts,versiontype,visibility) values( null,'N',null,20,null,null,7,'N','4c9f5cd7-d8c5-41c3-aa99-b3f12bdb54a8',null,null,null,'N','7156d223-4531-4337-b192-492ab40098f1',305,null,null,'人员工作记录',0,'N',null,'N',null,'N','74e95d27-80da-43e2-a918-4c18679e61d3','0','Y','Y',null,null,'pk_psnjob','N','N',0,'N','人员工作记录','2leave-000040','2017-11-29 09:59:58',0,0)
go
insert into md_property(accessorclassname,accesspower,accesspowergroup,attrlength,attrmaxvalue,attrminvalue,attrsequence,calculation,classid,createindustry,createtime,creator,customattr,datatype,datatypestyle,defaultvalue,description,displayname,dr,dynamicattr,dynamictable,fixedlength,help,hided,id,industry,isactive,isauthen,modifier,modifytime,name,notserialize,nullable,precise,readonly,refmodelname,resid,ts,versiontype,visibility) values( null,'N',null,50,null,null,13,'N','4c9f5cd7-d8c5-41c3-aa99-b3f12bdb54a8',null,null,null,'N','55469794-d821-4365-a3ed-0339065a18ce',300,null,null,'假期期间',0,'N',null,'N',null,'N','7b0566c5-2623-4668-96ee-397a8b04bff3','0','Y','Y',null,null,'leavemonth','N','Y',0,'N',null,'2leave-000003','2017-11-29 09:59:58',0,0)
go
insert into md_property(accessorclassname,accesspower,accesspowergroup,attrlength,attrmaxvalue,attrminvalue,attrsequence,calculation,classid,createindustry,createtime,creator,customattr,datatype,datatypestyle,defaultvalue,description,displayname,dr,dynamicattr,dynamictable,fixedlength,help,hided,id,industry,isactive,isauthen,modifier,modifytime,name,notserialize,nullable,precise,readonly,refmodelname,resid,ts,versiontype,visibility) values( null,'N',null,16,null,null,17,'N','4c9f5cd7-d8c5-41c3-aa99-b3f12bdb54a8',null,null,null,'N','BS000010000100001031',300,null,null,'休假总时长',0,'N',null,'N',null,'N','7edcc37a-37ac-463e-929b-4122a1ddbd8a','0','Y','Y',null,null,'sumhour','N','Y',4,'N',null,'2leave-000031','2017-11-29 09:59:58',0,0)
go
insert into md_property(accessorclassname,accesspower,accesspowergroup,attrlength,attrmaxvalue,attrminvalue,attrsequence,calculation,classid,createindustry,createtime,creator,customattr,datatype,datatypestyle,defaultvalue,description,displayname,dr,dynamicattr,dynamictable,fixedlength,help,hided,id,industry,isactive,isauthen,modifier,modifytime,name,notserialize,nullable,precise,readonly,refmodelname,resid,ts,versiontype,visibility) values( null,'N',null,20,null,null,8,'N','4c9f5cd7-d8c5-41c3-aa99-b3f12bdb54a8',null,null,null,'N','fa902409-20fe-4c49-89ee-85ee9312174b',305,null,null,'组织',0,'N',null,'N',null,'N','808d0631-6f51-4d02-a291-e7442e2de11e','0','Y','Y',null,null,'pk_org_v','N','Y',0,'N','行政组织版本','2UC000-000693','2017-11-29 09:59:58',0,0)
go
insert into md_property(accessorclassname,accesspower,accesspowergroup,attrlength,attrmaxvalue,attrminvalue,attrsequence,calculation,classid,createindustry,createtime,creator,customattr,datatype,datatypestyle,defaultvalue,description,displayname,dr,dynamicattr,dynamictable,fixedlength,help,hided,id,industry,isactive,isauthen,modifier,modifytime,name,notserialize,nullable,precise,readonly,refmodelname,resid,ts,versiontype,visibility) values( null,'N',null,19,null,null,35,'N','4c9f5cd7-d8c5-41c3-aa99-b3f12bdb54a8',null,null,null,'N','BS000010000100001034',300,null,null,'创建时间',0,'N',null,'N',null,'N','810d8d68-155a-42b8-98cc-7b09ff0d3d6d','0','Y','Y',null,null,'creationtime','N','Y',0,'N',null,'2UC000-000157','2017-11-29 09:59:58',0,0)
go
insert into md_property(accessorclassname,accesspower,accesspowergroup,attrlength,attrmaxvalue,attrminvalue,attrsequence,calculation,classid,createindustry,createtime,creator,customattr,datatype,datatypestyle,defaultvalue,description,displayname,dr,dynamicattr,dynamictable,fixedlength,help,hided,id,industry,isactive,isauthen,modifier,modifytime,name,notserialize,nullable,precise,readonly,refmodelname,resid,ts,versiontype,visibility) values( null,'N',null,20,null,null,6,'N','4c9f5cd7-d8c5-41c3-aa99-b3f12bdb54a8',null,null,null,'N','3a521756-6a6b-4027-858e-e64104b7851b',305,null,null,'人员组织关系',0,'N',null,'N',null,'N','8a3069c0-3742-4aa2-a3fa-73540291d293','0','Y','Y',null,null,'pk_psnorg','N','Y',0,'N','HR组织关系','2leave-000038','2017-11-29 09:59:58',0,0)
go
insert into md_property(accessorclassname,accesspower,accesspowergroup,attrlength,attrmaxvalue,attrminvalue,attrsequence,calculation,classid,createindustry,createtime,creator,customattr,datatype,datatypestyle,defaultvalue,description,displayname,dr,dynamicattr,dynamictable,fixedlength,help,hided,id,industry,isactive,isauthen,modifier,modifytime,name,notserialize,nullable,precise,readonly,refmodelname,resid,ts,versiontype,visibility) values( null,'N',null,512,null,null,15,'N','4c9f5cd7-d8c5-41c3-aa99-b3f12bdb54a8',null,null,null,'N','BS000010000100001030',300,null,null,'休假说明',0,'N',null,'N',null,'N','9e1e1d7d-faa8-4d91-86db-63d334c3cd2e','0','Y','Y',null,null,'leaveremark','N','Y',0,'N',null,'2leave-000034','2017-11-29 09:59:58',0,0)
go
insert into md_property(accessorclassname,accesspower,accesspowergroup,attrlength,attrmaxvalue,attrminvalue,attrsequence,calculation,classid,createindustry,createtime,creator,customattr,datatype,datatypestyle,defaultvalue,description,displayname,dr,dynamicattr,dynamictable,fixedlength,help,hided,id,industry,isactive,isauthen,modifier,modifytime,name,notserialize,nullable,precise,readonly,refmodelname,resid,ts,versiontype,visibility) values( null,'N',null,20,null,null,38,'N','4c9f5cd7-d8c5-41c3-aa99-b3f12bdb54a8',null,null,null,'N','f6f9a473-56c0-432f-8bc7-fbf8fde54fee',305,null,null,'修改人',0,'N',null,'N',null,'N','9f52d39f-1ae3-4fdd-afab-25fc3113a2dd','0','Y','Y',null,null,'modifier','N','Y',0,'N','用户','2UC000-000098','2017-11-29 09:59:58',0,0)
go
insert into md_property(accessorclassname,accesspower,accesspowergroup,attrlength,attrmaxvalue,attrminvalue,attrsequence,calculation,classid,createindustry,createtime,creator,customattr,datatype,datatypestyle,defaultvalue,description,displayname,dr,dynamicattr,dynamictable,fixedlength,help,hided,id,industry,isactive,isauthen,modifier,modifytime,name,notserialize,nullable,precise,readonly,refmodelname,resid,ts,versiontype,visibility) values( null,'N',null,20,null,null,5,'N','4c9f5cd7-d8c5-41c3-aa99-b3f12bdb54a8',null,null,null,'N','218971f0-e5dc-408b-9a32-56529dddd4db',305,null,null,'人员基本信息',0,'N',null,'N',null,'N','a29e98ff-f8fa-4fb7-a21b-220a340e25e9','0','Y','Y',null,null,'pk_psndoc','N','Y',0,'N','HR人员','2leave-000009','2017-11-29 09:59:58',0,0)
go
insert into md_property(accessorclassname,accesspower,accesspowergroup,attrlength,attrmaxvalue,attrminvalue,attrsequence,calculation,classid,createindustry,createtime,creator,customattr,datatype,datatypestyle,defaultvalue,description,displayname,dr,dynamicattr,dynamictable,fixedlength,help,hided,id,industry,isactive,isauthen,modifier,modifytime,name,notserialize,nullable,precise,readonly,refmodelname,resid,ts,versiontype,visibility) values( null,'N',null,80,null,null,25,'N','4c9f5cd7-d8c5-41c3-aa99-b3f12bdb54a8',null,null,null,'N','BS000010000100001001',300,null,null,'审批流节点号',0,'N',null,'N',null,'N','ad09571f-0135-4555-9f13-9f036a6a1bdf','0','Y','Y',null,null,'fun_code','N','Y',0,'N',null,'2leave-000026','2017-11-29 09:59:58',0,0)
go
insert into md_property(accessorclassname,accesspower,accesspowergroup,attrlength,attrmaxvalue,attrminvalue,attrsequence,calculation,classid,createindustry,createtime,creator,customattr,datatype,datatypestyle,defaultvalue,description,displayname,dr,dynamicattr,dynamictable,fixedlength,help,hided,id,industry,isactive,isauthen,modifier,modifytime,name,notserialize,nullable,precise,readonly,refmodelname,resid,ts,versiontype,visibility) values( null,'N',null,20,null,null,30,'N','4c9f5cd7-d8c5-41c3-aa99-b3f12bdb54a8',null,null,null,'N','f6f9a473-56c0-432f-8bc7-fbf8fde54fee',305,null,null,'申请人',0,'N',null,'N',null,'N','ae813015-5f4f-4aa6-a693-785b96c69d20','0','Y','Y',null,null,'billmaker','N','N',0,'N','用户','2UC000-000646','2017-11-29 09:59:58',0,0)
go
insert into md_property(accessorclassname,accesspower,accesspowergroup,attrlength,attrmaxvalue,attrminvalue,attrsequence,calculation,classid,createindustry,createtime,creator,customattr,datatype,datatypestyle,defaultvalue,description,displayname,dr,dynamicattr,dynamictable,fixedlength,help,hided,id,industry,isactive,isauthen,modifier,modifytime,name,notserialize,nullable,precise,readonly,refmodelname,resid,ts,versiontype,visibility) values( null,'N',null,512,null,null,33,'N','4c9f5cd7-d8c5-41c3-aa99-b3f12bdb54a8',null,null,null,'N','BS000010000100001001',300,null,null,'审批意见',0,'N',null,'N',null,'N','b0002fbd-7372-417a-bb29-840d9f6a1c14','0','Y','Y',null,null,'approve_note','N','Y',0,'N',null,'2UC000-000272','2017-11-29 09:59:58',0,0)
go
insert into md_property(accessorclassname,accesspower,accesspowergroup,attrlength,attrmaxvalue,attrminvalue,attrsequence,calculation,classid,createindustry,createtime,creator,customattr,datatype,datatypestyle,defaultvalue,description,displayname,dr,dynamicattr,dynamictable,fixedlength,help,hided,id,industry,isactive,isauthen,modifier,modifytime,name,notserialize,nullable,precise,readonly,refmodelname,resid,ts,versiontype,visibility) values( null,'N',null,16,null,null,21,'N','4c9f5cd7-d8c5-41c3-aa99-b3f12bdb54a8',null,null,null,'N','BS000010000100001031',300,null,null,'冻结时长',0,'N',null,'N',null,'N','b033057b-6483-4ea3-b816-4afd4da005ab','0','Y','Y',null,null,'freezedayorhour','N','Y',4,'N',null,'2leave-000001','2017-11-29 09:59:58',0,0)
go
insert into md_property(accessorclassname,accesspower,accesspowergroup,attrlength,attrmaxvalue,attrminvalue,attrsequence,calculation,classid,createindustry,createtime,creator,customattr,datatype,datatypestyle,defaultvalue,description,displayname,dr,dynamicattr,dynamictable,fixedlength,help,hided,id,industry,isactive,isauthen,modifier,modifytime,name,notserialize,nullable,precise,readonly,refmodelname,resid,ts,versiontype,visibility) values( null,'N',null,16,null,null,41,'N','4c9f5cd7-d8c5-41c3-aa99-b3f12bdb54a8',null,null,null,'N','BS000010000100001031',300,null,null,'调整时长',0,'N',null,'N',null,'N','b041399f-ecf8-4836-ba31-43dfa8d06450','0','Y','Y',null,null,'changelength','N','Y',4,'N',null,'2leaveExt-00001','2017-11-29 09:59:58',0,0)
go
insert into md_property(accessorclassname,accesspower,accesspowergroup,attrlength,attrmaxvalue,attrminvalue,attrsequence,calculation,classid,createindustry,createtime,creator,customattr,datatype,datatypestyle,defaultvalue,description,displayname,dr,dynamicattr,dynamictable,fixedlength,help,hided,id,industry,isactive,isauthen,modifier,modifytime,name,notserialize,nullable,precise,readonly,refmodelname,resid,ts,versiontype,visibility) values( null,'N',null,20,null,null,10,'N','4c9f5cd7-d8c5-41c3-aa99-b3f12bdb54a8',null,null,null,'N','f4c25f30-3235-4d3a-bd96-5c0fbbec74fa',305,null,null,'休假类别',0,'N',null,'N',null,'N','b2129181-7860-4f9f-86e1-5cb4f7f56c0a','0','Y','Y',null,null,'pk_leavetype','N','N',0,'N','休假类别','2leave-000041','2017-11-29 09:59:58',0,0)
go
insert into md_property(accessorclassname,accesspower,accesspowergroup,attrlength,attrmaxvalue,attrminvalue,attrsequence,calculation,classid,createindustry,createtime,creator,customattr,datatype,datatypestyle,defaultvalue,description,displayname,dr,dynamicattr,dynamictable,fixedlength,help,hided,id,industry,isactive,isauthen,modifier,modifytime,name,notserialize,nullable,precise,readonly,refmodelname,resid,ts,versiontype,visibility) values( null,'N',null,19,null,null,34,'N','4c9f5cd7-d8c5-41c3-aa99-b3f12bdb54a8',null,null,null,'N','BS000010000100001034',300,null,null,'审批时间',0,'N',null,'N',null,'N','b2e6a705-a086-4d4e-8c74-75a1fd1e1fe2','0','Y','Y',null,null,'approve_time','N','Y',0,'N',null,'2UC000-000275','2017-11-29 09:59:58',0,0)
go
insert into md_property(accessorclassname,accesspower,accesspowergroup,attrlength,attrmaxvalue,attrminvalue,attrsequence,calculation,classid,createindustry,createtime,creator,customattr,datatype,datatypestyle,defaultvalue,description,displayname,dr,dynamicattr,dynamictable,fixedlength,help,hided,id,industry,isactive,isauthen,modifier,modifytime,name,notserialize,nullable,precise,readonly,refmodelname,resid,ts,versiontype,visibility) values( null,'N',null,0,null,null,4,'N','4c9f5cd7-d8c5-41c3-aa99-b3f12bdb54a8',null,null,null,'N','957c7ecd-b733-4839-9c46-c6828da14f00',300,null,null,'单据状态',0,'N',null,'N',null,'N','b75cb04e-7b15-4eb7-9ed8-bcaa8fca0dbf','0','Y','Y',null,null,'approve_state','N','N',0,'N',null,'2UC000-000192','2017-11-29 09:59:58',0,0)
go
insert into md_property(accessorclassname,accesspower,accesspowergroup,attrlength,attrmaxvalue,attrminvalue,attrsequence,calculation,classid,createindustry,createtime,creator,customattr,datatype,datatypestyle,defaultvalue,description,displayname,dr,dynamicattr,dynamictable,fixedlength,help,hided,id,industry,isactive,isauthen,modifier,modifytime,name,notserialize,nullable,precise,readonly,refmodelname,resid,ts,versiontype,visibility) values( null,'N',null,16,null,null,22,'N','4c9f5cd7-d8c5-41c3-aa99-b3f12bdb54a8',null,null,null,'N','BS000010000100001031',300,null,null,'可用时长',0,'N',null,'N',null,'N','b7bc4dde-3ab8-40fc-98bc-2f3d93c12232','0','Y','Y',null,null,'usefuldayorhour','N','Y',4,'N',null,'2leave-000022','2017-11-29 09:59:58',0,0)
go
insert into md_property(accessorclassname,accesspower,accesspowergroup,attrlength,attrmaxvalue,attrminvalue,attrsequence,calculation,classid,createindustry,createtime,creator,customattr,datatype,datatypestyle,defaultvalue,description,displayname,dr,dynamicattr,dynamictable,fixedlength,help,hided,id,industry,isactive,isauthen,modifier,modifytime,name,notserialize,nullable,precise,readonly,refmodelname,resid,ts,versiontype,visibility) values( null,'N',null,10,null,null,31,'N','4c9f5cd7-d8c5-41c3-aa99-b3f12bdb54a8',null,null,null,'N','BS000010000100001039',300,null,null,'申请日期',0,'N',null,'N',null,'N','bb351959-a573-4013-b842-6e59235084d1','0','Y','Y',null,null,'apply_date','N','Y',0,'N',null,'2UC000-000648','2017-11-29 09:59:58',0,0)
go
insert into md_property(accessorclassname,accesspower,accesspowergroup,attrlength,attrmaxvalue,attrminvalue,attrsequence,calculation,classid,createindustry,createtime,creator,customattr,datatype,datatypestyle,defaultvalue,description,displayname,dr,dynamicattr,dynamictable,fixedlength,help,hided,id,industry,isactive,isauthen,modifier,modifytime,name,notserialize,nullable,precise,readonly,refmodelname,resid,ts,versiontype,visibility) values( null,'N',null,16,'72','0',23,'N','4c9f5cd7-d8c5-41c3-aa99-b3f12bdb54a8',null,null,null,'N','BS000010000100001031',300,null,null,'单日哺乳时长',0,'N',null,'N',null,'N','bb9c8190-822e-47f6-9e88-95d06fc15a31','0','Y','Y',null,null,'lactationhour','N','Y',4,'N',null,'2leave-000017','2017-11-29 09:59:58',0,0)
go
insert into md_property(accessorclassname,accesspower,accesspowergroup,attrlength,attrmaxvalue,attrminvalue,attrsequence,calculation,classid,createindustry,createtime,creator,customattr,datatype,datatypestyle,defaultvalue,description,displayname,dr,dynamicattr,dynamictable,fixedlength,help,hided,id,industry,isactive,isauthen,modifier,modifytime,name,notserialize,nullable,precise,readonly,refmodelname,resid,ts,versiontype,visibility) values( 'nc.md.model.access.BodyOfAggVOAccessor','N',null,0,null,null,39,'N','4c9f5cd7-d8c5-41c3-aa99-b3f12bdb54a8',null,null,null,'N','94e4ffae-3096-4ee4-be1d-acd5819afc72',301,null,null,'休假明细',0,'N',null,'N',null,'N','c0a73515-2b94-4d11-a1a8-0b63c9138173','0','Y','Y',null,null,'leaveb_sub','N','Y',0,'N',null,'2leave-000000','2017-11-29 09:59:58',0,0)
go
insert into md_property(accessorclassname,accesspower,accesspowergroup,attrlength,attrmaxvalue,attrminvalue,attrsequence,calculation,classid,createindustry,createtime,creator,customattr,datatype,datatypestyle,defaultvalue,description,displayname,dr,dynamicattr,dynamictable,fixedlength,help,hided,id,industry,isactive,isauthen,modifier,modifytime,name,notserialize,nullable,precise,readonly,refmodelname,resid,ts,versiontype,visibility) values( null,'N',null,20,null,null,29,'N','4c9f5cd7-d8c5-41c3-aa99-b3f12bdb54a8',null,null,null,'N','b0fa41cd-a649-4309-b685-d341a5d1b0ed',305,null,null,'流程类型',0,'N',null,'N',null,'N','cbbb75c2-65c1-4abc-8fa2-0c578b18adb2','0','Y','Y',null,null,'transtypeid','N','Y',0,'N','影响因素交 易类型','2UC000-000570','2017-11-29 09:59:58',0,0)
go
insert into md_property(accessorclassname,accesspower,accesspowergroup,attrlength,attrmaxvalue,attrminvalue,attrsequence,calculation,classid,createindustry,createtime,creator,customattr,datatype,datatypestyle,defaultvalue,description,displayname,dr,dynamicattr,dynamictable,fixedlength,help,hided,id,industry,isactive,isauthen,modifier,modifytime,name,notserialize,nullable,precise,readonly,refmodelname,resid,ts,versiontype,visibility) values( null,'N',null,0,null,null,14,'N','4c9f5cd7-d8c5-41c3-aa99-b3f12bdb54a8',null,null,null,'N','BS000010000100001004',300,'1',null,'假期结算记录顺序号',0,'N',null,'N',null,'N','d7b85f45-b73c-4c1d-b72b-e74e3ba4acbb','0','Y','Y',null,null,'leaveindex','N','Y',0,'N',null,'2leave-000016','2017-11-29 09:59:58',0,0)
go
insert into md_property(accessorclassname,accesspower,accesspowergroup,attrlength,attrmaxvalue,attrminvalue,attrsequence,calculation,classid,createindustry,createtime,creator,customattr,datatype,datatypestyle,defaultvalue,description,displayname,dr,dynamicattr,dynamictable,fixedlength,help,hided,id,industry,isactive,isauthen,modifier,modifytime,name,notserialize,nullable,precise,readonly,refmodelname,resid,ts,versiontype,visibility) values( null,'N',null,20,null,null,9,'N','4c9f5cd7-d8c5-41c3-aa99-b3f12bdb54a8',null,null,null,'N','66ed0cf6-e260-4f39-8fbb-172260efd677',305,null,null,'部门',0,'N',null,'N',null,'N','f9d159c6-0ce5-44c6-8f75-bbd52e97f6b9','0','Y','Y',null,null,'pk_dept_v','N','Y',0,'N','部门版本(所有)','2UC000-000972','2017-11-29 09:59:58',0,0)
go
insert into md_property(accessorclassname,accesspower,accesspowergroup,attrlength,attrmaxvalue,attrminvalue,attrsequence,calculation,classid,createindustry,createtime,creator,customattr,datatype,datatypestyle,defaultvalue,description,displayname,dr,dynamicattr,dynamictable,fixedlength,help,hided,id,industry,isactive,isauthen,modifier,modifytime,name,notserialize,nullable,precise,readonly,refmodelname,resid,ts,versiontype,visibility) values( null,'N',null,20,null,null,36,'N','4c9f5cd7-d8c5-41c3-aa99-b3f12bdb54a8',null,null,null,'N','f6f9a473-56c0-432f-8bc7-fbf8fde54fee',305,null,null,'创建人',0,'N',null,'N',null,'N','fc93efac-e5ac-4960-9b74-54e12d322dd3','0','Y','Y',null,null,'creator','N','Y',0,'N','用户','2UC000-000155','2017-11-29 09:59:58',0,0)
go
insert into md_property(accessorclassname,accesspower,accesspowergroup,attrlength,attrmaxvalue,attrminvalue,attrsequence,calculation,classid,createindustry,createtime,creator,customattr,datatype,datatypestyle,defaultvalue,description,displayname,dr,dynamicattr,dynamictable,fixedlength,help,hided,id,industry,isactive,isauthen,modifier,modifytime,name,notserialize,nullable,precise,readonly,refmodelname,resid,ts,versiontype,visibility) values( null,'N',null,16,null,null,20,'N','4c9f5cd7-d8c5-41c3-aa99-b3f12bdb54a8',null,null,null,'N','BS000010000100001031',300,null,null,'结余时长',0,'N',null,'N',null,'N','fd4ab758-2845-4e60-8f2d-1c771f07250c','0','Y','Y',null,null,'restdayorhour','N','Y',4,'N',null,'2leave-000042','2017-11-29 09:59:58',0,0)
go
insert into md_property(accessorclassname,accesspower,accesspowergroup,attrlength,attrmaxvalue,attrminvalue,attrsequence,calculation,classid,createindustry,createtime,creator,customattr,datatype,datatypestyle,defaultvalue,description,displayname,dr,dynamicattr,dynamictable,fixedlength,help,hided,id,industry,isactive,isauthen,modifier,modifytime,name,notserialize,nullable,precise,readonly,refmodelname,resid,ts,versiontype,visibility) values( null,'N',null,20,null,null,2,'N','94e4ffae-3096-4ee4-be1d-acd5819afc72',null,null,null,'N','3b6dd171-2900-47f3-bfbe-41e4483a2a65',305,null,null,'所属集团',0,'N',null,'N',null,'Y','01ad90b9-8b28-40d1-aa1c-70feacf5a8a9','0','Y','Y',null,null,'pk_group','N','N',0,'N','集团(所有)','2UC000-000367','2017-11-29 09:59:58',0,0)
go
insert into md_property(accessorclassname,accesspower,accesspowergroup,attrlength,attrmaxvalue,attrminvalue,attrsequence,calculation,classid,createindustry,createtime,creator,customattr,datatype,datatypestyle,defaultvalue,description,displayname,dr,dynamicattr,dynamictable,fixedlength,help,hided,id,industry,isactive,isauthen,modifier,modifytime,name,notserialize,nullable,precise,readonly,refmodelname,resid,ts,versiontype,visibility) values( null,'N',null,50,null,null,23,'Y','94e4ffae-3096-4ee4-be1d-acd5819afc72',null,null,null,'N','BS000010000100001001',300,null,null,'假期年度',0,'N',null,'N',null,'N','0a8fc891-1e94-468e-b6be-2242bce0b5c0','0','Y','Y',null,null,'leaveyear','N','Y',0,'N',null,'2leave-000036','2017-11-29 09:59:58',0,0)
go
insert into md_property(accessorclassname,accesspower,accesspowergroup,attrlength,attrmaxvalue,attrminvalue,attrsequence,calculation,classid,createindustry,createtime,creator,customattr,datatype,datatypestyle,defaultvalue,description,displayname,dr,dynamicattr,dynamictable,fixedlength,help,hided,id,industry,isactive,isauthen,modifier,modifytime,name,notserialize,nullable,precise,readonly,refmodelname,resid,ts,versiontype,visibility) values( null,'N',null,16,null,null,10,'Y','94e4ffae-3096-4ee4-be1d-acd5819afc72',null,null,null,'N','BS000010000100001031',300,null,null,'已休时长',0,'N',null,'N',null,'N','0f83bff0-681f-4362-a684-ff4390629f3e','0','Y','Y',null,null,'resteddayorhour','N','Y',4,'N',null,'2leave-000027','2017-11-29 09:59:58',0,0)
go
insert into md_property(accessorclassname,accesspower,accesspowergroup,attrlength,attrmaxvalue,attrminvalue,attrsequence,calculation,classid,createindustry,createtime,creator,customattr,datatype,datatypestyle,defaultvalue,description,displayname,dr,dynamicattr,dynamictable,fixedlength,help,hided,id,industry,isactive,isauthen,modifier,modifytime,name,notserialize,nullable,precise,readonly,refmodelname,resid,ts,versiontype,visibility) values( null,'N',null,20,null,null,21,'Y','94e4ffae-3096-4ee4-be1d-acd5819afc72',null,null,null,'N','218971f0-e5dc-408b-9a32-56529dddd4db',305,null,null,'人员基本信息',0,'N',null,'N',null,'N','17365822-6f35-4483-afdd-42d288c23451','0','Y','Y',null,null,'pk_psndoc','N','Y',0,'N','HR人员','2leave-000037','2017-11-29 09:59:58',0,0)
go
insert into md_property(accessorclassname,accesspower,accesspowergroup,attrlength,attrmaxvalue,attrminvalue,attrsequence,calculation,classid,createindustry,createtime,creator,customattr,datatype,datatypestyle,defaultvalue,description,displayname,dr,dynamicattr,dynamictable,fixedlength,help,hided,id,industry,isactive,isauthen,modifier,modifytime,name,notserialize,nullable,precise,readonly,refmodelname,resid,ts,versiontype,visibility) values( null,'N',null,20,null,null,20,'Y','94e4ffae-3096-4ee4-be1d-acd5819afc72',null,null,null,'N','09e217cf-24b7-4561-966a-420d6b8c8f66',305,null,null,'休假类别copy',0,'N',null,'N',null,'N','2145df66-9e30-40b2-9355-feaf113bbfbd','0','Y','Y',null,null,'pk_leavetypecopy','N','Y',0,'N','休假类别拷贝','2leave-000007','2017-11-29 09:59:58',0,0)
go
insert into md_property(accessorclassname,accesspower,accesspowergroup,attrlength,attrmaxvalue,attrminvalue,attrsequence,calculation,classid,createindustry,createtime,creator,customattr,datatype,datatypestyle,defaultvalue,description,displayname,dr,dynamicattr,dynamictable,fixedlength,help,hided,id,industry,isactive,isauthen,modifier,modifytime,name,notserialize,nullable,precise,readonly,refmodelname,resid,ts,versiontype,visibility) values( null,'N',null,512,null,null,9,'N','94e4ffae-3096-4ee4-be1d-acd5819afc72',null,null,null,'N','BS000010000100001001',300,null,null,'休假说明',0,'N',null,'N',null,'N','4050f632-087b-4152-aa8e-f00393685a9e','0','Y','Y',null,null,'leaveremark','N','Y',0,'N',null,'2leave-000034','2017-11-29 09:59:58',0,0)
go
insert into md_property(accessorclassname,accesspower,accesspowergroup,attrlength,attrmaxvalue,attrminvalue,attrsequence,calculation,classid,createindustry,createtime,creator,customattr,datatype,datatypestyle,defaultvalue,description,displayname,dr,dynamicattr,dynamictable,fixedlength,help,hided,id,industry,isactive,isauthen,modifier,modifytime,name,notserialize,nullable,precise,readonly,refmodelname,resid,ts,versiontype,visibility) values( null,'N',null,1,null,null,25,'Y','94e4ffae-3096-4ee4-be1d-acd5819afc72',null,null,null,'N','BS000010000100001032',300,null,null,'是否超限',0,'N',null,'N',null,'N','444ad86c-48de-4111-99b8-e077402456a3','0','Y','Y',null,null,'exceedlimit','N','Y',0,'N',null,'2leave-000043','2017-11-29 09:59:58',0,0)
go
insert into md_property(accessorclassname,accesspower,accesspowergroup,attrlength,attrmaxvalue,attrminvalue,attrsequence,calculation,classid,createindustry,createtime,creator,customattr,datatype,datatypestyle,defaultvalue,description,displayname,dr,dynamicattr,dynamictable,fixedlength,help,hided,id,industry,isactive,isauthen,modifier,modifytime,name,notserialize,nullable,precise,readonly,refmodelname,resid,ts,versiontype,visibility) values( null,'N',null,20,null,null,1,'N','94e4ffae-3096-4ee4-be1d-acd5819afc72',null,null,null,'N','4c9f5cd7-d8c5-41c3-aa99-b3f12bdb54a8',305,null,null,'休假单主键',0,'N',null,'N','IgnoreRefCheck','Y','4e1a9aa9-7dfa-4eda-999c-6b0e7fd889c6','0','Y','Y',null,null,'pk_leaveh','N','Y',0,'N',null,'2leave-000044','2017-11-29 09:59:58',0,0)
go
insert into md_property(accessorclassname,accesspower,accesspowergroup,attrlength,attrmaxvalue,attrminvalue,attrsequence,calculation,classid,createindustry,createtime,creator,customattr,datatype,datatypestyle,defaultvalue,description,displayname,dr,dynamicattr,dynamictable,fixedlength,help,hided,id,industry,isactive,isauthen,modifier,modifytime,name,notserialize,nullable,precise,readonly,refmodelname,resid,ts,versiontype,visibility) values( null,'N',null,19,null,null,26,'Y','94e4ffae-3096-4ee4-be1d-acd5819afc72',null,null,null,'N','BS000010000100001034',300,null,null,'休假开始时间other',0,'N',null,'N',null,'N','59187c96-8c82-43e6-900f-8b397c487ab7','0','Y','Y',null,null,'leavebegintimeother','N','Y',0,'N',null,'2leave-000025','2017-11-29 09:59:58',0,0)
go
insert into md_property(accessorclassname,accesspower,accesspowergroup,attrlength,attrmaxvalue,attrminvalue,attrsequence,calculation,classid,createindustry,createtime,creator,customattr,datatype,datatypestyle,defaultvalue,description,displayname,dr,dynamicattr,dynamictable,fixedlength,help,hided,id,industry,isactive,isauthen,modifier,modifytime,name,notserialize,nullable,precise,readonly,refmodelname,resid,ts,versiontype,visibility) values( null,'N',null,50,null,null,18,'Y','94e4ffae-3096-4ee4-be1d-acd5819afc72',null,null,null,'N','BS000010000100001001',300,null,null,'单据编码',0,'N',null,'N',null,'N','5b5abd91-0ebc-4079-9b93-a4510c98961d','0','Y','Y',null,null,'bill_code','N','Y',0,'N',null,'2UC000-000199','2017-11-29 09:59:58',0,0)
go
insert into md_property(accessorclassname,accesspower,accesspowergroup,attrlength,attrmaxvalue,attrminvalue,attrsequence,calculation,classid,createindustry,createtime,creator,customattr,datatype,datatypestyle,defaultvalue,description,displayname,dr,dynamicattr,dynamictable,fixedlength,help,hided,id,industry,isactive,isauthen,modifier,modifytime,name,notserialize,nullable,precise,readonly,refmodelname,resid,ts,versiontype,visibility) values( null,'N',null,10,null,null,28,'Y','94e4ffae-3096-4ee4-be1d-acd5819afc72',null,null,null,'N','BS000010000100001039',300,null,null,'休假开始日期other',0,'N',null,'N',null,'N','68654d3e-3d63-43c7-9b8b-97e958f46925','0','Y','Y',null,null,'leavebegindateother','N','Y',0,'N',null,'2leave-000024','2017-11-29 09:59:58',0,0)
go
insert into md_property(accessorclassname,accesspower,accesspowergroup,attrlength,attrmaxvalue,attrminvalue,attrsequence,calculation,classid,createindustry,createtime,creator,customattr,datatype,datatypestyle,defaultvalue,description,displayname,dr,dynamicattr,dynamictable,fixedlength,help,hided,id,industry,isactive,isauthen,modifier,modifytime,name,notserialize,nullable,precise,readonly,refmodelname,resid,ts,versiontype,visibility) values( null,'N',null,0,null,null,15,'N','94e4ffae-3096-4ee4-be1d-acd5819afc72',null,null,null,'N','369a0203-6866-4285-af3a-46a2acca0b43',300,null,null,'哺乳时段',0,'N',null,'N',null,'N','6a4f6ea1-1df2-4ba0-9fea-2fa458fec28a','0','Y','Y',null,null,'lactationholidaytype','N','Y',0,'N',null,'2leave-000020','2017-11-29 09:59:58',0,0)
go
insert into md_property(accessorclassname,accesspower,accesspowergroup,attrlength,attrmaxvalue,attrminvalue,attrsequence,calculation,classid,createindustry,createtime,creator,customattr,datatype,datatypestyle,defaultvalue,description,displayname,dr,dynamicattr,dynamictable,fixedlength,help,hided,id,industry,isactive,isauthen,modifier,modifytime,name,notserialize,nullable,precise,readonly,refmodelname,resid,ts,versiontype,visibility) values( null,'N',null,16,null,null,11,'Y','94e4ffae-3096-4ee4-be1d-acd5819afc72',null,null,null,'N','BS000010000100001031',300,null,null,'享有时长',0,'N',null,'N',null,'N','6e28aab2-763d-4150-ab6b-b3a51fc5354c','0','Y','Y',null,null,'realdayorhour','N','Y',4,'N',null,'2leave-000013','2017-11-29 09:59:58',0,0)
go
insert into md_property(accessorclassname,accesspower,accesspowergroup,attrlength,attrmaxvalue,attrminvalue,attrsequence,calculation,classid,createindustry,createtime,creator,customattr,datatype,datatypestyle,defaultvalue,description,displayname,dr,dynamicattr,dynamictable,fixedlength,help,hided,id,industry,isactive,isauthen,modifier,modifytime,name,notserialize,nullable,precise,readonly,refmodelname,resid,ts,versiontype,visibility) values( null,'N',null,0,null,null,29,'Y','94e4ffae-3096-4ee4-be1d-acd5819afc72',null,null,null,'N','369a0203-6866-4285-af3a-46a2acca0b43',300,null,null,'哺乳时段other',0,'N',null,'N',null,'N','740abb5e-ab8b-4247-829e-a5500a514969','0','Y','Y',null,null,'lactationholidaytypeother','N','Y',0,'N',null,'2leave-000020','2017-11-29 09:59:58',0,0)
go
insert into md_property(accessorclassname,accesspower,accesspowergroup,attrlength,attrmaxvalue,attrminvalue,attrsequence,calculation,classid,createindustry,createtime,creator,customattr,datatype,datatypestyle,defaultvalue,description,displayname,dr,dynamicattr,dynamictable,fixedlength,help,hided,id,industry,isactive,isauthen,modifier,modifytime,name,notserialize,nullable,precise,readonly,refmodelname,resid,ts,versiontype,visibility) values( null,'N',null,16,null,null,12,'Y','94e4ffae-3096-4ee4-be1d-acd5819afc72',null,null,null,'N','BS000010000100001031',300,null,null,'结余时长',0,'N',null,'N',null,'N','8399629d-b978-4979-8e32-6d583b248a54','0','Y','Y',null,null,'restdayorhour','N','Y',4,'N',null,'2leave-000042','2017-11-29 09:59:58',0,0)
go
insert into md_property(accessorclassname,accesspower,accesspowergroup,attrlength,attrmaxvalue,attrminvalue,attrsequence,calculation,classid,createindustry,createtime,creator,customattr,datatype,datatypestyle,defaultvalue,description,displayname,dr,dynamicattr,dynamictable,fixedlength,help,hided,id,industry,isactive,isauthen,modifier,modifytime,name,notserialize,nullable,precise,readonly,refmodelname,resid,ts,versiontype,visibility) values( null,'N',null,50,null,null,24,'Y','94e4ffae-3096-4ee4-be1d-acd5819afc72',null,null,null,'N','BS000010000100001001',300,null,null,'假期期间',0,'N',null,'N',null,'N','89d41f78-4962-4ccc-99f0-7560804ff149','0','Y','Y',null,null,'leavemonth','N','Y',0,'N',null,'2leave-000003','2017-11-29 09:59:58',0,0)
go
insert into md_property(accessorclassname,accesspower,accesspowergroup,attrlength,attrmaxvalue,attrminvalue,attrsequence,calculation,classid,createindustry,createtime,creator,customattr,datatype,datatypestyle,defaultvalue,description,displayname,dr,dynamicattr,dynamictable,fixedlength,help,hided,id,industry,isactive,isauthen,modifier,modifytime,name,notserialize,nullable,precise,readonly,refmodelname,resid,ts,versiontype,visibility) values( null,'N',null,19,null,null,7,'N','94e4ffae-3096-4ee4-be1d-acd5819afc72',null,null,null,'N','BS000010000100001034',300,null,null,'休假结束时间',0,'N',null,'N',null,'N','8d49d9f5-1607-4005-a799-bd156c299463','0','Y','Y',null,null,'leaveendtime','N','Y',0,'N',null,'2leave-000012','2017-11-29 09:59:58',0,0)
go
insert into md_property(accessorclassname,accesspower,accesspowergroup,attrlength,attrmaxvalue,attrminvalue,attrsequence,calculation,classid,createindustry,createtime,creator,customattr,datatype,datatypestyle,defaultvalue,description,displayname,dr,dynamicattr,dynamictable,fixedlength,help,hided,id,industry,isactive,isauthen,modifier,modifytime,name,notserialize,nullable,precise,readonly,refmodelname,resid,ts,versiontype,visibility) values( null,'N',null,10,null,null,6,'N','94e4ffae-3096-4ee4-be1d-acd5819afc72',null,null,null,'N','BS000010000100001039',300,null,null,'休假结束日期',0,'N',null,'N',null,'N','8fd37b99-69e6-46b1-90b0-7a11747b7eef','0','Y','Y',null,null,'leaveenddate','N','Y',0,'N',null,'2leave-000002','2017-11-29 09:59:58',0,0)
go
insert into md_property(accessorclassname,accesspower,accesspowergroup,attrlength,attrmaxvalue,attrminvalue,attrsequence,calculation,classid,createindustry,createtime,creator,customattr,datatype,datatypestyle,defaultvalue,description,displayname,dr,dynamicattr,dynamictable,fixedlength,help,hided,id,industry,isactive,isauthen,modifier,modifytime,name,notserialize,nullable,precise,readonly,refmodelname,resid,ts,versiontype,visibility) values( null,'N',null,20,null,null,3,'N','94e4ffae-3096-4ee4-be1d-acd5819afc72',null,null,null,'N','f3fed5ea-72f2-4a0a-ad43-d30b1c22c86c',305,null,null,'所属组织',0,'N',null,'N',null,'Y','8fd7530a-31c4-4aa4-a456-70c9b0ccb338','0','Y','Y',null,null,'pk_org','N','N',0,'N','人力资源组织(所有)','2UC000-000360','2017-11-29 09:59:58',0,0)
go
insert into md_property(accessorclassname,accesspower,accesspowergroup,attrlength,attrmaxvalue,attrminvalue,attrsequence,calculation,classid,createindustry,createtime,creator,customattr,datatype,datatypestyle,defaultvalue,description,displayname,dr,dynamicattr,dynamictable,fixedlength,help,hided,id,industry,isactive,isauthen,modifier,modifytime,name,notserialize,nullable,precise,readonly,refmodelname,resid,ts,versiontype,visibility) values( null,'N',null,20,null,null,22,'Y','94e4ffae-3096-4ee4-be1d-acd5819afc72',null,null,null,'N','7156d223-4531-4337-b192-492ab40098f1',305,null,null,'人员工作信息',0,'N',null,'N',null,'N','946c65b6-d81c-4b87-b849-8471901ec2e4','0','Y','Y',null,null,'pk_psnjob','N','Y',0,'N','人员工作记录','2leave-000004','2017-11-29 09:59:58',0,0)
go
insert into md_property(accessorclassname,accesspower,accesspowergroup,attrlength,attrmaxvalue,attrminvalue,attrsequence,calculation,classid,createindustry,createtime,creator,customattr,datatype,datatypestyle,defaultvalue,description,displayname,dr,dynamicattr,dynamictable,fixedlength,help,hided,id,industry,isactive,isauthen,modifier,modifytime,name,notserialize,nullable,precise,readonly,refmodelname,resid,ts,versiontype,visibility) values( null,'N',null,16,null,null,27,'Y','94e4ffae-3096-4ee4-be1d-acd5819afc72',null,null,null,'N','BS000010000100001031',300,null,null,'休假时长other',0,'N',null,'N',null,'N','ace8089e-5a2d-442a-9dcd-caf515adf884','0','Y','Y',null,null,'leavehourother','N','Y',4,'N',null,'2leave-000015','2017-11-29 09:59:58',0,0)
go
insert into md_property(accessorclassname,accesspower,accesspowergroup,attrlength,attrmaxvalue,attrminvalue,attrsequence,calculation,classid,createindustry,createtime,creator,customattr,datatype,datatypestyle,defaultvalue,description,displayname,dr,dynamicattr,dynamictable,fixedlength,help,hided,id,industry,isactive,isauthen,modifier,modifytime,name,notserialize,nullable,precise,readonly,refmodelname,resid,ts,versiontype,visibility) values( null,'N',null,16,null,null,8,'N','94e4ffae-3096-4ee4-be1d-acd5819afc72',null,null,null,'N','BS000010000100001031',300,null,null,'休假时长',0,'N',null,'N',null,'N','b1a19a04-5b6c-4478-ad81-0274977d6033','0','Y','Y',null,null,'leavehour','N','Y',4,'N',null,'2leave-000015','2017-11-29 09:59:58',0,0)
go
insert into md_property(accessorclassname,accesspower,accesspowergroup,attrlength,attrmaxvalue,attrminvalue,attrsequence,calculation,classid,createindustry,createtime,creator,customattr,datatype,datatypestyle,defaultvalue,description,displayname,dr,dynamicattr,dynamictable,fixedlength,help,hided,id,industry,isactive,isauthen,modifier,modifytime,name,notserialize,nullable,precise,readonly,refmodelname,resid,ts,versiontype,visibility) values( null,'N',null,20,null,null,0,'N','94e4ffae-3096-4ee4-be1d-acd5819afc72',null,null,null,'N','BS000010000100001051',300,null,null,'休假单子表主键',0,'N',null,'N',null,'Y','c223a52b-58c6-4ac6-96a2-36e07b7784a7','0','Y','Y',null,null,'pk_leaveb','N','N',0,'N',null,'2leave-000014','2017-11-29 09:59:58',0,0)
go
insert into md_property(accessorclassname,accesspower,accesspowergroup,attrlength,attrmaxvalue,attrminvalue,attrsequence,calculation,classid,createindustry,createtime,creator,customattr,datatype,datatypestyle,defaultvalue,description,displayname,dr,dynamicattr,dynamictable,fixedlength,help,hided,id,industry,isactive,isauthen,modifier,modifytime,name,notserialize,nullable,precise,readonly,refmodelname,resid,ts,versiontype,visibility) values( null,'N',null,512,null,null,17,'N','94e4ffae-3096-4ee4-be1d-acd5819afc72',null,null,null,'N','BS000010000100001001',300,null,null,'工作交接情况',0,'N',null,'N',null,'N','c6ec47e5-75c3-4ed8-b03a-2311b651b61c','0','Y','Y',null,null,'workprocess','N','Y',0,'N',null,'2leave-000023','2017-11-29 09:59:58',0,0)
go
insert into md_property(accessorclassname,accesspower,accesspowergroup,attrlength,attrmaxvalue,attrminvalue,attrsequence,calculation,classid,createindustry,createtime,creator,customattr,datatype,datatypestyle,defaultvalue,description,displayname,dr,dynamicattr,dynamictable,fixedlength,help,hided,id,industry,isactive,isauthen,modifier,modifytime,name,notserialize,nullable,precise,readonly,refmodelname,resid,ts,versiontype,visibility) values( null,'N',null,10,null,null,4,'N','94e4ffae-3096-4ee4-be1d-acd5819afc72',null,null,null,'N','BS000010000100001039',300,null,null,'休假开始日期',0,'N',null,'N',null,'N','c9a8c3a4-c9aa-4a1d-8310-ee844609b721','0','Y','Y',null,null,'leavebegindate','N','Y',0,'N',null,'2leave-000024','2017-11-29 09:59:58',0,0)
go
insert into md_property(accessorclassname,accesspower,accesspowergroup,attrlength,attrmaxvalue,attrminvalue,attrsequence,calculation,classid,createindustry,createtime,creator,customattr,datatype,datatypestyle,defaultvalue,description,displayname,dr,dynamicattr,dynamictable,fixedlength,help,hided,id,industry,isactive,isauthen,modifier,modifytime,name,notserialize,nullable,precise,readonly,refmodelname,resid,ts,versiontype,visibility) values( null,'N',null,20,null,null,19,'Y','94e4ffae-3096-4ee4-be1d-acd5819afc72',null,null,null,'N','f4c25f30-3235-4d3a-bd96-5c0fbbec74fa',305,null,null,'休假类别',0,'N',null,'N',null,'N','d484602e-f25f-421c-a1e4-a2b0da064003','0','Y','Y',null,null,'pk_leavetype','N','Y',0,'N','休假类别','2leave-000041','2017-11-29 09:59:58',0,0)
go
insert into md_property(accessorclassname,accesspower,accesspowergroup,attrlength,attrmaxvalue,attrminvalue,attrsequence,calculation,classid,createindustry,createtime,creator,customattr,datatype,datatypestyle,defaultvalue,description,displayname,dr,dynamicattr,dynamictable,fixedlength,help,hided,id,industry,isactive,isauthen,modifier,modifytime,name,notserialize,nullable,precise,readonly,refmodelname,resid,ts,versiontype,visibility) values( null,'N',null,20,null,null,16,'N','94e4ffae-3096-4ee4-be1d-acd5819afc72',null,null,null,'N','7156d223-4531-4337-b192-492ab40098f1',305,null,null,'工作交接人',0,'N',null,'N',null,'N','d567cff7-41f6-45d6-89cf-6c4aa9dfff3c','0','Y','Y',null,null,'pk_agentpsn','N','Y',0,'N','人员工作记录(左树不含下级HR)','2leave-000033','2017-11-29 09:59:58',0,0)
go
insert into md_property(accessorclassname,accesspower,accesspowergroup,attrlength,attrmaxvalue,attrminvalue,attrsequence,calculation,classid,createindustry,createtime,creator,customattr,datatype,datatypestyle,defaultvalue,description,displayname,dr,dynamicattr,dynamictable,fixedlength,help,hided,id,industry,isactive,isauthen,modifier,modifytime,name,notserialize,nullable,precise,readonly,refmodelname,resid,ts,versiontype,visibility) values( null,'N',null,16,null,null,13,'Y','94e4ffae-3096-4ee4-be1d-acd5819afc72',null,null,null,'N','BS000010000100001031',300,null,null,'冻结时长',0,'N',null,'N',null,'N','d695e618-9caa-4f2f-8e42-169602f6b31f','0','Y','Y',null,null,'freezedayorhour','N','Y',4,'N',null,'2leave-000001','2017-11-29 09:59:58',0,0)
go
insert into md_property(accessorclassname,accesspower,accesspowergroup,attrlength,attrmaxvalue,attrminvalue,attrsequence,calculation,classid,createindustry,createtime,creator,customattr,datatype,datatypestyle,defaultvalue,description,displayname,dr,dynamicattr,dynamictable,fixedlength,help,hided,id,industry,isactive,isauthen,modifier,modifytime,name,notserialize,nullable,precise,readonly,refmodelname,resid,ts,versiontype,visibility) values( null,'N',null,19,null,null,5,'N','94e4ffae-3096-4ee4-be1d-acd5819afc72',null,null,null,'N','BS000010000100001034',300,null,null,'休假开始时间',0,'N',null,'N',null,'N','d933ce66-1128-44b5-ab08-caaecabb78bb','0','Y','Y',null,null,'leavebegintime','N','Y',0,'N',null,'2leave-000025','2017-11-29 09:59:58',0,0)
go
insert into md_property(accessorclassname,accesspower,accesspowergroup,attrlength,attrmaxvalue,attrminvalue,attrsequence,calculation,classid,createindustry,createtime,creator,customattr,datatype,datatypestyle,defaultvalue,description,displayname,dr,dynamicattr,dynamictable,fixedlength,help,hided,id,industry,isactive,isauthen,modifier,modifytime,name,notserialize,nullable,precise,readonly,refmodelname,resid,ts,versiontype,visibility) values( null,'N',null,16,null,null,14,'Y','94e4ffae-3096-4ee4-be1d-acd5819afc72',null,null,null,'N','BS000010000100001031',300,null,null,'可用时长',0,'N',null,'N',null,'N','db3e01fe-9582-4add-98b3-5a1b1eb431dd','0','Y','Y',null,null,'usefuldayorhour','N','Y',4,'N',null,'2leave-000022','2017-11-29 09:59:58',0,0)
go


insert into md_association(cascadedelete,cascadeupdate,componentid,createtime,creator,dr,endcardinality,endelementid,id,industry,isactive,modifier,modifytime,name,startbeanid,startcardinality,startelementid,ts,type,versiontype) values( null,null,'0d1de49f-4e90-4eb0-b8aa-5961aba342d1',null,null,0,'1','3b6dd171-2900-47f3-bfbe-41e4483a2a65','0bbdecdb-1f4b-4347-ba3d-e762cee2070a','0','Y',null,null,'hrtaleave_pk_group','4c9f5cd7-d8c5-41c3-aa99-b3f12bdb54a8','1','5daef05d-29a4-455a-bf2d-1b4b0b822fbb','2017-11-29 09:59:58',3,0)
go
insert into md_association(cascadedelete,cascadeupdate,componentid,createtime,creator,dr,endcardinality,endelementid,id,industry,isactive,modifier,modifytime,name,startbeanid,startcardinality,startelementid,ts,type,versiontype) values( null,null,'0d1de49f-4e90-4eb0-b8aa-5961aba342d1',null,null,0,'1','7156d223-4531-4337-b192-492ab40098f1','1041ea2c-eb78-483b-86dd-f30dd0ae338c','0','Y',null,null,'hrtaleaveb_pk_psnjob','94e4ffae-3096-4ee4-be1d-acd5819afc72','1','946c65b6-d81c-4b87-b849-8471901ec2e4','2017-11-29 09:59:58',3,0)
go
insert into md_association(cascadedelete,cascadeupdate,componentid,createtime,creator,dr,endcardinality,endelementid,id,industry,isactive,modifier,modifytime,name,startbeanid,startcardinality,startelementid,ts,type,versiontype) values( null,null,'0d1de49f-4e90-4eb0-b8aa-5961aba342d1',null,null,0,'1','4c9f5cd7-d8c5-41c3-aa99-b3f12bdb54a8','15c0c2e1-e807-4dea-9da0-2820643a19e6','0','Y',null,null,'hrtaleaveb_pk_leaveh','94e4ffae-3096-4ee4-be1d-acd5819afc72','1','4e1a9aa9-7dfa-4eda-999c-6b0e7fd889c6','2017-11-29 09:59:58',3,0)
go
insert into md_association(cascadedelete,cascadeupdate,componentid,createtime,creator,dr,endcardinality,endelementid,id,industry,isactive,modifier,modifytime,name,startbeanid,startcardinality,startelementid,ts,type,versiontype) values( null,null,'0d1de49f-4e90-4eb0-b8aa-5961aba342d1','2010-11-24 14:51:46',null,0,'1..n','94e4ffae-3096-4ee4-be1d-acd5819afc72','1650802f-b2f9-44a7-bc56-959d588501f4','0',null,null,'2010-11-24 14:51:53','Aggregation Relation','4c9f5cd7-d8c5-41c3-aa99-b3f12bdb54a8','1','c0a73515-2b94-4d11-a1a8-0b63c9138173','2017-11-29 09:59:58',1,0)
go
insert into md_association(cascadedelete,cascadeupdate,componentid,createtime,creator,dr,endcardinality,endelementid,id,industry,isactive,modifier,modifytime,name,startbeanid,startcardinality,startelementid,ts,type,versiontype) values( null,null,'0d1de49f-4e90-4eb0-b8aa-5961aba342d1',null,null,0,'1','7156d223-4531-4337-b192-492ab40098f1','2fb54a0c-dff6-4285-b2a8-14bc684d9edf','0','Y',null,null,'hrtaleaveb_pk_agentpsn','94e4ffae-3096-4ee4-be1d-acd5819afc72','1','d567cff7-41f6-45d6-89cf-6c4aa9dfff3c','2017-11-29 09:59:58',3,0)
go
insert into md_association(cascadedelete,cascadeupdate,componentid,createtime,creator,dr,endcardinality,endelementid,id,industry,isactive,modifier,modifytime,name,startbeanid,startcardinality,startelementid,ts,type,versiontype) values( null,null,'0d1de49f-4e90-4eb0-b8aa-5961aba342d1',null,null,0,'1','218971f0-e5dc-408b-9a32-56529dddd4db','419a73de-8321-40ed-99b3-0a5926df423b','0','Y',null,null,'hrtaleaveb_pk_psndoc','94e4ffae-3096-4ee4-be1d-acd5819afc72','1','17365822-6f35-4483-afdd-42d288c23451','2017-11-29 09:59:58',3,0)
go
insert into md_association(cascadedelete,cascadeupdate,componentid,createtime,creator,dr,endcardinality,endelementid,id,industry,isactive,modifier,modifytime,name,startbeanid,startcardinality,startelementid,ts,type,versiontype) values( null,null,'0d1de49f-4e90-4eb0-b8aa-5961aba342d1',null,null,0,'1','f4c25f30-3235-4d3a-bd96-5c0fbbec74fa','4c29ea89-dd5b-4e2b-950f-beb229c27b38','0','Y',null,null,'hrtaleaveb_pk_leavetype','94e4ffae-3096-4ee4-be1d-acd5819afc72','1','d484602e-f25f-421c-a1e4-a2b0da064003','2017-11-29 09:59:58',3,0)
go
insert into md_association(cascadedelete,cascadeupdate,componentid,createtime,creator,dr,endcardinality,endelementid,id,industry,isactive,modifier,modifytime,name,startbeanid,startcardinality,startelementid,ts,type,versiontype) values( null,null,'0d1de49f-4e90-4eb0-b8aa-5961aba342d1',null,null,0,'1','b0fa41cd-a649-4309-b685-d341a5d1b0ed','50c12efc-3208-4d4c-9400-4bda4d125827','0','Y',null,null,'hrtaleave_transtypeid','4c9f5cd7-d8c5-41c3-aa99-b3f12bdb54a8','1','cbbb75c2-65c1-4abc-8fa2-0c578b18adb2','2017-11-29 09:59:58',3,0)
go
insert into md_association(cascadedelete,cascadeupdate,componentid,createtime,creator,dr,endcardinality,endelementid,id,industry,isactive,modifier,modifytime,name,startbeanid,startcardinality,startelementid,ts,type,versiontype) values( null,null,'0d1de49f-4e90-4eb0-b8aa-5961aba342d1',null,null,0,'1','f6f9a473-56c0-432f-8bc7-fbf8fde54fee','599fd94b-4795-4fb9-b5a9-a49e6bfe5a21','0','Y',null,null,'hrtaleave_billmaker','4c9f5cd7-d8c5-41c3-aa99-b3f12bdb54a8','1','ae813015-5f4f-4aa6-a693-785b96c69d20','2017-11-29 09:59:58',3,0)
go
insert into md_association(cascadedelete,cascadeupdate,componentid,createtime,creator,dr,endcardinality,endelementid,id,industry,isactive,modifier,modifytime,name,startbeanid,startcardinality,startelementid,ts,type,versiontype) values( null,null,'0d1de49f-4e90-4eb0-b8aa-5961aba342d1',null,null,0,'1','09e217cf-24b7-4561-966a-420d6b8c8f66','6c23a1b6-b822-4c5a-91b1-a438753bb8e9','0','Y',null,null,'hrtaleave_pk_leavetypecopy','4c9f5cd7-d8c5-41c3-aa99-b3f12bdb54a8','1','2a756e3c-f2a5-472f-8df0-033dac9f4189','2017-11-29 09:59:58',3,0)
go
insert into md_association(cascadedelete,cascadeupdate,componentid,createtime,creator,dr,endcardinality,endelementid,id,industry,isactive,modifier,modifytime,name,startbeanid,startcardinality,startelementid,ts,type,versiontype) values( null,null,'0d1de49f-4e90-4eb0-b8aa-5961aba342d1',null,null,0,'1','218971f0-e5dc-408b-9a32-56529dddd4db','71f677de-d4ad-410b-9397-a071b0484ad6','0','Y',null,null,'hrtaleave_pk_psndoc','4c9f5cd7-d8c5-41c3-aa99-b3f12bdb54a8','1','a29e98ff-f8fa-4fb7-a21b-220a340e25e9','2017-11-29 09:59:58',3,0)
go
insert into md_association(cascadedelete,cascadeupdate,componentid,createtime,creator,dr,endcardinality,endelementid,id,industry,isactive,modifier,modifytime,name,startbeanid,startcardinality,startelementid,ts,type,versiontype) values( null,null,'0d1de49f-4e90-4eb0-b8aa-5961aba342d1',null,null,0,'1','3b6dd171-2900-47f3-bfbe-41e4483a2a65','7e5ed5e2-3f29-4319-a3ab-02c52b27bacf','0','Y',null,null,'hrtaleaveb_pk_group','94e4ffae-3096-4ee4-be1d-acd5819afc72','1','01ad90b9-8b28-40d1-aa1c-70feacf5a8a9','2017-11-29 09:59:58',3,0)
go
insert into md_association(cascadedelete,cascadeupdate,componentid,createtime,creator,dr,endcardinality,endelementid,id,industry,isactive,modifier,modifytime,name,startbeanid,startcardinality,startelementid,ts,type,versiontype) values( null,null,'0d1de49f-4e90-4eb0-b8aa-5961aba342d1',null,null,0,'1','7156d223-4531-4337-b192-492ab40098f1','a16b3d98-caef-405d-b768-bf449c6a9e52','0','Y',null,null,'hrtaleave_pk_psnjob','4c9f5cd7-d8c5-41c3-aa99-b3f12bdb54a8','1','74e95d27-80da-43e2-a918-4c18679e61d3','2017-11-29 09:59:58',3,0)
go
insert into md_association(cascadedelete,cascadeupdate,componentid,createtime,creator,dr,endcardinality,endelementid,id,industry,isactive,modifier,modifytime,name,startbeanid,startcardinality,startelementid,ts,type,versiontype) values( null,null,'0d1de49f-4e90-4eb0-b8aa-5961aba342d1',null,null,0,'1','3a521756-6a6b-4027-858e-e64104b7851b','a69abf2d-6e4e-49a5-9857-9394d250da8b','0','Y',null,null,'hrtaleave_pk_psnorg','4c9f5cd7-d8c5-41c3-aa99-b3f12bdb54a8','1','8a3069c0-3742-4aa2-a3fa-73540291d293','2017-11-29 09:59:58',3,0)
go
insert into md_association(cascadedelete,cascadeupdate,componentid,createtime,creator,dr,endcardinality,endelementid,id,industry,isactive,modifier,modifytime,name,startbeanid,startcardinality,startelementid,ts,type,versiontype) values( null,null,'0d1de49f-4e90-4eb0-b8aa-5961aba342d1',null,null,0,'1','09e217cf-24b7-4561-966a-420d6b8c8f66','b3fb5321-7caf-49fa-be5f-dbf05f23f8a4','0','Y',null,null,'hrtaleaveb_pk_leavetypecopy','94e4ffae-3096-4ee4-be1d-acd5819afc72','1','2145df66-9e30-40b2-9355-feaf113bbfbd','2017-11-29 09:59:58',3,0)
go
insert into md_association(cascadedelete,cascadeupdate,componentid,createtime,creator,dr,endcardinality,endelementid,id,industry,isactive,modifier,modifytime,name,startbeanid,startcardinality,startelementid,ts,type,versiontype) values( null,null,'0d1de49f-4e90-4eb0-b8aa-5961aba342d1',null,null,0,'1','f6f9a473-56c0-432f-8bc7-fbf8fde54fee','b8d4b820-83ce-42b1-93ce-b2f43068b68d','0','Y',null,null,'hrtaleave_modifier','4c9f5cd7-d8c5-41c3-aa99-b3f12bdb54a8','1','9f52d39f-1ae3-4fdd-afab-25fc3113a2dd','2017-11-29 09:59:58',3,0)
go
insert into md_association(cascadedelete,cascadeupdate,componentid,createtime,creator,dr,endcardinality,endelementid,id,industry,isactive,modifier,modifytime,name,startbeanid,startcardinality,startelementid,ts,type,versiontype) values( null,null,'0d1de49f-4e90-4eb0-b8aa-5961aba342d1',null,null,0,'1','f6f9a473-56c0-432f-8bc7-fbf8fde54fee','bc82d51a-e789-460c-9118-01a85dea71a6','0','Y',null,null,'hrtaleave_creator','4c9f5cd7-d8c5-41c3-aa99-b3f12bdb54a8','1','fc93efac-e5ac-4960-9b74-54e12d322dd3','2017-11-29 09:59:58',3,0)
go
insert into md_association(cascadedelete,cascadeupdate,componentid,createtime,creator,dr,endcardinality,endelementid,id,industry,isactive,modifier,modifytime,name,startbeanid,startcardinality,startelementid,ts,type,versiontype) values( null,null,'0d1de49f-4e90-4eb0-b8aa-5961aba342d1',null,null,0,'1','f6f9a473-56c0-432f-8bc7-fbf8fde54fee','ddb07891-ebb4-44dd-9f65-e2a33018e3d2','0','Y',null,null,'hrtaleave_approver','4c9f5cd7-d8c5-41c3-aa99-b3f12bdb54a8','1','2615300e-d652-4a59-9032-d79569b2482f','2017-11-29 09:59:58',3,0)
go
insert into md_association(cascadedelete,cascadeupdate,componentid,createtime,creator,dr,endcardinality,endelementid,id,industry,isactive,modifier,modifytime,name,startbeanid,startcardinality,startelementid,ts,type,versiontype) values( null,null,'0d1de49f-4e90-4eb0-b8aa-5961aba342d1',null,null,0,'1','66ed0cf6-e260-4f39-8fbb-172260efd677','e8d4b2de-c583-4121-b491-9354fea38650','0','Y',null,null,'hrtaleave_pk_dept_v','4c9f5cd7-d8c5-41c3-aa99-b3f12bdb54a8','1','f9d159c6-0ce5-44c6-8f75-bbd52e97f6b9','2017-11-29 09:59:58',3,0)
go
insert into md_association(cascadedelete,cascadeupdate,componentid,createtime,creator,dr,endcardinality,endelementid,id,industry,isactive,modifier,modifytime,name,startbeanid,startcardinality,startelementid,ts,type,versiontype) values( null,null,'0d1de49f-4e90-4eb0-b8aa-5961aba342d1',null,null,0,'1','f4c25f30-3235-4d3a-bd96-5c0fbbec74fa','edcad20a-31ba-4414-995d-bf17d3c9cdf1','0','Y',null,null,'hrtaleave_pk_leavetype','4c9f5cd7-d8c5-41c3-aa99-b3f12bdb54a8','1','b2129181-7860-4f9f-86e1-5cb4f7f56c0a','2017-11-29 09:59:58',3,0)
go
insert into md_association(cascadedelete,cascadeupdate,componentid,createtime,creator,dr,endcardinality,endelementid,id,industry,isactive,modifier,modifytime,name,startbeanid,startcardinality,startelementid,ts,type,versiontype) values( null,null,'0d1de49f-4e90-4eb0-b8aa-5961aba342d1',null,null,0,'1','fa902409-20fe-4c49-89ee-85ee9312174b','f007313a-d727-478a-966e-9fc08966240e','0','Y',null,null,'hrtaleave_pk_org_v','4c9f5cd7-d8c5-41c3-aa99-b3f12bdb54a8','1','808d0631-6f51-4d02-a291-e7442e2de11e','2017-11-29 09:59:58',3,0)
go
insert into md_association(cascadedelete,cascadeupdate,componentid,createtime,creator,dr,endcardinality,endelementid,id,industry,isactive,modifier,modifytime,name,startbeanid,startcardinality,startelementid,ts,type,versiontype) values( null,null,'0d1de49f-4e90-4eb0-b8aa-5961aba342d1',null,null,0,'1','f3fed5ea-72f2-4a0a-ad43-d30b1c22c86c','f619006a-d499-4d0a-8e8b-32ab3244c466','0','Y',null,null,'hrtaleave_pk_org','4c9f5cd7-d8c5-41c3-aa99-b3f12bdb54a8','1','09bf11b1-36cf-464e-a8af-a3b5053e4a02','2017-11-29 09:59:58',3,0)
go
insert into md_association(cascadedelete,cascadeupdate,componentid,createtime,creator,dr,endcardinality,endelementid,id,industry,isactive,modifier,modifytime,name,startbeanid,startcardinality,startelementid,ts,type,versiontype) values( null,null,'0d1de49f-4e90-4eb0-b8aa-5961aba342d1',null,null,0,'1','f3fed5ea-72f2-4a0a-ad43-d30b1c22c86c','f68abed7-baa1-4b2a-864f-e10947939da3','0','Y',null,null,'hrtaleaveb_pk_org','94e4ffae-3096-4ee4-be1d-acd5819afc72','1','8fd7530a-31c4-4aa4-a456-70c9b0ccb338','2017-11-29 09:59:58',3,0)
go
