
delete md_association where ( componentid in ('bb701c62-3bb3-4808-a834-3f2aed553ccf') and (dr=0 or dr is null) )
go

delete md_property where ( classid in ('41c4a696-9c29-458f-92a1-a3a296170fb3') and (dr=0 or dr is null) )
go

delete md_db_relation where ( endtableid in ('tbm_leavereg') and (dr=0 or dr is null) )
go

delete md_column where ( tableid in ('tbm_leavereg') and (dr=0 or dr is null) )
go

delete md_table where ( id in ('tbm_leavereg') and (dr=0 or dr is null) )
go

delete md_ormap where ( classid in ('41c4a696-9c29-458f-92a1-a3a296170fb3') and (dr=0 or dr is null) )
go

delete md_bizitfmap where ( classid in ('41c4a696-9c29-458f-92a1-a3a296170fb3') and (dr=0 or dr is null) )
go

delete md_class where ( componentid in ('bb701c62-3bb3-4808-a834-3f2aed553ccf') and (dr=0 or dr is null) )
go

delete md_component where ( id='bb701c62-3bb3-4808-a834-3f2aed553ccf' and (versiontype='0') and (dr=0 or dr is null) )
go


insert into md_component(createtime,creator,description,displayname,dr,fromsourcebmf,help,id,industry,isbizmodel,modifier,modifytime,name,namespace,ownmodule,preload,resid,resmodule,ts,version,versiontype) values( '2010-11-24 14:30:31',null,null,'休假登记',0,'Y',null,'bb701c62-3bb3-4808-a834-3f2aed553ccf','0','N','YONYOU NC','2017-09-07 09:49:09','hrtaleavereg','hrta','hrta',null,'2leave-000080','leave','2017-09-13 11:12:03','107',0)
go


insert into md_class(accessorclassname,bizitfimpclassname,classtype,componentid,createtime,creator,defaulttablename,description,displayname,dr,fixedlength,fullclassname,help,id,industry,isactive,isauthen,iscreatesql,isextendbean,isprimary,keyattribute,modifier,modifytime,modinfoclassname,name,parentclassid,precise,refmodelname,resid,returntype,stereotype,ts,userdefclassname,versiontype) values( 'nc.md.model.access.javamap.POJOStyle',null,201,'bb701c62-3bb3-4808-a834-3f2aed553ccf','2010-11-24 14:30:37',null,'tbm_leavereg',null,'休假登记',0,null,'nc.vo.ta.leave.LeaveRegVO',null,'41c4a696-9c29-458f-92a1-a3a296170fb3','0',null,'Y','Y',null,'Y','db7a4fa7-fa67-44fb-86dd-d50a4256e0ba','YONYOU NC','2017-09-07 09:57:14',null,'hrtaleavereg',null,null,null,'2leave-000050',null,null,'2017-09-13 11:12:03',null,0)
go


insert into md_bizitfmap(bizinterfaceid,bizitfimpclassname,classattrid,classattrpath,classid,dr,industry,intattrid,ts,versiontype) values( '6c8722b9-911a-489b-8d0d-18bd3734fcf6',null,'db7a4fa7-fa67-44fb-86dd-d50a4256e0ba',null,'41c4a696-9c29-458f-92a1-a3a296170fb3',0,null,'5dd3c721-22ad-42b1-9c10-4351c236bc77','2017-09-13 11:12:07',null)
go
insert into md_bizitfmap(bizinterfaceid,bizitfimpclassname,classattrid,classattrpath,classid,dr,industry,intattrid,ts,versiontype) values( '6c8722b9-911a-489b-8d0d-18bd3734fcf6',null,'439c5f62-5685-4bc1-9faa-880bdacb69af',null,'41c4a696-9c29-458f-92a1-a3a296170fb3',0,null,'89578a97-42fe-439b-827c-8eabd9e3604c','2017-09-13 11:12:07',null)
go
insert into md_bizitfmap(bizinterfaceid,bizitfimpclassname,classattrid,classattrpath,classid,dr,industry,intattrid,ts,versiontype) values( '6c8722b9-911a-489b-8d0d-18bd3734fcf6',null,'fb971d3e-c773-46c6-ab54-c69bf339768e',null,'41c4a696-9c29-458f-92a1-a3a296170fb3',0,null,'a47e6cda-09e4-480b-923f-ec6f41e3e06c','2017-09-13 11:12:07',null)
go
insert into md_bizitfmap(bizinterfaceid,bizitfimpclassname,classattrid,classattrpath,classid,dr,industry,intattrid,ts,versiontype) values( '6c8722b9-911a-489b-8d0d-18bd3734fcf6',null,null,null,'41c4a696-9c29-458f-92a1-a3a296170fb3',0,null,'c8334364-7ab9-4266-8d4b-e74537935e46','2017-09-13 11:12:07',null)
go
insert into md_bizitfmap(bizinterfaceid,bizitfimpclassname,classattrid,classattrpath,classid,dr,industry,intattrid,ts,versiontype) values( '6c8722b9-911a-489b-8d0d-18bd3734fcf6',null,'439c5f62-5685-4bc1-9faa-880bdacb69af',null,'41c4a696-9c29-458f-92a1-a3a296170fb3',0,null,'d32cc17b-f415-415a-923f-0764443eb102','2017-09-13 11:12:07',null)
go
insert into md_bizitfmap(bizinterfaceid,bizitfimpclassname,classattrid,classattrpath,classid,dr,industry,intattrid,ts,versiontype) values( '6c8722b9-911a-489b-8d0d-18bd3734fcf6',null,'7a30e9f5-1dd5-4fc5-8e93-6d15352468c0',null,'41c4a696-9c29-458f-92a1-a3a296170fb3',0,null,'ecf1b76a-6e44-42e2-a55e-87596504775b','2017-09-13 11:12:07',null)
go


insert into md_ormap(attributeid,classid,columnid,dr,tableid,ts) values( '0ccc632c-d843-4f31-9253-5ffd3405da5b','41c4a696-9c29-458f-92a1-a3a296170fb3','tbm_leavereg@@@islactation',0,'tbm_leavereg','2017-09-13 11:12:09')
go
insert into md_ormap(attributeid,classid,columnid,dr,tableid,ts) values( '0fe7f6cc-6d8a-4a7d-aaf8-011dd68df0a4','41c4a696-9c29-458f-92a1-a3a296170fb3','tbm_leavereg@@@realdayorhour',0,'tbm_leavereg','2017-09-13 11:12:09')
go
insert into md_ormap(attributeid,classid,columnid,dr,tableid,ts) values( '1dc0635f-6795-4362-9301-9d42705f1c84','41c4a696-9c29-458f-92a1-a3a296170fb3','tbm_leavereg@@@usefuldayorhour',0,'tbm_leavereg','2017-09-13 11:12:09')
go
insert into md_ormap(attributeid,classid,columnid,dr,tableid,ts) values( '1f5bd2d1-5fa2-4740-b1ff-ff07eb12897f','41c4a696-9c29-458f-92a1-a3a296170fb3','tbm_leavereg@@@billsource',0,'tbm_leavereg','2017-09-13 11:12:09')
go
insert into md_ormap(attributeid,classid,columnid,dr,tableid,ts) values( '21476cd4-10e2-4e8b-b8c8-a3990afba407','41c4a696-9c29-458f-92a1-a3a296170fb3','tbm_leavereg@@@modifiedtime',0,'tbm_leavereg','2017-09-13 11:12:09')
go
insert into md_ormap(attributeid,classid,columnid,dr,tableid,ts) values( '21ce23c7-533a-4209-bba4-018aa63aad26','41c4a696-9c29-458f-92a1-a3a296170fb3','tbm_leavereg@@@pk_leavetypecopy',0,'tbm_leavereg','2017-09-13 11:12:09')
go
insert into md_ormap(attributeid,classid,columnid,dr,tableid,ts) values( '2e45dbff-fc1c-44df-8aaf-01f526caf94e','41c4a696-9c29-458f-92a1-a3a296170fb3','tbm_leavereg@@@isleaveoff',0,'tbm_leavereg','2017-09-13 11:12:09')
go
insert into md_ormap(attributeid,classid,columnid,dr,tableid,ts) values( '439c5f62-5685-4bc1-9faa-880bdacb69af','41c4a696-9c29-458f-92a1-a3a296170fb3','tbm_leavereg@@@pk_psndoc',0,'tbm_leavereg','2017-09-13 11:12:09')
go
insert into md_ormap(attributeid,classid,columnid,dr,tableid,ts) values( '466e3f2a-b48c-41b0-87ee-319ae79ca913','41c4a696-9c29-458f-92a1-a3a296170fb3','tbm_leavereg@@@creationtime',0,'tbm_leavereg','2017-09-13 11:12:09')
go
insert into md_ormap(attributeid,classid,columnid,dr,tableid,ts) values( '4fba1458-c631-4ad1-91ad-c93ba8e792dc','41c4a696-9c29-458f-92a1-a3a296170fb3','tbm_leavereg@@@pk_agentpsn',0,'tbm_leavereg','2017-09-13 11:12:09')
go
insert into md_ormap(attributeid,classid,columnid,dr,tableid,ts) values( '5705a810-a66c-407a-bd39-d7f2d4c1bdb0','41c4a696-9c29-458f-92a1-a3a296170fb3','tbm_leavereg@@@freezedayorhour',0,'tbm_leavereg','2017-09-13 11:12:09')
go
insert into md_ormap(attributeid,classid,columnid,dr,tableid,ts) values( '5b6ed94d-e3fd-4f65-ab2c-e4ee353bc387','41c4a696-9c29-458f-92a1-a3a296170fb3','tbm_leavereg@@@leavebegintime',0,'tbm_leavereg','2017-09-13 11:12:09')
go
insert into md_ormap(attributeid,classid,columnid,dr,tableid,ts) values( '66ac9934-0371-49c6-bdfc-4a20d501dda0','41c4a696-9c29-458f-92a1-a3a296170fb3','tbm_leavereg@@@resteddayorhour',0,'tbm_leavereg','2017-09-13 11:12:09')
go
insert into md_ormap(attributeid,classid,columnid,dr,tableid,ts) values( '6c2d4024-5a78-4f44-9cc1-b83ad6dd0c47','41c4a696-9c29-458f-92a1-a3a296170fb3','tbm_leavereg@@@leavehour',0,'tbm_leavereg','2017-09-13 11:12:09')
go
insert into md_ormap(attributeid,classid,columnid,dr,tableid,ts) values( '73eee4a3-36f8-4908-af46-b9f21c67dacd','41c4a696-9c29-458f-92a1-a3a296170fb3','tbm_leavereg@@@pk_dept_v',0,'tbm_leavereg','2017-09-13 11:12:09')
go
insert into md_ormap(attributeid,classid,columnid,dr,tableid,ts) values( '754af1a4-e82c-4671-9fd1-bacb3488ce24','41c4a696-9c29-458f-92a1-a3a296170fb3','tbm_leavereg@@@workprocess',0,'tbm_leavereg','2017-09-13 11:12:09')
go
insert into md_ormap(attributeid,classid,columnid,dr,tableid,ts) values( '7833ae82-75ad-443c-8dc0-16c55c6e0c5c','41c4a696-9c29-458f-92a1-a3a296170fb3','tbm_leavereg@@@leaveindex',0,'tbm_leavereg','2017-09-13 11:12:09')
go
insert into md_ormap(attributeid,classid,columnid,dr,tableid,ts) values( '7a30e9f5-1dd5-4fc5-8e93-6d15352468c0','41c4a696-9c29-458f-92a1-a3a296170fb3','tbm_leavereg@@@pk_org',0,'tbm_leavereg','2017-09-13 11:12:09')
go
insert into md_ormap(attributeid,classid,columnid,dr,tableid,ts) values( '7eb65492-79bc-49fd-b85c-4f50d9ac829d','41c4a696-9c29-458f-92a1-a3a296170fb3','tbm_leavereg@@@relatetel',0,'tbm_leavereg','2017-09-13 11:12:09')
go
insert into md_ormap(attributeid,classid,columnid,dr,tableid,ts) values( '8dac7cc7-3b20-4f5e-a10a-f83816f6f9dc','41c4a696-9c29-458f-92a1-a3a296170fb3','tbm_leavereg@@@splitid',0,'tbm_leavereg','2017-09-13 11:12:09')
go
insert into md_ormap(attributeid,classid,columnid,dr,tableid,ts) values( '8db2150e-dfd9-43fe-94b8-ac8af53ddcd2','41c4a696-9c29-458f-92a1-a3a296170fb3','tbm_leavereg@@@approve_time',0,'tbm_leavereg','2017-09-13 11:12:09')
go
insert into md_ormap(attributeid,classid,columnid,dr,tableid,ts) values( '8f38b31b-208c-4627-a6a6-29187bd3f184','41c4a696-9c29-458f-92a1-a3a296170fb3','tbm_leavereg@@@modifier',0,'tbm_leavereg','2017-09-13 11:12:09')
go
insert into md_ormap(attributeid,classid,columnid,dr,tableid,ts) values( 'a375af2c-327a-4f88-b0f3-13339fe13411','41c4a696-9c29-458f-92a1-a3a296170fb3','tbm_leavereg@@@creator',0,'tbm_leavereg','2017-09-13 11:12:09')
go
insert into md_ormap(attributeid,classid,columnid,dr,tableid,ts) values( 'b054bf7a-a7c9-41ec-babf-c5f46ce720c3','41c4a696-9c29-458f-92a1-a3a296170fb3','tbm_leavereg@@@pk_billsourceb',0,'tbm_leavereg','2017-09-13 11:12:09')
go
insert into md_ormap(attributeid,classid,columnid,dr,tableid,ts) values( 'b8306a34-ed66-4d6c-8182-0be88c8e4919','41c4a696-9c29-458f-92a1-a3a296170fb3','tbm_leavereg@@@restdayorhour',0,'tbm_leavereg','2017-09-13 11:12:09')
go
insert into md_ormap(attributeid,classid,columnid,dr,tableid,ts) values( 'bbf61b2a-ee5b-4544-b8df-788bf6a17c4e','41c4a696-9c29-458f-92a1-a3a296170fb3','tbm_leavereg@@@leaveyear',0,'tbm_leavereg','2017-09-13 11:12:09')
go
insert into md_ormap(attributeid,classid,columnid,dr,tableid,ts) values( 'be257443-f935-449a-ba27-efd2e73a18cb','41c4a696-9c29-458f-92a1-a3a296170fb3','tbm_leavereg@@@pk_org_v',0,'tbm_leavereg','2017-09-13 11:12:09')
go
insert into md_ormap(attributeid,classid,columnid,dr,tableid,ts) values( 'bead8e57-690b-4799-94bd-e873420079e5','41c4a696-9c29-458f-92a1-a3a296170fb3','tbm_leavereg@@@pk_leavetype',0,'tbm_leavereg','2017-09-13 11:12:09')
go
insert into md_ormap(attributeid,classid,columnid,dr,tableid,ts) values( 'cce614a5-66d8-4f73-8a31-d8dfde6d5c37','41c4a696-9c29-458f-92a1-a3a296170fb3','tbm_leavereg@@@lactationhour',0,'tbm_leavereg','2017-09-13 11:12:09')
go
insert into md_ormap(attributeid,classid,columnid,dr,tableid,ts) values( 'cd8bb059-5957-42b4-9cfd-913267e42ffd','41c4a696-9c29-458f-92a1-a3a296170fb3','tbm_leavereg@@@leaveremark',0,'tbm_leavereg','2017-09-13 11:12:09')
go
insert into md_ormap(attributeid,classid,columnid,dr,tableid,ts) values( 'd1046e9e-f8cf-48f3-a7e8-dadfe9a7d418','41c4a696-9c29-458f-92a1-a3a296170fb3','tbm_leavereg@@@leavemonth',0,'tbm_leavereg','2017-09-13 11:12:09')
go
insert into md_ormap(attributeid,classid,columnid,dr,tableid,ts) values( 'd58099d2-8b62-4a3d-9032-f50ed6e2313b','41c4a696-9c29-458f-92a1-a3a296170fb3','tbm_leavereg@@@pk_billsourceh',0,'tbm_leavereg','2017-09-13 11:12:09')
go
insert into md_ormap(attributeid,classid,columnid,dr,tableid,ts) values( 'd5b46092-aabd-49a9-83fb-b6d64be135a8','41c4a696-9c29-458f-92a1-a3a296170fb3','tbm_leavereg@@@leaveendtime',0,'tbm_leavereg','2017-09-13 11:12:09')
go
insert into md_ormap(attributeid,classid,columnid,dr,tableid,ts) values( 'db7a4fa7-fa67-44fb-86dd-d50a4256e0ba','41c4a696-9c29-458f-92a1-a3a296170fb3','tbm_leavereg@@PK@@',0,'tbm_leavereg','2017-09-13 11:12:09')
go
insert into md_ormap(attributeid,classid,columnid,dr,tableid,ts) values( 'e323b120-8e94-4fc5-b11d-9f85f3720a18','41c4a696-9c29-458f-92a1-a3a296170fb3','tbm_leavereg@@@lactationholidaytype',0,'tbm_leavereg','2017-09-13 11:12:09')
go
insert into md_ormap(attributeid,classid,columnid,dr,tableid,ts) values( 'e5d76cfd-ad18-4520-bebf-df965aef342c','41c4a696-9c29-458f-92a1-a3a296170fb3','tbm_leavereg@@@pk_adminorg',0,'tbm_leavereg','2017-09-13 11:12:09')
go
insert into md_ormap(attributeid,classid,columnid,dr,tableid,ts) values( 'e5f5a916-8122-40f9-8634-2ea587c5e457','41c4a696-9c29-458f-92a1-a3a296170fb3','tbm_leavereg@@@leavebegindate',0,'tbm_leavereg','2017-09-13 11:12:09')
go
insert into md_ormap(attributeid,classid,columnid,dr,tableid,ts) values( 'ea89974b-a6db-4811-9cbe-b6d5d6c154e1','41c4a696-9c29-458f-92a1-a3a296170fb3','tbm_leavereg@@@leaveenddate',0,'tbm_leavereg','2017-09-13 11:12:09')
go
insert into md_ormap(attributeid,classid,columnid,dr,tableid,ts) values( 'f4f04f22-190e-480c-b6c1-0a94f982089a','41c4a696-9c29-458f-92a1-a3a296170fb3','tbm_leavereg@@@pk_psnjob',0,'tbm_leavereg','2017-09-13 11:12:09')
go
insert into md_ormap(attributeid,classid,columnid,dr,tableid,ts) values( 'f930897b-420b-4891-936b-1e70a0dc9498','41c4a696-9c29-458f-92a1-a3a296170fb3','tbm_leavereg@@@backtime',0,'tbm_leavereg','2017-09-13 11:12:09')
go
insert into md_ormap(attributeid,classid,columnid,dr,tableid,ts) values( 'fb971d3e-c773-46c6-ab54-c69bf339768e','41c4a696-9c29-458f-92a1-a3a296170fb3','tbm_leavereg@@@pk_group',0,'tbm_leavereg','2017-09-13 11:12:09')
go
insert into md_ormap(attributeid,classid,columnid,dr,tableid,ts) values( 'fc8aa5e0-87c6-4150-a8aa-b1d897439541','41c4a696-9c29-458f-92a1-a3a296170fb3','tbm_leavereg@@@pk_psnorg',0,'tbm_leavereg','2017-09-13 11:12:09')
go


insert into md_table(createtime,creator,databaseid,description,displayname,dr,fromsourcebmf,help,id,industry,isactive,isextendtable,modifier,modifytime,name,parenttable,resid,resmodule,ts,versiontype) values( '2010-11-24 14:30:37',null,null,null,'休假登记',0,'Y',null,'tbm_leavereg','0',null,null,'YONYOU NC','2017-09-07 09:57:14','tbm_leavereg',null,'2leave-000050','leave','2017-09-13 11:12:08',0)
go


insert into md_column(columnlength,columnsequence,columntype,createtime,creator,defaultvalue,description,displayname,dr,forlocale,groupid,help,id,identitied,incrementseed,incrementstep,isactive,modifier,modifytime,name,nullable,pkey,precise,resid,sqldatetype,tableid,ts,versiontype) values( 19,41,0,null,null,null,null,'审批时间',0,'N',null,null,'tbm_leavereg@@@approve_time',null,null,null,'Y',null,null,'approve_time','Y','N',0,'2leaveoff-00022','char','tbm_leavereg','2017-09-13 11:12:09',0)
go
insert into md_column(columnlength,columnsequence,columntype,createtime,creator,defaultvalue,description,displayname,dr,forlocale,groupid,help,id,identitied,incrementseed,incrementstep,isactive,modifier,modifytime,name,nullable,pkey,precise,resid,sqldatetype,tableid,ts,versiontype) values( 19,26,0,null,null,null,null,'销假时间',0,'N',null,null,'tbm_leavereg@@@backtime',null,null,null,'Y',null,null,'backtime','Y','N',0,'2leave-000052','char','tbm_leavereg','2017-09-13 11:12:09',0)
go
insert into md_column(columnlength,columnsequence,columntype,createtime,creator,defaultvalue,description,displayname,dr,forlocale,groupid,help,id,identitied,incrementseed,incrementstep,isactive,modifier,modifytime,name,nullable,pkey,precise,resid,sqldatetype,tableid,ts,versiontype) values( 50,32,0,null,null,null,null,'单据来源',0,'N',null,null,'tbm_leavereg@@@billsource',null,null,null,'Y',null,null,'billsource','Y','N',0,'2leave-000054','varchar','tbm_leavereg','2017-09-13 11:12:09',0)
go
insert into md_column(columnlength,columnsequence,columntype,createtime,creator,defaultvalue,description,displayname,dr,forlocale,groupid,help,id,identitied,incrementseed,incrementstep,isactive,modifier,modifytime,name,nullable,pkey,precise,resid,sqldatetype,tableid,ts,versiontype) values( 19,37,0,null,null,null,null,'创建时间',0,'N',null,null,'tbm_leavereg@@@creationtime',null,null,null,'Y',null,null,'creationtime','Y','N',0,'2UC000-000157','char','tbm_leavereg','2017-09-13 11:12:09',0)
go
insert into md_column(columnlength,columnsequence,columntype,createtime,creator,defaultvalue,description,displayname,dr,forlocale,groupid,help,id,identitied,incrementseed,incrementstep,isactive,modifier,modifytime,name,nullable,pkey,precise,resid,sqldatetype,tableid,ts,versiontype) values( 20,36,0,null,null,'*~',null,'创建人',0,'N',null,null,'tbm_leavereg@@@creator',null,null,null,'Y',null,null,'creator','Y','N',0,'2UC000-000155','varchar','tbm_leavereg','2017-09-13 11:12:09',0)
go
insert into md_column(columnlength,columnsequence,columntype,createtime,creator,defaultvalue,description,displayname,dr,forlocale,groupid,help,id,identitied,incrementseed,incrementstep,isactive,modifier,modifytime,name,nullable,pkey,precise,resid,sqldatetype,tableid,ts,versiontype) values( 28,23,0,null,null,null,null,'冻结时长',0,'N',null,null,'tbm_leavereg@@@freezedayorhour',null,null,null,'Y',null,null,'freezedayorhour','Y','N',8,'2leave-000001','decimal','tbm_leavereg','2017-09-13 11:12:09',0)
go
insert into md_column(columnlength,columnsequence,columntype,createtime,creator,defaultvalue,description,displayname,dr,forlocale,groupid,help,id,identitied,incrementseed,incrementstep,isactive,modifier,modifytime,name,nullable,pkey,precise,resid,sqldatetype,tableid,ts,versiontype) values( 1,27,0,null,null,null,null,'哺乳假',0,'N',null,null,'tbm_leavereg@@@islactation',null,null,null,'Y',null,null,'islactation','Y','N',0,'2leave-000053','char','tbm_leavereg','2017-09-13 11:12:09',0)
go
insert into md_column(columnlength,columnsequence,columntype,createtime,creator,defaultvalue,description,displayname,dr,forlocale,groupid,help,id,identitied,incrementseed,incrementstep,isactive,modifier,modifytime,name,nullable,pkey,precise,resid,sqldatetype,tableid,ts,versiontype) values( 1,25,0,null,null,null,null,'销假',0,'N',null,null,'tbm_leavereg@@@isleaveoff',null,null,null,'Y',null,null,'isleaveoff','Y','N',0,'2leave-000055','char','tbm_leavereg','2017-09-13 11:12:09',0)
go
insert into md_column(columnlength,columnsequence,columntype,createtime,creator,defaultvalue,description,displayname,dr,forlocale,groupid,help,id,identitied,incrementseed,incrementstep,isactive,modifier,modifytime,name,nullable,pkey,precise,resid,sqldatetype,tableid,ts,versiontype) values( 0,28,0,null,null,null,null,'哺乳时段',0,'N',null,null,'tbm_leavereg@@@lactationholidaytype',null,null,null,'Y',null,null,'lactationholidaytype','Y','N',0,'2leave-000020','int','tbm_leavereg','2017-09-13 11:12:09',0)
go
insert into md_column(columnlength,columnsequence,columntype,createtime,creator,defaultvalue,description,displayname,dr,forlocale,groupid,help,id,identitied,incrementseed,incrementstep,isactive,modifier,modifytime,name,nullable,pkey,precise,resid,sqldatetype,tableid,ts,versiontype) values( 28,29,0,null,null,null,null,'单日哺乳时长',0,'N',null,null,'tbm_leavereg@@@lactationhour',null,null,null,'Y',null,null,'lactationhour','Y','N',4,'2leave-000017','decimal','tbm_leavereg','2017-09-13 11:12:09',0)
go
insert into md_column(columnlength,columnsequence,columntype,createtime,creator,defaultvalue,description,displayname,dr,forlocale,groupid,help,id,identitied,incrementseed,incrementstep,isactive,modifier,modifytime,name,nullable,pkey,precise,resid,sqldatetype,tableid,ts,versiontype) values( 10,30,0,null,null,null,null,'休假开始日期',0,'N',null,null,'tbm_leavereg@@@leavebegindate',null,null,null,'Y',null,null,'leavebegindate','Y','N',0,'2leave-000024','char','tbm_leavereg','2017-09-13 11:12:09',0)
go
insert into md_column(columnlength,columnsequence,columntype,createtime,creator,defaultvalue,description,displayname,dr,forlocale,groupid,help,id,identitied,incrementseed,incrementstep,isactive,modifier,modifytime,name,nullable,pkey,precise,resid,sqldatetype,tableid,ts,versiontype) values( 19,13,0,null,null,null,null,'休假开始时间',0,'N',null,null,'tbm_leavereg@@@leavebegintime',null,null,null,'Y',null,null,'leavebegintime','Y','N',0,'2leave-000025','char','tbm_leavereg','2017-09-13 11:12:09',0)
go
insert into md_column(columnlength,columnsequence,columntype,createtime,creator,defaultvalue,description,displayname,dr,forlocale,groupid,help,id,identitied,incrementseed,incrementstep,isactive,modifier,modifytime,name,nullable,pkey,precise,resid,sqldatetype,tableid,ts,versiontype) values( 10,31,0,null,null,null,null,'休假结束日期',0,'N',null,null,'tbm_leavereg@@@leaveenddate',null,null,null,'Y',null,null,'leaveenddate','Y','N',0,'2leave-000002','char','tbm_leavereg','2017-09-13 11:12:09',0)
go
insert into md_column(columnlength,columnsequence,columntype,createtime,creator,defaultvalue,description,displayname,dr,forlocale,groupid,help,id,identitied,incrementseed,incrementstep,isactive,modifier,modifytime,name,nullable,pkey,precise,resid,sqldatetype,tableid,ts,versiontype) values( 19,14,0,null,null,null,null,'休假结束时间',0,'N',null,null,'tbm_leavereg@@@leaveendtime',null,null,null,'Y',null,null,'leaveendtime','Y','N',0,'2leave-000012','char','tbm_leavereg','2017-09-13 11:12:09',0)
go
insert into md_column(columnlength,columnsequence,columntype,createtime,creator,defaultvalue,description,displayname,dr,forlocale,groupid,help,id,identitied,incrementseed,incrementstep,isactive,modifier,modifytime,name,nullable,pkey,precise,resid,sqldatetype,tableid,ts,versiontype) values( 16,19,0,null,null,null,null,'休假时长',0,'N',null,null,'tbm_leavereg@@@leavehour',null,null,null,'Y',null,null,'leavehour','Y','N',4,'2leave-000015','decimal','tbm_leavereg','2017-09-13 11:12:09',0)
go
insert into md_column(columnlength,columnsequence,columntype,createtime,creator,defaultvalue,description,displayname,dr,forlocale,groupid,help,id,identitied,incrementseed,incrementstep,isactive,modifier,modifytime,name,nullable,pkey,precise,resid,sqldatetype,tableid,ts,versiontype) values( 0,12,0,null,null,'1',null,'假期结算数据顺序号',0,'N',null,null,'tbm_leavereg@@@leaveindex',null,null,null,'Y',null,null,'leaveindex','Y','N',0,'2leave-000045','int','tbm_leavereg','2017-09-13 11:12:09',0)
go
insert into md_column(columnlength,columnsequence,columntype,createtime,creator,defaultvalue,description,displayname,dr,forlocale,groupid,help,id,identitied,incrementseed,incrementstep,isactive,modifier,modifytime,name,nullable,pkey,precise,resid,sqldatetype,tableid,ts,versiontype) values( 50,11,0,null,null,null,null,'假期期间',0,'N',null,null,'tbm_leavereg@@@leavemonth',null,null,null,'Y',null,null,'leavemonth','Y','N',0,'2leave-000003','varchar','tbm_leavereg','2017-09-13 11:12:09',0)
go
insert into md_column(columnlength,columnsequence,columntype,createtime,creator,defaultvalue,description,displayname,dr,forlocale,groupid,help,id,identitied,incrementseed,incrementstep,isactive,modifier,modifytime,name,nullable,pkey,precise,resid,sqldatetype,tableid,ts,versiontype) values( 512,18,0,null,null,null,null,'休假说明',0,'Y',null,null,'tbm_leavereg@@@leaveremark',null,null,null,'Y',null,null,'leaveremark','Y','N',0,'2leave-000034','varchar','tbm_leavereg','2017-09-13 11:12:09',0)
go
insert into md_column(columnlength,columnsequence,columntype,createtime,creator,defaultvalue,description,displayname,dr,forlocale,groupid,help,id,identitied,incrementseed,incrementstep,isactive,modifier,modifytime,name,nullable,pkey,precise,resid,sqldatetype,tableid,ts,versiontype) values( 50,10,0,null,null,null,null,'假期年度',0,'N',null,null,'tbm_leavereg@@@leaveyear',null,null,null,'Y',null,null,'leaveyear','Y','N',0,'2leave-000036','varchar','tbm_leavereg','2017-09-13 11:12:09',0)
go
insert into md_column(columnlength,columnsequence,columntype,createtime,creator,defaultvalue,description,displayname,dr,forlocale,groupid,help,id,identitied,incrementseed,incrementstep,isactive,modifier,modifytime,name,nullable,pkey,precise,resid,sqldatetype,tableid,ts,versiontype) values( 19,39,0,null,null,null,null,'修改时间',0,'N',null,null,'tbm_leavereg@@@modifiedtime',null,null,null,'Y',null,null,'modifiedtime','Y','N',0,'2UC000-000100','char','tbm_leavereg','2017-09-13 11:12:09',0)
go
insert into md_column(columnlength,columnsequence,columntype,createtime,creator,defaultvalue,description,displayname,dr,forlocale,groupid,help,id,identitied,incrementseed,incrementstep,isactive,modifier,modifytime,name,nullable,pkey,precise,resid,sqldatetype,tableid,ts,versiontype) values( 20,38,0,null,null,'*~',null,'修改人',0,'N',null,null,'tbm_leavereg@@@modifier',null,null,null,'Y',null,null,'modifier','Y','N',0,'2UC000-000098','varchar','tbm_leavereg','2017-09-13 11:12:09',0)
go
insert into md_column(columnlength,columnsequence,columntype,createtime,creator,defaultvalue,description,displayname,dr,forlocale,groupid,help,id,identitied,incrementseed,incrementstep,isactive,modifier,modifytime,name,nullable,pkey,precise,resid,sqldatetype,tableid,ts,versiontype) values( 20,35,0,null,null,'*~',null,'管理组织',0,'N',null,null,'tbm_leavereg@@@pk_adminorg',null,null,null,'Y',null,null,'pk_adminorg','Y','N',0,'2leave-000049','varchar','tbm_leavereg','2017-09-13 11:12:09',0)
go
insert into md_column(columnlength,columnsequence,columntype,createtime,creator,defaultvalue,description,displayname,dr,forlocale,groupid,help,id,identitied,incrementseed,incrementstep,isactive,modifier,modifytime,name,nullable,pkey,precise,resid,sqldatetype,tableid,ts,versiontype) values( 20,16,0,null,null,'*~',null,'工作交接人',0,'N',null,null,'tbm_leavereg@@@pk_agentpsn',null,null,null,'Y',null,null,'pk_agentpsn','Y','N',0,'2leave-000033','varchar','tbm_leavereg','2017-09-13 11:12:09',0)
go
insert into md_column(columnlength,columnsequence,columntype,createtime,creator,defaultvalue,description,displayname,dr,forlocale,groupid,help,id,identitied,incrementseed,incrementstep,isactive,modifier,modifytime,name,nullable,pkey,precise,resid,sqldatetype,tableid,ts,versiontype) values( 20,34,0,null,null,'*~',null,'申请单来源子表主键',0,'N',null,'IgnoreRefCheck','tbm_leavereg@@@pk_billsourceb',null,null,null,'Y',null,null,'pk_billsourceb','Y','N',0,'2leave-000051','varchar','tbm_leavereg','2017-09-13 11:12:09',0)
go
insert into md_column(columnlength,columnsequence,columntype,createtime,creator,defaultvalue,description,displayname,dr,forlocale,groupid,help,id,identitied,incrementseed,incrementstep,isactive,modifier,modifytime,name,nullable,pkey,precise,resid,sqldatetype,tableid,ts,versiontype) values( 20,33,0,null,null,'*~',null,'申请单来源主表主键',0,'N',null,'IgnoreRefCheck','tbm_leavereg@@@pk_billsourceh',null,null,null,'Y',null,null,'pk_billsourceh','Y','N',0,'2leave-000056','varchar','tbm_leavereg','2017-09-13 11:12:09',0)
go
insert into md_column(columnlength,columnsequence,columntype,createtime,creator,defaultvalue,description,displayname,dr,forlocale,groupid,help,id,identitied,incrementseed,incrementstep,isactive,modifier,modifytime,name,nullable,pkey,precise,resid,sqldatetype,tableid,ts,versiontype) values( 20,5,0,null,null,'*~',null,'申请人部门版本',0,'N',null,null,'tbm_leavereg@@@pk_dept_v',null,null,null,'Y',null,null,'pk_dept_v','Y','N',0,'2leave-000047','varchar','tbm_leavereg','2017-09-13 11:12:09',0)
go
insert into md_column(columnlength,columnsequence,columntype,createtime,creator,defaultvalue,description,displayname,dr,forlocale,groupid,help,id,identitied,incrementseed,incrementstep,isactive,modifier,modifytime,name,nullable,pkey,precise,resid,sqldatetype,tableid,ts,versiontype) values( 20,7,0,null,null,null,null,'集团',0,'N',null,null,'tbm_leavereg@@@pk_group',null,null,null,'Y',null,null,'pk_group','N','N',0,'2UC000-001007','char','tbm_leavereg','2017-09-13 11:12:09',0)
go
insert into md_column(columnlength,columnsequence,columntype,createtime,creator,defaultvalue,description,displayname,dr,forlocale,groupid,help,id,identitied,incrementseed,incrementstep,isactive,modifier,modifytime,name,nullable,pkey,precise,resid,sqldatetype,tableid,ts,versiontype) values( 20,8,0,null,null,null,null,'休假类别',0,'N',null,null,'tbm_leavereg@@@pk_leavetype',null,null,null,'Y',null,null,'pk_leavetype','N','N',0,'2leave-000041','char','tbm_leavereg','2017-09-13 11:12:09',0)
go
insert into md_column(columnlength,columnsequence,columntype,createtime,creator,defaultvalue,description,displayname,dr,forlocale,groupid,help,id,identitied,incrementseed,incrementstep,isactive,modifier,modifytime,name,nullable,pkey,precise,resid,sqldatetype,tableid,ts,versiontype) values( 20,9,0,null,null,'*~',null,'休假类别实例',0,'N',null,null,'tbm_leavereg@@@pk_leavetypecopy',null,null,null,'Y',null,null,'pk_leavetypecopy','Y','N',0,'2leave-000032','varchar','tbm_leavereg','2017-09-13 11:12:09',0)
go
insert into md_column(columnlength,columnsequence,columntype,createtime,creator,defaultvalue,description,displayname,dr,forlocale,groupid,help,id,identitied,incrementseed,incrementstep,isactive,modifier,modifytime,name,nullable,pkey,precise,resid,sqldatetype,tableid,ts,versiontype) values( 20,6,0,null,null,null,null,'组织',0,'N',null,null,'tbm_leavereg@@@pk_org',null,null,null,'Y',null,null,'pk_org','N','N',0,'2UC000-000693','char','tbm_leavereg','2017-09-13 11:12:09',0)
go
insert into md_column(columnlength,columnsequence,columntype,createtime,creator,defaultvalue,description,displayname,dr,forlocale,groupid,help,id,identitied,incrementseed,incrementstep,isactive,modifier,modifytime,name,nullable,pkey,precise,resid,sqldatetype,tableid,ts,versiontype) values( 20,4,0,null,null,'*~',null,'申请人组织版本',0,'N',null,null,'tbm_leavereg@@@pk_org_v',null,null,null,'Y',null,null,'pk_org_v','Y','N',0,'2leave-000048','varchar','tbm_leavereg','2017-09-13 11:12:09',0)
go
insert into md_column(columnlength,columnsequence,columntype,createtime,creator,defaultvalue,description,displayname,dr,forlocale,groupid,help,id,identitied,incrementseed,incrementstep,isactive,modifier,modifytime,name,nullable,pkey,precise,resid,sqldatetype,tableid,ts,versiontype) values( 20,1,0,null,null,'*~',null,'人员基本信息',0,'N',null,null,'tbm_leavereg@@@pk_psndoc',null,null,null,'Y',null,null,'pk_psndoc','Y','N',0,'2UC000-000046','varchar','tbm_leavereg','2017-09-13 11:12:09',0)
go
insert into md_column(columnlength,columnsequence,columntype,createtime,creator,defaultvalue,description,displayname,dr,forlocale,groupid,help,id,identitied,incrementseed,incrementstep,isactive,modifier,modifytime,name,nullable,pkey,precise,resid,sqldatetype,tableid,ts,versiontype) values( 20,3,0,null,null,null,null,'人员工作记录',0,'N',null,null,'tbm_leavereg@@@pk_psnjob',null,null,null,'Y',null,null,'pk_psnjob','N','N',0,'2leave-000046','char','tbm_leavereg','2017-09-13 11:12:09',0)
go
insert into md_column(columnlength,columnsequence,columntype,createtime,creator,defaultvalue,description,displayname,dr,forlocale,groupid,help,id,identitied,incrementseed,incrementstep,isactive,modifier,modifytime,name,nullable,pkey,precise,resid,sqldatetype,tableid,ts,versiontype) values( 20,2,0,null,null,'*~',null,'人员组织关系',0,'N',null,null,'tbm_leavereg@@@pk_psnorg',null,null,null,'Y',null,null,'pk_psnorg','Y','N',0,'2leave-000038','varchar','tbm_leavereg','2017-09-13 11:12:09',0)
go
insert into md_column(columnlength,columnsequence,columntype,createtime,creator,defaultvalue,description,displayname,dr,forlocale,groupid,help,id,identitied,incrementseed,incrementstep,isactive,modifier,modifytime,name,nullable,pkey,precise,resid,sqldatetype,tableid,ts,versiontype) values( 16,21,0,null,null,null,null,'享有时长',0,'N',null,null,'tbm_leavereg@@@realdayorhour',null,null,null,'Y',null,null,'realdayorhour','Y','N',4,'2leave-000013','decimal','tbm_leavereg','2017-09-13 11:12:09',0)
go
insert into md_column(columnlength,columnsequence,columntype,createtime,creator,defaultvalue,description,displayname,dr,forlocale,groupid,help,id,identitied,incrementseed,incrementstep,isactive,modifier,modifytime,name,nullable,pkey,precise,resid,sqldatetype,tableid,ts,versiontype) values( 50,15,0,null,null,null,null,'假期联系电话',0,'N',null,null,'tbm_leavereg@@@relatetel',null,null,null,'Y',null,null,'relatetel','Y','N',0,'2leave-000021','varchar','tbm_leavereg','2017-09-13 11:12:09',0)
go
insert into md_column(columnlength,columnsequence,columntype,createtime,creator,defaultvalue,description,displayname,dr,forlocale,groupid,help,id,identitied,incrementseed,incrementstep,isactive,modifier,modifytime,name,nullable,pkey,precise,resid,sqldatetype,tableid,ts,versiontype) values( 16,22,0,null,null,null,null,'结余时长',0,'N',null,null,'tbm_leavereg@@@restdayorhour',null,null,null,'Y',null,null,'restdayorhour','Y','N',4,'2leave-000042','decimal','tbm_leavereg','2017-09-13 11:12:09',0)
go
insert into md_column(columnlength,columnsequence,columntype,createtime,creator,defaultvalue,description,displayname,dr,forlocale,groupid,help,id,identitied,incrementseed,incrementstep,isactive,modifier,modifytime,name,nullable,pkey,precise,resid,sqldatetype,tableid,ts,versiontype) values( 16,20,0,null,null,null,null,'已休时长',0,'N',null,null,'tbm_leavereg@@@resteddayorhour',null,null,null,'Y',null,null,'resteddayorhour','Y','N',4,'2leave-000027','decimal','tbm_leavereg','2017-09-13 11:12:09',0)
go
insert into md_column(columnlength,columnsequence,columntype,createtime,creator,defaultvalue,description,displayname,dr,forlocale,groupid,help,id,identitied,incrementseed,incrementstep,isactive,modifier,modifytime,name,nullable,pkey,precise,resid,sqldatetype,tableid,ts,versiontype) values( 20,40,0,null,null,null,null,'拆单id',0,'N',null,null,'tbm_leavereg@@@splitid',null,null,null,'Y',null,null,'splitid','Y','N',0,'2leave-000028','char','tbm_leavereg','2017-09-13 11:12:09',0)
go
insert into md_column(columnlength,columnsequence,columntype,createtime,creator,defaultvalue,description,displayname,dr,forlocale,groupid,help,id,identitied,incrementseed,incrementstep,isactive,modifier,modifytime,name,nullable,pkey,precise,resid,sqldatetype,tableid,ts,versiontype) values( 28,24,0,null,null,null,null,'可用时长',0,'N',null,null,'tbm_leavereg@@@usefuldayorhour',null,null,null,'Y',null,null,'usefuldayorhour','Y','N',8,'2leave-000022','decimal','tbm_leavereg','2017-09-13 11:12:09',0)
go
insert into md_column(columnlength,columnsequence,columntype,createtime,creator,defaultvalue,description,displayname,dr,forlocale,groupid,help,id,identitied,incrementseed,incrementstep,isactive,modifier,modifytime,name,nullable,pkey,precise,resid,sqldatetype,tableid,ts,versiontype) values( 512,17,0,null,null,null,null,'工作交接情况',0,'Y',null,null,'tbm_leavereg@@@workprocess',null,null,null,'Y',null,null,'workprocess','Y','N',0,'2leave-000023','varchar','tbm_leavereg','2017-09-13 11:12:09',0)
go
insert into md_column(columnlength,columnsequence,columntype,createtime,creator,defaultvalue,description,displayname,dr,forlocale,groupid,help,id,identitied,incrementseed,incrementstep,isactive,modifier,modifytime,name,nullable,pkey,precise,resid,sqldatetype,tableid,ts,versiontype) values( 20,0,0,null,null,null,null,'休假单主键',0,'N',null,null,'tbm_leavereg@@PK@@',null,null,null,'Y',null,null,'pk_leavereg','N','Y',0,'2leave-000044','char','tbm_leavereg','2017-09-13 11:12:09',0)
go


insert into md_db_relation(asstype,createtime,creator,description,displayname,dr,endcardinality,endfieldid,endtableid,help,id,isforeignkey,modifier,modifytime,name,resid,startattrid,startcardinality,startfieldid,starttableid,ts,versiontype) values( 3,null,null,null,'hrtaleaveoff_hrtaleavereg',null,null,'tbm_leavereg@@PK@@','tbm_leavereg',null,'cf74371c-77ba-46d3-8f59-841e529aa87a','N',null,null,'hrtaleaveoff_hrtaleavereg',null,'40a0629b-b7f2-400a-8dd1-c3b9086a37b6',null,'tbm_leaveoff@@@pk_leavereg','tbm_leaveoff','2017-06-14 19:12:42',0)
go


insert into md_property(accessorclassname,accesspower,accesspowergroup,attrlength,attrmaxvalue,attrminvalue,attrsequence,calculation,classid,createindustry,createtime,creator,customattr,datatype,datatypestyle,defaultvalue,description,displayname,dr,dynamicattr,dynamictable,fixedlength,help,hided,id,industry,isactive,isauthen,modifier,modifytime,name,notserialize,nullable,precise,readonly,refmodelname,resid,ts,versiontype,visibility) values( null,'N',null,1,null,null,27,'N','41c4a696-9c29-458f-92a1-a3a296170fb3',null,null,null,'N','BS000010000100001032',300,null,null,'哺乳假',0,'N',null,'N',null,'N','0ccc632c-d843-4f31-9253-5ffd3405da5b','0','Y','Y',null,null,'islactation','N','Y',0,'Y',null,'2leave-000053','2017-09-13 11:12:04',0,0)
go
insert into md_property(accessorclassname,accesspower,accesspowergroup,attrlength,attrmaxvalue,attrminvalue,attrsequence,calculation,classid,createindustry,createtime,creator,customattr,datatype,datatypestyle,defaultvalue,description,displayname,dr,dynamicattr,dynamictable,fixedlength,help,hided,id,industry,isactive,isauthen,modifier,modifytime,name,notserialize,nullable,precise,readonly,refmodelname,resid,ts,versiontype,visibility) values( null,'N',null,16,null,null,21,'N','41c4a696-9c29-458f-92a1-a3a296170fb3',null,null,null,'N','BS000010000100001031',300,null,null,'享有时长',0,'N',null,'N',null,'N','0fe7f6cc-6d8a-4a7d-aaf8-011dd68df0a4','0','Y','Y',null,null,'realdayorhour','N','Y',4,'Y',null,'2leave-000013','2017-09-13 11:12:04',0,0)
go
insert into md_property(accessorclassname,accesspower,accesspowergroup,attrlength,attrmaxvalue,attrminvalue,attrsequence,calculation,classid,createindustry,createtime,creator,customattr,datatype,datatypestyle,defaultvalue,description,displayname,dr,dynamicattr,dynamictable,fixedlength,help,hided,id,industry,isactive,isauthen,modifier,modifytime,name,notserialize,nullable,precise,readonly,refmodelname,resid,ts,versiontype,visibility) values( null,'N',null,28,null,null,24,'N','41c4a696-9c29-458f-92a1-a3a296170fb3',null,null,null,'N','BS000010000100001031',300,null,null,'可用时长',0,'N',null,'N',null,'N','1dc0635f-6795-4362-9301-9d42705f1c84','0','Y','Y',null,null,'usefuldayorhour','N','Y',8,'N',null,'2leave-000022','2017-09-13 11:12:04',0,0)
go
insert into md_property(accessorclassname,accesspower,accesspowergroup,attrlength,attrmaxvalue,attrminvalue,attrsequence,calculation,classid,createindustry,createtime,creator,customattr,datatype,datatypestyle,defaultvalue,description,displayname,dr,dynamicattr,dynamictable,fixedlength,help,hided,id,industry,isactive,isauthen,modifier,modifytime,name,notserialize,nullable,precise,readonly,refmodelname,resid,ts,versiontype,visibility) values( null,'N',null,50,null,null,32,'N','41c4a696-9c29-458f-92a1-a3a296170fb3',null,null,null,'N','23881e93-d21e-42f0-829f-c49de7c5cacd',300,null,null,'单据来源',0,'N',null,'N',null,'N','1f5bd2d1-5fa2-4740-b1ff-ff07eb12897f','0','Y','Y',null,null,'billsource','N','Y',0,'Y',null,'2leave-000054','2017-09-13 11:12:04',0,0)
go
insert into md_property(accessorclassname,accesspower,accesspowergroup,attrlength,attrmaxvalue,attrminvalue,attrsequence,calculation,classid,createindustry,createtime,creator,customattr,datatype,datatypestyle,defaultvalue,description,displayname,dr,dynamicattr,dynamictable,fixedlength,help,hided,id,industry,isactive,isauthen,modifier,modifytime,name,notserialize,nullable,precise,readonly,refmodelname,resid,ts,versiontype,visibility) values( null,'N',null,19,null,null,39,'N','41c4a696-9c29-458f-92a1-a3a296170fb3',null,null,null,'N','BS000010000100001034',300,null,null,'修改时间',0,'N',null,'N',null,'N','21476cd4-10e2-4e8b-b8c8-a3990afba407','0','Y','Y',null,null,'modifiedtime','N','Y',0,'Y',null,'2UC000-000100','2017-09-13 11:12:04',0,0)
go
insert into md_property(accessorclassname,accesspower,accesspowergroup,attrlength,attrmaxvalue,attrminvalue,attrsequence,calculation,classid,createindustry,createtime,creator,customattr,datatype,datatypestyle,defaultvalue,description,displayname,dr,dynamicattr,dynamictable,fixedlength,help,hided,id,industry,isactive,isauthen,modifier,modifytime,name,notserialize,nullable,precise,readonly,refmodelname,resid,ts,versiontype,visibility) values( null,'N',null,20,null,null,9,'N','41c4a696-9c29-458f-92a1-a3a296170fb3',null,null,null,'N','09e217cf-24b7-4561-966a-420d6b8c8f66',305,null,null,'休假类别实例',0,'N',null,'N',null,'Y','21ce23c7-533a-4209-bba4-018aa63aad26','0','Y','Y',null,null,'pk_leavetypecopy','N','Y',0,'N','休假类别拷贝','2leave-000032','2017-09-13 11:12:04',0,0)
go
insert into md_property(accessorclassname,accesspower,accesspowergroup,attrlength,attrmaxvalue,attrminvalue,attrsequence,calculation,classid,createindustry,createtime,creator,customattr,datatype,datatypestyle,defaultvalue,description,displayname,dr,dynamicattr,dynamictable,fixedlength,help,hided,id,industry,isactive,isauthen,modifier,modifytime,name,notserialize,nullable,precise,readonly,refmodelname,resid,ts,versiontype,visibility) values( null,'N',null,1,null,null,25,'N','41c4a696-9c29-458f-92a1-a3a296170fb3',null,null,null,'N','BS000010000100001032',300,null,null,'销假',0,'N',null,'N',null,'N','2e45dbff-fc1c-44df-8aaf-01f526caf94e','0','Y','Y',null,null,'isleaveoff','N','Y',0,'Y',null,'2leave-000055','2017-09-13 11:12:04',0,0)
go
insert into md_property(accessorclassname,accesspower,accesspowergroup,attrlength,attrmaxvalue,attrminvalue,attrsequence,calculation,classid,createindustry,createtime,creator,customattr,datatype,datatypestyle,defaultvalue,description,displayname,dr,dynamicattr,dynamictable,fixedlength,help,hided,id,industry,isactive,isauthen,modifier,modifytime,name,notserialize,nullable,precise,readonly,refmodelname,resid,ts,versiontype,visibility) values( null,'N',null,20,null,null,1,'N','41c4a696-9c29-458f-92a1-a3a296170fb3',null,null,null,'N','218971f0-e5dc-408b-9a32-56529dddd4db',305,null,null,'人员基本信息',0,'N',null,'N',null,'Y','439c5f62-5685-4bc1-9faa-880bdacb69af','0','Y','Y',null,null,'pk_psndoc','N','Y',0,'N','HR人员','2UC000-000046','2017-09-13 11:12:04',0,0)
go
insert into md_property(accessorclassname,accesspower,accesspowergroup,attrlength,attrmaxvalue,attrminvalue,attrsequence,calculation,classid,createindustry,createtime,creator,customattr,datatype,datatypestyle,defaultvalue,description,displayname,dr,dynamicattr,dynamictable,fixedlength,help,hided,id,industry,isactive,isauthen,modifier,modifytime,name,notserialize,nullable,precise,readonly,refmodelname,resid,ts,versiontype,visibility) values( null,'N',null,19,null,null,37,'N','41c4a696-9c29-458f-92a1-a3a296170fb3',null,null,null,'N','BS000010000100001034',300,null,null,'创建时间',0,'N',null,'N',null,'N','466e3f2a-b48c-41b0-87ee-319ae79ca913','0','Y','Y',null,null,'creationtime','N','Y',0,'Y',null,'2UC000-000157','2017-09-13 11:12:04',0,0)
go
insert into md_property(accessorclassname,accesspower,accesspowergroup,attrlength,attrmaxvalue,attrminvalue,attrsequence,calculation,classid,createindustry,createtime,creator,customattr,datatype,datatypestyle,defaultvalue,description,displayname,dr,dynamicattr,dynamictable,fixedlength,help,hided,id,industry,isactive,isauthen,modifier,modifytime,name,notserialize,nullable,precise,readonly,refmodelname,resid,ts,versiontype,visibility) values( null,'N',null,20,null,null,16,'N','41c4a696-9c29-458f-92a1-a3a296170fb3',null,null,null,'N','7156d223-4531-4337-b192-492ab40098f1',305,null,null,'工作交接人',0,'N',null,'N',null,'N','4fba1458-c631-4ad1-91ad-c93ba8e792dc','0','Y','Y',null,null,'pk_agentpsn','N','Y',0,'N','人员工作记录(左树不含下级HR)','2leave-000033','2017-09-13 11:12:04',0,0)
go
insert into md_property(accessorclassname,accesspower,accesspowergroup,attrlength,attrmaxvalue,attrminvalue,attrsequence,calculation,classid,createindustry,createtime,creator,customattr,datatype,datatypestyle,defaultvalue,description,displayname,dr,dynamicattr,dynamictable,fixedlength,help,hided,id,industry,isactive,isauthen,modifier,modifytime,name,notserialize,nullable,precise,readonly,refmodelname,resid,ts,versiontype,visibility) values( null,'N',null,28,null,null,23,'N','41c4a696-9c29-458f-92a1-a3a296170fb3',null,null,null,'N','BS000010000100001031',300,null,null,'冻结时长',0,'N',null,'N',null,'N','5705a810-a66c-407a-bd39-d7f2d4c1bdb0','0','Y','Y',null,null,'freezedayorhour','N','Y',8,'N',null,'2leave-000001','2017-09-13 11:12:04',0,0)
go
insert into md_property(accessorclassname,accesspower,accesspowergroup,attrlength,attrmaxvalue,attrminvalue,attrsequence,calculation,classid,createindustry,createtime,creator,customattr,datatype,datatypestyle,defaultvalue,description,displayname,dr,dynamicattr,dynamictable,fixedlength,help,hided,id,industry,isactive,isauthen,modifier,modifytime,name,notserialize,nullable,precise,readonly,refmodelname,resid,ts,versiontype,visibility) values( null,'N',null,19,null,null,13,'N','41c4a696-9c29-458f-92a1-a3a296170fb3',null,null,null,'N','BS000010000100001034',300,null,null,'休假开始时间',0,'N',null,'N',null,'N','5b6ed94d-e3fd-4f65-ab2c-e4ee353bc387','0','Y','Y',null,null,'leavebegintime','N','Y',0,'N',null,'2leave-000025','2017-09-13 11:12:04',0,0)
go
insert into md_property(accessorclassname,accesspower,accesspowergroup,attrlength,attrmaxvalue,attrminvalue,attrsequence,calculation,classid,createindustry,createtime,creator,customattr,datatype,datatypestyle,defaultvalue,description,displayname,dr,dynamicattr,dynamictable,fixedlength,help,hided,id,industry,isactive,isauthen,modifier,modifytime,name,notserialize,nullable,precise,readonly,refmodelname,resid,ts,versiontype,visibility) values( null,'N',null,16,null,null,20,'N','41c4a696-9c29-458f-92a1-a3a296170fb3',null,null,null,'N','BS000010000100001031',300,null,null,'已休时长',0,'N',null,'N',null,'N','66ac9934-0371-49c6-bdfc-4a20d501dda0','0','Y','Y',null,null,'resteddayorhour','N','Y',4,'Y',null,'2leave-000027','2017-09-13 11:12:04',0,0)
go
insert into md_property(accessorclassname,accesspower,accesspowergroup,attrlength,attrmaxvalue,attrminvalue,attrsequence,calculation,classid,createindustry,createtime,creator,customattr,datatype,datatypestyle,defaultvalue,description,displayname,dr,dynamicattr,dynamictable,fixedlength,help,hided,id,industry,isactive,isauthen,modifier,modifytime,name,notserialize,nullable,precise,readonly,refmodelname,resid,ts,versiontype,visibility) values( null,'N',null,16,null,null,19,'N','41c4a696-9c29-458f-92a1-a3a296170fb3',null,null,null,'N','BS000010000100001031',300,null,null,'休假时长',0,'N',null,'N',null,'N','6c2d4024-5a78-4f44-9cc1-b83ad6dd0c47','0','Y','Y',null,null,'leavehour','N','Y',4,'Y',null,'2leave-000015','2017-09-13 11:12:04',0,0)
go
insert into md_property(accessorclassname,accesspower,accesspowergroup,attrlength,attrmaxvalue,attrminvalue,attrsequence,calculation,classid,createindustry,createtime,creator,customattr,datatype,datatypestyle,defaultvalue,description,displayname,dr,dynamicattr,dynamictable,fixedlength,help,hided,id,industry,isactive,isauthen,modifier,modifytime,name,notserialize,nullable,precise,readonly,refmodelname,resid,ts,versiontype,visibility) values( null,'N',null,20,null,null,5,'N','41c4a696-9c29-458f-92a1-a3a296170fb3',null,null,null,'N','66ed0cf6-e260-4f39-8fbb-172260efd677',305,null,null,'申请人部门版本',0,'N',null,'N',null,'N','73eee4a3-36f8-4908-af46-b9f21c67dacd','0','Y','Y',null,null,'pk_dept_v','N','Y',0,'N','部门版本(所有)','2leave-000047','2017-09-13 11:12:04',0,0)
go
insert into md_property(accessorclassname,accesspower,accesspowergroup,attrlength,attrmaxvalue,attrminvalue,attrsequence,calculation,classid,createindustry,createtime,creator,customattr,datatype,datatypestyle,defaultvalue,description,displayname,dr,dynamicattr,dynamictable,fixedlength,help,hided,id,industry,isactive,isauthen,modifier,modifytime,name,notserialize,nullable,precise,readonly,refmodelname,resid,ts,versiontype,visibility) values( null,'N',null,512,null,null,17,'N','41c4a696-9c29-458f-92a1-a3a296170fb3',null,null,null,'N','BS000010000100001001',300,null,null,'工作交接情况',0,'N',null,'N',null,'N','754af1a4-e82c-4671-9fd1-bacb3488ce24','0','Y','Y',null,null,'workprocess','N','Y',0,'N',null,'2leave-000023','2017-09-13 11:12:04',0,0)
go
insert into md_property(accessorclassname,accesspower,accesspowergroup,attrlength,attrmaxvalue,attrminvalue,attrsequence,calculation,classid,createindustry,createtime,creator,customattr,datatype,datatypestyle,defaultvalue,description,displayname,dr,dynamicattr,dynamictable,fixedlength,help,hided,id,industry,isactive,isauthen,modifier,modifytime,name,notserialize,nullable,precise,readonly,refmodelname,resid,ts,versiontype,visibility) values( null,'N',null,0,null,null,12,'N','41c4a696-9c29-458f-92a1-a3a296170fb3',null,null,null,'N','BS000010000100001004',300,'1',null,'假期结算数据顺序号',0,'N',null,'N',null,'N','7833ae82-75ad-443c-8dc0-16c55c6e0c5c','0','Y','Y',null,null,'leaveindex','N','Y',0,'N',null,'2leave-000045','2017-09-13 11:12:04',0,0)
go
insert into md_property(accessorclassname,accesspower,accesspowergroup,attrlength,attrmaxvalue,attrminvalue,attrsequence,calculation,classid,createindustry,createtime,creator,customattr,datatype,datatypestyle,defaultvalue,description,displayname,dr,dynamicattr,dynamictable,fixedlength,help,hided,id,industry,isactive,isauthen,modifier,modifytime,name,notserialize,nullable,precise,readonly,refmodelname,resid,ts,versiontype,visibility) values( null,'N',null,20,null,null,6,'N','41c4a696-9c29-458f-92a1-a3a296170fb3',null,null,null,'N','f3fed5ea-72f2-4a0a-ad43-d30b1c22c86c',305,null,null,'组织',0,'N',null,'N',null,'N','7a30e9f5-1dd5-4fc5-8e93-6d15352468c0','0','Y','Y',null,null,'pk_org','N','N',0,'Y','人力资源组织(所有)','2UC000-000693','2017-09-13 11:12:04',0,0)
go
insert into md_property(accessorclassname,accesspower,accesspowergroup,attrlength,attrmaxvalue,attrminvalue,attrsequence,calculation,classid,createindustry,createtime,creator,customattr,datatype,datatypestyle,defaultvalue,description,displayname,dr,dynamicattr,dynamictable,fixedlength,help,hided,id,industry,isactive,isauthen,modifier,modifytime,name,notserialize,nullable,precise,readonly,refmodelname,resid,ts,versiontype,visibility) values( null,'N',null,50,null,null,15,'N','41c4a696-9c29-458f-92a1-a3a296170fb3',null,null,null,'N','BS000010000100001001',300,null,null,'假期联系电话',0,'N',null,'N',null,'N','7eb65492-79bc-49fd-b85c-4f50d9ac829d','0','Y','Y',null,null,'relatetel','N','Y',0,'N',null,'2leave-000021','2017-09-13 11:12:04',0,0)
go
insert into md_property(accessorclassname,accesspower,accesspowergroup,attrlength,attrmaxvalue,attrminvalue,attrsequence,calculation,classid,createindustry,createtime,creator,customattr,datatype,datatypestyle,defaultvalue,description,displayname,dr,dynamicattr,dynamictable,fixedlength,help,hided,id,industry,isactive,isauthen,modifier,modifytime,name,notserialize,nullable,precise,readonly,refmodelname,resid,ts,versiontype,visibility) values( null,'N',null,20,null,null,40,'N','41c4a696-9c29-458f-92a1-a3a296170fb3',null,null,null,'N','BS000010000100001051',300,null,null,'拆单id',0,'N',null,'N',null,'N','8dac7cc7-3b20-4f5e-a10a-f83816f6f9dc','0','Y','Y',null,null,'splitid','N','Y',0,'N',null,'2leave-000028','2017-09-13 11:12:04',0,0)
go
insert into md_property(accessorclassname,accesspower,accesspowergroup,attrlength,attrmaxvalue,attrminvalue,attrsequence,calculation,classid,createindustry,createtime,creator,customattr,datatype,datatypestyle,defaultvalue,description,displayname,dr,dynamicattr,dynamictable,fixedlength,help,hided,id,industry,isactive,isauthen,modifier,modifytime,name,notserialize,nullable,precise,readonly,refmodelname,resid,ts,versiontype,visibility) values( null,'N',null,19,null,null,41,'N','41c4a696-9c29-458f-92a1-a3a296170fb3',null,null,null,'N','BS000010000100001034',300,null,null,'审批时间',0,'N',null,'N',null,'N','8db2150e-dfd9-43fe-94b8-ac8af53ddcd2','0','Y','Y',null,null,'approve_time','N','Y',0,'N',null,'2leaveoff-00022','2017-09-13 11:12:04',0,0)
go
insert into md_property(accessorclassname,accesspower,accesspowergroup,attrlength,attrmaxvalue,attrminvalue,attrsequence,calculation,classid,createindustry,createtime,creator,customattr,datatype,datatypestyle,defaultvalue,description,displayname,dr,dynamicattr,dynamictable,fixedlength,help,hided,id,industry,isactive,isauthen,modifier,modifytime,name,notserialize,nullable,precise,readonly,refmodelname,resid,ts,versiontype,visibility) values( null,'N',null,20,null,null,38,'N','41c4a696-9c29-458f-92a1-a3a296170fb3',null,null,null,'N','f6f9a473-56c0-432f-8bc7-fbf8fde54fee',305,null,null,'修改人',0,'N',null,'N',null,'N','8f38b31b-208c-4627-a6a6-29187bd3f184','0','Y','Y',null,null,'modifier','N','Y',0,'Y','用户','2UC000-000098','2017-09-13 11:12:04',0,0)
go
insert into md_property(accessorclassname,accesspower,accesspowergroup,attrlength,attrmaxvalue,attrminvalue,attrsequence,calculation,classid,createindustry,createtime,creator,customattr,datatype,datatypestyle,defaultvalue,description,displayname,dr,dynamicattr,dynamictable,fixedlength,help,hided,id,industry,isactive,isauthen,modifier,modifytime,name,notserialize,nullable,precise,readonly,refmodelname,resid,ts,versiontype,visibility) values( null,'N',null,20,null,null,36,'N','41c4a696-9c29-458f-92a1-a3a296170fb3',null,null,null,'N','f6f9a473-56c0-432f-8bc7-fbf8fde54fee',305,null,null,'创建人',0,'N',null,'N',null,'N','a375af2c-327a-4f88-b0f3-13339fe13411','0','Y','Y',null,null,'creator','N','Y',0,'Y','用户','2UC000-000155','2017-09-13 11:12:04',0,0)
go
insert into md_property(accessorclassname,accesspower,accesspowergroup,attrlength,attrmaxvalue,attrminvalue,attrsequence,calculation,classid,createindustry,createtime,creator,customattr,datatype,datatypestyle,defaultvalue,description,displayname,dr,dynamicattr,dynamictable,fixedlength,help,hided,id,industry,isactive,isauthen,modifier,modifytime,name,notserialize,nullable,precise,readonly,refmodelname,resid,ts,versiontype,visibility) values( null,'N',null,20,null,null,34,'N','41c4a696-9c29-458f-92a1-a3a296170fb3',null,null,null,'N','94e4ffae-3096-4ee4-be1d-acd5819afc72',305,null,null,'申请单来源子表主键',0,'N',null,'N','IgnoreRefCheck','Y','b054bf7a-a7c9-41ec-babf-c5f46ce720c3','0','Y','Y',null,null,'pk_billsourceb','N','Y',0,'N',null,'2leave-000051','2017-09-13 11:12:04',0,0)
go
insert into md_property(accessorclassname,accesspower,accesspowergroup,attrlength,attrmaxvalue,attrminvalue,attrsequence,calculation,classid,createindustry,createtime,creator,customattr,datatype,datatypestyle,defaultvalue,description,displayname,dr,dynamicattr,dynamictable,fixedlength,help,hided,id,industry,isactive,isauthen,modifier,modifytime,name,notserialize,nullable,precise,readonly,refmodelname,resid,ts,versiontype,visibility) values( null,'N',null,16,null,null,22,'N','41c4a696-9c29-458f-92a1-a3a296170fb3',null,null,null,'N','BS000010000100001031',300,null,null,'结余时长',0,'N',null,'N',null,'N','b8306a34-ed66-4d6c-8182-0be88c8e4919','0','Y','Y',null,null,'restdayorhour','N','Y',4,'Y',null,'2leave-000042','2017-09-13 11:12:04',0,0)
go
insert into md_property(accessorclassname,accesspower,accesspowergroup,attrlength,attrmaxvalue,attrminvalue,attrsequence,calculation,classid,createindustry,createtime,creator,customattr,datatype,datatypestyle,defaultvalue,description,displayname,dr,dynamicattr,dynamictable,fixedlength,help,hided,id,industry,isactive,isauthen,modifier,modifytime,name,notserialize,nullable,precise,readonly,refmodelname,resid,ts,versiontype,visibility) values( null,'N',null,50,null,null,10,'N','41c4a696-9c29-458f-92a1-a3a296170fb3',null,null,null,'N','55469794-d821-4365-a3ed-0339065a18ce',300,null,null,'假期年度',0,'N',null,'N',null,'N','bbf61b2a-ee5b-4544-b8df-788bf6a17c4e','0','Y','Y',null,null,'leaveyear','N','Y',0,'N',null,'2leave-000036','2017-09-13 11:12:04',0,0)
go
insert into md_property(accessorclassname,accesspower,accesspowergroup,attrlength,attrmaxvalue,attrminvalue,attrsequence,calculation,classid,createindustry,createtime,creator,customattr,datatype,datatypestyle,defaultvalue,description,displayname,dr,dynamicattr,dynamictable,fixedlength,help,hided,id,industry,isactive,isauthen,modifier,modifytime,name,notserialize,nullable,precise,readonly,refmodelname,resid,ts,versiontype,visibility) values( null,'N',null,20,null,null,4,'N','41c4a696-9c29-458f-92a1-a3a296170fb3',null,null,null,'N','fa902409-20fe-4c49-89ee-85ee9312174b',305,null,null,'申请人组织版本',0,'N',null,'N',null,'N','be257443-f935-449a-ba27-efd2e73a18cb','0','Y','Y',null,null,'pk_org_v','N','Y',0,'N','行政组织版本','2leave-000048','2017-09-13 11:12:04',0,0)
go
insert into md_property(accessorclassname,accesspower,accesspowergroup,attrlength,attrmaxvalue,attrminvalue,attrsequence,calculation,classid,createindustry,createtime,creator,customattr,datatype,datatypestyle,defaultvalue,description,displayname,dr,dynamicattr,dynamictable,fixedlength,help,hided,id,industry,isactive,isauthen,modifier,modifytime,name,notserialize,nullable,precise,readonly,refmodelname,resid,ts,versiontype,visibility) values( null,'N',null,20,null,null,8,'N','41c4a696-9c29-458f-92a1-a3a296170fb3',null,null,null,'N','f4c25f30-3235-4d3a-bd96-5c0fbbec74fa',305,null,null,'休假类别',0,'N',null,'N',null,'N','bead8e57-690b-4799-94bd-e873420079e5','0','Y','Y',null,null,'pk_leavetype','N','N',0,'N','休假类别','2leave-000041','2017-09-13 11:12:04',0,0)
go
insert into md_property(accessorclassname,accesspower,accesspowergroup,attrlength,attrmaxvalue,attrminvalue,attrsequence,calculation,classid,createindustry,createtime,creator,customattr,datatype,datatypestyle,defaultvalue,description,displayname,dr,dynamicattr,dynamictable,fixedlength,help,hided,id,industry,isactive,isauthen,modifier,modifytime,name,notserialize,nullable,precise,readonly,refmodelname,resid,ts,versiontype,visibility) values( null,'N',null,28,'72','0',29,'N','41c4a696-9c29-458f-92a1-a3a296170fb3',null,null,null,'N','BS000010000100001031',300,null,null,'单日哺乳时长',0,'N',null,'N',null,'N','cce614a5-66d8-4f73-8a31-d8dfde6d5c37','0','Y','Y',null,null,'lactationhour','N','Y',4,'N',null,'2leave-000017','2017-09-13 11:12:04',0,0)
go
insert into md_property(accessorclassname,accesspower,accesspowergroup,attrlength,attrmaxvalue,attrminvalue,attrsequence,calculation,classid,createindustry,createtime,creator,customattr,datatype,datatypestyle,defaultvalue,description,displayname,dr,dynamicattr,dynamictable,fixedlength,help,hided,id,industry,isactive,isauthen,modifier,modifytime,name,notserialize,nullable,precise,readonly,refmodelname,resid,ts,versiontype,visibility) values( null,'N',null,512,null,null,18,'N','41c4a696-9c29-458f-92a1-a3a296170fb3',null,null,null,'N','BS000010000100001001',300,null,null,'休假说明',0,'N',null,'N',null,'N','cd8bb059-5957-42b4-9cfd-913267e42ffd','0','Y','Y',null,null,'leaveremark','N','Y',0,'N',null,'2leave-000034','2017-09-13 11:12:04',0,0)
go
insert into md_property(accessorclassname,accesspower,accesspowergroup,attrlength,attrmaxvalue,attrminvalue,attrsequence,calculation,classid,createindustry,createtime,creator,customattr,datatype,datatypestyle,defaultvalue,description,displayname,dr,dynamicattr,dynamictable,fixedlength,help,hided,id,industry,isactive,isauthen,modifier,modifytime,name,notserialize,nullable,precise,readonly,refmodelname,resid,ts,versiontype,visibility) values( null,'N',null,50,null,null,11,'N','41c4a696-9c29-458f-92a1-a3a296170fb3',null,null,null,'N','55469794-d821-4365-a3ed-0339065a18ce',300,null,null,'假期期间',0,'N',null,'N',null,'N','d1046e9e-f8cf-48f3-a7e8-dadfe9a7d418','0','Y','Y',null,null,'leavemonth','N','Y',0,'N',null,'2leave-000003','2017-09-13 11:12:04',0,0)
go
insert into md_property(accessorclassname,accesspower,accesspowergroup,attrlength,attrmaxvalue,attrminvalue,attrsequence,calculation,classid,createindustry,createtime,creator,customattr,datatype,datatypestyle,defaultvalue,description,displayname,dr,dynamicattr,dynamictable,fixedlength,help,hided,id,industry,isactive,isauthen,modifier,modifytime,name,notserialize,nullable,precise,readonly,refmodelname,resid,ts,versiontype,visibility) values( null,'N',null,20,null,null,33,'N','41c4a696-9c29-458f-92a1-a3a296170fb3',null,null,null,'N','4c9f5cd7-d8c5-41c3-aa99-b3f12bdb54a8',305,null,null,'申请单来源主表主键',0,'N',null,'N','IgnoreRefCheck','Y','d58099d2-8b62-4a3d-9032-f50ed6e2313b','0','Y','Y',null,null,'pk_billsourceh','N','Y',0,'N',null,'2leave-000056','2017-09-13 11:12:04',0,0)
go
insert into md_property(accessorclassname,accesspower,accesspowergroup,attrlength,attrmaxvalue,attrminvalue,attrsequence,calculation,classid,createindustry,createtime,creator,customattr,datatype,datatypestyle,defaultvalue,description,displayname,dr,dynamicattr,dynamictable,fixedlength,help,hided,id,industry,isactive,isauthen,modifier,modifytime,name,notserialize,nullable,precise,readonly,refmodelname,resid,ts,versiontype,visibility) values( null,'N',null,19,null,null,14,'N','41c4a696-9c29-458f-92a1-a3a296170fb3',null,null,null,'N','BS000010000100001034',300,null,null,'休假结束时间',0,'N',null,'N',null,'N','d5b46092-aabd-49a9-83fb-b6d64be135a8','0','Y','Y',null,null,'leaveendtime','N','Y',0,'N',null,'2leave-000012','2017-09-13 11:12:04',0,0)
go
insert into md_property(accessorclassname,accesspower,accesspowergroup,attrlength,attrmaxvalue,attrminvalue,attrsequence,calculation,classid,createindustry,createtime,creator,customattr,datatype,datatypestyle,defaultvalue,description,displayname,dr,dynamicattr,dynamictable,fixedlength,help,hided,id,industry,isactive,isauthen,modifier,modifytime,name,notserialize,nullable,precise,readonly,refmodelname,resid,ts,versiontype,visibility) values( null,'N',null,20,null,null,0,'N','41c4a696-9c29-458f-92a1-a3a296170fb3',null,null,null,'N','BS000010000100001051',300,null,null,'休假单主键',0,'N',null,'N',null,'Y','db7a4fa7-fa67-44fb-86dd-d50a4256e0ba','0','Y','Y',null,null,'pk_leavereg','N','N',0,'Y',null,'2leave-000044','2017-09-13 11:12:04',0,0)
go
insert into md_property(accessorclassname,accesspower,accesspowergroup,attrlength,attrmaxvalue,attrminvalue,attrsequence,calculation,classid,createindustry,createtime,creator,customattr,datatype,datatypestyle,defaultvalue,description,displayname,dr,dynamicattr,dynamictable,fixedlength,help,hided,id,industry,isactive,isauthen,modifier,modifytime,name,notserialize,nullable,precise,readonly,refmodelname,resid,ts,versiontype,visibility) values( null,'N',null,0,null,null,28,'N','41c4a696-9c29-458f-92a1-a3a296170fb3',null,null,null,'N','369a0203-6866-4285-af3a-46a2acca0b43',300,null,null,'哺乳时段',0,'N',null,'N',null,'N','e323b120-8e94-4fc5-b11d-9f85f3720a18','0','Y','Y',null,null,'lactationholidaytype','N','Y',0,'N',null,'2leave-000020','2017-09-13 11:12:04',0,0)
go
insert into md_property(accessorclassname,accesspower,accesspowergroup,attrlength,attrmaxvalue,attrminvalue,attrsequence,calculation,classid,createindustry,createtime,creator,customattr,datatype,datatypestyle,defaultvalue,description,displayname,dr,dynamicattr,dynamictable,fixedlength,help,hided,id,industry,isactive,isauthen,modifier,modifytime,name,notserialize,nullable,precise,readonly,refmodelname,resid,ts,versiontype,visibility) values( null,'N',null,20,null,null,35,'N','41c4a696-9c29-458f-92a1-a3a296170fb3',null,null,null,'N','f3fed5ea-72f2-4a0a-ad43-d30b1c22c86c',305,null,null,'管理组织',0,'N',null,'N',null,'N','e5d76cfd-ad18-4520-bebf-df965aef342c','0','Y','Y',null,null,'pk_adminorg','N','Y',0,'N','人力资源组织','2leave-000049','2017-09-13 11:12:04',0,0)
go
insert into md_property(accessorclassname,accesspower,accesspowergroup,attrlength,attrmaxvalue,attrminvalue,attrsequence,calculation,classid,createindustry,createtime,creator,customattr,datatype,datatypestyle,defaultvalue,description,displayname,dr,dynamicattr,dynamictable,fixedlength,help,hided,id,industry,isactive,isauthen,modifier,modifytime,name,notserialize,nullable,precise,readonly,refmodelname,resid,ts,versiontype,visibility) values( null,'N',null,10,null,null,30,'N','41c4a696-9c29-458f-92a1-a3a296170fb3',null,null,null,'N','BS000010000100001039',300,null,null,'休假开始日期',0,'N',null,'N',null,'N','e5f5a916-8122-40f9-8634-2ea587c5e457','0','Y','Y',null,null,'leavebegindate','N','Y',0,'N',null,'2leave-000024','2017-09-13 11:12:04',0,0)
go
insert into md_property(accessorclassname,accesspower,accesspowergroup,attrlength,attrmaxvalue,attrminvalue,attrsequence,calculation,classid,createindustry,createtime,creator,customattr,datatype,datatypestyle,defaultvalue,description,displayname,dr,dynamicattr,dynamictable,fixedlength,help,hided,id,industry,isactive,isauthen,modifier,modifytime,name,notserialize,nullable,precise,readonly,refmodelname,resid,ts,versiontype,visibility) values( null,'N',null,10,null,null,31,'N','41c4a696-9c29-458f-92a1-a3a296170fb3',null,null,null,'N','BS000010000100001039',300,null,null,'休假结束日期',0,'N',null,'N',null,'N','ea89974b-a6db-4811-9cbe-b6d5d6c154e1','0','Y','Y',null,null,'leaveenddate','N','Y',0,'N',null,'2leave-000002','2017-09-13 11:12:04',0,0)
go
insert into md_property(accessorclassname,accesspower,accesspowergroup,attrlength,attrmaxvalue,attrminvalue,attrsequence,calculation,classid,createindustry,createtime,creator,customattr,datatype,datatypestyle,defaultvalue,description,displayname,dr,dynamicattr,dynamictable,fixedlength,help,hided,id,industry,isactive,isauthen,modifier,modifytime,name,notserialize,nullable,precise,readonly,refmodelname,resid,ts,versiontype,visibility) values( null,'N',null,20,null,null,3,'N','41c4a696-9c29-458f-92a1-a3a296170fb3',null,null,null,'N','7156d223-4531-4337-b192-492ab40098f1',305,null,null,'人员工作记录',0,'N',null,'N',null,'N','f4f04f22-190e-480c-b6c1-0a94f982089a','0','Y','Y',null,null,'pk_psnjob','N','N',0,'N','人员工作记录','2leave-000046','2017-09-13 11:12:04',0,0)
go
insert into md_property(accessorclassname,accesspower,accesspowergroup,attrlength,attrmaxvalue,attrminvalue,attrsequence,calculation,classid,createindustry,createtime,creator,customattr,datatype,datatypestyle,defaultvalue,description,displayname,dr,dynamicattr,dynamictable,fixedlength,help,hided,id,industry,isactive,isauthen,modifier,modifytime,name,notserialize,nullable,precise,readonly,refmodelname,resid,ts,versiontype,visibility) values( null,'N',null,19,null,null,26,'N','41c4a696-9c29-458f-92a1-a3a296170fb3',null,null,null,'N','BS000010000100001034',300,null,null,'销假时间',0,'N',null,'N',null,'N','f930897b-420b-4891-936b-1e70a0dc9498','0','Y','Y',null,null,'backtime','N','Y',0,'Y',null,'2leave-000052','2017-09-13 11:12:04',0,0)
go
insert into md_property(accessorclassname,accesspower,accesspowergroup,attrlength,attrmaxvalue,attrminvalue,attrsequence,calculation,classid,createindustry,createtime,creator,customattr,datatype,datatypestyle,defaultvalue,description,displayname,dr,dynamicattr,dynamictable,fixedlength,help,hided,id,industry,isactive,isauthen,modifier,modifytime,name,notserialize,nullable,precise,readonly,refmodelname,resid,ts,versiontype,visibility) values( null,'N',null,20,null,null,7,'N','41c4a696-9c29-458f-92a1-a3a296170fb3',null,null,null,'N','3b6dd171-2900-47f3-bfbe-41e4483a2a65',305,null,null,'集团',0,'N',null,'N',null,'Y','fb971d3e-c773-46c6-ab54-c69bf339768e','0','Y','Y',null,null,'pk_group','N','N',0,'Y','集团(所有)','2UC000-001007','2017-09-13 11:12:04',0,0)
go
insert into md_property(accessorclassname,accesspower,accesspowergroup,attrlength,attrmaxvalue,attrminvalue,attrsequence,calculation,classid,createindustry,createtime,creator,customattr,datatype,datatypestyle,defaultvalue,description,displayname,dr,dynamicattr,dynamictable,fixedlength,help,hided,id,industry,isactive,isauthen,modifier,modifytime,name,notserialize,nullable,precise,readonly,refmodelname,resid,ts,versiontype,visibility) values( null,'N',null,20,null,null,2,'N','41c4a696-9c29-458f-92a1-a3a296170fb3',null,null,null,'N','3a521756-6a6b-4027-858e-e64104b7851b',305,null,null,'人员组织关系',0,'N',null,'N',null,'N','fc8aa5e0-87c6-4150-a8aa-b1d897439541','0','Y','Y',null,null,'pk_psnorg','N','Y',0,'N','HR组织关系','2leave-000038','2017-09-13 11:12:04',0,0)
go


insert into md_association(cascadedelete,cascadeupdate,componentid,createtime,creator,dr,endcardinality,endelementid,id,industry,isactive,modifier,modifytime,name,startbeanid,startcardinality,startelementid,ts,type,versiontype) values( null,null,'bb701c62-3bb3-4808-a834-3f2aed553ccf',null,null,0,'1','66ed0cf6-e260-4f39-8fbb-172260efd677','019aeaba-3a9c-42aa-a125-ada548f4a849','0','Y',null,null,'hrtaleavereg_pk_dept_v','41c4a696-9c29-458f-92a1-a3a296170fb3','1','73eee4a3-36f8-4908-af46-b9f21c67dacd','2017-09-13 11:12:08',3,0)
go
insert into md_association(cascadedelete,cascadeupdate,componentid,createtime,creator,dr,endcardinality,endelementid,id,industry,isactive,modifier,modifytime,name,startbeanid,startcardinality,startelementid,ts,type,versiontype) values( null,null,'bb701c62-3bb3-4808-a834-3f2aed553ccf',null,null,0,'1','3a521756-6a6b-4027-858e-e64104b7851b','0426c6b8-8e6d-4ed8-b3b1-146f69f81420','0','Y',null,null,'hrtaleavereg_pk_psnorg','41c4a696-9c29-458f-92a1-a3a296170fb3','1','fc8aa5e0-87c6-4150-a8aa-b1d897439541','2017-09-13 11:12:08',3,0)
go
insert into md_association(cascadedelete,cascadeupdate,componentid,createtime,creator,dr,endcardinality,endelementid,id,industry,isactive,modifier,modifytime,name,startbeanid,startcardinality,startelementid,ts,type,versiontype) values( null,null,'bb701c62-3bb3-4808-a834-3f2aed553ccf',null,null,0,'1','94e4ffae-3096-4ee4-be1d-acd5819afc72','16c53d5b-abe9-4794-9dac-6289ac3dae45','0','Y',null,null,'hrtaleavereg_pk_billsourceb','41c4a696-9c29-458f-92a1-a3a296170fb3','1','b054bf7a-a7c9-41ec-babf-c5f46ce720c3','2017-09-13 11:12:08',3,0)
go
insert into md_association(cascadedelete,cascadeupdate,componentid,createtime,creator,dr,endcardinality,endelementid,id,industry,isactive,modifier,modifytime,name,startbeanid,startcardinality,startelementid,ts,type,versiontype) values( null,null,'bb701c62-3bb3-4808-a834-3f2aed553ccf',null,null,0,'1','f4c25f30-3235-4d3a-bd96-5c0fbbec74fa','2c646b0f-cae4-4a65-866b-b93de31ad613','0','Y',null,null,'hrtaleavereg_pk_leavetype','41c4a696-9c29-458f-92a1-a3a296170fb3','1','bead8e57-690b-4799-94bd-e873420079e5','2017-09-13 11:12:08',3,0)
go
insert into md_association(cascadedelete,cascadeupdate,componentid,createtime,creator,dr,endcardinality,endelementid,id,industry,isactive,modifier,modifytime,name,startbeanid,startcardinality,startelementid,ts,type,versiontype) values( null,null,'bb701c62-3bb3-4808-a834-3f2aed553ccf',null,null,0,'1','3b6dd171-2900-47f3-bfbe-41e4483a2a65','3bac1b90-3ad2-4186-8ba6-fe7309e4e75d','0','Y',null,null,'hrtaleavereg_pk_group','41c4a696-9c29-458f-92a1-a3a296170fb3','1','fb971d3e-c773-46c6-ab54-c69bf339768e','2017-09-13 11:12:08',3,0)
go
insert into md_association(cascadedelete,cascadeupdate,componentid,createtime,creator,dr,endcardinality,endelementid,id,industry,isactive,modifier,modifytime,name,startbeanid,startcardinality,startelementid,ts,type,versiontype) values( null,null,'bb701c62-3bb3-4808-a834-3f2aed553ccf',null,null,0,'1','f3fed5ea-72f2-4a0a-ad43-d30b1c22c86c','461bd701-c45d-47a1-906e-d56afc1af21f','0','Y',null,null,'hrtaleavereg_pk_adminorg','41c4a696-9c29-458f-92a1-a3a296170fb3','1','e5d76cfd-ad18-4520-bebf-df965aef342c','2017-09-13 11:12:08',3,0)
go
insert into md_association(cascadedelete,cascadeupdate,componentid,createtime,creator,dr,endcardinality,endelementid,id,industry,isactive,modifier,modifytime,name,startbeanid,startcardinality,startelementid,ts,type,versiontype) values( null,null,'bb701c62-3bb3-4808-a834-3f2aed553ccf',null,null,0,'1','4c9f5cd7-d8c5-41c3-aa99-b3f12bdb54a8','66bb302a-a2a5-4071-bb73-826f84dc7049','0','Y',null,null,'hrtaleavereg_pk_billsourceh','41c4a696-9c29-458f-92a1-a3a296170fb3','1','d58099d2-8b62-4a3d-9032-f50ed6e2313b','2017-09-13 11:12:08',3,0)
go
insert into md_association(cascadedelete,cascadeupdate,componentid,createtime,creator,dr,endcardinality,endelementid,id,industry,isactive,modifier,modifytime,name,startbeanid,startcardinality,startelementid,ts,type,versiontype) values( null,null,'bb701c62-3bb3-4808-a834-3f2aed553ccf',null,null,0,'1','fa902409-20fe-4c49-89ee-85ee9312174b','774118ec-3567-4c20-adfe-7db0c5e86916','0','Y',null,null,'hrtaleavereg_pk_org_v','41c4a696-9c29-458f-92a1-a3a296170fb3','1','be257443-f935-449a-ba27-efd2e73a18cb','2017-09-13 11:12:08',3,0)
go
insert into md_association(cascadedelete,cascadeupdate,componentid,createtime,creator,dr,endcardinality,endelementid,id,industry,isactive,modifier,modifytime,name,startbeanid,startcardinality,startelementid,ts,type,versiontype) values( null,null,'bb701c62-3bb3-4808-a834-3f2aed553ccf',null,null,0,'1','218971f0-e5dc-408b-9a32-56529dddd4db','7d1f77d6-9164-4e75-9639-d26457846a95','0','Y',null,null,'hrtaleavereg_pk_psndoc','41c4a696-9c29-458f-92a1-a3a296170fb3','1','439c5f62-5685-4bc1-9faa-880bdacb69af','2017-09-13 11:12:08',3,0)
go
insert into md_association(cascadedelete,cascadeupdate,componentid,createtime,creator,dr,endcardinality,endelementid,id,industry,isactive,modifier,modifytime,name,startbeanid,startcardinality,startelementid,ts,type,versiontype) values( null,null,'bb701c62-3bb3-4808-a834-3f2aed553ccf',null,null,0,'1','7156d223-4531-4337-b192-492ab40098f1','8877e45f-5ce1-41bb-9e13-519c80ccdff4','0','Y',null,null,'hrtaleavereg_pk_agentpsn','41c4a696-9c29-458f-92a1-a3a296170fb3','1','4fba1458-c631-4ad1-91ad-c93ba8e792dc','2017-09-13 11:12:08',3,0)
go
insert into md_association(cascadedelete,cascadeupdate,componentid,createtime,creator,dr,endcardinality,endelementid,id,industry,isactive,modifier,modifytime,name,startbeanid,startcardinality,startelementid,ts,type,versiontype) values( null,null,'bb701c62-3bb3-4808-a834-3f2aed553ccf',null,null,0,'1','f6f9a473-56c0-432f-8bc7-fbf8fde54fee','9bcb0a38-b580-4d94-8f85-6a70995f042a','0','Y',null,null,'hrtaleavereg_creator','41c4a696-9c29-458f-92a1-a3a296170fb3','1','a375af2c-327a-4f88-b0f3-13339fe13411','2017-09-13 11:12:08',3,0)
go
insert into md_association(cascadedelete,cascadeupdate,componentid,createtime,creator,dr,endcardinality,endelementid,id,industry,isactive,modifier,modifytime,name,startbeanid,startcardinality,startelementid,ts,type,versiontype) values( null,null,'bb701c62-3bb3-4808-a834-3f2aed553ccf',null,null,0,'1','7156d223-4531-4337-b192-492ab40098f1','b0877b7a-54c6-436e-97a2-f66303033263','0','Y',null,null,'hrtaleavereg_pk_psnjob','41c4a696-9c29-458f-92a1-a3a296170fb3','1','f4f04f22-190e-480c-b6c1-0a94f982089a','2017-09-13 11:12:08',3,0)
go
insert into md_association(cascadedelete,cascadeupdate,componentid,createtime,creator,dr,endcardinality,endelementid,id,industry,isactive,modifier,modifytime,name,startbeanid,startcardinality,startelementid,ts,type,versiontype) values( null,null,'bb701c62-3bb3-4808-a834-3f2aed553ccf',null,null,0,'1','09e217cf-24b7-4561-966a-420d6b8c8f66','b8280a23-76e5-4108-aff6-6b2285176951','0','Y',null,null,'hrtaleavereg_pk_leavetypecopy','41c4a696-9c29-458f-92a1-a3a296170fb3','1','21ce23c7-533a-4209-bba4-018aa63aad26','2017-09-13 11:12:08',3,0)
go
insert into md_association(cascadedelete,cascadeupdate,componentid,createtime,creator,dr,endcardinality,endelementid,id,industry,isactive,modifier,modifytime,name,startbeanid,startcardinality,startelementid,ts,type,versiontype) values( null,null,'bb701c62-3bb3-4808-a834-3f2aed553ccf',null,null,0,'1','f3fed5ea-72f2-4a0a-ad43-d30b1c22c86c','c372be18-b41d-4265-8aeb-6b02dd82408e','0','Y',null,null,'hrtaleavereg_pk_org','41c4a696-9c29-458f-92a1-a3a296170fb3','1','7a30e9f5-1dd5-4fc5-8e93-6d15352468c0','2017-09-13 11:12:08',3,0)
go
insert into md_association(cascadedelete,cascadeupdate,componentid,createtime,creator,dr,endcardinality,endelementid,id,industry,isactive,modifier,modifytime,name,startbeanid,startcardinality,startelementid,ts,type,versiontype) values( null,null,'bb701c62-3bb3-4808-a834-3f2aed553ccf',null,null,0,'1','f6f9a473-56c0-432f-8bc7-fbf8fde54fee','cce3b86a-fb78-4b18-b798-8278841f3bb8','0','Y',null,null,'hrtaleavereg_modifier','41c4a696-9c29-458f-92a1-a3a296170fb3','1','8f38b31b-208c-4627-a6a6-29187bd3f184','2017-09-13 11:12:08',3,0)
go
