
delete md_association where ( componentid in ('0e4bb9f8-b322-4ba0-8e08-1029d53233ea') and (dr=0 or dr is null) )
go

delete md_property where ( classid in ('066ade40-f647-4fe9-9034-13901dbd7274', 'a811f277-052e-4cdf-9ef8-68870d4384d4', 'e13fe8ad-2651-43a1-beeb-8a3d5dba1dc3', 'e53b4c0c-5fa2-42ee-8cd7-d6bd3a2e5b6f') and (dr=0 or dr is null) )
go

delete md_db_relation where ( endtableid in ('hrta_tbmdaystatbnotcurrmonth', 'tbm_daystat', 'tbm_daystatb') and (dr=0 or dr is null) )
go

delete md_db_relation where ( starttableid in ('hrta_tbmdaystatbnotcurrmonth', 'tbm_daystat', 'tbm_daystatb') and (dr=0 or dr is null) )
go

delete md_column where ( tableid in ('hrta_tbmdaystatbnotcurrmonth', 'tbm_daystat', 'tbm_daystatb') and (dr=0 or dr is null) )
go

delete md_table where ( id in ('hrta_tbmdaystatbnotcurrmonth', 'tbm_daystatb', 'tbm_daystat') and (dr=0 or dr is null) )
go

delete md_ormap where ( classid in ('066ade40-f647-4fe9-9034-13901dbd7274', 'a811f277-052e-4cdf-9ef8-68870d4384d4', 'e13fe8ad-2651-43a1-beeb-8a3d5dba1dc3', 'e53b4c0c-5fa2-42ee-8cd7-d6bd3a2e5b6f') and (dr=0 or dr is null) )
go

delete md_bizitfmap where ( classid in ('066ade40-f647-4fe9-9034-13901dbd7274', 'a811f277-052e-4cdf-9ef8-68870d4384d4', 'e13fe8ad-2651-43a1-beeb-8a3d5dba1dc3', 'e53b4c0c-5fa2-42ee-8cd7-d6bd3a2e5b6f') and (dr=0 or dr is null) )
go

delete md_accessorpara where ( id in ('066ade40-f647-4fe9-9034-13901dbd7274', 'a811f277-052e-4cdf-9ef8-68870d4384d4', 'e13fe8ad-2651-43a1-beeb-8a3d5dba1dc3', 'e53b4c0c-5fa2-42ee-8cd7-d6bd3a2e5b6f') and (dr=0 or dr is null) )
go

delete md_enumvalue where ( id in ('066ade40-f647-4fe9-9034-13901dbd7274', 'a811f277-052e-4cdf-9ef8-68870d4384d4', 'e13fe8ad-2651-43a1-beeb-8a3d5dba1dc3', 'e53b4c0c-5fa2-42ee-8cd7-d6bd3a2e5b6f') and (dr=0 or dr is null) )
go

delete md_class where ( componentid in ('0e4bb9f8-b322-4ba0-8e08-1029d53233ea') and (dr=0 or dr is null) )
go

delete md_component where ( id='0e4bb9f8-b322-4ba0-8e08-1029d53233ea' and (versiontype='0') and (dr=0 or dr is null) )
go


insert into md_component(createtime,creator,description,displayname,dr,fromsourcebmf,help,id,industry,isbizmodel,modifier,modifytime,name,namespace,ownmodule,preload,resid,resmodule,ts,version,versiontype) values( '2010-09-30 13:53:48',null,null,'考勤日报',0,'Y',null,'0e4bb9f8-b322-4ba0-8e08-1029d53233ea','0','N',null,'2017-11-07 14:43:15','daystat','hrta','hrta',null,'2daystat-000015','6017dayandmonthstat','2017-11-07 15:14:15','59',0)
go


insert into md_class(accessorclassname,bizitfimpclassname,classtype,componentid,createtime,creator,defaulttablename,description,displayname,dr,fixedlength,fullclassname,help,id,industry,isactive,isauthen,iscreatesql,isextendbean,isprimary,keyattribute,modifier,modifytime,modinfoclassname,name,parentclassid,precise,refmodelname,resid,returntype,stereotype,ts,userdefclassname,versiontype) values( null,null,203,'0e4bb9f8-b322-4ba0-8e08-1029d53233ea','2010-09-30 13:56:08',null,'tbmdatastatus',null,'考勤数据标志',0,null,'nc.vo.ta.daystat.DataStatusEnum',null,'066ade40-f647-4fe9-9034-13901dbd7274','0',null,null,null,null,'N',null,null,'2017-11-07 14:42:53',null,'tbmdatastatus',null,null,null,'2daystat-000005','BS000010000100001004',null,'2017-11-07 15:14:15',null,0)
go
insert into md_class(accessorclassname,bizitfimpclassname,classtype,componentid,createtime,creator,defaulttablename,description,displayname,dr,fixedlength,fullclassname,help,id,industry,isactive,isauthen,iscreatesql,isextendbean,isprimary,keyattribute,modifier,modifytime,modinfoclassname,name,parentclassid,precise,refmodelname,resid,returntype,stereotype,ts,userdefclassname,versiontype) values( 'nc.md.model.access.javamap.POJOStyle',null,201,'0e4bb9f8-b322-4ba0-8e08-1029d53233ea','2017-11-07 14:43:15',null,'hrta_tbmdaystatbnotcurrmonth',null,'日报当月审批子表',0,null,'nc.vo.hrta.daystat.DaystatbNotCurrmonthVO',null,'a811f277-052e-4cdf-9ef8-68870d4384d4','0',null,'Y','N',null,'N','a01f01e9-764d-4c5b-9ee8-5e38e8e17f65',null,'2017-11-07 15:13:51',null,'tbmdaystatbnotcurrmonth',null,null,null,null,null,null,'2017-11-07 15:14:15',null,0)
go
insert into md_class(accessorclassname,bizitfimpclassname,classtype,componentid,createtime,creator,defaulttablename,description,displayname,dr,fixedlength,fullclassname,help,id,industry,isactive,isauthen,iscreatesql,isextendbean,isprimary,keyattribute,modifier,modifytime,modinfoclassname,name,parentclassid,precise,refmodelname,resid,returntype,stereotype,ts,userdefclassname,versiontype) values( 'nc.md.model.access.javamap.POJOStyle',null,201,'0e4bb9f8-b322-4ba0-8e08-1029d53233ea','2010-09-30 13:58:34',null,'tbm_daystatb',null,'日报子表',0,null,'nc.vo.ta.daystat.DayStatbVO',null,'e13fe8ad-2651-43a1-beeb-8a3d5dba1dc3','0',null,'Y','Y',null,'N','d164096e-2273-4b1d-a00c-e9605ad2b0eb',null,'2017-11-07 15:13:51',null,'tbmdaystatb',null,null,null,'2daystat-000013',null,null,'2017-11-07 15:14:15',null,0)
go
insert into md_class(accessorclassname,bizitfimpclassname,classtype,componentid,createtime,creator,defaulttablename,description,displayname,dr,fixedlength,fullclassname,help,id,industry,isactive,isauthen,iscreatesql,isextendbean,isprimary,keyattribute,modifier,modifytime,modinfoclassname,name,parentclassid,precise,refmodelname,resid,returntype,stereotype,ts,userdefclassname,versiontype) values( 'nc.md.model.access.javamap.AggVOStyle',null,201,'0e4bb9f8-b322-4ba0-8e08-1029d53233ea','2010-09-30 13:53:55',null,'tbm_daystat',null,'考勤日报',0,null,'nc.vo.ta.daystat.DayStatVO',null,'e53b4c0c-5fa2-42ee-8cd7-d6bd3a2e5b6f','0',null,'Y','Y',null,'Y','e08c464f-2bca-4eaf-9dcb-fb098b9ca5a7',null,'2017-11-07 15:13:51',null,'tbmdaystat',null,null,null,'2daystat-000015',null,null,'2017-11-07 15:14:15',null,0)
go


insert into md_enumvalue(description,dr,enumsequence,hidden,id,industry,name,resid,ts,value,versiontype) values( null,0,0,'N','066ade40-f647-4fe9-9034-13901dbd7274','0','系统汇总生成','2daystat-000017','2017-11-07 15:14:15','0',0)
go
insert into md_enumvalue(description,dr,enumsequence,hidden,id,industry,name,resid,ts,value,versiontype) values( null,0,1,'N','066ade40-f647-4fe9-9034-13901dbd7274','0','导入','2daystat-000009','2017-11-07 15:14:15','1',0)
go


insert into md_accessorpara(assosequence,dr,id,industry,paravalue,ts,versiontype) values( 0,0,'e53b4c0c-5fa2-42ee-8cd7-d6bd3a2e5b6f',null,'nc.vo.ta.daystat.AggDayStatVO','2017-11-07 15:14:16',null)
go


insert into md_bizitfmap(bizinterfaceid,bizitfimpclassname,classattrid,classattrpath,classid,dr,industry,intattrid,ts,versiontype) values( '6c8722b9-911a-489b-8d0d-18bd3734fcf6',null,'e08c464f-2bca-4eaf-9dcb-fb098b9ca5a7',null,'e53b4c0c-5fa2-42ee-8cd7-d6bd3a2e5b6f',0,null,'5dd3c721-22ad-42b1-9c10-4351c236bc77','2017-11-07 15:14:16',null)
go
insert into md_bizitfmap(bizinterfaceid,bizitfimpclassname,classattrid,classattrpath,classid,dr,industry,intattrid,ts,versiontype) values( '6c8722b9-911a-489b-8d0d-18bd3734fcf6',null,'51aca5ac-7386-4fa1-b39d-289971dc9388',null,'e53b4c0c-5fa2-42ee-8cd7-d6bd3a2e5b6f',0,null,'89578a97-42fe-439b-827c-8eabd9e3604c','2017-11-07 15:14:16',null)
go
insert into md_bizitfmap(bizinterfaceid,bizitfimpclassname,classattrid,classattrpath,classid,dr,industry,intattrid,ts,versiontype) values( '6c8722b9-911a-489b-8d0d-18bd3734fcf6',null,'42d5dc9a-468f-4f1a-bd4c-75925666252d',null,'e53b4c0c-5fa2-42ee-8cd7-d6bd3a2e5b6f',0,null,'a47e6cda-09e4-480b-923f-ec6f41e3e06c','2017-11-07 15:14:16',null)
go
insert into md_bizitfmap(bizinterfaceid,bizitfimpclassname,classattrid,classattrpath,classid,dr,industry,intattrid,ts,versiontype) values( '6c8722b9-911a-489b-8d0d-18bd3734fcf6',null,null,null,'e53b4c0c-5fa2-42ee-8cd7-d6bd3a2e5b6f',0,null,'c8334364-7ab9-4266-8d4b-e74537935e46','2017-11-07 15:14:16',null)
go
insert into md_bizitfmap(bizinterfaceid,bizitfimpclassname,classattrid,classattrpath,classid,dr,industry,intattrid,ts,versiontype) values( '6c8722b9-911a-489b-8d0d-18bd3734fcf6',null,'51aca5ac-7386-4fa1-b39d-289971dc9388',null,'e53b4c0c-5fa2-42ee-8cd7-d6bd3a2e5b6f',0,null,'d32cc17b-f415-415a-923f-0764443eb102','2017-11-07 15:14:16',null)
go
insert into md_bizitfmap(bizinterfaceid,bizitfimpclassname,classattrid,classattrpath,classid,dr,industry,intattrid,ts,versiontype) values( '6c8722b9-911a-489b-8d0d-18bd3734fcf6',null,'2cb3ffb4-161c-4d6a-8632-0c76bb616d88',null,'e53b4c0c-5fa2-42ee-8cd7-d6bd3a2e5b6f',0,null,'ecf1b76a-6e44-42e2-a55e-87596504775b','2017-11-07 15:14:16',null)
go


insert into md_ormap(attributeid,classid,columnid,dr,tableid,ts) values( '0b6b1b04-7306-42a2-bf7c-39fa9ce9c1a7','a811f277-052e-4cdf-9ef8-68870d4384d4','hrta_tbmdaystatbnotcurrmonth@@@pk_timeitem',0,'hrta_tbmdaystatbnotcurrmonth','2017-11-07 15:14:16')
go
insert into md_ormap(attributeid,classid,columnid,dr,tableid,ts) values( '20804646-a740-4c0d-8d63-7f6050937c94','a811f277-052e-4cdf-9ef8-68870d4384d4','hrta_tbmdaystatbnotcurrmonth@@@pk_daystat',0,'hrta_tbmdaystatbnotcurrmonth','2017-11-07 15:14:16')
go
insert into md_ormap(attributeid,classid,columnid,dr,tableid,ts) values( '21b208d0-17df-4405-9c37-c1b1cdf52949','a811f277-052e-4cdf-9ef8-68870d4384d4','hrta_tbmdaystatbnotcurrmonth@@@pk_group',0,'hrta_tbmdaystatbnotcurrmonth','2017-11-07 15:14:16')
go
insert into md_ormap(attributeid,classid,columnid,dr,tableid,ts) values( '523cb0e1-4354-4dc8-a818-3d51d5f66882','a811f277-052e-4cdf-9ef8-68870d4384d4','hrta_tbmdaystatbnotcurrmonth@@@calendar',0,'hrta_tbmdaystatbnotcurrmonth','2017-11-07 15:14:16')
go
insert into md_ormap(attributeid,classid,columnid,dr,tableid,ts) values( '5b9a0ff8-37ca-431d-8acb-4a1a8f622cf3','a811f277-052e-4cdf-9ef8-68870d4384d4','hrta_tbmdaystatbnotcurrmonth@@@type',0,'hrta_tbmdaystatbnotcurrmonth','2017-11-07 15:14:16')
go
insert into md_ormap(attributeid,classid,columnid,dr,tableid,ts) values( '5ef991bc-271a-462c-b3b8-87d12864a8bd','a811f277-052e-4cdf-9ef8-68870d4384d4','hrta_tbmdaystatbnotcurrmonth@@@toresthour',0,'hrta_tbmdaystatbnotcurrmonth','2017-11-07 15:14:16')
go
insert into md_ormap(attributeid,classid,columnid,dr,tableid,ts) values( '60665dfc-f492-4aad-872d-61cc969a0b81','a811f277-052e-4cdf-9ef8-68870d4384d4','hrta_tbmdaystatbnotcurrmonth@@@pk_billsource',0,'hrta_tbmdaystatbnotcurrmonth','2017-11-07 15:14:16')
go
insert into md_ormap(attributeid,classid,columnid,dr,tableid,ts) values( '7abcd352-3558-4808-8a13-83951998be92','a811f277-052e-4cdf-9ef8-68870d4384d4','hrta_tbmdaystatbnotcurrmonth@@@hournum',0,'hrta_tbmdaystatbnotcurrmonth','2017-11-07 15:14:16')
go
insert into md_ormap(attributeid,classid,columnid,dr,tableid,ts) values( '8435bfd5-6785-4281-8a3e-3ee23697f4a4','a811f277-052e-4cdf-9ef8-68870d4384d4','hrta_tbmdaystatbnotcurrmonth@@@timeitemunit',0,'hrta_tbmdaystatbnotcurrmonth','2017-11-07 15:14:16')
go
insert into md_ormap(attributeid,classid,columnid,dr,tableid,ts) values( 'a01f01e9-764d-4c5b-9ee8-5e38e8e17f65','a811f277-052e-4cdf-9ef8-68870d4384d4','hrta_tbmdaystatbnotcurrmonth@@PK@@',0,'hrta_tbmdaystatbnotcurrmonth','2017-11-07 15:14:16')
go
insert into md_ormap(attributeid,classid,columnid,dr,tableid,ts) values( 'ed9faebe-d4e5-4d35-9e4e-84f01374f4c4','a811f277-052e-4cdf-9ef8-68870d4384d4','hrta_tbmdaystatbnotcurrmonth@@@pk_org',0,'hrta_tbmdaystatbnotcurrmonth','2017-11-07 15:14:16')
go
insert into md_ormap(attributeid,classid,columnid,dr,tableid,ts) values( 'f6e10ad0-a844-41da-bf16-390e95fdcbf3','a811f277-052e-4cdf-9ef8-68870d4384d4','hrta_tbmdaystatbnotcurrmonth@@@approve_date',0,'hrta_tbmdaystatbnotcurrmonth','2017-11-07 15:14:16')
go
insert into md_ormap(attributeid,classid,columnid,dr,tableid,ts) values( '01a00bd0-19c6-4d37-ab19-c4e673e50125','e13fe8ad-2651-43a1-beeb-8a3d5dba1dc3','tbm_daystatb@@@pk_org',0,'tbm_daystatb','2017-11-07 15:14:16')
go
insert into md_ormap(attributeid,classid,columnid,dr,tableid,ts) values( '0dd27629-559c-45dc-8e08-fbe3727d0d60','e13fe8ad-2651-43a1-beeb-8a3d5dba1dc3','tbm_daystatb@@@hournumusehour',0,'tbm_daystatb','2017-11-07 15:14:16')
go
insert into md_ormap(attributeid,classid,columnid,dr,tableid,ts) values( '53001f73-b443-4ae0-8bae-1baa1d2dd404','e13fe8ad-2651-43a1-beeb-8a3d5dba1dc3','tbm_daystatb@@@calcperiod',0,'tbm_daystatb','2017-11-07 15:14:16')
go
insert into md_ormap(attributeid,classid,columnid,dr,tableid,ts) values( '61231e3a-24c3-4cd8-a972-0d4f7ad6daf7','e13fe8ad-2651-43a1-beeb-8a3d5dba1dc3','tbm_daystatb@@@pk_daystat',0,'tbm_daystatb','2017-11-07 15:14:16')
go
insert into md_ormap(attributeid,classid,columnid,dr,tableid,ts) values( '7a483f35-354f-4694-8d9e-a63634f2fe00','e13fe8ad-2651-43a1-beeb-8a3d5dba1dc3','tbm_daystatb@@@hournum',0,'tbm_daystatb','2017-11-07 15:14:16')
go
insert into md_ormap(attributeid,classid,columnid,dr,tableid,ts) values( '7e8852da-8ff3-4cfe-9a68-dbadd767b57c','e13fe8ad-2651-43a1-beeb-8a3d5dba1dc3','tbm_daystatb@@@pk_group',0,'tbm_daystatb','2017-11-07 15:14:16')
go
insert into md_ormap(attributeid,classid,columnid,dr,tableid,ts) values( '954f0936-4a4a-4ec9-9e6b-e40772c71858','e13fe8ad-2651-43a1-beeb-8a3d5dba1dc3','tbm_daystatb@@@orihournumusehour',0,'tbm_daystatb','2017-11-07 15:14:16')
go
insert into md_ormap(attributeid,classid,columnid,dr,tableid,ts) values( 'b39356e2-326d-4a96-8c4e-84afef84c363','e13fe8ad-2651-43a1-beeb-8a3d5dba1dc3','tbm_daystatb@@@type',0,'tbm_daystatb','2017-11-07 15:14:16')
go
insert into md_ormap(attributeid,classid,columnid,dr,tableid,ts) values( 'c666044c-ded4-4ed7-9649-0cc64b9da242','e13fe8ad-2651-43a1-beeb-8a3d5dba1dc3','tbm_daystatb@@@orihournum',0,'tbm_daystatb','2017-11-07 15:14:16')
go
insert into md_ormap(attributeid,classid,columnid,dr,tableid,ts) values( 'd164096e-2273-4b1d-a00c-e9605ad2b0eb','e13fe8ad-2651-43a1-beeb-8a3d5dba1dc3','tbm_daystatb@@PK@@',0,'tbm_daystatb','2017-11-07 15:14:16')
go
insert into md_ormap(attributeid,classid,columnid,dr,tableid,ts) values( 'dc546f6e-4039-4c26-85c4-2b319552f36e','e13fe8ad-2651-43a1-beeb-8a3d5dba1dc3','tbm_daystatb@@@pk_timeitem',0,'tbm_daystatb','2017-11-07 15:14:16')
go
insert into md_ormap(attributeid,classid,columnid,dr,tableid,ts) values( 'f4de0d93-9a81-4495-9b21-4a78a8e373db','e13fe8ad-2651-43a1-beeb-8a3d5dba1dc3','tbm_daystatb@@@toresthour',0,'tbm_daystatb','2017-11-07 15:14:16')
go
insert into md_ormap(attributeid,classid,columnid,dr,tableid,ts) values( 'fb234b52-beaf-4d4f-8875-18beb9b4081b','e13fe8ad-2651-43a1-beeb-8a3d5dba1dc3','tbm_daystatb@@@timeitemunit',0,'tbm_daystatb','2017-11-07 15:14:16')
go
insert into md_ormap(attributeid,classid,columnid,dr,tableid,ts) values( '25dea82c-b0c8-44ee-9f5d-83df05f042c9','e53b4c0c-5fa2-42ee-8cd7-d6bd3a2e5b6f','tbm_daystatb@@@pk_daystat',0,'tbm_daystatb','2017-11-07 15:14:16')
go
insert into md_ormap(attributeid,classid,columnid,dr,tableid,ts) values( '2cb3ffb4-161c-4d6a-8632-0c76bb616d88','e53b4c0c-5fa2-42ee-8cd7-d6bd3a2e5b6f','tbm_daystat@@@pk_org',0,'tbm_daystat','2017-11-07 15:14:16')
go
insert into md_ormap(attributeid,classid,columnid,dr,tableid,ts) values( '42d5dc9a-468f-4f1a-bd4c-75925666252d','e53b4c0c-5fa2-42ee-8cd7-d6bd3a2e5b6f','tbm_daystat@@@pk_group',0,'tbm_daystat','2017-11-07 15:14:16')
go
insert into md_ormap(attributeid,classid,columnid,dr,tableid,ts) values( '51aca5ac-7386-4fa1-b39d-289971dc9388','e53b4c0c-5fa2-42ee-8cd7-d6bd3a2e5b6f','tbm_daystat@@@pk_psndoc',0,'tbm_daystat','2017-11-07 15:14:16')
go
insert into md_ormap(attributeid,classid,columnid,dr,tableid,ts) values( '7a464d10-bdad-44ee-8eff-865d7f184d9e','e53b4c0c-5fa2-42ee-8cd7-d6bd3a2e5b6f','tbm_daystat@@@pk_org_v',0,'tbm_daystat','2017-11-07 15:14:16')
go
insert into md_ormap(attributeid,classid,columnid,dr,tableid,ts) values( '8ca6f649-1870-4152-ac37-36294988cee8','e53b4c0c-5fa2-42ee-8cd7-d6bd3a2e5b6f','tbm_daystat@@@pk_timedata',0,'tbm_daystat','2017-11-07 15:14:16')
go
insert into md_ormap(attributeid,classid,columnid,dr,tableid,ts) values( '8eb97453-009d-4fb2-b572-bc47f56002af','e53b4c0c-5fa2-42ee-8cd7-d6bd3a2e5b6f','tbm_daystat@@@pk_psncalendar',0,'tbm_daystat','2017-11-07 15:14:16')
go
insert into md_ormap(attributeid,classid,columnid,dr,tableid,ts) values( '8f9836b4-8d18-4bdc-86b8-5e38326c73ac','e53b4c0c-5fa2-42ee-8cd7-d6bd3a2e5b6f','hrta_tbmdaystatbnotcurrmonth@@@pk_daystat',0,'hrta_tbmdaystatbnotcurrmonth','2017-11-07 15:14:16')
go
insert into md_ormap(attributeid,classid,columnid,dr,tableid,ts) values( 'a920f334-276a-42f7-8b6c-6a945fc6f884','e53b4c0c-5fa2-42ee-8cd7-d6bd3a2e5b6f','tbm_daystat@@@pk_dept_v',0,'tbm_daystat','2017-11-07 15:14:16')
go
insert into md_ormap(attributeid,classid,columnid,dr,tableid,ts) values( 'bd0386f6-a0b8-49f1-877b-dad367833305','e53b4c0c-5fa2-42ee-8cd7-d6bd3a2e5b6f','tbm_daystat@@@calendar',0,'tbm_daystat','2017-11-07 15:14:16')
go
insert into md_ormap(attributeid,classid,columnid,dr,tableid,ts) values( 'd78550e1-5cc7-47b1-8d61-a228dc2688f2','e53b4c0c-5fa2-42ee-8cd7-d6bd3a2e5b6f','tbm_daystat@@@datastatus',0,'tbm_daystat','2017-11-07 15:14:16')
go
insert into md_ormap(attributeid,classid,columnid,dr,tableid,ts) values( 'e08c464f-2bca-4eaf-9dcb-fb098b9ca5a7','e53b4c0c-5fa2-42ee-8cd7-d6bd3a2e5b6f','tbm_daystat@@PK@@',0,'tbm_daystat','2017-11-07 15:14:16')
go


insert into md_table(createtime,creator,databaseid,description,displayname,dr,fromsourcebmf,help,id,industry,isactive,isextendtable,modifier,modifytime,name,parenttable,resid,resmodule,ts,versiontype) values( '2017-11-07 14:43:15',null,null,null,'日报当月审批子表',0,'Y',null,'hrta_tbmdaystatbnotcurrmonth','0',null,null,null,'2017-11-07 15:13:51','hrta_tbmdaystatbnotcurrmonth',null,null,'6017dayandmonthstat','2017-11-07 15:14:16',0)
go
insert into md_table(createtime,creator,databaseid,description,displayname,dr,fromsourcebmf,help,id,industry,isactive,isextendtable,modifier,modifytime,name,parenttable,resid,resmodule,ts,versiontype) values( '2010-09-30 13:53:55',null,null,null,'考勤日报',0,'Y',null,'tbm_daystat','0',null,null,null,'2017-11-07 15:13:51','tbm_daystat',null,'2daystat-000015','6017dayandmonthstat','2017-11-07 15:14:16',0)
go
insert into md_table(createtime,creator,databaseid,description,displayname,dr,fromsourcebmf,help,id,industry,isactive,isextendtable,modifier,modifytime,name,parenttable,resid,resmodule,ts,versiontype) values( '2010-09-30 13:58:34',null,null,null,'日报子表',0,'Y',null,'tbm_daystatb','0',null,null,null,'2017-11-07 15:13:51','tbm_daystatb',null,'2daystat-000013','6017dayandmonthstat','2017-11-07 15:14:16',0)
go


insert into md_column(columnlength,columnsequence,columntype,createtime,creator,defaultvalue,description,displayname,dr,forlocale,groupid,help,id,identitied,incrementseed,incrementstep,isactive,modifier,modifytime,name,nullable,pkey,precise,resid,sqldatetype,tableid,ts,versiontype) values( 19,8,0,null,null,null,null,'审批时间',0,'N',null,null,'hrta_tbmdaystatbnotcurrmonth@@@approve_date',null,null,null,'Y',null,null,'approve_date','Y','N',0,'2daystat-000022','char','hrta_tbmdaystatbnotcurrmonth','2017-11-07 15:14:16',0)
go
insert into md_column(columnlength,columnsequence,columntype,createtime,creator,defaultvalue,description,displayname,dr,forlocale,groupid,help,id,identitied,incrementseed,incrementstep,isactive,modifier,modifytime,name,nullable,pkey,precise,resid,sqldatetype,tableid,ts,versiontype) values( 19,10,0,null,null,null,null,'计算期间',0,'N',null,null,'hrta_tbmdaystatbnotcurrmonth@@@calendar',null,null,null,'Y',null,null,'calendar','Y','N',0,'2daystat-000007','char','hrta_tbmdaystatbnotcurrmonth','2017-11-07 15:14:16',0)
go
insert into md_column(columnlength,columnsequence,columntype,createtime,creator,defaultvalue,description,displayname,dr,forlocale,groupid,help,id,identitied,incrementseed,incrementstep,isactive,modifier,modifytime,name,nullable,pkey,precise,resid,sqldatetype,tableid,ts,versiontype) values( 16,6,0,null,null,null,null,'时长',0,'N',null,null,'hrta_tbmdaystatbnotcurrmonth@@@hournum',null,null,null,'Y',null,null,'hournum','Y','N',4,'2daystat-000008','decimal','hrta_tbmdaystatbnotcurrmonth','2017-11-07 15:14:16',0)
go
insert into md_column(columnlength,columnsequence,columntype,createtime,creator,defaultvalue,description,displayname,dr,forlocale,groupid,help,id,identitied,incrementseed,incrementstep,isactive,modifier,modifytime,name,nullable,pkey,precise,resid,sqldatetype,tableid,ts,versiontype) values( 20,7,0,null,null,null,null,'原始单据号',0,'N',null,null,'hrta_tbmdaystatbnotcurrmonth@@@pk_billsource',null,null,null,'Y',null,null,'pk_billsource','Y','N',0,'2daystat-000001','char','hrta_tbmdaystatbnotcurrmonth','2017-11-07 15:14:16',0)
go
insert into md_column(columnlength,columnsequence,columntype,createtime,creator,defaultvalue,description,displayname,dr,forlocale,groupid,help,id,identitied,incrementseed,incrementstep,isactive,modifier,modifytime,name,nullable,pkey,precise,resid,sqldatetype,tableid,ts,versiontype) values( 20,1,0,null,null,null,null,'日统计主键',0,'N',null,null,'hrta_tbmdaystatbnotcurrmonth@@@pk_daystat',null,null,null,'Y',null,null,'pk_daystat','N','N',0,'2daystat-000004','char','hrta_tbmdaystatbnotcurrmonth','2017-11-07 15:14:16',0)
go
insert into md_column(columnlength,columnsequence,columntype,createtime,creator,defaultvalue,description,displayname,dr,forlocale,groupid,help,id,identitied,incrementseed,incrementstep,isactive,modifier,modifytime,name,nullable,pkey,precise,resid,sqldatetype,tableid,ts,versiontype) values( 20,2,0,null,null,null,null,'所属集团',0,'N',null,null,'hrta_tbmdaystatbnotcurrmonth@@@pk_group',null,null,null,'Y',null,null,'pk_group','N','N',0,'2UC000-000367','char','hrta_tbmdaystatbnotcurrmonth','2017-11-07 15:14:16',0)
go
insert into md_column(columnlength,columnsequence,columntype,createtime,creator,defaultvalue,description,displayname,dr,forlocale,groupid,help,id,identitied,incrementseed,incrementstep,isactive,modifier,modifytime,name,nullable,pkey,precise,resid,sqldatetype,tableid,ts,versiontype) values( 20,3,0,null,null,null,null,'所属组织',0,'N',null,null,'hrta_tbmdaystatbnotcurrmonth@@@pk_org',null,null,null,'Y',null,null,'pk_org','N','N',0,'2UC000-000360','char','hrta_tbmdaystatbnotcurrmonth','2017-11-07 15:14:16',0)
go
insert into md_column(columnlength,columnsequence,columntype,createtime,creator,defaultvalue,description,displayname,dr,forlocale,groupid,help,id,identitied,incrementseed,incrementstep,isactive,modifier,modifytime,name,nullable,pkey,precise,resid,sqldatetype,tableid,ts,versiontype) values( 20,5,0,null,null,null,null,'项目主键',0,'N',null,null,'hrta_tbmdaystatbnotcurrmonth@@@pk_timeitem',null,null,null,'Y',null,null,'pk_timeitem','N','N',0,'2UC000-001022','char','hrta_tbmdaystatbnotcurrmonth','2017-11-07 15:14:16',0)
go
insert into md_column(columnlength,columnsequence,columntype,createtime,creator,defaultvalue,description,displayname,dr,forlocale,groupid,help,id,identitied,incrementseed,incrementstep,isactive,modifier,modifytime,name,nullable,pkey,precise,resid,sqldatetype,tableid,ts,versiontype) values( 0,11,0,null,null,null,null,'考勤单位',0,'N',null,null,'hrta_tbmdaystatbnotcurrmonth@@@timeitemunit',null,null,null,'Y',null,null,'timeitemunit','Y','N',0,'2daystat-000021','int','hrta_tbmdaystatbnotcurrmonth','2017-11-07 15:14:16',0)
go
insert into md_column(columnlength,columnsequence,columntype,createtime,creator,defaultvalue,description,displayname,dr,forlocale,groupid,help,id,identitied,incrementseed,incrementstep,isactive,modifier,modifytime,name,nullable,pkey,precise,resid,sqldatetype,tableid,ts,versiontype) values( 16,9,0,null,null,null,null,'转调休时长',0,'N',null,null,'hrta_tbmdaystatbnotcurrmonth@@@toresthour',null,null,null,'Y',null,null,'toresthour','Y','N',4,'2daystat-000014','decimal','hrta_tbmdaystatbnotcurrmonth','2017-11-07 15:14:16',0)
go
insert into md_column(columnlength,columnsequence,columntype,createtime,creator,defaultvalue,description,displayname,dr,forlocale,groupid,help,id,identitied,incrementseed,incrementstep,isactive,modifier,modifytime,name,nullable,pkey,precise,resid,sqldatetype,tableid,ts,versiontype) values( 0,4,0,null,null,null,null,'项目种类',0,'N',null,null,'hrta_tbmdaystatbnotcurrmonth@@@type',null,null,null,'Y',null,null,'type','Y','N',0,'2daystat-000003','int','hrta_tbmdaystatbnotcurrmonth','2017-11-07 15:14:16',0)
go
insert into md_column(columnlength,columnsequence,columntype,createtime,creator,defaultvalue,description,displayname,dr,forlocale,groupid,help,id,identitied,incrementseed,incrementstep,isactive,modifier,modifytime,name,nullable,pkey,precise,resid,sqldatetype,tableid,ts,versiontype) values( 20,0,0,null,null,null,null,'日统计当月审批子表主键',0,'N',null,null,'hrta_tbmdaystatbnotcurrmonth@@PK@@',null,null,null,'Y',null,null,'pk_daystatb_notcurrmonth','N','Y',0,'2daystat-000002','char','hrta_tbmdaystatbnotcurrmonth','2017-11-07 15:14:16',0)
go
insert into md_column(columnlength,columnsequence,columntype,createtime,creator,defaultvalue,description,displayname,dr,forlocale,groupid,help,id,identitied,incrementseed,incrementstep,isactive,modifier,modifytime,name,nullable,pkey,precise,resid,sqldatetype,tableid,ts,versiontype) values( 10,8,0,null,null,null,null,'日历',0,'N',null,null,'tbm_daystat@@@calendar',null,null,null,'Y',null,null,'calendar','Y','N',0,'2daystat-000012','char','tbm_daystat','2017-11-07 15:14:16',0)
go
insert into md_column(columnlength,columnsequence,columntype,createtime,creator,defaultvalue,description,displayname,dr,forlocale,groupid,help,id,identitied,incrementseed,incrementstep,isactive,modifier,modifytime,name,nullable,pkey,precise,resid,sqldatetype,tableid,ts,versiontype) values( 0,10,0,null,null,null,null,'数据标志',0,'N',null,null,'tbm_daystat@@@datastatus',null,null,null,'Y',null,null,'datastatus','Y','N',0,'2daystat-000006','int','tbm_daystat','2017-11-07 15:14:16',0)
go
insert into md_column(columnlength,columnsequence,columntype,createtime,creator,defaultvalue,description,displayname,dr,forlocale,groupid,help,id,identitied,incrementseed,incrementstep,isactive,modifier,modifytime,name,nullable,pkey,precise,resid,sqldatetype,tableid,ts,versiontype) values( 20,6,0,null,null,'*~',null,'人员部门版本',0,'N',null,null,'tbm_daystat@@@pk_dept_v',null,null,null,'Y',null,null,'pk_dept_v','Y','N',0,'2daystat-000016','varchar','tbm_daystat','2017-11-07 15:14:16',0)
go
insert into md_column(columnlength,columnsequence,columntype,createtime,creator,defaultvalue,description,displayname,dr,forlocale,groupid,help,id,identitied,incrementseed,incrementstep,isactive,modifier,modifytime,name,nullable,pkey,precise,resid,sqldatetype,tableid,ts,versiontype) values( 20,1,0,null,null,null,null,'所属集团',0,'N',null,null,'tbm_daystat@@@pk_group',null,null,null,'Y',null,null,'pk_group','N','N',0,'2UC000-000367','varchar','tbm_daystat','2017-11-07 15:14:16',0)
go
insert into md_column(columnlength,columnsequence,columntype,createtime,creator,defaultvalue,description,displayname,dr,forlocale,groupid,help,id,identitied,incrementseed,incrementstep,isactive,modifier,modifytime,name,nullable,pkey,precise,resid,sqldatetype,tableid,ts,versiontype) values( 20,2,0,null,null,null,null,'所属组织',0,'N',null,null,'tbm_daystat@@@pk_org',null,null,null,'Y',null,null,'pk_org','N','N',0,'2UC000-000360','varchar','tbm_daystat','2017-11-07 15:14:16',0)
go
insert into md_column(columnlength,columnsequence,columntype,createtime,creator,defaultvalue,description,displayname,dr,forlocale,groupid,help,id,identitied,incrementseed,incrementstep,isactive,modifier,modifytime,name,nullable,pkey,precise,resid,sqldatetype,tableid,ts,versiontype) values( 20,5,0,null,null,'*~',null,'人员组织版本',0,'N',null,null,'tbm_daystat@@@pk_org_v',null,null,null,'Y',null,null,'pk_org_v','Y','N',0,'2daystat-000011','varchar','tbm_daystat','2017-11-07 15:14:16',0)
go
insert into md_column(columnlength,columnsequence,columntype,createtime,creator,defaultvalue,description,displayname,dr,forlocale,groupid,help,id,identitied,incrementseed,incrementstep,isactive,modifier,modifytime,name,nullable,pkey,precise,resid,sqldatetype,tableid,ts,versiontype) values( 20,9,0,null,null,'*~',null,'人员工作日历主键',0,'N',null,null,'tbm_daystat@@@pk_psncalendar',null,null,null,'Y',null,null,'pk_psncalendar','Y','N',0,'2daystat-000019','varchar','tbm_daystat','2017-11-07 15:14:16',0)
go
insert into md_column(columnlength,columnsequence,columntype,createtime,creator,defaultvalue,description,displayname,dr,forlocale,groupid,help,id,identitied,incrementseed,incrementstep,isactive,modifier,modifytime,name,nullable,pkey,precise,resid,sqldatetype,tableid,ts,versiontype) values( 20,3,0,null,null,null,null,'人员基本档案主键',0,'N',null,null,'tbm_daystat@@@pk_psndoc',null,null,null,'Y',null,null,'pk_psndoc','N','N',0,'2UC000-000050','varchar','tbm_daystat','2017-11-07 15:14:16',0)
go
insert into md_column(columnlength,columnsequence,columntype,createtime,creator,defaultvalue,description,displayname,dr,forlocale,groupid,help,id,identitied,incrementseed,incrementstep,isactive,modifier,modifytime,name,nullable,pkey,precise,resid,sqldatetype,tableid,ts,versiontype) values( 20,11,0,null,null,'*~',null,'考勤主键',0,'N',null,null,'tbm_daystat@@@pk_timedata',null,null,null,'Y',null,null,'pk_timedata','Y','N',0,'2daystat-000018','varchar','tbm_daystat','2017-11-07 15:14:16',0)
go
insert into md_column(columnlength,columnsequence,columntype,createtime,creator,defaultvalue,description,displayname,dr,forlocale,groupid,help,id,identitied,incrementseed,incrementstep,isactive,modifier,modifytime,name,nullable,pkey,precise,resid,sqldatetype,tableid,ts,versiontype) values( 20,0,0,null,null,null,null,'日统计主键',0,'N',null,null,'tbm_daystat@@PK@@',null,null,null,'Y',null,null,'pk_daystat','N','Y',0,'2daystat-000004','char','tbm_daystat','2017-11-07 15:14:16',0)
go
insert into md_column(columnlength,columnsequence,columntype,createtime,creator,defaultvalue,description,displayname,dr,forlocale,groupid,help,id,identitied,incrementseed,incrementstep,isactive,modifier,modifytime,name,nullable,pkey,precise,resid,sqldatetype,tableid,ts,versiontype) values( 6,11,0,null,null,null,null,'计算期间',0,'N',null,null,'tbm_daystatb@@@calcperiod',null,null,null,'Y',null,null,'calcperiod','Y','N',0,'2daystat-000007','char','tbm_daystatb','2017-11-07 15:14:16',0)
go
insert into md_column(columnlength,columnsequence,columntype,createtime,creator,defaultvalue,description,displayname,dr,forlocale,groupid,help,id,identitied,incrementseed,incrementstep,isactive,modifier,modifytime,name,nullable,pkey,precise,resid,sqldatetype,tableid,ts,versiontype) values( 16,6,0,null,null,null,null,'时长',0,'N',null,null,'tbm_daystatb@@@hournum',null,null,null,'Y',null,null,'hournum','Y','N',4,'2daystat-000008','decimal','tbm_daystatb','2017-11-07 15:14:16',0)
go
insert into md_column(columnlength,columnsequence,columntype,createtime,creator,defaultvalue,description,displayname,dr,forlocale,groupid,help,id,identitied,incrementseed,incrementstep,isactive,modifier,modifytime,name,nullable,pkey,precise,resid,sqldatetype,tableid,ts,versiontype) values( 28,8,0,null,null,null,null,'小时时长',0,'N',null,null,'tbm_daystatb@@@hournumusehour',null,null,null,'Y',null,null,'hournumusehour','Y','N',8,'2daystat-000022','decimal','tbm_daystatb','2017-11-07 15:14:16',0)
go
insert into md_column(columnlength,columnsequence,columntype,createtime,creator,defaultvalue,description,displayname,dr,forlocale,groupid,help,id,identitied,incrementseed,incrementstep,isactive,modifier,modifytime,name,nullable,pkey,precise,resid,sqldatetype,tableid,ts,versiontype) values( 16,7,0,null,null,null,null,'原始时长',0,'N',null,null,'tbm_daystatb@@@orihournum',null,null,null,'Y',null,null,'orihournum','Y','N',4,'2daystat-000001','decimal','tbm_daystatb','2017-11-07 15:14:16',0)
go
insert into md_column(columnlength,columnsequence,columntype,createtime,creator,defaultvalue,description,displayname,dr,forlocale,groupid,help,id,identitied,incrementseed,incrementstep,isactive,modifier,modifytime,name,nullable,pkey,precise,resid,sqldatetype,tableid,ts,versiontype) values( 28,9,0,null,null,null,null,'原始小时时长',0,'N',null,null,'tbm_daystatb@@@orihournumusehour',null,null,null,'Y',null,null,'orihournumusehour','Y','N',8,'2daystat-000023','decimal','tbm_daystatb','2017-11-07 15:14:16',0)
go
insert into md_column(columnlength,columnsequence,columntype,createtime,creator,defaultvalue,description,displayname,dr,forlocale,groupid,help,id,identitied,incrementseed,incrementstep,isactive,modifier,modifytime,name,nullable,pkey,precise,resid,sqldatetype,tableid,ts,versiontype) values( 20,1,0,null,null,null,null,'日统计主键',0,'N',null,null,'tbm_daystatb@@@pk_daystat',null,null,null,'Y',null,null,'pk_daystat','N','N',0,'2daystat-000004','char','tbm_daystatb','2017-11-07 15:14:16',0)
go
insert into md_column(columnlength,columnsequence,columntype,createtime,creator,defaultvalue,description,displayname,dr,forlocale,groupid,help,id,identitied,incrementseed,incrementstep,isactive,modifier,modifytime,name,nullable,pkey,precise,resid,sqldatetype,tableid,ts,versiontype) values( 20,2,0,null,null,null,null,'所属集团',0,'N',null,null,'tbm_daystatb@@@pk_group',null,null,null,'Y',null,null,'pk_group','N','N',0,'2UC000-000367','char','tbm_daystatb','2017-11-07 15:14:16',0)
go
insert into md_column(columnlength,columnsequence,columntype,createtime,creator,defaultvalue,description,displayname,dr,forlocale,groupid,help,id,identitied,incrementseed,incrementstep,isactive,modifier,modifytime,name,nullable,pkey,precise,resid,sqldatetype,tableid,ts,versiontype) values( 20,3,0,null,null,null,null,'所属组织',0,'N',null,null,'tbm_daystatb@@@pk_org',null,null,null,'Y',null,null,'pk_org','N','N',0,'2UC000-000360','char','tbm_daystatb','2017-11-07 15:14:16',0)
go
insert into md_column(columnlength,columnsequence,columntype,createtime,creator,defaultvalue,description,displayname,dr,forlocale,groupid,help,id,identitied,incrementseed,incrementstep,isactive,modifier,modifytime,name,nullable,pkey,precise,resid,sqldatetype,tableid,ts,versiontype) values( 20,5,0,null,null,null,null,'项目主键',0,'N',null,null,'tbm_daystatb@@@pk_timeitem',null,null,null,'Y',null,null,'pk_timeitem','N','N',0,'2UC000-001022','char','tbm_daystatb','2017-11-07 15:14:16',0)
go
insert into md_column(columnlength,columnsequence,columntype,createtime,creator,defaultvalue,description,displayname,dr,forlocale,groupid,help,id,identitied,incrementseed,incrementstep,isactive,modifier,modifytime,name,nullable,pkey,precise,resid,sqldatetype,tableid,ts,versiontype) values( 0,12,0,null,null,null,null,'考勤单位',0,'N',null,null,'tbm_daystatb@@@timeitemunit',null,null,null,'Y',null,null,'timeitemunit','Y','N',0,'2daystat-000021','int','tbm_daystatb','2017-11-07 15:14:16',0)
go
insert into md_column(columnlength,columnsequence,columntype,createtime,creator,defaultvalue,description,displayname,dr,forlocale,groupid,help,id,identitied,incrementseed,incrementstep,isactive,modifier,modifytime,name,nullable,pkey,precise,resid,sqldatetype,tableid,ts,versiontype) values( 16,10,0,null,null,null,null,'转调休时长',0,'N',null,null,'tbm_daystatb@@@toresthour',null,null,null,'Y',null,null,'toresthour','Y','N',4,'2daystat-000014','decimal','tbm_daystatb','2017-11-07 15:14:16',0)
go
insert into md_column(columnlength,columnsequence,columntype,createtime,creator,defaultvalue,description,displayname,dr,forlocale,groupid,help,id,identitied,incrementseed,incrementstep,isactive,modifier,modifytime,name,nullable,pkey,precise,resid,sqldatetype,tableid,ts,versiontype) values( 0,4,0,null,null,null,null,'项目种类',0,'N',null,null,'tbm_daystatb@@@type',null,null,null,'Y',null,null,'type','Y','N',0,'2daystat-000003','int','tbm_daystatb','2017-11-07 15:14:16',0)
go
insert into md_column(columnlength,columnsequence,columntype,createtime,creator,defaultvalue,description,displayname,dr,forlocale,groupid,help,id,identitied,incrementseed,incrementstep,isactive,modifier,modifytime,name,nullable,pkey,precise,resid,sqldatetype,tableid,ts,versiontype) values( 20,0,0,null,null,null,null,'日统计子表主键',0,'N',null,null,'tbm_daystatb@@PK@@',null,null,null,'Y',null,null,'pk_daystatb','N','Y',0,'2daystat-000002','char','tbm_daystatb','2017-11-07 15:14:16',0)
go


insert into md_db_relation(asstype,createtime,creator,description,displayname,dr,endcardinality,endfieldid,endtableid,help,id,isforeignkey,modifier,modifytime,name,resid,startattrid,startcardinality,startfieldid,starttableid,ts,versiontype) values( 1,null,null,null,'hrta_tbmdaystatbnotcurrmonth->tbm_daystat',0,null,'tbm_daystat@@PK@@','tbm_daystat',null,'6af084ba-7c98-41aa-97d9-fd5b12dfe958','Y',null,null,'hrta_tbmdaystatbnotcurrmonth->tbm_daystat',null,'8f9836b4-8d18-4bdc-86b8-5e38326c73ac',null,'hrta_tbmdaystatbnotcurrmonth@@@pk_daystat','hrta_tbmdaystatbnotcurrmonth','2017-11-07 15:14:17',0)
go
insert into md_db_relation(asstype,createtime,creator,description,displayname,dr,endcardinality,endfieldid,endtableid,help,id,isforeignkey,modifier,modifytime,name,resid,startattrid,startcardinality,startfieldid,starttableid,ts,versiontype) values( 1,null,null,null,'tbm_daystatb->tbm_daystat',0,null,'tbm_daystat@@PK@@','tbm_daystat',null,'4da86cfd-9daa-4e32-9ec5-a4c6f4be6fc3','Y',null,null,'tbm_daystatb->tbm_daystat',null,'25dea82c-b0c8-44ee-9f5d-83df05f042c9',null,'tbm_daystatb@@@pk_daystat','tbm_daystatb','2017-11-07 15:14:17',0)
go


insert into md_property(accessorclassname,accesspower,accesspowergroup,attrlength,attrmaxvalue,attrminvalue,attrsequence,calculation,classid,createindustry,createtime,creator,customattr,datatype,datatypestyle,defaultvalue,description,displayname,dr,dynamicattr,dynamictable,fixedlength,help,hided,id,industry,isactive,isauthen,modifier,modifytime,name,notserialize,nullable,precise,readonly,refmodelname,resid,ts,versiontype,visibility) values( null,'N',null,20,null,null,5,'N','a811f277-052e-4cdf-9ef8-68870d4384d4',null,null,null,'N','BS000010000100001051',300,null,null,'项目主键',0,'N',null,'N',null,'N','0b6b1b04-7306-42a2-bf7c-39fa9ce9c1a7','0','Y','Y',null,null,'pk_timeitem','N','N',0,'N',null,'2UC000-001022','2017-11-07 15:14:15',0,0)
go
insert into md_property(accessorclassname,accesspower,accesspowergroup,attrlength,attrmaxvalue,attrminvalue,attrsequence,calculation,classid,createindustry,createtime,creator,customattr,datatype,datatypestyle,defaultvalue,description,displayname,dr,dynamicattr,dynamictable,fixedlength,help,hided,id,industry,isactive,isauthen,modifier,modifytime,name,notserialize,nullable,precise,readonly,refmodelname,resid,ts,versiontype,visibility) values( null,'N',null,20,null,null,1,'N','a811f277-052e-4cdf-9ef8-68870d4384d4',null,null,null,'N','BS000010000100001051',300,null,null,'日统计主键',0,'N',null,'N',null,'N','20804646-a740-4c0d-8d63-7f6050937c94','0','Y','Y',null,null,'pk_daystat','N','N',0,'N',null,'2daystat-000004','2017-11-07 15:14:15',0,0)
go
insert into md_property(accessorclassname,accesspower,accesspowergroup,attrlength,attrmaxvalue,attrminvalue,attrsequence,calculation,classid,createindustry,createtime,creator,customattr,datatype,datatypestyle,defaultvalue,description,displayname,dr,dynamicattr,dynamictable,fixedlength,help,hided,id,industry,isactive,isauthen,modifier,modifytime,name,notserialize,nullable,precise,readonly,refmodelname,resid,ts,versiontype,visibility) values( null,'N',null,20,null,null,2,'N','a811f277-052e-4cdf-9ef8-68870d4384d4',null,null,null,'N','BS000010000100001051',300,null,null,'所属集团',0,'N',null,'N',null,'Y','21b208d0-17df-4405-9c37-c1b1cdf52949','0','Y','Y',null,null,'pk_group','N','N',0,'N',null,'2UC000-000367','2017-11-07 15:14:15',0,0)
go
insert into md_property(accessorclassname,accesspower,accesspowergroup,attrlength,attrmaxvalue,attrminvalue,attrsequence,calculation,classid,createindustry,createtime,creator,customattr,datatype,datatypestyle,defaultvalue,description,displayname,dr,dynamicattr,dynamictable,fixedlength,help,hided,id,industry,isactive,isauthen,modifier,modifytime,name,notserialize,nullable,precise,readonly,refmodelname,resid,ts,versiontype,visibility) values( null,'N',null,19,null,null,10,'N','a811f277-052e-4cdf-9ef8-68870d4384d4',null,null,null,'N','BS000010000100001033',300,null,null,'计算期间',0,'N',null,'N',null,'N','523cb0e1-4354-4dc8-a818-3d51d5f66882','0','Y','Y',null,null,'calendar','N','Y',0,'N',null,'2daystat-000007','2017-11-07 15:14:15',0,0)
go
insert into md_property(accessorclassname,accesspower,accesspowergroup,attrlength,attrmaxvalue,attrminvalue,attrsequence,calculation,classid,createindustry,createtime,creator,customattr,datatype,datatypestyle,defaultvalue,description,displayname,dr,dynamicattr,dynamictable,fixedlength,help,hided,id,industry,isactive,isauthen,modifier,modifytime,name,notserialize,nullable,precise,readonly,refmodelname,resid,ts,versiontype,visibility) values( null,'N',null,0,null,null,4,'N','a811f277-052e-4cdf-9ef8-68870d4384d4',null,null,null,'N','ec58d9de-327b-4c46-aa02-cee0aad248a8',300,null,null,'项目种类',0,'N',null,'N',null,'N','5b9a0ff8-37ca-431d-8acb-4a1a8f622cf3','0','Y','Y',null,null,'type','N','Y',0,'N',null,'2daystat-000003','2017-11-07 15:14:15',0,0)
go
insert into md_property(accessorclassname,accesspower,accesspowergroup,attrlength,attrmaxvalue,attrminvalue,attrsequence,calculation,classid,createindustry,createtime,creator,customattr,datatype,datatypestyle,defaultvalue,description,displayname,dr,dynamicattr,dynamictable,fixedlength,help,hided,id,industry,isactive,isauthen,modifier,modifytime,name,notserialize,nullable,precise,readonly,refmodelname,resid,ts,versiontype,visibility) values( null,'N',null,16,null,null,9,'N','a811f277-052e-4cdf-9ef8-68870d4384d4',null,null,null,'N','BS000010000100001031',300,null,null,'转调休时长',0,'N',null,'N',null,'N','5ef991bc-271a-462c-b3b8-87d12864a8bd','0','Y','Y',null,null,'toresthour','N','Y',4,'N',null,'2daystat-000014','2017-11-07 15:14:15',0,0)
go
insert into md_property(accessorclassname,accesspower,accesspowergroup,attrlength,attrmaxvalue,attrminvalue,attrsequence,calculation,classid,createindustry,createtime,creator,customattr,datatype,datatypestyle,defaultvalue,description,displayname,dr,dynamicattr,dynamictable,fixedlength,help,hided,id,industry,isactive,isauthen,modifier,modifytime,name,notserialize,nullable,precise,readonly,refmodelname,resid,ts,versiontype,visibility) values( null,'N',null,20,null,null,7,'N','a811f277-052e-4cdf-9ef8-68870d4384d4',null,null,null,'N','BS000010000100001051',300,null,null,'原始单据号',0,'N',null,'N',null,'N','60665dfc-f492-4aad-872d-61cc969a0b81','0','Y','Y',null,null,'pk_billsource','N','Y',0,'N',null,'2daystat-000001','2017-11-07 15:14:15',0,0)
go
insert into md_property(accessorclassname,accesspower,accesspowergroup,attrlength,attrmaxvalue,attrminvalue,attrsequence,calculation,classid,createindustry,createtime,creator,customattr,datatype,datatypestyle,defaultvalue,description,displayname,dr,dynamicattr,dynamictable,fixedlength,help,hided,id,industry,isactive,isauthen,modifier,modifytime,name,notserialize,nullable,precise,readonly,refmodelname,resid,ts,versiontype,visibility) values( null,'N',null,16,null,null,6,'N','a811f277-052e-4cdf-9ef8-68870d4384d4',null,null,null,'N','BS000010000100001031',300,null,null,'时长',0,'N',null,'N',null,'N','7abcd352-3558-4808-8a13-83951998be92','0','Y','Y',null,null,'hournum','N','Y',4,'N',null,'2daystat-000008','2017-11-07 15:14:15',0,0)
go
insert into md_property(accessorclassname,accesspower,accesspowergroup,attrlength,attrmaxvalue,attrminvalue,attrsequence,calculation,classid,createindustry,createtime,creator,customattr,datatype,datatypestyle,defaultvalue,description,displayname,dr,dynamicattr,dynamictable,fixedlength,help,hided,id,industry,isactive,isauthen,modifier,modifytime,name,notserialize,nullable,precise,readonly,refmodelname,resid,ts,versiontype,visibility) values( null,'N',null,0,null,null,11,'N','a811f277-052e-4cdf-9ef8-68870d4384d4',null,null,null,'N','81998d32-8398-4c34-b546-ea99a6d07a87',300,null,null,'考勤单位',0,'N',null,'N',null,'N','8435bfd5-6785-4281-8a3e-3ee23697f4a4','0','Y','Y',null,null,'timeitemunit','N','Y',0,'N',null,'2daystat-000021','2017-11-07 15:14:15',0,0)
go
insert into md_property(accessorclassname,accesspower,accesspowergroup,attrlength,attrmaxvalue,attrminvalue,attrsequence,calculation,classid,createindustry,createtime,creator,customattr,datatype,datatypestyle,defaultvalue,description,displayname,dr,dynamicattr,dynamictable,fixedlength,help,hided,id,industry,isactive,isauthen,modifier,modifytime,name,notserialize,nullable,precise,readonly,refmodelname,resid,ts,versiontype,visibility) values( null,'N',null,20,null,null,0,'N','a811f277-052e-4cdf-9ef8-68870d4384d4',null,null,null,'N','BS000010000100001051',300,null,null,'日统计当月审批子表主键',0,'N',null,'N',null,'N','a01f01e9-764d-4c5b-9ee8-5e38e8e17f65','0','Y','Y',null,null,'pk_daystatb_notcurrmonth','N','N',0,'N',null,'2daystat-000002','2017-11-07 15:14:15',0,0)
go
insert into md_property(accessorclassname,accesspower,accesspowergroup,attrlength,attrmaxvalue,attrminvalue,attrsequence,calculation,classid,createindustry,createtime,creator,customattr,datatype,datatypestyle,defaultvalue,description,displayname,dr,dynamicattr,dynamictable,fixedlength,help,hided,id,industry,isactive,isauthen,modifier,modifytime,name,notserialize,nullable,precise,readonly,refmodelname,resid,ts,versiontype,visibility) values( null,'N',null,20,null,null,3,'N','a811f277-052e-4cdf-9ef8-68870d4384d4',null,null,null,'N','BS000010000100001051',300,null,null,'所属组织',0,'N',null,'N',null,'Y','ed9faebe-d4e5-4d35-9e4e-84f01374f4c4','0','Y','Y',null,null,'pk_org','N','N',0,'N',null,'2UC000-000360','2017-11-07 15:14:15',0,0)
go
insert into md_property(accessorclassname,accesspower,accesspowergroup,attrlength,attrmaxvalue,attrminvalue,attrsequence,calculation,classid,createindustry,createtime,creator,customattr,datatype,datatypestyle,defaultvalue,description,displayname,dr,dynamicattr,dynamictable,fixedlength,help,hided,id,industry,isactive,isauthen,modifier,modifytime,name,notserialize,nullable,precise,readonly,refmodelname,resid,ts,versiontype,visibility) values( null,'N',null,19,null,null,8,'N','a811f277-052e-4cdf-9ef8-68870d4384d4',null,null,null,'N','BS000010000100001033',300,null,null,'审批时间',0,'N',null,'N',null,'N','f6e10ad0-a844-41da-bf16-390e95fdcbf3','0','Y','Y',null,null,'approve_date','N','Y',0,'N',null,'2daystat-000022','2017-11-07 15:14:15',0,0)
go
insert into md_property(accessorclassname,accesspower,accesspowergroup,attrlength,attrmaxvalue,attrminvalue,attrsequence,calculation,classid,createindustry,createtime,creator,customattr,datatype,datatypestyle,defaultvalue,description,displayname,dr,dynamicattr,dynamictable,fixedlength,help,hided,id,industry,isactive,isauthen,modifier,modifytime,name,notserialize,nullable,precise,readonly,refmodelname,resid,ts,versiontype,visibility) values( null,'N',null,20,null,null,3,'N','e13fe8ad-2651-43a1-beeb-8a3d5dba1dc3',null,null,null,'N','BS000010000100001051',300,null,null,'所属组织',0,'N',null,'N',null,'Y','01a00bd0-19c6-4d37-ab19-c4e673e50125','0','Y','Y',null,null,'pk_org','N','N',0,'N',null,'2UC000-000360','2017-11-07 15:14:15',0,0)
go
insert into md_property(accessorclassname,accesspower,accesspowergroup,attrlength,attrmaxvalue,attrminvalue,attrsequence,calculation,classid,createindustry,createtime,creator,customattr,datatype,datatypestyle,defaultvalue,description,displayname,dr,dynamicattr,dynamictable,fixedlength,help,hided,id,industry,isactive,isauthen,modifier,modifytime,name,notserialize,nullable,precise,readonly,refmodelname,resid,ts,versiontype,visibility) values( null,'N',null,28,null,null,8,'N','e13fe8ad-2651-43a1-beeb-8a3d5dba1dc3',null,null,null,'N','BS000010000100001031',300,null,null,'小时时长',0,'N',null,'N',null,'N','0dd27629-559c-45dc-8e08-fbe3727d0d60','0','Y','Y',null,null,'hournumusehour','N','Y',8,'N',null,'2daystat-000022','2017-11-07 15:14:15',0,0)
go
insert into md_property(accessorclassname,accesspower,accesspowergroup,attrlength,attrmaxvalue,attrminvalue,attrsequence,calculation,classid,createindustry,createtime,creator,customattr,datatype,datatypestyle,defaultvalue,description,displayname,dr,dynamicattr,dynamictable,fixedlength,help,hided,id,industry,isactive,isauthen,modifier,modifytime,name,notserialize,nullable,precise,readonly,refmodelname,resid,ts,versiontype,visibility) values( null,'N',null,6,null,null,11,'N','e13fe8ad-2651-43a1-beeb-8a3d5dba1dc3',null,null,null,'N','BS000010000100001051',300,null,null,'计算期间',0,'N',null,'N',null,'N','53001f73-b443-4ae0-8bae-1baa1d2dd404','0','Y','Y',null,null,'calcperiod','N','Y',0,'N',null,'2daystat-000007','2017-11-07 15:14:15',0,0)
go
insert into md_property(accessorclassname,accesspower,accesspowergroup,attrlength,attrmaxvalue,attrminvalue,attrsequence,calculation,classid,createindustry,createtime,creator,customattr,datatype,datatypestyle,defaultvalue,description,displayname,dr,dynamicattr,dynamictable,fixedlength,help,hided,id,industry,isactive,isauthen,modifier,modifytime,name,notserialize,nullable,precise,readonly,refmodelname,resid,ts,versiontype,visibility) values( null,'N',null,20,null,null,1,'N','e13fe8ad-2651-43a1-beeb-8a3d5dba1dc3',null,null,null,'N','BS000010000100001051',300,null,null,'日统计主键',0,'N',null,'N',null,'N','61231e3a-24c3-4cd8-a972-0d4f7ad6daf7','0','Y','Y',null,null,'pk_daystat','N','N',0,'N',null,'2daystat-000004','2017-11-07 15:14:15',0,0)
go
insert into md_property(accessorclassname,accesspower,accesspowergroup,attrlength,attrmaxvalue,attrminvalue,attrsequence,calculation,classid,createindustry,createtime,creator,customattr,datatype,datatypestyle,defaultvalue,description,displayname,dr,dynamicattr,dynamictable,fixedlength,help,hided,id,industry,isactive,isauthen,modifier,modifytime,name,notserialize,nullable,precise,readonly,refmodelname,resid,ts,versiontype,visibility) values( null,'N',null,16,null,null,6,'N','e13fe8ad-2651-43a1-beeb-8a3d5dba1dc3',null,null,null,'N','BS000010000100001031',300,null,null,'时长',0,'N',null,'N',null,'N','7a483f35-354f-4694-8d9e-a63634f2fe00','0','Y','Y',null,null,'hournum','N','Y',4,'N',null,'2daystat-000008','2017-11-07 15:14:15',0,0)
go
insert into md_property(accessorclassname,accesspower,accesspowergroup,attrlength,attrmaxvalue,attrminvalue,attrsequence,calculation,classid,createindustry,createtime,creator,customattr,datatype,datatypestyle,defaultvalue,description,displayname,dr,dynamicattr,dynamictable,fixedlength,help,hided,id,industry,isactive,isauthen,modifier,modifytime,name,notserialize,nullable,precise,readonly,refmodelname,resid,ts,versiontype,visibility) values( null,'N',null,20,null,null,2,'N','e13fe8ad-2651-43a1-beeb-8a3d5dba1dc3',null,null,null,'N','BS000010000100001051',300,null,null,'所属集团',0,'N',null,'N',null,'Y','7e8852da-8ff3-4cfe-9a68-dbadd767b57c','0','Y','Y',null,null,'pk_group','N','N',0,'N',null,'2UC000-000367','2017-11-07 15:14:15',0,0)
go
insert into md_property(accessorclassname,accesspower,accesspowergroup,attrlength,attrmaxvalue,attrminvalue,attrsequence,calculation,classid,createindustry,createtime,creator,customattr,datatype,datatypestyle,defaultvalue,description,displayname,dr,dynamicattr,dynamictable,fixedlength,help,hided,id,industry,isactive,isauthen,modifier,modifytime,name,notserialize,nullable,precise,readonly,refmodelname,resid,ts,versiontype,visibility) values( null,'N',null,28,null,null,9,'N','e13fe8ad-2651-43a1-beeb-8a3d5dba1dc3',null,null,null,'N','BS000010000100001031',300,null,null,'原始小时时长',0,'N',null,'N',null,'N','954f0936-4a4a-4ec9-9e6b-e40772c71858','0','Y','Y',null,null,'orihournumusehour','N','Y',8,'N',null,'2daystat-000023','2017-11-07 15:14:15',0,0)
go
insert into md_property(accessorclassname,accesspower,accesspowergroup,attrlength,attrmaxvalue,attrminvalue,attrsequence,calculation,classid,createindustry,createtime,creator,customattr,datatype,datatypestyle,defaultvalue,description,displayname,dr,dynamicattr,dynamictable,fixedlength,help,hided,id,industry,isactive,isauthen,modifier,modifytime,name,notserialize,nullable,precise,readonly,refmodelname,resid,ts,versiontype,visibility) values( null,'N',null,0,null,null,4,'N','e13fe8ad-2651-43a1-beeb-8a3d5dba1dc3',null,null,null,'N','ec58d9de-327b-4c46-aa02-cee0aad248a8',300,null,null,'项目种类',0,'N',null,'N',null,'N','b39356e2-326d-4a96-8c4e-84afef84c363','0','Y','Y',null,null,'type','N','Y',0,'N',null,'2daystat-000003','2017-11-07 15:14:15',0,0)
go
insert into md_property(accessorclassname,accesspower,accesspowergroup,attrlength,attrmaxvalue,attrminvalue,attrsequence,calculation,classid,createindustry,createtime,creator,customattr,datatype,datatypestyle,defaultvalue,description,displayname,dr,dynamicattr,dynamictable,fixedlength,help,hided,id,industry,isactive,isauthen,modifier,modifytime,name,notserialize,nullable,precise,readonly,refmodelname,resid,ts,versiontype,visibility) values( null,'N',null,16,null,null,7,'N','e13fe8ad-2651-43a1-beeb-8a3d5dba1dc3',null,null,null,'N','BS000010000100001031',300,null,null,'原始时长',0,'N',null,'N',null,'N','c666044c-ded4-4ed7-9649-0cc64b9da242','0','Y','Y',null,null,'orihournum','N','Y',4,'N',null,'2daystat-000001','2017-11-07 15:14:15',0,0)
go
insert into md_property(accessorclassname,accesspower,accesspowergroup,attrlength,attrmaxvalue,attrminvalue,attrsequence,calculation,classid,createindustry,createtime,creator,customattr,datatype,datatypestyle,defaultvalue,description,displayname,dr,dynamicattr,dynamictable,fixedlength,help,hided,id,industry,isactive,isauthen,modifier,modifytime,name,notserialize,nullable,precise,readonly,refmodelname,resid,ts,versiontype,visibility) values( null,'N',null,20,null,null,0,'N','e13fe8ad-2651-43a1-beeb-8a3d5dba1dc3',null,null,null,'N','BS000010000100001051',300,null,null,'日统计子表主键',0,'N',null,'N',null,'N','d164096e-2273-4b1d-a00c-e9605ad2b0eb','0','Y','Y',null,null,'pk_daystatb','N','N',0,'N',null,'2daystat-000002','2017-11-07 15:14:15',0,0)
go
insert into md_property(accessorclassname,accesspower,accesspowergroup,attrlength,attrmaxvalue,attrminvalue,attrsequence,calculation,classid,createindustry,createtime,creator,customattr,datatype,datatypestyle,defaultvalue,description,displayname,dr,dynamicattr,dynamictable,fixedlength,help,hided,id,industry,isactive,isauthen,modifier,modifytime,name,notserialize,nullable,precise,readonly,refmodelname,resid,ts,versiontype,visibility) values( null,'N',null,20,null,null,5,'N','e13fe8ad-2651-43a1-beeb-8a3d5dba1dc3',null,null,null,'N','BS000010000100001051',300,null,null,'项目主键',0,'N',null,'N',null,'N','dc546f6e-4039-4c26-85c4-2b319552f36e','0','Y','Y',null,null,'pk_timeitem','N','N',0,'N',null,'2UC000-001022','2017-11-07 15:14:15',0,0)
go
insert into md_property(accessorclassname,accesspower,accesspowergroup,attrlength,attrmaxvalue,attrminvalue,attrsequence,calculation,classid,createindustry,createtime,creator,customattr,datatype,datatypestyle,defaultvalue,description,displayname,dr,dynamicattr,dynamictable,fixedlength,help,hided,id,industry,isactive,isauthen,modifier,modifytime,name,notserialize,nullable,precise,readonly,refmodelname,resid,ts,versiontype,visibility) values( null,'N',null,16,null,null,10,'N','e13fe8ad-2651-43a1-beeb-8a3d5dba1dc3',null,null,null,'N','BS000010000100001031',300,null,null,'转调休时长',0,'N',null,'N',null,'N','f4de0d93-9a81-4495-9b21-4a78a8e373db','0','Y','Y',null,null,'toresthour','N','Y',4,'N',null,'2daystat-000014','2017-11-07 15:14:15',0,0)
go
insert into md_property(accessorclassname,accesspower,accesspowergroup,attrlength,attrmaxvalue,attrminvalue,attrsequence,calculation,classid,createindustry,createtime,creator,customattr,datatype,datatypestyle,defaultvalue,description,displayname,dr,dynamicattr,dynamictable,fixedlength,help,hided,id,industry,isactive,isauthen,modifier,modifytime,name,notserialize,nullable,precise,readonly,refmodelname,resid,ts,versiontype,visibility) values( null,'N',null,0,null,null,12,'N','e13fe8ad-2651-43a1-beeb-8a3d5dba1dc3',null,null,null,'N','81998d32-8398-4c34-b546-ea99a6d07a87',300,null,null,'考勤单位',0,'N',null,'N',null,'N','fb234b52-beaf-4d4f-8875-18beb9b4081b','0','Y','Y',null,null,'timeitemunit','N','Y',0,'N',null,'2daystat-000021','2017-11-07 15:14:15',0,0)
go
insert into md_property(accessorclassname,accesspower,accesspowergroup,attrlength,attrmaxvalue,attrminvalue,attrsequence,calculation,classid,createindustry,createtime,creator,customattr,datatype,datatypestyle,defaultvalue,description,displayname,dr,dynamicattr,dynamictable,fixedlength,help,hided,id,industry,isactive,isauthen,modifier,modifytime,name,notserialize,nullable,precise,readonly,refmodelname,resid,ts,versiontype,visibility) values( null,'N',null,20,null,null,4,'Y','e53b4c0c-5fa2-42ee-8cd7-d6bd3a2e5b6f',null,null,null,'N','7156d223-4531-4337-b192-492ab40098f1',305,null,null,'工作记录',0,'N',null,'N',null,'N','0ce69263-3c05-4306-9ce3-7289e5802d6a','0','Y','Y',null,null,'pk_psnjob','N','Y',0,'N','人员工作记录','2daystat-000000','2017-11-07 15:14:15',0,0)
go
insert into md_property(accessorclassname,accesspower,accesspowergroup,attrlength,attrmaxvalue,attrminvalue,attrsequence,calculation,classid,createindustry,createtime,creator,customattr,datatype,datatypestyle,defaultvalue,description,displayname,dr,dynamicattr,dynamictable,fixedlength,help,hided,id,industry,isactive,isauthen,modifier,modifytime,name,notserialize,nullable,precise,readonly,refmodelname,resid,ts,versiontype,visibility) values( null,'N',null,20,null,null,7,'Y','e53b4c0c-5fa2-42ee-8cd7-d6bd3a2e5b6f',null,null,null,'N','6754de13-b3ee-4326-8e15-bc44029e64b2',305,null,null,'考勤档案',0,'N',null,'N',null,'N','1c8574ac-9ce5-4dec-a1a5-7ef46a158b51','0','Y','Y',null,null,'pk_tbm_psndoc','N','N',0,'N','考勤档案','2daystat-000010','2017-11-07 15:14:15',0,0)
go
insert into md_property(accessorclassname,accesspower,accesspowergroup,attrlength,attrmaxvalue,attrminvalue,attrsequence,calculation,classid,createindustry,createtime,creator,customattr,datatype,datatypestyle,defaultvalue,description,displayname,dr,dynamicattr,dynamictable,fixedlength,help,hided,id,industry,isactive,isauthen,modifier,modifytime,name,notserialize,nullable,precise,readonly,refmodelname,resid,ts,versiontype,visibility) values( 'nc.md.model.access.BodyOfAggVOAccessor','N',null,0,null,null,12,'N','e53b4c0c-5fa2-42ee-8cd7-d6bd3a2e5b6f',null,null,null,'N','e13fe8ad-2651-43a1-beeb-8a3d5dba1dc3',301,null,null,'日报子表',0,'N',null,'N',null,'N','25dea82c-b0c8-44ee-9f5d-83df05f042c9','0','Y','Y',null,null,'daystatb','N','Y',0,'N',null,'2daystat-000013','2017-11-07 15:14:15',0,0)
go
insert into md_property(accessorclassname,accesspower,accesspowergroup,attrlength,attrmaxvalue,attrminvalue,attrsequence,calculation,classid,createindustry,createtime,creator,customattr,datatype,datatypestyle,defaultvalue,description,displayname,dr,dynamicattr,dynamictable,fixedlength,help,hided,id,industry,isactive,isauthen,modifier,modifytime,name,notserialize,nullable,precise,readonly,refmodelname,resid,ts,versiontype,visibility) values( null,'N',null,20,null,null,2,'N','e53b4c0c-5fa2-42ee-8cd7-d6bd3a2e5b6f',null,null,null,'N','18f0e8e6-8c9f-49a7-a6f8-3ce250854e1d',305,null,null,'所属组织',0,'N',null,'N',null,'N','2cb3ffb4-161c-4d6a-8632-0c76bb616d88','0','Y','Y',null,null,'pk_org','N','N',0,'N',null,'2UC000-000360','2017-11-07 15:14:15',0,0)
go
insert into md_property(accessorclassname,accesspower,accesspowergroup,attrlength,attrmaxvalue,attrminvalue,attrsequence,calculation,classid,createindustry,createtime,creator,customattr,datatype,datatypestyle,defaultvalue,description,displayname,dr,dynamicattr,dynamictable,fixedlength,help,hided,id,industry,isactive,isauthen,modifier,modifytime,name,notserialize,nullable,precise,readonly,refmodelname,resid,ts,versiontype,visibility) values( null,'N',null,20,null,null,1,'N','e53b4c0c-5fa2-42ee-8cd7-d6bd3a2e5b6f',null,null,null,'N','3b6dd171-2900-47f3-bfbe-41e4483a2a65',305,null,null,'所属集团',0,'N',null,'N',null,'N','42d5dc9a-468f-4f1a-bd4c-75925666252d','0','Y','Y',null,null,'pk_group','N','N',0,'N',null,'2UC000-000367','2017-11-07 15:14:15',0,0)
go
insert into md_property(accessorclassname,accesspower,accesspowergroup,attrlength,attrmaxvalue,attrminvalue,attrsequence,calculation,classid,createindustry,createtime,creator,customattr,datatype,datatypestyle,defaultvalue,description,displayname,dr,dynamicattr,dynamictable,fixedlength,help,hided,id,industry,isactive,isauthen,modifier,modifytime,name,notserialize,nullable,precise,readonly,refmodelname,resid,ts,versiontype,visibility) values( null,'N',null,20,null,null,3,'N','e53b4c0c-5fa2-42ee-8cd7-d6bd3a2e5b6f',null,null,null,'N','218971f0-e5dc-408b-9a32-56529dddd4db',305,null,null,'人员基本档案主键',0,'N',null,'N',null,'N','51aca5ac-7386-4fa1-b39d-289971dc9388','0','Y','Y',null,null,'pk_psndoc','N','N',0,'N','HR人员','2UC000-000050','2017-11-07 15:14:15',0,0)
go
insert into md_property(accessorclassname,accesspower,accesspowergroup,attrlength,attrmaxvalue,attrminvalue,attrsequence,calculation,classid,createindustry,createtime,creator,customattr,datatype,datatypestyle,defaultvalue,description,displayname,dr,dynamicattr,dynamictable,fixedlength,help,hided,id,industry,isactive,isauthen,modifier,modifytime,name,notserialize,nullable,precise,readonly,refmodelname,resid,ts,versiontype,visibility) values( null,'N',null,20,null,null,5,'N','e53b4c0c-5fa2-42ee-8cd7-d6bd3a2e5b6f',null,null,null,'N','fa902409-20fe-4c49-89ee-85ee9312174b',305,null,null,'人员组织版本',0,'N',null,'N',null,'N','7a464d10-bdad-44ee-8eff-865d7f184d9e','0','Y','Y',null,null,'pk_org_v','N','Y',0,'N','行政组织版本','2daystat-000011','2017-11-07 15:14:15',0,0)
go
insert into md_property(accessorclassname,accesspower,accesspowergroup,attrlength,attrmaxvalue,attrminvalue,attrsequence,calculation,classid,createindustry,createtime,creator,customattr,datatype,datatypestyle,defaultvalue,description,displayname,dr,dynamicattr,dynamictable,fixedlength,help,hided,id,industry,isactive,isauthen,modifier,modifytime,name,notserialize,nullable,precise,readonly,refmodelname,resid,ts,versiontype,visibility) values( null,'N',null,20,null,null,11,'N','e53b4c0c-5fa2-42ee-8cd7-d6bd3a2e5b6f',null,null,null,'N','c3916f8b-badd-4814-8b6f-1475c0f63aeb',305,null,null,'考勤主键',0,'N',null,'N',null,'N','8ca6f649-1870-4152-ac37-36294988cee8','0','Y','Y',null,null,'pk_timedata','N','Y',0,'N',null,'2daystat-000018','2017-11-07 15:14:15',0,0)
go
insert into md_property(accessorclassname,accesspower,accesspowergroup,attrlength,attrmaxvalue,attrminvalue,attrsequence,calculation,classid,createindustry,createtime,creator,customattr,datatype,datatypestyle,defaultvalue,description,displayname,dr,dynamicattr,dynamictable,fixedlength,help,hided,id,industry,isactive,isauthen,modifier,modifytime,name,notserialize,nullable,precise,readonly,refmodelname,resid,ts,versiontype,visibility) values( null,'N',null,20,null,null,9,'N','e53b4c0c-5fa2-42ee-8cd7-d6bd3a2e5b6f',null,null,null,'N','c545e7b9-cc87-40af-ac7d-fe33f742388e',305,null,null,'人员工作日历主键',0,'N',null,'N',null,'N','8eb97453-009d-4fb2-b572-bc47f56002af','0','Y','Y',null,null,'pk_psncalendar','N','Y',0,'N',null,'2daystat-000019','2017-11-07 15:14:15',0,0)
go
insert into md_property(accessorclassname,accesspower,accesspowergroup,attrlength,attrmaxvalue,attrminvalue,attrsequence,calculation,classid,createindustry,createtime,creator,customattr,datatype,datatypestyle,defaultvalue,description,displayname,dr,dynamicattr,dynamictable,fixedlength,help,hided,id,industry,isactive,isauthen,modifier,modifytime,name,notserialize,nullable,precise,readonly,refmodelname,resid,ts,versiontype,visibility) values( 'nc.md.model.access.BodyOfAggVOAccessor','N',null,0,null,null,13,'N','e53b4c0c-5fa2-42ee-8cd7-d6bd3a2e5b6f',null,null,null,'N','a811f277-052e-4cdf-9ef8-68870d4384d4',301,null,null,'id_tbmdaystatbnotcurrmonth',0,'N',null,'N',null,'N','8f9836b4-8d18-4bdc-86b8-5e38326c73ac','0','Y','Y',null,null,'daystatb_notcurrmonth','N','Y',0,'N',null,null,'2017-11-07 15:14:15',0,0)
go
insert into md_property(accessorclassname,accesspower,accesspowergroup,attrlength,attrmaxvalue,attrminvalue,attrsequence,calculation,classid,createindustry,createtime,creator,customattr,datatype,datatypestyle,defaultvalue,description,displayname,dr,dynamicattr,dynamictable,fixedlength,help,hided,id,industry,isactive,isauthen,modifier,modifytime,name,notserialize,nullable,precise,readonly,refmodelname,resid,ts,versiontype,visibility) values( null,'N',null,20,null,null,6,'N','e53b4c0c-5fa2-42ee-8cd7-d6bd3a2e5b6f',null,null,null,'N','66ed0cf6-e260-4f39-8fbb-172260efd677',305,null,null,'人员部门版本',0,'N',null,'N',null,'N','a920f334-276a-42f7-8b6c-6a945fc6f884','0','Y','Y',null,null,'pk_dept_v','N','Y',0,'N','部门版本(所有)','2daystat-000016','2017-11-07 15:14:15',0,0)
go
insert into md_property(accessorclassname,accesspower,accesspowergroup,attrlength,attrmaxvalue,attrminvalue,attrsequence,calculation,classid,createindustry,createtime,creator,customattr,datatype,datatypestyle,defaultvalue,description,displayname,dr,dynamicattr,dynamictable,fixedlength,help,hided,id,industry,isactive,isauthen,modifier,modifytime,name,notserialize,nullable,precise,readonly,refmodelname,resid,ts,versiontype,visibility) values( null,'N',null,10,null,null,8,'N','e53b4c0c-5fa2-42ee-8cd7-d6bd3a2e5b6f',null,null,null,'N','BS000010000100001039',300,null,null,'日历',0,'N',null,'N',null,'N','bd0386f6-a0b8-49f1-877b-dad367833305','0','Y','Y',null,null,'calendar','N','Y',0,'N',null,'2daystat-000012','2017-11-07 15:14:15',0,0)
go
insert into md_property(accessorclassname,accesspower,accesspowergroup,attrlength,attrmaxvalue,attrminvalue,attrsequence,calculation,classid,createindustry,createtime,creator,customattr,datatype,datatypestyle,defaultvalue,description,displayname,dr,dynamicattr,dynamictable,fixedlength,help,hided,id,industry,isactive,isauthen,modifier,modifytime,name,notserialize,nullable,precise,readonly,refmodelname,resid,ts,versiontype,visibility) values( null,'N',null,0,null,null,10,'N','e53b4c0c-5fa2-42ee-8cd7-d6bd3a2e5b6f',null,null,null,'N','066ade40-f647-4fe9-9034-13901dbd7274',300,null,null,'数据标志',0,'N',null,'N',null,'N','d78550e1-5cc7-47b1-8d61-a228dc2688f2','0','Y','Y',null,null,'datastatus','N','Y',0,'N',null,'2daystat-000006','2017-11-07 15:14:15',0,0)
go
insert into md_property(accessorclassname,accesspower,accesspowergroup,attrlength,attrmaxvalue,attrminvalue,attrsequence,calculation,classid,createindustry,createtime,creator,customattr,datatype,datatypestyle,defaultvalue,description,displayname,dr,dynamicattr,dynamictable,fixedlength,help,hided,id,industry,isactive,isauthen,modifier,modifytime,name,notserialize,nullable,precise,readonly,refmodelname,resid,ts,versiontype,visibility) values( null,'N',null,20,null,null,0,'N','e53b4c0c-5fa2-42ee-8cd7-d6bd3a2e5b6f',null,null,null,'N','BS000010000100001051',300,null,null,'日统计主键',0,'N',null,'N',null,'N','e08c464f-2bca-4eaf-9dcb-fb098b9ca5a7','0','Y','Y',null,null,'pk_daystat','N','N',0,'N',null,'2daystat-000004','2017-11-07 15:14:15',0,0)
go


insert into md_association(cascadedelete,cascadeupdate,componentid,createtime,creator,dr,endcardinality,endelementid,id,industry,isactive,modifier,modifytime,name,startbeanid,startcardinality,startelementid,ts,type,versiontype) values( null,null,'0e4bb9f8-b322-4ba0-8e08-1029d53233ea',null,null,0,'1','6754de13-b3ee-4326-8e15-bc44029e64b2','008bdc16-4beb-49d8-8f4b-cc383e04c15b','0','Y',null,null,'tbmdaystat_pk_tbm_psndoc','e53b4c0c-5fa2-42ee-8cd7-d6bd3a2e5b6f','1','1c8574ac-9ce5-4dec-a1a5-7ef46a158b51','2017-11-07 15:14:16',3,0)
go
insert into md_association(cascadedelete,cascadeupdate,componentid,createtime,creator,dr,endcardinality,endelementid,id,industry,isactive,modifier,modifytime,name,startbeanid,startcardinality,startelementid,ts,type,versiontype) values( null,null,'0e4bb9f8-b322-4ba0-8e08-1029d53233ea','2017-11-07 15:04:04',null,0,'1..n','a811f277-052e-4cdf-9ef8-68870d4384d4','086394c3-2b89-45a1-9e05-0e59ccb6451f','0',null,null,'2017-11-07 15:04:04','Aggregation Relation','e53b4c0c-5fa2-42ee-8cd7-d6bd3a2e5b6f','1','8f9836b4-8d18-4bdc-86b8-5e38326c73ac','2017-11-07 15:14:16',1,0)
go
insert into md_association(cascadedelete,cascadeupdate,componentid,createtime,creator,dr,endcardinality,endelementid,id,industry,isactive,modifier,modifytime,name,startbeanid,startcardinality,startelementid,ts,type,versiontype) values( null,null,'0e4bb9f8-b322-4ba0-8e08-1029d53233ea',null,null,0,'1','3b6dd171-2900-47f3-bfbe-41e4483a2a65','2ef09b94-a872-41c1-8a1d-1715a1582085','0','Y',null,null,'tbmdaystat_pk_group','e53b4c0c-5fa2-42ee-8cd7-d6bd3a2e5b6f','1','42d5dc9a-468f-4f1a-bd4c-75925666252d','2017-11-07 15:14:16',3,0)
go
insert into md_association(cascadedelete,cascadeupdate,componentid,createtime,creator,dr,endcardinality,endelementid,id,industry,isactive,modifier,modifytime,name,startbeanid,startcardinality,startelementid,ts,type,versiontype) values( null,null,'0e4bb9f8-b322-4ba0-8e08-1029d53233ea',null,null,0,'1','c3916f8b-badd-4814-8b6f-1475c0f63aeb','3bbf40f4-39cc-4116-b05c-ab9b34edfddd','0','Y',null,null,'tbmdaystat_pk_timedata','e53b4c0c-5fa2-42ee-8cd7-d6bd3a2e5b6f','1','8ca6f649-1870-4152-ac37-36294988cee8','2017-11-07 15:14:16',3,0)
go
insert into md_association(cascadedelete,cascadeupdate,componentid,createtime,creator,dr,endcardinality,endelementid,id,industry,isactive,modifier,modifytime,name,startbeanid,startcardinality,startelementid,ts,type,versiontype) values( null,null,'0e4bb9f8-b322-4ba0-8e08-1029d53233ea',null,null,0,'1','7156d223-4531-4337-b192-492ab40098f1','6c63bc86-be35-4117-b68d-9db594484188','0','Y',null,null,'tbmdaystat_pk_psnjob','e53b4c0c-5fa2-42ee-8cd7-d6bd3a2e5b6f','1','0ce69263-3c05-4306-9ce3-7289e5802d6a','2017-11-07 15:14:16',3,0)
go
insert into md_association(cascadedelete,cascadeupdate,componentid,createtime,creator,dr,endcardinality,endelementid,id,industry,isactive,modifier,modifytime,name,startbeanid,startcardinality,startelementid,ts,type,versiontype) values( null,null,'0e4bb9f8-b322-4ba0-8e08-1029d53233ea',null,null,0,'1','fa902409-20fe-4c49-89ee-85ee9312174b','6de3e734-e8d6-4bc1-8a4c-9724654d638b','0','Y',null,null,'tbmdaystat_pk_org_v','e53b4c0c-5fa2-42ee-8cd7-d6bd3a2e5b6f','1','7a464d10-bdad-44ee-8eff-865d7f184d9e','2017-11-07 15:14:16',3,0)
go
insert into md_association(cascadedelete,cascadeupdate,componentid,createtime,creator,dr,endcardinality,endelementid,id,industry,isactive,modifier,modifytime,name,startbeanid,startcardinality,startelementid,ts,type,versiontype) values( null,null,'0e4bb9f8-b322-4ba0-8e08-1029d53233ea',null,null,0,'1','c545e7b9-cc87-40af-ac7d-fe33f742388e','7d84ee6f-c9b0-4696-9043-eea9f0b0af4a','0','Y',null,null,'tbmdaystat_pk_psncalendar','e53b4c0c-5fa2-42ee-8cd7-d6bd3a2e5b6f','1','8eb97453-009d-4fb2-b572-bc47f56002af','2017-11-07 15:14:16',3,0)
go
insert into md_association(cascadedelete,cascadeupdate,componentid,createtime,creator,dr,endcardinality,endelementid,id,industry,isactive,modifier,modifytime,name,startbeanid,startcardinality,startelementid,ts,type,versiontype) values( null,null,'0e4bb9f8-b322-4ba0-8e08-1029d53233ea',null,null,0,'1','18f0e8e6-8c9f-49a7-a6f8-3ce250854e1d','92119381-2812-4408-b0ba-9409c8f0a3c6','0','Y',null,null,'tbmdaystat_pk_org','e53b4c0c-5fa2-42ee-8cd7-d6bd3a2e5b6f','1','2cb3ffb4-161c-4d6a-8632-0c76bb616d88','2017-11-07 15:14:16',3,0)
go
insert into md_association(cascadedelete,cascadeupdate,componentid,createtime,creator,dr,endcardinality,endelementid,id,industry,isactive,modifier,modifytime,name,startbeanid,startcardinality,startelementid,ts,type,versiontype) values( null,null,'0e4bb9f8-b322-4ba0-8e08-1029d53233ea',null,null,0,'1','66ed0cf6-e260-4f39-8fbb-172260efd677','9ff37ff3-197d-4479-bbcd-753dca47c47a','0','Y',null,null,'tbmdaystat_pk_dept_v','e53b4c0c-5fa2-42ee-8cd7-d6bd3a2e5b6f','1','a920f334-276a-42f7-8b6c-6a945fc6f884','2017-11-07 15:14:16',3,0)
go
insert into md_association(cascadedelete,cascadeupdate,componentid,createtime,creator,dr,endcardinality,endelementid,id,industry,isactive,modifier,modifytime,name,startbeanid,startcardinality,startelementid,ts,type,versiontype) values( null,null,'0e4bb9f8-b322-4ba0-8e08-1029d53233ea','2010-09-30 14:25:06',null,0,'1..n','e13fe8ad-2651-43a1-beeb-8a3d5dba1dc3','ba79b0df-4314-49a2-a672-9d27982d2fdf','0',null,null,'2010-09-30 14:27:19','Aggregation Relation','e53b4c0c-5fa2-42ee-8cd7-d6bd3a2e5b6f','1','25dea82c-b0c8-44ee-9f5d-83df05f042c9','2017-11-07 15:14:16',1,0)
go
insert into md_association(cascadedelete,cascadeupdate,componentid,createtime,creator,dr,endcardinality,endelementid,id,industry,isactive,modifier,modifytime,name,startbeanid,startcardinality,startelementid,ts,type,versiontype) values( null,null,'0e4bb9f8-b322-4ba0-8e08-1029d53233ea',null,null,0,'1','218971f0-e5dc-408b-9a32-56529dddd4db','c235f29a-991a-4654-b206-c3dd9f886e54','0','Y',null,null,'tbmdaystat_pk_psndoc','e53b4c0c-5fa2-42ee-8cd7-d6bd3a2e5b6f','1','51aca5ac-7386-4fa1-b39d-289971dc9388','2017-11-07 15:14:16',3,0)
go
