
delete md_association where ( componentid in ('12498ded-5605-4e13-b6d0-4d7f9490be9d') and (dr=0 or dr is null) )
go

delete md_property where ( classid in ('d83e3326-c2db-44e5-9cd6-a12bdb786a2a') and (dr=0 or dr is null) )
go

delete md_column where ( tableid in ('tbm_overtimereg') and (dr=0 or dr is null) )
go

delete md_table where ( id in ('tbm_overtimereg') and (dr=0 or dr is null) )
go

delete md_ormap where ( classid in ('d83e3326-c2db-44e5-9cd6-a12bdb786a2a') and (dr=0 or dr is null) )
go

delete md_bizitfmap where ( classid in ('d83e3326-c2db-44e5-9cd6-a12bdb786a2a') and (dr=0 or dr is null) )
go

delete md_class where ( componentid in ('12498ded-5605-4e13-b6d0-4d7f9490be9d') and (dr=0 or dr is null) )
go

delete md_component where ( id='12498ded-5605-4e13-b6d0-4d7f9490be9d' and (versiontype='0') and (dr=0 or dr is null) )
go


insert into md_component(createtime,creator,description,displayname,dr,fromsourcebmf,help,id,industry,isbizmodel,modifier,modifytime,name,namespace,ownmodule,preload,resid,resmodule,ts,version,versiontype) values( '2010-11-25 14:39:59',null,null,'加班登记',0,'Y',null,'12498ded-5605-4e13-b6d0-4d7f9490be9d','0','N',null,'2017-11-04 14:59:19','hrtaovertimereg','hrta','hrta',null,'2ovtm-000048','overtime','2017-11-04 15:05:58','37',0)
go


insert into md_class(accessorclassname,bizitfimpclassname,classtype,componentid,createtime,creator,defaulttablename,description,displayname,dr,fixedlength,fullclassname,help,id,industry,isactive,isauthen,iscreatesql,isextendbean,isprimary,keyattribute,modifier,modifytime,modinfoclassname,name,parentclassid,precise,refmodelname,resid,returntype,stereotype,ts,userdefclassname,versiontype) values( 'nc.md.model.access.javamap.POJOStyle',null,201,'12498ded-5605-4e13-b6d0-4d7f9490be9d','2010-11-25 14:40:23',null,'tbm_overtimereg',null,'加班登记',0,null,'nc.vo.ta.overtime.OvertimeRegVO',null,'d83e3326-c2db-44e5-9cd6-a12bdb786a2a','0',null,'Y','Y',null,'Y','5f83fe82-106e-4d37-a0e2-ba4969ff8da3',null,'2017-11-04 15:00:16',null,'hrtaovertimereg',null,null,null,'2ovtm-000041',null,null,'2017-11-04 15:05:58',null,0)
go


insert into md_bizitfmap(bizinterfaceid,bizitfimpclassname,classattrid,classattrpath,classid,dr,industry,intattrid,ts,versiontype) values( '6c8722b9-911a-489b-8d0d-18bd3734fcf6',null,'5f83fe82-106e-4d37-a0e2-ba4969ff8da3',null,'d83e3326-c2db-44e5-9cd6-a12bdb786a2a',0,null,'5dd3c721-22ad-42b1-9c10-4351c236bc77','2017-11-04 15:05:59',null)
go
insert into md_bizitfmap(bizinterfaceid,bizitfimpclassname,classattrid,classattrpath,classid,dr,industry,intattrid,ts,versiontype) values( '6c8722b9-911a-489b-8d0d-18bd3734fcf6',null,'e330e462-8426-4302-a4d1-1e05bbe70856',null,'d83e3326-c2db-44e5-9cd6-a12bdb786a2a',0,null,'89578a97-42fe-439b-827c-8eabd9e3604c','2017-11-04 15:05:59',null)
go
insert into md_bizitfmap(bizinterfaceid,bizitfimpclassname,classattrid,classattrpath,classid,dr,industry,intattrid,ts,versiontype) values( '6c8722b9-911a-489b-8d0d-18bd3734fcf6',null,'615095c6-a74a-4f5a-bd88-4bca92bca478',null,'d83e3326-c2db-44e5-9cd6-a12bdb786a2a',0,null,'a47e6cda-09e4-480b-923f-ec6f41e3e06c','2017-11-04 15:05:59',null)
go
insert into md_bizitfmap(bizinterfaceid,bizitfimpclassname,classattrid,classattrpath,classid,dr,industry,intattrid,ts,versiontype) values( '6c8722b9-911a-489b-8d0d-18bd3734fcf6',null,null,null,'d83e3326-c2db-44e5-9cd6-a12bdb786a2a',0,null,'c8334364-7ab9-4266-8d4b-e74537935e46','2017-11-04 15:05:59',null)
go
insert into md_bizitfmap(bizinterfaceid,bizitfimpclassname,classattrid,classattrpath,classid,dr,industry,intattrid,ts,versiontype) values( '6c8722b9-911a-489b-8d0d-18bd3734fcf6',null,'e330e462-8426-4302-a4d1-1e05bbe70856',null,'d83e3326-c2db-44e5-9cd6-a12bdb786a2a',0,null,'d32cc17b-f415-415a-923f-0764443eb102','2017-11-04 15:05:59',null)
go
insert into md_bizitfmap(bizinterfaceid,bizitfimpclassname,classattrid,classattrpath,classid,dr,industry,intattrid,ts,versiontype) values( '6c8722b9-911a-489b-8d0d-18bd3734fcf6',null,'d7fe437c-6807-41e7-ac22-f3299b11ad9c',null,'d83e3326-c2db-44e5-9cd6-a12bdb786a2a',0,null,'ecf1b76a-6e44-42e2-a55e-87596504775b','2017-11-04 15:05:59',null)
go


insert into md_ormap(attributeid,classid,columnid,dr,tableid,ts) values( '0cb5c608-078e-4fc3-b83c-bf2a1c7fecd2','d83e3326-c2db-44e5-9cd6-a12bdb786a2a','tbm_overtimereg@@@istorest',0,'tbm_overtimereg','2017-11-04 15:05:59')
go
insert into md_ormap(attributeid,classid,columnid,dr,tableid,ts) values( '11827519-b72d-43ce-a041-517b420742a2','d83e3326-c2db-44e5-9cd6-a12bdb786a2a','tbm_overtimereg@@@projectcode',0,'tbm_overtimereg','2017-11-04 15:05:59')
go
insert into md_ormap(attributeid,classid,columnid,dr,tableid,ts) values( '23770f18-9503-4846-9990-6c832cd1361b','d83e3326-c2db-44e5-9cd6-a12bdb786a2a','tbm_overtimereg@@@pk_overtimetypecopy',0,'tbm_overtimereg','2017-11-04 15:05:59')
go
insert into md_ormap(attributeid,classid,columnid,dr,tableid,ts) values( '2fb048f8-ecc3-4e9e-8967-48bb83bdc312','d83e3326-c2db-44e5-9cd6-a12bdb786a2a','tbm_overtimereg@@@pk_org_v',0,'tbm_overtimereg','2017-11-04 15:05:59')
go
insert into md_ormap(attributeid,classid,columnid,dr,tableid,ts) values( '33580301-d0c6-483a-a7e5-5e6d50533640','d83e3326-c2db-44e5-9cd6-a12bdb786a2a','tbm_overtimereg@@@pk_dept_v',0,'tbm_overtimereg','2017-11-04 15:05:59')
go
insert into md_ormap(attributeid,classid,columnid,dr,tableid,ts) values( '33f6a218-e62b-4ac0-823a-ae000ab1153c','d83e3326-c2db-44e5-9cd6-a12bdb786a2a','tbm_overtimereg@@@pk_overtimetype',0,'tbm_overtimereg','2017-11-04 15:05:59')
go
insert into md_ormap(attributeid,classid,columnid,dr,tableid,ts) values( '372cbac3-9015-4e2a-836e-79aa86b8fa71','d83e3326-c2db-44e5-9cd6-a12bdb786a2a','tbm_overtimereg@@@begintimebeforecheck',0,'tbm_overtimereg','2017-11-04 15:05:59')
go
insert into md_ormap(attributeid,classid,columnid,dr,tableid,ts) values( '39453ca3-1fea-4cf1-85fe-ad60cf3299a0','d83e3326-c2db-44e5-9cd6-a12bdb786a2a','tbm_overtimereg@@@creationtime',0,'tbm_overtimereg','2017-11-04 15:05:59')
go
insert into md_ormap(attributeid,classid,columnid,dr,tableid,ts) values( '3c667724-4644-4d54-9e08-bec64917ad7c','d83e3326-c2db-44e5-9cd6-a12bdb786a2a','tbm_overtimereg@@@endtimebeforecheck',0,'tbm_overtimereg','2017-11-04 15:05:59')
go
insert into md_ormap(attributeid,classid,columnid,dr,tableid,ts) values( '3ce2f385-8f3f-4126-bc9e-7ef7f30f6ae3','d83e3326-c2db-44e5-9cd6-a12bdb786a2a','tbm_overtimereg@@@toresthour',0,'tbm_overtimereg','2017-11-04 15:05:59')
go
insert into md_ormap(attributeid,classid,columnid,dr,tableid,ts) values( '3fcc3c00-762b-43dd-83c1-9ec419aca205','d83e3326-c2db-44e5-9cd6-a12bdb786a2a','tbm_overtimereg@@@isneedcheck',0,'tbm_overtimereg','2017-11-04 15:05:59')
go
insert into md_ormap(attributeid,classid,columnid,dr,tableid,ts) values( '41ef9730-7eda-4a2e-9ee1-3ee7c14411f1','d83e3326-c2db-44e5-9cd6-a12bdb786a2a','tbm_overtimereg@@@creator',0,'tbm_overtimereg','2017-11-04 15:05:59')
go
insert into md_ormap(attributeid,classid,columnid,dr,tableid,ts) values( '4deace58-908f-4a33-b0a3-0341e7a3da80','d83e3326-c2db-44e5-9cd6-a12bdb786a2a','tbm_overtimereg@@@modifier',0,'tbm_overtimereg','2017-11-04 15:05:59')
go
insert into md_ormap(attributeid,classid,columnid,dr,tableid,ts) values( '5b8de57e-2520-43a1-acf6-97b07e03b86a','d83e3326-c2db-44e5-9cd6-a12bdb786a2a','tbm_overtimereg@@@pk_overtimegen',0,'tbm_overtimereg','2017-11-04 15:05:59')
go
insert into md_ormap(attributeid,classid,columnid,dr,tableid,ts) values( '5f83fe82-106e-4d37-a0e2-ba4969ff8da3','d83e3326-c2db-44e5-9cd6-a12bdb786a2a','tbm_overtimereg@@PK@@',0,'tbm_overtimereg','2017-11-04 15:05:59')
go
insert into md_ormap(attributeid,classid,columnid,dr,tableid,ts) values( '615095c6-a74a-4f5a-bd88-4bca92bca478','d83e3326-c2db-44e5-9cd6-a12bdb786a2a','tbm_overtimereg@@@pk_group',0,'tbm_overtimereg','2017-11-04 15:05:59')
go
insert into md_ormap(attributeid,classid,columnid,dr,tableid,ts) values( '62b8f2f1-b6db-4184-8885-71fe2dc13e9b','d83e3326-c2db-44e5-9cd6-a12bdb786a2a','tbm_overtimereg@@@approve_time',0,'tbm_overtimereg','2017-11-04 15:05:59')
go
insert into md_ormap(attributeid,classid,columnid,dr,tableid,ts) values( '6570bfbf-21d2-4117-9b0b-91e8b7aac048','d83e3326-c2db-44e5-9cd6-a12bdb786a2a','tbm_overtimereg@@@torestyear',0,'tbm_overtimereg','2017-11-04 15:05:59')
go
insert into md_ormap(attributeid,classid,columnid,dr,tableid,ts) values( '7c7c1f7b-be82-45f0-a7fa-a8604511e99e','d83e3326-c2db-44e5-9cd6-a12bdb786a2a','tbm_overtimereg@@@acthour',0,'tbm_overtimereg','2017-11-04 15:05:59')
go
insert into md_ormap(attributeid,classid,columnid,dr,tableid,ts) values( '849d41c3-f800-4040-9f3c-1566223bc546','d83e3326-c2db-44e5-9cd6-a12bdb786a2a','tbm_overtimereg@@@waperiod',0,'tbm_overtimereg','2017-11-04 15:05:59')
go
insert into md_ormap(attributeid,classid,columnid,dr,tableid,ts) values( '859bf950-0345-4994-90ff-dcf57a14e027','d83e3326-c2db-44e5-9cd6-a12bdb786a2a','tbm_overtimereg@@@torestmonth',0,'tbm_overtimereg','2017-11-04 15:05:59')
go
insert into md_ormap(attributeid,classid,columnid,dr,tableid,ts) values( '8610f1f7-ff7d-4a17-b568-2d73c1f7580f','d83e3326-c2db-44e5-9cd6-a12bdb786a2a','tbm_overtimereg@@@overtimeenddate',0,'tbm_overtimereg','2017-11-04 15:05:59')
go
insert into md_ormap(attributeid,classid,columnid,dr,tableid,ts) values( '865c316f-e0a1-426d-97c3-ce03debea82f','d83e3326-c2db-44e5-9cd6-a12bdb786a2a','tbm_overtimereg@@@billsource',0,'tbm_overtimereg','2017-11-04 15:05:59')
go
insert into md_ormap(attributeid,classid,columnid,dr,tableid,ts) values( '962b5b64-5276-4322-9d4c-73dcf9942337','d83e3326-c2db-44e5-9cd6-a12bdb786a2a','tbm_overtimereg@@@overtimebegindate',0,'tbm_overtimereg','2017-11-04 15:05:59')
go
insert into md_ormap(attributeid,classid,columnid,dr,tableid,ts) values( '9639339f-63c8-47f8-9e21-b53cf952e8a1','d83e3326-c2db-44e5-9cd6-a12bdb786a2a','tbm_overtimereg@@@pk_psnjob',0,'tbm_overtimereg','2017-11-04 15:05:59')
go
insert into md_ormap(attributeid,classid,columnid,dr,tableid,ts) values( 'b3a4d6ca-35b9-4025-8af9-4c02189936f7','d83e3326-c2db-44e5-9cd6-a12bdb786a2a','tbm_overtimereg@@@deduct',0,'tbm_overtimereg','2017-11-04 15:05:59')
go
insert into md_ormap(attributeid,classid,columnid,dr,tableid,ts) values( 'bb346dcb-a4c3-40d4-a749-bba92a194bb6','d83e3326-c2db-44e5-9cd6-a12bdb786a2a','tbm_overtimereg@@@diffhour',0,'tbm_overtimereg','2017-11-04 15:05:59')
go
insert into md_ormap(attributeid,classid,columnid,dr,tableid,ts) values( 'cad01eca-6381-4555-996b-fe788a82d3c4','d83e3326-c2db-44e5-9cd6-a12bdb786a2a','tbm_overtimereg@@@ischeck',0,'tbm_overtimereg','2017-11-04 15:05:59')
go
insert into md_ormap(attributeid,classid,columnid,dr,tableid,ts) values( 'ce9a93f3-0370-4417-af50-66329162fdc0','d83e3326-c2db-44e5-9cd6-a12bdb786a2a','tbm_overtimereg@@@pk_billsourceb',0,'tbm_overtimereg','2017-11-04 15:05:59')
go
insert into md_ormap(attributeid,classid,columnid,dr,tableid,ts) values( 'd70b7f39-683f-4453-80e6-4c360d59d62c','d83e3326-c2db-44e5-9cd6-a12bdb786a2a','tbm_overtimereg@@@overtimeremark',0,'tbm_overtimereg','2017-11-04 15:05:59')
go
insert into md_ormap(attributeid,classid,columnid,dr,tableid,ts) values( 'd7fe437c-6807-41e7-ac22-f3299b11ad9c','d83e3326-c2db-44e5-9cd6-a12bdb786a2a','tbm_overtimereg@@@pk_org',0,'tbm_overtimereg','2017-11-04 15:05:59')
go
insert into md_ormap(attributeid,classid,columnid,dr,tableid,ts) values( 'da54c3d9-b5b0-4b40-bcb8-5893e7a9ab44','d83e3326-c2db-44e5-9cd6-a12bdb786a2a','tbm_overtimereg@@@overtimealready',0,'tbm_overtimereg','2017-11-04 15:05:59')
go
insert into md_ormap(attributeid,classid,columnid,dr,tableid,ts) values( 'daa2facc-a06f-4673-b7c0-e4bb86edab8b','d83e3326-c2db-44e5-9cd6-a12bdb786a2a','tbm_overtimereg@@@overtimeendtime',0,'tbm_overtimereg','2017-11-04 15:05:59')
go
insert into md_ormap(attributeid,classid,columnid,dr,tableid,ts) values( 'e330e462-8426-4302-a4d1-1e05bbe70856','d83e3326-c2db-44e5-9cd6-a12bdb786a2a','tbm_overtimereg@@@pk_psndoc',0,'tbm_overtimereg','2017-11-04 15:05:59')
go
insert into md_ormap(attributeid,classid,columnid,dr,tableid,ts) values( 'f0c3a0d1-b719-4931-b9ee-9abf0b3e41ab','d83e3326-c2db-44e5-9cd6-a12bdb786a2a','tbm_overtimereg@@@pk_billsourceh',0,'tbm_overtimereg','2017-11-04 15:05:59')
go
insert into md_ormap(attributeid,classid,columnid,dr,tableid,ts) values( 'f57745ee-92e5-4572-b10b-49247f711502','d83e3326-c2db-44e5-9cd6-a12bdb786a2a','tbm_overtimereg@@@overtimebegintime',0,'tbm_overtimereg','2017-11-04 15:05:59')
go
insert into md_ormap(attributeid,classid,columnid,dr,tableid,ts) values( 'f761da03-224e-42f2-8a09-7755e1619f74','d83e3326-c2db-44e5-9cd6-a12bdb786a2a','tbm_overtimereg@@@overtimehour',0,'tbm_overtimereg','2017-11-04 15:05:59')
go
insert into md_ormap(attributeid,classid,columnid,dr,tableid,ts) values( 'fce451fb-0dd6-442a-a892-453d9c9e0d5e','d83e3326-c2db-44e5-9cd6-a12bdb786a2a','tbm_overtimereg@@@modifiedtime',0,'tbm_overtimereg','2017-11-04 15:05:59')
go
insert into md_ormap(attributeid,classid,columnid,dr,tableid,ts) values( 'fcfa2bbd-9207-4db4-9866-09732aee356a','d83e3326-c2db-44e5-9cd6-a12bdb786a2a','tbm_overtimereg@@@pk_psnorg',0,'tbm_overtimereg','2017-11-04 15:05:59')
go


insert into md_table(createtime,creator,databaseid,description,displayname,dr,fromsourcebmf,help,id,industry,isactive,isextendtable,modifier,modifytime,name,parenttable,resid,resmodule,ts,versiontype) values( '2010-11-25 14:40:23',null,null,null,'加班登记',0,'Y',null,'tbm_overtimereg','0',null,null,null,'2017-11-04 15:00:16','tbm_overtimereg',null,'2ovtm-000041','overtime','2017-11-04 15:05:59',0)
go


insert into md_column(columnlength,columnsequence,columntype,createtime,creator,defaultvalue,description,displayname,dr,forlocale,groupid,help,id,identitied,incrementseed,incrementstep,isactive,modifier,modifytime,name,nullable,pkey,precise,resid,sqldatetype,tableid,ts,versiontype) values( 16,23,0,null,null,null,null,'实际加班时长',0,'N',null,null,'tbm_overtimereg@@@acthour',null,null,null,'Y',null,null,'acthour','Y','N',2,'2ovtm-000007','decimal','tbm_overtimereg','2017-11-04 15:05:59',0)
go
insert into md_column(columnlength,columnsequence,columntype,createtime,creator,defaultvalue,description,displayname,dr,forlocale,groupid,help,id,identitied,incrementseed,incrementstep,isactive,modifier,modifytime,name,nullable,pkey,precise,resid,sqldatetype,tableid,ts,versiontype) values( 19,37,0,null,null,null,null,'审批时间',0,'N',null,null,'tbm_overtimereg@@@approve_time',null,null,null,'Y',null,null,'approve_time','Y','N',0,'2ovtmext-000002','char','tbm_overtimereg','2017-11-04 15:05:59',0)
go
insert into md_column(columnlength,columnsequence,columntype,createtime,creator,defaultvalue,description,displayname,dr,forlocale,groupid,help,id,identitied,incrementseed,incrementstep,isactive,modifier,modifytime,name,nullable,pkey,precise,resid,sqldatetype,tableid,ts,versiontype) values( 19,32,0,null,null,null,null,'校验前开始时间',0,'N',null,null,'tbm_overtimereg@@@begintimebeforecheck',null,null,null,'Y',null,null,'begintimebeforecheck','Y','N',0,'2ovtm-000037','char','tbm_overtimereg','2017-11-04 15:05:59',0)
go
insert into md_column(columnlength,columnsequence,columntype,createtime,creator,defaultvalue,description,displayname,dr,forlocale,groupid,help,id,identitied,incrementseed,incrementstep,isactive,modifier,modifytime,name,nullable,pkey,precise,resid,sqldatetype,tableid,ts,versiontype) values( 0,24,0,null,null,null,null,'单据来源',0,'N',null,null,'tbm_overtimereg@@@billsource',null,null,null,'Y',null,null,'billsource','Y','N',0,'2ovtm-000039','int','tbm_overtimereg','2017-11-04 15:05:59',0)
go
insert into md_column(columnlength,columnsequence,columntype,createtime,creator,defaultvalue,description,displayname,dr,forlocale,groupid,help,id,identitied,incrementseed,incrementstep,isactive,modifier,modifytime,name,nullable,pkey,precise,resid,sqldatetype,tableid,ts,versiontype) values( 19,28,0,null,null,null,null,'创建时间',0,'N',null,null,'tbm_overtimereg@@@creationtime',null,null,null,'Y',null,null,'creationtime','Y','N',0,'2UC000-000157','char','tbm_overtimereg','2017-11-04 15:05:59',0)
go
insert into md_column(columnlength,columnsequence,columntype,createtime,creator,defaultvalue,description,displayname,dr,forlocale,groupid,help,id,identitied,incrementseed,incrementstep,isactive,modifier,modifytime,name,nullable,pkey,precise,resid,sqldatetype,tableid,ts,versiontype) values( 20,29,0,null,null,'*~',null,'创建人',0,'N',null,null,'tbm_overtimereg@@@creator',null,null,null,'Y',null,null,'creator','Y','N',0,'2UC000-000155','varchar','tbm_overtimereg','2017-11-04 15:05:59',0)
go
insert into md_column(columnlength,columnsequence,columntype,createtime,creator,defaultvalue,description,displayname,dr,forlocale,groupid,help,id,identitied,incrementseed,incrementstep,isactive,modifier,modifytime,name,nullable,pkey,precise,resid,sqldatetype,tableid,ts,versiontype) values( 0,22,0,null,null,null,null,'扣除时间',0,'N',null,null,'tbm_overtimereg@@@deduct',null,null,null,'Y',null,null,'deduct','Y','N',0,'2ovtm-000008','int','tbm_overtimereg','2017-11-04 15:05:59',0)
go
insert into md_column(columnlength,columnsequence,columntype,createtime,creator,defaultvalue,description,displayname,dr,forlocale,groupid,help,id,identitied,incrementseed,incrementstep,isactive,modifier,modifytime,name,nullable,pkey,precise,resid,sqldatetype,tableid,ts,versiontype) values( 16,35,0,null,null,null,null,'差异时长',0,'N',null,null,'tbm_overtimereg@@@diffhour',null,null,null,'Y',null,null,'diffhour','Y','N',2,'2ovtm-000031','decimal','tbm_overtimereg','2017-11-04 15:05:59',0)
go
insert into md_column(columnlength,columnsequence,columntype,createtime,creator,defaultvalue,description,displayname,dr,forlocale,groupid,help,id,identitied,incrementseed,incrementstep,isactive,modifier,modifytime,name,nullable,pkey,precise,resid,sqldatetype,tableid,ts,versiontype) values( 19,33,0,null,null,null,null,'校验前结束时间',0,'N',null,null,'tbm_overtimereg@@@endtimebeforecheck',null,null,null,'Y',null,null,'endtimebeforecheck','Y','N',0,'2ovtm-000043','char','tbm_overtimereg','2017-11-04 15:05:59',0)
go
insert into md_column(columnlength,columnsequence,columntype,createtime,creator,defaultvalue,description,displayname,dr,forlocale,groupid,help,id,identitied,incrementseed,incrementstep,isactive,modifier,modifytime,name,nullable,pkey,precise,resid,sqldatetype,tableid,ts,versiontype) values( 1,21,0,null,null,null,null,'是否已校验',0,'N',null,null,'tbm_overtimereg@@@ischeck',null,null,null,'Y',null,null,'ischeck','Y','N',0,'2ovtm-000032','char','tbm_overtimereg','2017-11-04 15:05:59',0)
go
insert into md_column(columnlength,columnsequence,columntype,createtime,creator,defaultvalue,description,displayname,dr,forlocale,groupid,help,id,identitied,incrementseed,incrementstep,isactive,modifier,modifytime,name,nullable,pkey,precise,resid,sqldatetype,tableid,ts,versiontype) values( 1,20,0,null,null,null,null,'是否需要校验',0,'N',null,null,'tbm_overtimereg@@@isneedcheck',null,null,null,'Y',null,null,'isneedcheck','Y','N',0,'2ovtm-000024','char','tbm_overtimereg','2017-11-04 15:05:59',0)
go
insert into md_column(columnlength,columnsequence,columntype,createtime,creator,defaultvalue,description,displayname,dr,forlocale,groupid,help,id,identitied,incrementseed,incrementstep,isactive,modifier,modifytime,name,nullable,pkey,precise,resid,sqldatetype,tableid,ts,versiontype) values( 1,14,0,null,null,null,null,'是否转调休',0,'N',null,null,'tbm_overtimereg@@@istorest',null,null,null,'Y',null,null,'istorest','Y','N',0,'2ovtm-000042','char','tbm_overtimereg','2017-11-04 15:05:59',0)
go
insert into md_column(columnlength,columnsequence,columntype,createtime,creator,defaultvalue,description,displayname,dr,forlocale,groupid,help,id,identitied,incrementseed,incrementstep,isactive,modifier,modifytime,name,nullable,pkey,precise,resid,sqldatetype,tableid,ts,versiontype) values( 19,30,0,null,null,null,null,'修改时间',0,'N',null,null,'tbm_overtimereg@@@modifiedtime',null,null,null,'Y',null,null,'modifiedtime','Y','N',0,'2UC000-000100','char','tbm_overtimereg','2017-11-04 15:05:59',0)
go
insert into md_column(columnlength,columnsequence,columntype,createtime,creator,defaultvalue,description,displayname,dr,forlocale,groupid,help,id,identitied,incrementseed,incrementstep,isactive,modifier,modifytime,name,nullable,pkey,precise,resid,sqldatetype,tableid,ts,versiontype) values( 20,31,0,null,null,'*~',null,'修改人',0,'N',null,null,'tbm_overtimereg@@@modifier',null,null,null,'Y',null,null,'modifier','Y','N',0,'2UC000-000098','varchar','tbm_overtimereg','2017-11-04 15:05:59',0)
go
insert into md_column(columnlength,columnsequence,columntype,createtime,creator,defaultvalue,description,displayname,dr,forlocale,groupid,help,id,identitied,incrementseed,incrementstep,isactive,modifier,modifytime,name,nullable,pkey,precise,resid,sqldatetype,tableid,ts,versiontype) values( 16,19,0,null,null,null,null,'所在考勤期间已加班时数',0,'N',null,null,'tbm_overtimereg@@@overtimealready',null,null,null,'Y',null,null,'overtimealready','Y','N',2,'2ovtm-000003','decimal','tbm_overtimereg','2017-11-04 15:05:59',0)
go
insert into md_column(columnlength,columnsequence,columntype,createtime,creator,defaultvalue,description,displayname,dr,forlocale,groupid,help,id,identitied,incrementseed,incrementstep,isactive,modifier,modifytime,name,nullable,pkey,precise,resid,sqldatetype,tableid,ts,versiontype) values( 10,9,0,null,null,null,null,'加班开始日期',0,'N',null,null,'tbm_overtimereg@@@overtimebegindate',null,null,null,'Y',null,null,'overtimebegindate','Y','N',0,'2ovtm-000026','char','tbm_overtimereg','2017-11-04 15:05:59',0)
go
insert into md_column(columnlength,columnsequence,columntype,createtime,creator,defaultvalue,description,displayname,dr,forlocale,groupid,help,id,identitied,incrementseed,incrementstep,isactive,modifier,modifytime,name,nullable,pkey,precise,resid,sqldatetype,tableid,ts,versiontype) values( 19,10,0,null,null,null,null,'加班开始时刻',0,'N',null,null,'tbm_overtimereg@@@overtimebegintime',null,null,null,'Y',null,null,'overtimebegintime','Y','N',0,'2ovtm-000027','char','tbm_overtimereg','2017-11-04 15:05:59',0)
go
insert into md_column(columnlength,columnsequence,columntype,createtime,creator,defaultvalue,description,displayname,dr,forlocale,groupid,help,id,identitied,incrementseed,incrementstep,isactive,modifier,modifytime,name,nullable,pkey,precise,resid,sqldatetype,tableid,ts,versiontype) values( 10,11,0,null,null,null,null,'加班结束日期',0,'N',null,null,'tbm_overtimereg@@@overtimeenddate',null,null,null,'Y',null,null,'overtimeenddate','Y','N',0,'2ovtm-000002','char','tbm_overtimereg','2017-11-04 15:05:59',0)
go
insert into md_column(columnlength,columnsequence,columntype,createtime,creator,defaultvalue,description,displayname,dr,forlocale,groupid,help,id,identitied,incrementseed,incrementstep,isactive,modifier,modifytime,name,nullable,pkey,precise,resid,sqldatetype,tableid,ts,versiontype) values( 19,12,0,null,null,null,null,'加班结束时刻',0,'N',null,null,'tbm_overtimereg@@@overtimeendtime',null,null,null,'Y',null,null,'overtimeendtime','Y','N',0,'2ovtm-000009','char','tbm_overtimereg','2017-11-04 15:05:59',0)
go
insert into md_column(columnlength,columnsequence,columntype,createtime,creator,defaultvalue,description,displayname,dr,forlocale,groupid,help,id,identitied,incrementseed,incrementstep,isactive,modifier,modifytime,name,nullable,pkey,precise,resid,sqldatetype,tableid,ts,versiontype) values( 16,13,0,null,null,null,null,'加班时长',0,'N',null,null,'tbm_overtimereg@@@overtimehour',null,null,null,'Y',null,null,'overtimehour','Y','N',2,'2ovtm-000015','decimal','tbm_overtimereg','2017-11-04 15:05:59',0)
go
insert into md_column(columnlength,columnsequence,columntype,createtime,creator,defaultvalue,description,displayname,dr,forlocale,groupid,help,id,identitied,incrementseed,incrementstep,isactive,modifier,modifytime,name,nullable,pkey,precise,resid,sqldatetype,tableid,ts,versiontype) values( 512,18,0,null,null,null,null,'加班说明',0,'Y',null,null,'tbm_overtimereg@@@overtimeremark',null,null,null,'Y',null,null,'overtimeremark','Y','N',0,'2ovtm-000004','varchar','tbm_overtimereg','2017-11-04 15:05:59',0)
go
insert into md_column(columnlength,columnsequence,columntype,createtime,creator,defaultvalue,description,displayname,dr,forlocale,groupid,help,id,identitied,incrementseed,incrementstep,isactive,modifier,modifytime,name,nullable,pkey,precise,resid,sqldatetype,tableid,ts,versiontype) values( 20,26,0,null,null,'*~',null,'申请单来源子表主键',0,'N',null,'IgnoreRefCheck','tbm_overtimereg@@@pk_billsourceb',null,null,null,'Y',null,null,'pk_billsourceb','Y','N',0,'2ovtm-000034','varchar','tbm_overtimereg','2017-11-04 15:05:59',0)
go
insert into md_column(columnlength,columnsequence,columntype,createtime,creator,defaultvalue,description,displayname,dr,forlocale,groupid,help,id,identitied,incrementseed,incrementstep,isactive,modifier,modifytime,name,nullable,pkey,precise,resid,sqldatetype,tableid,ts,versiontype) values( 20,25,0,null,null,'*~',null,'申请单来源主表主键',0,'N',null,'IgnoreRefCheck','tbm_overtimereg@@@pk_billsourceh',null,null,null,'Y',null,null,'pk_billsourceh','Y','N',0,'2ovtm-000040','varchar','tbm_overtimereg','2017-11-04 15:05:59',0)
go
insert into md_column(columnlength,columnsequence,columntype,createtime,creator,defaultvalue,description,displayname,dr,forlocale,groupid,help,id,identitied,incrementseed,incrementstep,isactive,modifier,modifytime,name,nullable,pkey,precise,resid,sqldatetype,tableid,ts,versiontype) values( 20,8,0,null,null,'*~',null,'人员部门版本',0,'N',null,null,'tbm_overtimereg@@@pk_dept_v',null,null,null,'Y',null,null,'pk_dept_v','Y','N',0,'2ovtm-000025','varchar','tbm_overtimereg','2017-11-04 15:05:59',0)
go
insert into md_column(columnlength,columnsequence,columntype,createtime,creator,defaultvalue,description,displayname,dr,forlocale,groupid,help,id,identitied,incrementseed,incrementstep,isactive,modifier,modifytime,name,nullable,pkey,precise,resid,sqldatetype,tableid,ts,versiontype) values( 20,1,0,null,null,null,null,'所属集团',0,'N',null,null,'tbm_overtimereg@@@pk_group',null,null,null,'Y',null,null,'pk_group','N','N',0,'2UC000-000367','char','tbm_overtimereg','2017-11-04 15:05:59',0)
go
insert into md_column(columnlength,columnsequence,columntype,createtime,creator,defaultvalue,description,displayname,dr,forlocale,groupid,help,id,identitied,incrementseed,incrementstep,isactive,modifier,modifytime,name,nullable,pkey,precise,resid,sqldatetype,tableid,ts,versiontype) values( 20,2,0,null,null,null,null,'所属组织',0,'N',null,null,'tbm_overtimereg@@@pk_org',null,null,null,'Y',null,null,'pk_org','N','N',0,'2UC000-000360','char','tbm_overtimereg','2017-11-04 15:05:59',0)
go
insert into md_column(columnlength,columnsequence,columntype,createtime,creator,defaultvalue,description,displayname,dr,forlocale,groupid,help,id,identitied,incrementseed,incrementstep,isactive,modifier,modifytime,name,nullable,pkey,precise,resid,sqldatetype,tableid,ts,versiontype) values( 20,7,0,null,null,'*~',null,'人员组织版本',0,'N',null,null,'tbm_overtimereg@@@pk_org_v',null,null,null,'Y',null,null,'pk_org_v','Y','N',0,'2ovtm-000023','varchar','tbm_overtimereg','2017-11-04 15:05:59',0)
go
insert into md_column(columnlength,columnsequence,columntype,createtime,creator,defaultvalue,description,displayname,dr,forlocale,groupid,help,id,identitied,incrementseed,incrementstep,isactive,modifier,modifytime,name,nullable,pkey,precise,resid,sqldatetype,tableid,ts,versiontype) values( 20,27,0,null,null,'*~',null,'生成单来源主键',0,'N',null,'IgnoreRefCheck','tbm_overtimereg@@@pk_overtimegen',null,null,null,'Y',null,null,'pk_overtimegen','Y','N',0,'2ovtm-000038','varchar','tbm_overtimereg','2017-11-04 15:05:59',0)
go
insert into md_column(columnlength,columnsequence,columntype,createtime,creator,defaultvalue,description,displayname,dr,forlocale,groupid,help,id,identitied,incrementseed,incrementstep,isactive,modifier,modifytime,name,nullable,pkey,precise,resid,sqldatetype,tableid,ts,versiontype) values( 20,3,0,null,null,null,null,'加班类别',0,'N',null,null,'tbm_overtimereg@@@pk_overtimetype',null,null,null,'Y',null,null,'pk_overtimetype','N','N',0,'2ovtm-000020','char','tbm_overtimereg','2017-11-04 15:05:59',0)
go
insert into md_column(columnlength,columnsequence,columntype,createtime,creator,defaultvalue,description,displayname,dr,forlocale,groupid,help,id,identitied,incrementseed,incrementstep,isactive,modifier,modifytime,name,nullable,pkey,precise,resid,sqldatetype,tableid,ts,versiontype) values( 20,4,0,null,null,'*~',null,'加班类别copy',0,'N',null,null,'tbm_overtimereg@@@pk_overtimetypecopy',null,null,null,'Y',null,null,'pk_overtimetypecopy','Y','N',0,'2ovtm-000018','varchar','tbm_overtimereg','2017-11-04 15:05:59',0)
go
insert into md_column(columnlength,columnsequence,columntype,createtime,creator,defaultvalue,description,displayname,dr,forlocale,groupid,help,id,identitied,incrementseed,incrementstep,isactive,modifier,modifytime,name,nullable,pkey,precise,resid,sqldatetype,tableid,ts,versiontype) values( 20,5,0,null,null,'*~',null,'人员基本档案主键',0,'N',null,null,'tbm_overtimereg@@@pk_psndoc',null,null,null,'Y',null,null,'pk_psndoc','Y','N',0,'2ovtm-000050','varchar','tbm_overtimereg','2017-11-04 15:05:59',0)
go
insert into md_column(columnlength,columnsequence,columntype,createtime,creator,defaultvalue,description,displayname,dr,forlocale,groupid,help,id,identitied,incrementseed,incrementstep,isactive,modifier,modifytime,name,nullable,pkey,precise,resid,sqldatetype,tableid,ts,versiontype) values( 20,6,0,null,null,null,null,'人员工作记录',0,'N',null,null,'tbm_overtimereg@@@pk_psnjob',null,null,null,'Y',null,null,'pk_psnjob','N','N',0,'2ovtm-000019','char','tbm_overtimereg','2017-11-04 15:05:59',0)
go
insert into md_column(columnlength,columnsequence,columntype,createtime,creator,defaultvalue,description,displayname,dr,forlocale,groupid,help,id,identitied,incrementseed,incrementstep,isactive,modifier,modifytime,name,nullable,pkey,precise,resid,sqldatetype,tableid,ts,versiontype) values( 20,34,0,null,null,'*~',null,'组织关系主键',0,'N',null,null,'tbm_overtimereg@@@pk_psnorg',null,null,null,'Y',null,null,'pk_psnorg','Y','N',0,'2UC000-000695','varchar','tbm_overtimereg','2017-11-04 15:05:59',0)
go
insert into md_column(columnlength,columnsequence,columntype,createtime,creator,defaultvalue,description,displayname,dr,forlocale,groupid,help,id,identitied,incrementseed,incrementstep,isactive,modifier,modifytime,name,nullable,pkey,precise,resid,sqldatetype,tableid,ts,versiontype) values( 20,36,0,null,null,'*~',null,'专案代码',0,'N',null,null,'tbm_overtimereg@@@projectcode',null,null,null,'Y',null,null,'projectcode','Y','N',0,'2ovtmext-000001','varchar','tbm_overtimereg','2017-11-04 15:05:59',0)
go
insert into md_column(columnlength,columnsequence,columntype,createtime,creator,defaultvalue,description,displayname,dr,forlocale,groupid,help,id,identitied,incrementseed,incrementstep,isactive,modifier,modifytime,name,nullable,pkey,precise,resid,sqldatetype,tableid,ts,versiontype) values( 16,15,0,null,null,null,null,'转调休时长',0,'N',null,null,'tbm_overtimereg@@@toresthour',null,null,null,'Y',null,null,'toresthour','Y','N',2,'2ovtm-000036','decimal','tbm_overtimereg','2017-11-04 15:05:59',0)
go
insert into md_column(columnlength,columnsequence,columntype,createtime,creator,defaultvalue,description,displayname,dr,forlocale,groupid,help,id,identitied,incrementseed,incrementstep,isactive,modifier,modifytime,name,nullable,pkey,precise,resid,sqldatetype,tableid,ts,versiontype) values( 50,17,0,null,null,null,null,'转调休期间',0,'N',null,null,'tbm_overtimereg@@@torestmonth',null,null,null,'Y',null,null,'torestmonth','Y','N',0,'2ovtm-000035','varchar','tbm_overtimereg','2017-11-04 15:05:59',0)
go
insert into md_column(columnlength,columnsequence,columntype,createtime,creator,defaultvalue,description,displayname,dr,forlocale,groupid,help,id,identitied,incrementseed,incrementstep,isactive,modifier,modifytime,name,nullable,pkey,precise,resid,sqldatetype,tableid,ts,versiontype) values( 50,16,0,null,null,null,null,'转调休年度',0,'N',null,null,'tbm_overtimereg@@@torestyear',null,null,null,'Y',null,null,'torestyear','Y','N',0,'2ovtm-000044','varchar','tbm_overtimereg','2017-11-04 15:05:59',0)
go
insert into md_column(columnlength,columnsequence,columntype,createtime,creator,defaultvalue,description,displayname,dr,forlocale,groupid,help,id,identitied,incrementseed,incrementstep,isactive,modifier,modifytime,name,nullable,pkey,precise,resid,sqldatetype,tableid,ts,versiontype) values( 10,38,0,null,null,null,null,'薪资期间',0,'N',null,null,'tbm_overtimereg@@@waperiod',null,null,null,'Y',null,null,'waperiod','Y','N',0,'2ovtmext-000003','varchar','tbm_overtimereg','2017-11-04 15:05:59',0)
go
insert into md_column(columnlength,columnsequence,columntype,createtime,creator,defaultvalue,description,displayname,dr,forlocale,groupid,help,id,identitied,incrementseed,incrementstep,isactive,modifier,modifytime,name,nullable,pkey,precise,resid,sqldatetype,tableid,ts,versiontype) values( 20,0,0,null,null,null,null,'加班登记表主键',0,'N',null,null,'tbm_overtimereg@@PK@@',null,null,null,'Y',null,null,'pk_overtimereg','N','Y',0,'2ovtm-000033','char','tbm_overtimereg','2017-11-04 15:05:59',0)
go


insert into md_property(accessorclassname,accesspower,accesspowergroup,attrlength,attrmaxvalue,attrminvalue,attrsequence,calculation,classid,createindustry,createtime,creator,customattr,datatype,datatypestyle,defaultvalue,description,displayname,dr,dynamicattr,dynamictable,fixedlength,help,hided,id,industry,isactive,isauthen,modifier,modifytime,name,notserialize,nullable,precise,readonly,refmodelname,resid,ts,versiontype,visibility) values( null,'N',null,1,null,null,14,'N','d83e3326-c2db-44e5-9cd6-a12bdb786a2a',null,null,null,'N','BS000010000100001032',300,null,null,'是否转调休',0,'N',null,'N',null,'N','0cb5c608-078e-4fc3-b83c-bf2a1c7fecd2','0','Y','Y',null,null,'istorest','N','Y',0,'N',null,'2ovtm-000042','2017-11-04 15:05:58',0,0)
go
insert into md_property(accessorclassname,accesspower,accesspowergroup,attrlength,attrmaxvalue,attrminvalue,attrsequence,calculation,classid,createindustry,createtime,creator,customattr,datatype,datatypestyle,defaultvalue,description,displayname,dr,dynamicattr,dynamictable,fixedlength,help,hided,id,industry,isactive,isauthen,modifier,modifytime,name,notserialize,nullable,precise,readonly,refmodelname,resid,ts,versiontype,visibility) values( null,'N',null,20,null,null,36,'N','d83e3326-c2db-44e5-9cd6-a12bdb786a2a',null,null,null,'N','424e498e-f4f0-40fc-8c6c-8d6aac375d5e',305,null,null,'专案代码',0,'N',null,'N',null,'N','11827519-b72d-43ce-a041-517b420742a2','0','Y','Y',null,null,'projectcode','N','Y',0,'N',null,'2ovtmext-000001','2017-11-04 15:05:58',0,0)
go
insert into md_property(accessorclassname,accesspower,accesspowergroup,attrlength,attrmaxvalue,attrminvalue,attrsequence,calculation,classid,createindustry,createtime,creator,customattr,datatype,datatypestyle,defaultvalue,description,displayname,dr,dynamicattr,dynamictable,fixedlength,help,hided,id,industry,isactive,isauthen,modifier,modifytime,name,notserialize,nullable,precise,readonly,refmodelname,resid,ts,versiontype,visibility) values( null,'N',null,20,null,null,4,'N','d83e3326-c2db-44e5-9cd6-a12bdb786a2a',null,null,null,'N','6b4d6a00-8055-49be-a3d2-e216760157fd',305,null,null,'加班类别copy',0,'N',null,'N',null,'N','23770f18-9503-4846-9990-6c832cd1361b','0','Y','Y',null,null,'pk_overtimetypecopy','N','Y',0,'N','加班类别拷贝','2ovtm-000018','2017-11-04 15:05:58',0,0)
go
insert into md_property(accessorclassname,accesspower,accesspowergroup,attrlength,attrmaxvalue,attrminvalue,attrsequence,calculation,classid,createindustry,createtime,creator,customattr,datatype,datatypestyle,defaultvalue,description,displayname,dr,dynamicattr,dynamictable,fixedlength,help,hided,id,industry,isactive,isauthen,modifier,modifytime,name,notserialize,nullable,precise,readonly,refmodelname,resid,ts,versiontype,visibility) values( null,'N',null,20,null,null,7,'N','d83e3326-c2db-44e5-9cd6-a12bdb786a2a',null,null,null,'N','fa902409-20fe-4c49-89ee-85ee9312174b',305,null,null,'人员组织版本',0,'N',null,'N',null,'N','2fb048f8-ecc3-4e9e-8967-48bb83bdc312','0','Y','Y',null,null,'pk_org_v','N','Y',0,'N','行政组织版本','2ovtm-000023','2017-11-04 15:05:58',0,0)
go
insert into md_property(accessorclassname,accesspower,accesspowergroup,attrlength,attrmaxvalue,attrminvalue,attrsequence,calculation,classid,createindustry,createtime,creator,customattr,datatype,datatypestyle,defaultvalue,description,displayname,dr,dynamicattr,dynamictable,fixedlength,help,hided,id,industry,isactive,isauthen,modifier,modifytime,name,notserialize,nullable,precise,readonly,refmodelname,resid,ts,versiontype,visibility) values( null,'N',null,20,null,null,8,'N','d83e3326-c2db-44e5-9cd6-a12bdb786a2a',null,null,null,'N','66ed0cf6-e260-4f39-8fbb-172260efd677',305,null,null,'人员部门版本',0,'N',null,'N',null,'N','33580301-d0c6-483a-a7e5-5e6d50533640','0','Y','Y',null,null,'pk_dept_v','N','Y',0,'N','部门版本(所有)','2ovtm-000025','2017-11-04 15:05:58',0,0)
go
insert into md_property(accessorclassname,accesspower,accesspowergroup,attrlength,attrmaxvalue,attrminvalue,attrsequence,calculation,classid,createindustry,createtime,creator,customattr,datatype,datatypestyle,defaultvalue,description,displayname,dr,dynamicattr,dynamictable,fixedlength,help,hided,id,industry,isactive,isauthen,modifier,modifytime,name,notserialize,nullable,precise,readonly,refmodelname,resid,ts,versiontype,visibility) values( null,'N',null,20,null,null,3,'N','d83e3326-c2db-44e5-9cd6-a12bdb786a2a',null,null,null,'N','6a70e954-0544-4cd6-8da4-1461ced5fa1c',305,null,null,'加班类别',0,'N',null,'N',null,'N','33f6a218-e62b-4ac0-823a-ae000ab1153c','0','Y','Y',null,null,'pk_overtimetype','N','N',0,'N','加班类别','2ovtm-000020','2017-11-04 15:05:58',0,0)
go
insert into md_property(accessorclassname,accesspower,accesspowergroup,attrlength,attrmaxvalue,attrminvalue,attrsequence,calculation,classid,createindustry,createtime,creator,customattr,datatype,datatypestyle,defaultvalue,description,displayname,dr,dynamicattr,dynamictable,fixedlength,help,hided,id,industry,isactive,isauthen,modifier,modifytime,name,notserialize,nullable,precise,readonly,refmodelname,resid,ts,versiontype,visibility) values( null,'N',null,19,null,null,32,'N','d83e3326-c2db-44e5-9cd6-a12bdb786a2a',null,null,null,'N','BS000010000100001034',300,null,null,'校验前开始时间',0,'N',null,'N',null,'N','372cbac3-9015-4e2a-836e-79aa86b8fa71','0','Y','Y',null,null,'begintimebeforecheck','N','Y',0,'N',null,'2ovtm-000037','2017-11-04 15:05:58',0,0)
go
insert into md_property(accessorclassname,accesspower,accesspowergroup,attrlength,attrmaxvalue,attrminvalue,attrsequence,calculation,classid,createindustry,createtime,creator,customattr,datatype,datatypestyle,defaultvalue,description,displayname,dr,dynamicattr,dynamictable,fixedlength,help,hided,id,industry,isactive,isauthen,modifier,modifytime,name,notserialize,nullable,precise,readonly,refmodelname,resid,ts,versiontype,visibility) values( null,'N',null,19,null,null,28,'N','d83e3326-c2db-44e5-9cd6-a12bdb786a2a',null,null,null,'N','BS000010000100001034',300,null,null,'创建时间',0,'N',null,'N',null,'N','39453ca3-1fea-4cf1-85fe-ad60cf3299a0','0','Y','Y',null,null,'creationtime','N','Y',0,'N',null,'2UC000-000157','2017-11-04 15:05:58',0,0)
go
insert into md_property(accessorclassname,accesspower,accesspowergroup,attrlength,attrmaxvalue,attrminvalue,attrsequence,calculation,classid,createindustry,createtime,creator,customattr,datatype,datatypestyle,defaultvalue,description,displayname,dr,dynamicattr,dynamictable,fixedlength,help,hided,id,industry,isactive,isauthen,modifier,modifytime,name,notserialize,nullable,precise,readonly,refmodelname,resid,ts,versiontype,visibility) values( null,'N',null,19,null,null,33,'N','d83e3326-c2db-44e5-9cd6-a12bdb786a2a',null,null,null,'N','BS000010000100001034',300,null,null,'校验前结束时间',0,'N',null,'N',null,'N','3c667724-4644-4d54-9e08-bec64917ad7c','0','Y','Y',null,null,'endtimebeforecheck','N','Y',0,'N',null,'2ovtm-000043','2017-11-04 15:05:58',0,0)
go
insert into md_property(accessorclassname,accesspower,accesspowergroup,attrlength,attrmaxvalue,attrminvalue,attrsequence,calculation,classid,createindustry,createtime,creator,customattr,datatype,datatypestyle,defaultvalue,description,displayname,dr,dynamicattr,dynamictable,fixedlength,help,hided,id,industry,isactive,isauthen,modifier,modifytime,name,notserialize,nullable,precise,readonly,refmodelname,resid,ts,versiontype,visibility) values( null,'N',null,16,null,null,15,'N','d83e3326-c2db-44e5-9cd6-a12bdb786a2a',null,null,null,'N','BS000010000100001031',300,null,null,'转调休时长',0,'N',null,'N',null,'N','3ce2f385-8f3f-4126-bc9e-7ef7f30f6ae3','0','Y','Y',null,null,'toresthour','N','Y',2,'N',null,'2ovtm-000036','2017-11-04 15:05:58',0,0)
go
insert into md_property(accessorclassname,accesspower,accesspowergroup,attrlength,attrmaxvalue,attrminvalue,attrsequence,calculation,classid,createindustry,createtime,creator,customattr,datatype,datatypestyle,defaultvalue,description,displayname,dr,dynamicattr,dynamictable,fixedlength,help,hided,id,industry,isactive,isauthen,modifier,modifytime,name,notserialize,nullable,precise,readonly,refmodelname,resid,ts,versiontype,visibility) values( null,'N',null,1,null,null,20,'N','d83e3326-c2db-44e5-9cd6-a12bdb786a2a',null,null,null,'N','BS000010000100001032',300,null,null,'是否需要校验',0,'N',null,'N',null,'N','3fcc3c00-762b-43dd-83c1-9ec419aca205','0','Y','Y',null,null,'isneedcheck','N','Y',0,'N',null,'2ovtm-000024','2017-11-04 15:05:58',0,0)
go
insert into md_property(accessorclassname,accesspower,accesspowergroup,attrlength,attrmaxvalue,attrminvalue,attrsequence,calculation,classid,createindustry,createtime,creator,customattr,datatype,datatypestyle,defaultvalue,description,displayname,dr,dynamicattr,dynamictable,fixedlength,help,hided,id,industry,isactive,isauthen,modifier,modifytime,name,notserialize,nullable,precise,readonly,refmodelname,resid,ts,versiontype,visibility) values( null,'N',null,20,null,null,29,'N','d83e3326-c2db-44e5-9cd6-a12bdb786a2a',null,null,null,'N','f6f9a473-56c0-432f-8bc7-fbf8fde54fee',305,null,null,'创建人',0,'N',null,'N',null,'N','41ef9730-7eda-4a2e-9ee1-3ee7c14411f1','0','Y','Y',null,null,'creator','N','Y',0,'N','用户','2UC000-000155','2017-11-04 15:05:58',0,0)
go
insert into md_property(accessorclassname,accesspower,accesspowergroup,attrlength,attrmaxvalue,attrminvalue,attrsequence,calculation,classid,createindustry,createtime,creator,customattr,datatype,datatypestyle,defaultvalue,description,displayname,dr,dynamicattr,dynamictable,fixedlength,help,hided,id,industry,isactive,isauthen,modifier,modifytime,name,notserialize,nullable,precise,readonly,refmodelname,resid,ts,versiontype,visibility) values( null,'N',null,20,null,null,31,'N','d83e3326-c2db-44e5-9cd6-a12bdb786a2a',null,null,null,'N','f6f9a473-56c0-432f-8bc7-fbf8fde54fee',305,null,null,'修改人',0,'N',null,'N',null,'N','4deace58-908f-4a33-b0a3-0341e7a3da80','0','Y','Y',null,null,'modifier','N','Y',0,'N','用户','2UC000-000098','2017-11-04 15:05:58',0,0)
go
insert into md_property(accessorclassname,accesspower,accesspowergroup,attrlength,attrmaxvalue,attrminvalue,attrsequence,calculation,classid,createindustry,createtime,creator,customattr,datatype,datatypestyle,defaultvalue,description,displayname,dr,dynamicattr,dynamictable,fixedlength,help,hided,id,industry,isactive,isauthen,modifier,modifytime,name,notserialize,nullable,precise,readonly,refmodelname,resid,ts,versiontype,visibility) values( null,'N',null,20,null,null,27,'N','d83e3326-c2db-44e5-9cd6-a12bdb786a2a',null,null,null,'N','f084c108-ef51-49df-a016-397949f7b24d',305,null,null,'生成单来源主键',0,'N',null,'N','IgnoreRefCheck','N','5b8de57e-2520-43a1-acf6-97b07e03b86a','0','Y','Y',null,null,'pk_overtimegen','N','Y',0,'N',null,'2ovtm-000038','2017-11-04 15:05:58',0,0)
go
insert into md_property(accessorclassname,accesspower,accesspowergroup,attrlength,attrmaxvalue,attrminvalue,attrsequence,calculation,classid,createindustry,createtime,creator,customattr,datatype,datatypestyle,defaultvalue,description,displayname,dr,dynamicattr,dynamictable,fixedlength,help,hided,id,industry,isactive,isauthen,modifier,modifytime,name,notserialize,nullable,precise,readonly,refmodelname,resid,ts,versiontype,visibility) values( null,'N',null,20,null,null,0,'N','d83e3326-c2db-44e5-9cd6-a12bdb786a2a',null,null,null,'N','BS000010000100001051',300,null,null,'加班登记表主键',0,'N',null,'N',null,'N','5f83fe82-106e-4d37-a0e2-ba4969ff8da3','0','Y','Y',null,null,'pk_overtimereg','N','N',0,'N',null,'2ovtm-000033','2017-11-04 15:05:58',0,0)
go
insert into md_property(accessorclassname,accesspower,accesspowergroup,attrlength,attrmaxvalue,attrminvalue,attrsequence,calculation,classid,createindustry,createtime,creator,customattr,datatype,datatypestyle,defaultvalue,description,displayname,dr,dynamicattr,dynamictable,fixedlength,help,hided,id,industry,isactive,isauthen,modifier,modifytime,name,notserialize,nullable,precise,readonly,refmodelname,resid,ts,versiontype,visibility) values( null,'N',null,20,null,null,1,'N','d83e3326-c2db-44e5-9cd6-a12bdb786a2a',null,null,null,'N','3b6dd171-2900-47f3-bfbe-41e4483a2a65',305,null,null,'所属集团',0,'N',null,'N',null,'N','615095c6-a74a-4f5a-bd88-4bca92bca478','0','Y','Y',null,null,'pk_group','N','N',0,'N','集团(所有)','2UC000-000367','2017-11-04 15:05:58',0,0)
go
insert into md_property(accessorclassname,accesspower,accesspowergroup,attrlength,attrmaxvalue,attrminvalue,attrsequence,calculation,classid,createindustry,createtime,creator,customattr,datatype,datatypestyle,defaultvalue,description,displayname,dr,dynamicattr,dynamictable,fixedlength,help,hided,id,industry,isactive,isauthen,modifier,modifytime,name,notserialize,nullable,precise,readonly,refmodelname,resid,ts,versiontype,visibility) values( null,'N',null,19,null,null,37,'N','d83e3326-c2db-44e5-9cd6-a12bdb786a2a',null,null,null,'N','BS000010000100001034',300,null,null,'审批时间',0,'N',null,'N',null,'N','62b8f2f1-b6db-4184-8885-71fe2dc13e9b','0','Y','Y',null,null,'approve_time','N','Y',0,'N',null,'2ovtmext-000002','2017-11-04 15:05:58',0,0)
go
insert into md_property(accessorclassname,accesspower,accesspowergroup,attrlength,attrmaxvalue,attrminvalue,attrsequence,calculation,classid,createindustry,createtime,creator,customattr,datatype,datatypestyle,defaultvalue,description,displayname,dr,dynamicattr,dynamictable,fixedlength,help,hided,id,industry,isactive,isauthen,modifier,modifytime,name,notserialize,nullable,precise,readonly,refmodelname,resid,ts,versiontype,visibility) values( null,'N',null,50,null,null,16,'N','d83e3326-c2db-44e5-9cd6-a12bdb786a2a',null,null,null,'N','BS000010000100001001',300,null,null,'转调休年度',0,'N',null,'N',null,'N','6570bfbf-21d2-4117-9b0b-91e8b7aac048','0','Y','Y',null,null,'torestyear','N','Y',0,'N',null,'2ovtm-000044','2017-11-04 15:05:58',0,0)
go
insert into md_property(accessorclassname,accesspower,accesspowergroup,attrlength,attrmaxvalue,attrminvalue,attrsequence,calculation,classid,createindustry,createtime,creator,customattr,datatype,datatypestyle,defaultvalue,description,displayname,dr,dynamicattr,dynamictable,fixedlength,help,hided,id,industry,isactive,isauthen,modifier,modifytime,name,notserialize,nullable,precise,readonly,refmodelname,resid,ts,versiontype,visibility) values( null,'N',null,16,null,null,23,'N','d83e3326-c2db-44e5-9cd6-a12bdb786a2a',null,null,null,'N','BS000010000100001031',300,null,null,'实际加班时长',0,'N',null,'N',null,'N','7c7c1f7b-be82-45f0-a7fa-a8604511e99e','0','Y','Y',null,null,'acthour','N','Y',2,'N',null,'2ovtm-000007','2017-11-04 15:05:58',0,0)
go
insert into md_property(accessorclassname,accesspower,accesspowergroup,attrlength,attrmaxvalue,attrminvalue,attrsequence,calculation,classid,createindustry,createtime,creator,customattr,datatype,datatypestyle,defaultvalue,description,displayname,dr,dynamicattr,dynamictable,fixedlength,help,hided,id,industry,isactive,isauthen,modifier,modifytime,name,notserialize,nullable,precise,readonly,refmodelname,resid,ts,versiontype,visibility) values( null,'N',null,10,null,null,38,'N','d83e3326-c2db-44e5-9cd6-a12bdb786a2a',null,null,null,'N','BS000010000100001001',300,null,null,'薪资期间',0,'N',null,'N',null,'N','849d41c3-f800-4040-9f3c-1566223bc546','0','Y','Y',null,null,'waperiod','N','Y',0,'N',null,'2ovtmext-000003','2017-11-04 15:05:58',0,0)
go
insert into md_property(accessorclassname,accesspower,accesspowergroup,attrlength,attrmaxvalue,attrminvalue,attrsequence,calculation,classid,createindustry,createtime,creator,customattr,datatype,datatypestyle,defaultvalue,description,displayname,dr,dynamicattr,dynamictable,fixedlength,help,hided,id,industry,isactive,isauthen,modifier,modifytime,name,notserialize,nullable,precise,readonly,refmodelname,resid,ts,versiontype,visibility) values( null,'N',null,50,null,null,17,'N','d83e3326-c2db-44e5-9cd6-a12bdb786a2a',null,null,null,'N','BS000010000100001001',300,null,null,'转调休期间',0,'N',null,'N',null,'N','859bf950-0345-4994-90ff-dcf57a14e027','0','Y','Y',null,null,'torestmonth','N','Y',0,'N',null,'2ovtm-000035','2017-11-04 15:05:58',0,0)
go
insert into md_property(accessorclassname,accesspower,accesspowergroup,attrlength,attrmaxvalue,attrminvalue,attrsequence,calculation,classid,createindustry,createtime,creator,customattr,datatype,datatypestyle,defaultvalue,description,displayname,dr,dynamicattr,dynamictable,fixedlength,help,hided,id,industry,isactive,isauthen,modifier,modifytime,name,notserialize,nullable,precise,readonly,refmodelname,resid,ts,versiontype,visibility) values( null,'N',null,10,null,null,11,'N','d83e3326-c2db-44e5-9cd6-a12bdb786a2a',null,null,null,'N','BS000010000100001039',300,null,null,'加班结束日期',0,'N',null,'N',null,'N','8610f1f7-ff7d-4a17-b568-2d73c1f7580f','0','Y','Y',null,null,'overtimeenddate','N','Y',0,'N',null,'2ovtm-000002','2017-11-04 15:05:58',0,0)
go
insert into md_property(accessorclassname,accesspower,accesspowergroup,attrlength,attrmaxvalue,attrminvalue,attrsequence,calculation,classid,createindustry,createtime,creator,customattr,datatype,datatypestyle,defaultvalue,description,displayname,dr,dynamicattr,dynamictable,fixedlength,help,hided,id,industry,isactive,isauthen,modifier,modifytime,name,notserialize,nullable,precise,readonly,refmodelname,resid,ts,versiontype,visibility) values( null,'N',null,0,null,null,24,'N','d83e3326-c2db-44e5-9cd6-a12bdb786a2a',null,null,null,'N','eab0b39e-32c7-405f-9317-23b4b0d3471e',300,null,null,'单据来源',0,'N',null,'N',null,'N','865c316f-e0a1-426d-97c3-ce03debea82f','0','Y','Y',null,null,'billsource','N','Y',0,'N',null,'2ovtm-000039','2017-11-04 15:05:58',0,0)
go
insert into md_property(accessorclassname,accesspower,accesspowergroup,attrlength,attrmaxvalue,attrminvalue,attrsequence,calculation,classid,createindustry,createtime,creator,customattr,datatype,datatypestyle,defaultvalue,description,displayname,dr,dynamicattr,dynamictable,fixedlength,help,hided,id,industry,isactive,isauthen,modifier,modifytime,name,notserialize,nullable,precise,readonly,refmodelname,resid,ts,versiontype,visibility) values( null,'N',null,10,null,null,9,'N','d83e3326-c2db-44e5-9cd6-a12bdb786a2a',null,null,null,'N','BS000010000100001039',300,null,null,'加班开始日期',0,'N',null,'N',null,'N','962b5b64-5276-4322-9d4c-73dcf9942337','0','Y','Y',null,null,'overtimebegindate','N','Y',0,'N',null,'2ovtm-000026','2017-11-04 15:05:58',0,0)
go
insert into md_property(accessorclassname,accesspower,accesspowergroup,attrlength,attrmaxvalue,attrminvalue,attrsequence,calculation,classid,createindustry,createtime,creator,customattr,datatype,datatypestyle,defaultvalue,description,displayname,dr,dynamicattr,dynamictable,fixedlength,help,hided,id,industry,isactive,isauthen,modifier,modifytime,name,notserialize,nullable,precise,readonly,refmodelname,resid,ts,versiontype,visibility) values( null,'N',null,20,null,null,6,'N','d83e3326-c2db-44e5-9cd6-a12bdb786a2a',null,null,null,'N','7156d223-4531-4337-b192-492ab40098f1',305,null,null,'人员工作记录',0,'N',null,'N',null,'N','9639339f-63c8-47f8-9e21-b53cf952e8a1','0','Y','Y',null,null,'pk_psnjob','N','N',0,'N','人员工作记录','2ovtm-000019','2017-11-04 15:05:58',0,0)
go
insert into md_property(accessorclassname,accesspower,accesspowergroup,attrlength,attrmaxvalue,attrminvalue,attrsequence,calculation,classid,createindustry,createtime,creator,customattr,datatype,datatypestyle,defaultvalue,description,displayname,dr,dynamicattr,dynamictable,fixedlength,help,hided,id,industry,isactive,isauthen,modifier,modifytime,name,notserialize,nullable,precise,readonly,refmodelname,resid,ts,versiontype,visibility) values( null,'N',null,0,null,null,22,'N','d83e3326-c2db-44e5-9cd6-a12bdb786a2a',null,null,null,'N','BS000010000100001004',300,null,null,'扣除时间',0,'N',null,'N',null,'N','b3a4d6ca-35b9-4025-8af9-4c02189936f7','0','Y','Y',null,null,'deduct','N','Y',0,'N',null,'2ovtm-000008','2017-11-04 15:05:58',0,0)
go
insert into md_property(accessorclassname,accesspower,accesspowergroup,attrlength,attrmaxvalue,attrminvalue,attrsequence,calculation,classid,createindustry,createtime,creator,customattr,datatype,datatypestyle,defaultvalue,description,displayname,dr,dynamicattr,dynamictable,fixedlength,help,hided,id,industry,isactive,isauthen,modifier,modifytime,name,notserialize,nullable,precise,readonly,refmodelname,resid,ts,versiontype,visibility) values( null,'N',null,16,null,null,35,'N','d83e3326-c2db-44e5-9cd6-a12bdb786a2a',null,null,null,'N','BS000010000100001031',300,null,null,'差异时长',0,'N',null,'N',null,'N','bb346dcb-a4c3-40d4-a749-bba92a194bb6','0','Y','Y',null,null,'diffhour','N','Y',2,'N',null,'2ovtm-000031','2017-11-04 15:05:58',0,0)
go
insert into md_property(accessorclassname,accesspower,accesspowergroup,attrlength,attrmaxvalue,attrminvalue,attrsequence,calculation,classid,createindustry,createtime,creator,customattr,datatype,datatypestyle,defaultvalue,description,displayname,dr,dynamicattr,dynamictable,fixedlength,help,hided,id,industry,isactive,isauthen,modifier,modifytime,name,notserialize,nullable,precise,readonly,refmodelname,resid,ts,versiontype,visibility) values( null,'N',null,1,null,null,21,'N','d83e3326-c2db-44e5-9cd6-a12bdb786a2a',null,null,null,'N','BS000010000100001032',300,null,null,'是否已校验',0,'N',null,'N',null,'N','cad01eca-6381-4555-996b-fe788a82d3c4','0','Y','Y',null,null,'ischeck','N','Y',0,'N',null,'2ovtm-000032','2017-11-04 15:05:58',0,0)
go
insert into md_property(accessorclassname,accesspower,accesspowergroup,attrlength,attrmaxvalue,attrminvalue,attrsequence,calculation,classid,createindustry,createtime,creator,customattr,datatype,datatypestyle,defaultvalue,description,displayname,dr,dynamicattr,dynamictable,fixedlength,help,hided,id,industry,isactive,isauthen,modifier,modifytime,name,notserialize,nullable,precise,readonly,refmodelname,resid,ts,versiontype,visibility) values( null,'N',null,20,null,null,26,'N','d83e3326-c2db-44e5-9cd6-a12bdb786a2a',null,null,null,'N','de0e30a1-d241-4125-8f02-dfc9c64bffd2',305,null,null,'申请单来源子表主键',0,'N',null,'N','IgnoreRefCheck','N','ce9a93f3-0370-4417-af50-66329162fdc0','0','Y','Y',null,null,'pk_billsourceb','N','Y',0,'N',null,'2ovtm-000034','2017-11-04 15:05:58',0,0)
go
insert into md_property(accessorclassname,accesspower,accesspowergroup,attrlength,attrmaxvalue,attrminvalue,attrsequence,calculation,classid,createindustry,createtime,creator,customattr,datatype,datatypestyle,defaultvalue,description,displayname,dr,dynamicattr,dynamictable,fixedlength,help,hided,id,industry,isactive,isauthen,modifier,modifytime,name,notserialize,nullable,precise,readonly,refmodelname,resid,ts,versiontype,visibility) values( null,'N',null,512,null,null,18,'N','d83e3326-c2db-44e5-9cd6-a12bdb786a2a',null,null,null,'N','BS000010000100001001',300,null,null,'加班说明',0,'N',null,'N',null,'N','d70b7f39-683f-4453-80e6-4c360d59d62c','0','Y','Y',null,null,'overtimeremark','N','Y',0,'N',null,'2ovtm-000004','2017-11-04 15:05:58',0,0)
go
insert into md_property(accessorclassname,accesspower,accesspowergroup,attrlength,attrmaxvalue,attrminvalue,attrsequence,calculation,classid,createindustry,createtime,creator,customattr,datatype,datatypestyle,defaultvalue,description,displayname,dr,dynamicattr,dynamictable,fixedlength,help,hided,id,industry,isactive,isauthen,modifier,modifytime,name,notserialize,nullable,precise,readonly,refmodelname,resid,ts,versiontype,visibility) values( null,'N',null,20,null,null,2,'N','d83e3326-c2db-44e5-9cd6-a12bdb786a2a',null,null,null,'N','f3fed5ea-72f2-4a0a-ad43-d30b1c22c86c',305,null,null,'所属组织',0,'N',null,'N',null,'N','d7fe437c-6807-41e7-ac22-f3299b11ad9c','0','Y','Y',null,null,'pk_org','N','N',0,'N','人力资源组织(所有)','2UC000-000360','2017-11-04 15:05:58',0,0)
go
insert into md_property(accessorclassname,accesspower,accesspowergroup,attrlength,attrmaxvalue,attrminvalue,attrsequence,calculation,classid,createindustry,createtime,creator,customattr,datatype,datatypestyle,defaultvalue,description,displayname,dr,dynamicattr,dynamictable,fixedlength,help,hided,id,industry,isactive,isauthen,modifier,modifytime,name,notserialize,nullable,precise,readonly,refmodelname,resid,ts,versiontype,visibility) values( null,'N',null,16,null,null,19,'N','d83e3326-c2db-44e5-9cd6-a12bdb786a2a',null,null,null,'N','BS000010000100001031',300,null,null,'所在考勤期间已加班时数',0,'N',null,'N',null,'N','da54c3d9-b5b0-4b40-bcb8-5893e7a9ab44','0','Y','Y',null,null,'overtimealready','N','Y',2,'N',null,'2ovtm-000003','2017-11-04 15:05:58',0,0)
go
insert into md_property(accessorclassname,accesspower,accesspowergroup,attrlength,attrmaxvalue,attrminvalue,attrsequence,calculation,classid,createindustry,createtime,creator,customattr,datatype,datatypestyle,defaultvalue,description,displayname,dr,dynamicattr,dynamictable,fixedlength,help,hided,id,industry,isactive,isauthen,modifier,modifytime,name,notserialize,nullable,precise,readonly,refmodelname,resid,ts,versiontype,visibility) values( null,'N',null,19,null,null,12,'N','d83e3326-c2db-44e5-9cd6-a12bdb786a2a',null,null,null,'N','BS000010000100001034',300,null,null,'加班结束时刻',0,'N',null,'N',null,'N','daa2facc-a06f-4673-b7c0-e4bb86edab8b','0','Y','Y',null,null,'overtimeendtime','N','Y',0,'N',null,'2ovtm-000009','2017-11-04 15:05:58',0,0)
go
insert into md_property(accessorclassname,accesspower,accesspowergroup,attrlength,attrmaxvalue,attrminvalue,attrsequence,calculation,classid,createindustry,createtime,creator,customattr,datatype,datatypestyle,defaultvalue,description,displayname,dr,dynamicattr,dynamictable,fixedlength,help,hided,id,industry,isactive,isauthen,modifier,modifytime,name,notserialize,nullable,precise,readonly,refmodelname,resid,ts,versiontype,visibility) values( null,'N',null,20,null,null,5,'N','d83e3326-c2db-44e5-9cd6-a12bdb786a2a',null,null,null,'N','218971f0-e5dc-408b-9a32-56529dddd4db',305,null,null,'人员基本档案主键',0,'N',null,'N',null,'N','e330e462-8426-4302-a4d1-1e05bbe70856','0','Y','Y',null,null,'pk_psndoc','N','Y',0,'N','HR人员','2ovtm-000050','2017-11-04 15:05:58',0,0)
go
insert into md_property(accessorclassname,accesspower,accesspowergroup,attrlength,attrmaxvalue,attrminvalue,attrsequence,calculation,classid,createindustry,createtime,creator,customattr,datatype,datatypestyle,defaultvalue,description,displayname,dr,dynamicattr,dynamictable,fixedlength,help,hided,id,industry,isactive,isauthen,modifier,modifytime,name,notserialize,nullable,precise,readonly,refmodelname,resid,ts,versiontype,visibility) values( null,'N',null,20,null,null,25,'N','d83e3326-c2db-44e5-9cd6-a12bdb786a2a',null,null,null,'N','a7e298c9-3211-489d-8698-7ae65a922156',305,null,null,'申请单来源主表主键',0,'N',null,'N','IgnoreRefCheck','N','f0c3a0d1-b719-4931-b9ee-9abf0b3e41ab','0','Y','Y',null,null,'pk_billsourceh','N','Y',0,'N',null,'2ovtm-000040','2017-11-04 15:05:58',0,0)
go
insert into md_property(accessorclassname,accesspower,accesspowergroup,attrlength,attrmaxvalue,attrminvalue,attrsequence,calculation,classid,createindustry,createtime,creator,customattr,datatype,datatypestyle,defaultvalue,description,displayname,dr,dynamicattr,dynamictable,fixedlength,help,hided,id,industry,isactive,isauthen,modifier,modifytime,name,notserialize,nullable,precise,readonly,refmodelname,resid,ts,versiontype,visibility) values( null,'N',null,19,null,null,10,'N','d83e3326-c2db-44e5-9cd6-a12bdb786a2a',null,null,null,'N','BS000010000100001034',300,null,null,'加班开始时刻',0,'N',null,'N',null,'N','f57745ee-92e5-4572-b10b-49247f711502','0','Y','Y',null,null,'overtimebegintime','N','Y',0,'N',null,'2ovtm-000027','2017-11-04 15:05:58',0,0)
go
insert into md_property(accessorclassname,accesspower,accesspowergroup,attrlength,attrmaxvalue,attrminvalue,attrsequence,calculation,classid,createindustry,createtime,creator,customattr,datatype,datatypestyle,defaultvalue,description,displayname,dr,dynamicattr,dynamictable,fixedlength,help,hided,id,industry,isactive,isauthen,modifier,modifytime,name,notserialize,nullable,precise,readonly,refmodelname,resid,ts,versiontype,visibility) values( null,'N',null,16,null,null,13,'N','d83e3326-c2db-44e5-9cd6-a12bdb786a2a',null,null,null,'N','BS000010000100001031',300,null,null,'加班时长',0,'N',null,'N',null,'N','f761da03-224e-42f2-8a09-7755e1619f74','0','Y','Y',null,null,'overtimehour','N','Y',2,'N',null,'2ovtm-000015','2017-11-04 15:05:58',0,0)
go
insert into md_property(accessorclassname,accesspower,accesspowergroup,attrlength,attrmaxvalue,attrminvalue,attrsequence,calculation,classid,createindustry,createtime,creator,customattr,datatype,datatypestyle,defaultvalue,description,displayname,dr,dynamicattr,dynamictable,fixedlength,help,hided,id,industry,isactive,isauthen,modifier,modifytime,name,notserialize,nullable,precise,readonly,refmodelname,resid,ts,versiontype,visibility) values( null,'N',null,19,null,null,30,'N','d83e3326-c2db-44e5-9cd6-a12bdb786a2a',null,null,null,'N','BS000010000100001034',300,null,null,'修改时间',0,'N',null,'N',null,'N','fce451fb-0dd6-442a-a892-453d9c9e0d5e','0','Y','Y',null,null,'modifiedtime','N','Y',0,'N',null,'2UC000-000100','2017-11-04 15:05:58',0,0)
go
insert into md_property(accessorclassname,accesspower,accesspowergroup,attrlength,attrmaxvalue,attrminvalue,attrsequence,calculation,classid,createindustry,createtime,creator,customattr,datatype,datatypestyle,defaultvalue,description,displayname,dr,dynamicattr,dynamictable,fixedlength,help,hided,id,industry,isactive,isauthen,modifier,modifytime,name,notserialize,nullable,precise,readonly,refmodelname,resid,ts,versiontype,visibility) values( null,'N',null,20,null,null,34,'N','d83e3326-c2db-44e5-9cd6-a12bdb786a2a',null,null,null,'N','3a521756-6a6b-4027-858e-e64104b7851b',305,null,null,'组织关系主键',0,'N',null,'N',null,'N','fcfa2bbd-9207-4db4-9866-09732aee356a','0','Y','Y',null,null,'pk_psnorg','N','Y',0,'N','HR组织关系','2UC000-000695','2017-11-04 15:05:58',0,0)
go


insert into md_association(cascadedelete,cascadeupdate,componentid,createtime,creator,dr,endcardinality,endelementid,id,industry,isactive,modifier,modifytime,name,startbeanid,startcardinality,startelementid,ts,type,versiontype) values( null,null,'12498ded-5605-4e13-b6d0-4d7f9490be9d',null,null,0,'1','3a521756-6a6b-4027-858e-e64104b7851b','00704281-9a05-4315-8508-efb8154853f4','0','Y',null,null,'hrtaovertimereg_pk_psnorg','d83e3326-c2db-44e5-9cd6-a12bdb786a2a','1','fcfa2bbd-9207-4db4-9866-09732aee356a','2017-11-04 15:05:59',3,0)
go
insert into md_association(cascadedelete,cascadeupdate,componentid,createtime,creator,dr,endcardinality,endelementid,id,industry,isactive,modifier,modifytime,name,startbeanid,startcardinality,startelementid,ts,type,versiontype) values( null,null,'12498ded-5605-4e13-b6d0-4d7f9490be9d',null,null,0,'1','a7e298c9-3211-489d-8698-7ae65a922156','1a81c3b4-2365-4389-a535-9fefd73bf897','0','Y',null,null,'hrtaovertimereg_pk_billsourceh','d83e3326-c2db-44e5-9cd6-a12bdb786a2a','1','f0c3a0d1-b719-4931-b9ee-9abf0b3e41ab','2017-11-04 15:05:59',3,0)
go
insert into md_association(cascadedelete,cascadeupdate,componentid,createtime,creator,dr,endcardinality,endelementid,id,industry,isactive,modifier,modifytime,name,startbeanid,startcardinality,startelementid,ts,type,versiontype) values( null,null,'12498ded-5605-4e13-b6d0-4d7f9490be9d',null,null,0,'1','fa902409-20fe-4c49-89ee-85ee9312174b','3cc55d0c-dcfe-49fc-8468-761206893802','0','Y',null,null,'hrtaovertimereg_pk_org_v','d83e3326-c2db-44e5-9cd6-a12bdb786a2a','1','2fb048f8-ecc3-4e9e-8967-48bb83bdc312','2017-11-04 15:05:59',3,0)
go
insert into md_association(cascadedelete,cascadeupdate,componentid,createtime,creator,dr,endcardinality,endelementid,id,industry,isactive,modifier,modifytime,name,startbeanid,startcardinality,startelementid,ts,type,versiontype) values( null,null,'12498ded-5605-4e13-b6d0-4d7f9490be9d',null,null,0,'1','218971f0-e5dc-408b-9a32-56529dddd4db','3e60fb95-8723-433b-a48c-457144325304','0','Y',null,null,'hrtaovertimereg_pk_psndoc','d83e3326-c2db-44e5-9cd6-a12bdb786a2a','1','e330e462-8426-4302-a4d1-1e05bbe70856','2017-11-04 15:05:59',3,0)
go
insert into md_association(cascadedelete,cascadeupdate,componentid,createtime,creator,dr,endcardinality,endelementid,id,industry,isactive,modifier,modifytime,name,startbeanid,startcardinality,startelementid,ts,type,versiontype) values( null,null,'12498ded-5605-4e13-b6d0-4d7f9490be9d',null,null,0,'1','f084c108-ef51-49df-a016-397949f7b24d','41b54885-61a0-4576-bf8b-9ffd5804a416','0','Y',null,null,'hrtaovertimereg_pk_overtimegen','d83e3326-c2db-44e5-9cd6-a12bdb786a2a','1','5b8de57e-2520-43a1-acf6-97b07e03b86a','2017-11-04 15:05:59',3,0)
go
insert into md_association(cascadedelete,cascadeupdate,componentid,createtime,creator,dr,endcardinality,endelementid,id,industry,isactive,modifier,modifytime,name,startbeanid,startcardinality,startelementid,ts,type,versiontype) values( null,null,'12498ded-5605-4e13-b6d0-4d7f9490be9d',null,null,0,'1','7156d223-4531-4337-b192-492ab40098f1','4bc6e3d5-12ac-44f7-b0b5-4c7c4f912687','0','Y',null,null,'hrtaovertimereg_pk_psnjob','d83e3326-c2db-44e5-9cd6-a12bdb786a2a','1','9639339f-63c8-47f8-9e21-b53cf952e8a1','2017-11-04 15:05:59',3,0)
go
insert into md_association(cascadedelete,cascadeupdate,componentid,createtime,creator,dr,endcardinality,endelementid,id,industry,isactive,modifier,modifytime,name,startbeanid,startcardinality,startelementid,ts,type,versiontype) values( null,null,'12498ded-5605-4e13-b6d0-4d7f9490be9d',null,null,0,'1','3b6dd171-2900-47f3-bfbe-41e4483a2a65','4fd70681-7ea9-4656-9af5-446ecd9c8b24','0','Y',null,null,'hrtaovertimereg_pk_group','d83e3326-c2db-44e5-9cd6-a12bdb786a2a','1','615095c6-a74a-4f5a-bd88-4bca92bca478','2017-11-04 15:05:59',3,0)
go
insert into md_association(cascadedelete,cascadeupdate,componentid,createtime,creator,dr,endcardinality,endelementid,id,industry,isactive,modifier,modifytime,name,startbeanid,startcardinality,startelementid,ts,type,versiontype) values( null,null,'12498ded-5605-4e13-b6d0-4d7f9490be9d',null,null,0,'1','6b4d6a00-8055-49be-a3d2-e216760157fd','579c56d6-0e7c-4504-97c0-a9e2ea14a2b2','0','Y',null,null,'hrtaovertimereg_pk_overtimetypecopy','d83e3326-c2db-44e5-9cd6-a12bdb786a2a','1','23770f18-9503-4846-9990-6c832cd1361b','2017-11-04 15:05:59',3,0)
go
insert into md_association(cascadedelete,cascadeupdate,componentid,createtime,creator,dr,endcardinality,endelementid,id,industry,isactive,modifier,modifytime,name,startbeanid,startcardinality,startelementid,ts,type,versiontype) values( null,null,'12498ded-5605-4e13-b6d0-4d7f9490be9d',null,null,0,'1','f6f9a473-56c0-432f-8bc7-fbf8fde54fee','5aa26ecb-6340-42cb-8f95-47c0d17b8699','0','Y',null,null,'hrtaovertimereg_creator','d83e3326-c2db-44e5-9cd6-a12bdb786a2a','1','41ef9730-7eda-4a2e-9ee1-3ee7c14411f1','2017-11-04 15:05:59',3,0)
go
insert into md_association(cascadedelete,cascadeupdate,componentid,createtime,creator,dr,endcardinality,endelementid,id,industry,isactive,modifier,modifytime,name,startbeanid,startcardinality,startelementid,ts,type,versiontype) values( null,null,'12498ded-5605-4e13-b6d0-4d7f9490be9d',null,null,0,'1','f6f9a473-56c0-432f-8bc7-fbf8fde54fee','5f830d86-a1ba-42f4-9e11-52996bdae05a','0','Y',null,null,'hrtaovertimereg_modifier','d83e3326-c2db-44e5-9cd6-a12bdb786a2a','1','4deace58-908f-4a33-b0a3-0341e7a3da80','2017-11-04 15:05:59',3,0)
go
insert into md_association(cascadedelete,cascadeupdate,componentid,createtime,creator,dr,endcardinality,endelementid,id,industry,isactive,modifier,modifytime,name,startbeanid,startcardinality,startelementid,ts,type,versiontype) values( null,null,'12498ded-5605-4e13-b6d0-4d7f9490be9d',null,null,0,'1','de0e30a1-d241-4125-8f02-dfc9c64bffd2','711e4c6d-4812-4914-9248-179c1c5d429b','0','Y',null,null,'hrtaovertimereg_pk_billsourceb','d83e3326-c2db-44e5-9cd6-a12bdb786a2a','1','ce9a93f3-0370-4417-af50-66329162fdc0','2017-11-04 15:05:59',3,0)
go
insert into md_association(cascadedelete,cascadeupdate,componentid,createtime,creator,dr,endcardinality,endelementid,id,industry,isactive,modifier,modifytime,name,startbeanid,startcardinality,startelementid,ts,type,versiontype) values( null,null,'12498ded-5605-4e13-b6d0-4d7f9490be9d',null,null,0,'1','66ed0cf6-e260-4f39-8fbb-172260efd677','7757fcdd-819e-4ad6-bee3-a946670cdfd6','0','Y',null,null,'hrtaovertimereg_pk_dept_v','d83e3326-c2db-44e5-9cd6-a12bdb786a2a','1','33580301-d0c6-483a-a7e5-5e6d50533640','2017-11-04 15:05:59',3,0)
go
insert into md_association(cascadedelete,cascadeupdate,componentid,createtime,creator,dr,endcardinality,endelementid,id,industry,isactive,modifier,modifytime,name,startbeanid,startcardinality,startelementid,ts,type,versiontype) values( null,null,'12498ded-5605-4e13-b6d0-4d7f9490be9d',null,null,0,'1','424e498e-f4f0-40fc-8c6c-8d6aac375d5e','a37cea0b-4430-4a4c-8a20-91dd5628907f','0','Y',null,null,'hrtaovertimereg_projectcode','d83e3326-c2db-44e5-9cd6-a12bdb786a2a','1','11827519-b72d-43ce-a041-517b420742a2','2017-11-04 15:05:59',3,0)
go
insert into md_association(cascadedelete,cascadeupdate,componentid,createtime,creator,dr,endcardinality,endelementid,id,industry,isactive,modifier,modifytime,name,startbeanid,startcardinality,startelementid,ts,type,versiontype) values( null,null,'12498ded-5605-4e13-b6d0-4d7f9490be9d',null,null,0,'1','f3fed5ea-72f2-4a0a-ad43-d30b1c22c86c','afbb4d2b-bc64-4ec2-9421-17d77dbe4886','0','Y',null,null,'hrtaovertimereg_pk_org','d83e3326-c2db-44e5-9cd6-a12bdb786a2a','1','d7fe437c-6807-41e7-ac22-f3299b11ad9c','2017-11-04 15:05:59',3,0)
go
insert into md_association(cascadedelete,cascadeupdate,componentid,createtime,creator,dr,endcardinality,endelementid,id,industry,isactive,modifier,modifytime,name,startbeanid,startcardinality,startelementid,ts,type,versiontype) values( null,null,'12498ded-5605-4e13-b6d0-4d7f9490be9d',null,null,0,'1','6a70e954-0544-4cd6-8da4-1461ced5fa1c','c61b84cd-7097-4d33-bd30-d341f5dbb1b8','0','Y',null,null,'hrtaovertimereg_pk_overtimetype','d83e3326-c2db-44e5-9cd6-a12bdb786a2a','1','33f6a218-e62b-4ac0-823a-ae000ab1153c','2017-11-04 15:05:59',3,0)
go
